:020000040800F2
:10000000001000209D2C010877F8020877F80208FC
:1000100077F8020877F8020877F8020877F80208FC
:1000200077F8020877F8020877F8020877F80208EC
:1000300077F8020877F8020877F802083BF402081C
:1000400077F8020877F8020877F8020877F80208CC
:1000500077F8020877F8020877F8020877F80208BC
:1000600077F8020877F8020877F8020877F80208AC
:1000700077F8020877F8020877F8020877F802089C
:1000800077F8020877F8020877F8020877F802088C
:10009000C92A0108C9F7020877F8020877F80208A8
:1000A00077F8020877F8020877F8020877F802086C
:1000B00077F8020877F8020877F8020877F802085C
:1000C00077F8020877F8020877F80208B1340108D7
:1000D00077F8020877F8020877F80208F13001088B
:1000E000D130010877F8020877F8020877F802089B
:1000F00077F8020877F8020877F8020877F802081C
:1001000077F8020877F8020877F8020877F802080B
:1001100077F8020877F8020877F8020877F80208FB
:1001200077F8020877F8020877F8020877F80208EB
:1001300077F8020877F8020877F8020877F80208DB
:1001400077F8020877F8020877F8020877F80208CB
:1001500077F8020877F8020877F8020877F80208BB
:1001600077F8020877F8020877F8020877F80208AB
:1001700077F8020877F8020877F8020877F802089B
:1001800077F8020877F8020877F80208C909030827
:1001900077F8020877F8020877F8020877F802087B
:1001A00077F8020877F8020877F8020877F802086B
:0401B00077F80208D2
:1001C000013800D0FCE770470348044B834202D05B
:1001D000034B03B118477047143D0120143D012023
:1001E00000000000064B0749C91A891048BF0131B9
:1001F000491003D0044B0BB101481847704700BFAA
:10020000143D0120143D01200000000010B5064CF3
:10021000237843B9FFF7D8FF044B13B10448AFF379
:1002200000800123237010BDC82B012000000000B6
:10023000E85F030808B5054B1BB105490548AFF356
:100240000080BDE80840FFF7CDBF00BF0000000000
:1002500000100020E85F0308A3F5803A704700BF54
:10026000174B002B08BF134B9D46FFF7F5FF0021EE
:100270008B460F461348144A121A2FF068FD0E4B96
:10028000002B00D098470D4B002B00D09847002042
:10029000002104000D000D48002802D00C48AFF3E7
:1002A000008018F083F9200029002FF0EBF818F0F7
:1002B0004BF900BF00000800000000000000000033
:1002C0000010002000100020FC3B01200000000076
:1002D000000000002021014828F0A6B94C100020A1
:1002E000014B186C704700BF1810002010B5044671
:1002F00000B9FEE7064A074918F0C0FC63692BB154
:1003000020B92046BDE810400121184710BD00BFAC
:10031000858702087987020810B5044600B9FEE710
:100320000649074A18F0AAFC6369014623B118B9C7
:100330002046BDE81040184710BD00BF7F87020867
:100340008D87020810B50146044800F009F80446FC
:1003500000B9FEE719F04BFB204610BD1C0A03084C
:1003600070B506460D462B4A20B1036A1A4212D0D8
:10037000C3F30F1008F0C8FF044648B1C0E9006598
:100380007DBB02F081FB064638B9204608F0CEFF5F
:100390000024204670BD0068E6E7D0F8B40208B932
:1003A000C6F8D052D6F8D0120131890008F0C8FF43
:1003B00000B9FEE70025D6F8D032C6F8B4025A1CC0
:1003C000C6F8D02240F823402846C4E9055502F07B
:1003D0006BFB0138E061284602F076FB01382062B1
:1003E000D7E7AB6813B9284619F0B5FAAE68318D76
:1003F0003068013189B23185890008F0A1FFAA680F
:100400003060138D126803F18043013B42F82340B2
:10041000BFE700BFF0FF0F0038B5044605F062FFEC
:1004200028B1237E13F002003ED1DD073DD42368BE
:100430009D6805B1083501222146284627F0D3FEE4
:10044000012832D1207E10F002002DD1214619F072
:1004500011FF012829D1227E12F0020224D1214667
:10046000284627F0C0FE01281FD1237E99071BD400
:1004700020681BF0ABFF0546B0B1237E5A0713D4AA
:100480002389283B012B11D94FF48041206819F0B2
:100490002EF848B12389133B9BB21E2B06D8044A81
:1004A00022FA03F3DB0701D5012038BD2560B5E74B
:1004B000F19F785837B50B49054619F01EF80446E8
:1004C00010B1002003B030BD28461BF07FFF00288C
:1004D000F7D0162221461BF0BEFA80B2003818BFB2
:1004E0000120EFE70100060007B50022054B31218E
:1004F000CDE900236A4619F0D2FE009803B05DF8FA
:1005000004FB00BF010000E007B50023054A3121CC
:10051000CDE900236A4619F0C2FE019803B05DF8E8
:1005200004FB00BF010000E02DE9F04F87B08146D9
:10053000FFF7C0FF0446002840F0FE8048461BF04D
:1005400045FF21460822824648461BF084FA214690
:10055000059005468346092248461BF07CFA04466E
:1005600005900090BAF1000F07D10246294648468F
:1005700007B0BDE8F04F1AF020BB50461AF04AF918
:10058000804650461AF056F905F0C043B3F1005FBB
:10059000074614D16FF0604325F0C0459D420ED050
:1005A0004FF0640BB5F1805FA2BFC5F17F6505F523
:1005B0007F2505F6FF7505FB08F595FBFBFB04F0B1
:1005C000C043B3F1005F13D16FF0604324F0C04427
:1005D0009C420DD06423B4F1805FA2BFC4F17F645C
:1005E00004F57F2404F6FF747C4394FBF3F300933B
:1005F0006A22002148461BF02EFA6B22002105904A
:100600000390064648461BF026FA09F11404CDE98A
:1006100001000590204627F069FB0546204627F09B
:100620006AFBDDE90112039B044603F0C040B0F110
:10063000005F12D16FF0604023F0C04383420CD0C2
:100640006426B3F1805FA2BFC3F17F6303F57F230C
:1006500003F6FF736B4393FBF6F602F0C043B3F16E
:10066000005F12D16FF0604322F0C0429A420CD07A
:100670006423B2F1805FA2BFC2F17F6202F57F22E4
:1006800002F6FF72624392FBF3F1009B0A220B44D5
:10069000484600215E449B461BF0DDF9059010F0B2
:1006A000FF0007D1504619F0C0FE012820D1A8EB69
:1006B00005051CE0023807281AD801A353F820F0DA
:1006C000E1060008AF06000807070008F706000863
:1006D0000D0700081907000813070008290700087C
:1006E00005EBD57508EBD8786D10C5EB68052E4481
:1006F0005A4631463BE705EBD57508EBD8786D10C7
:10070000C5EB68052E443C1BA344F1E7A8EB0505A7
:10071000F8E7A8EB05052E4404EBD47407EBD77774
:100720006410C4EB6704EFE705EBD57508EBD878E8
:100730006D10C5EB6805EEE707B0BDE8F08F00BFB0
:100740002DE9F04F91B090F82B30044603F00C03E4
:100750000C2B03D1002011B0BDE8F08F1BF036FE4A
:1007600006460028F6D094F82B1004F1140311F07B
:100770000801019363D0184627F0B8FA94F82B10BB
:10078000074611F0040100F0AF81019827F0B3FA99
:100790000546019827F0AAFA874200F08A8220468F
:1007A0001AF0F4F9636930460893A3690CA9099318
:1007B000E3690A93236A0B931AF04CF800220CA900
:1007C00008A827F008F8804610B930461AF0B9FF9B
:1007D000A36920461D44013D256219F026FE01282B
:1007E0000BBFE3696369DB1BFF180BBF013307F124
:1007F000FF376361E7612E2108AA204619F04FFDFB
:1008000022462721304619F04AFD20461AF0BEF94B
:1008100094F82A30002243F00203019884F82A3029
:100820000CA926F0D8FFB8F1000F00D110B1304666
:100830001AF087FF204619F0F5FC01208BE7012212
:1008400020461BF008F900F0C043B3F1005F80467A
:1008500005460C90304605D16FF0604328F0C04744
:100860009F4234D119F0D6FF6FF040439845029073
:1008700040F0A48020461AF090FBA36803900BB1CF
:1008800000229A61204619F0C1FE8046204619F0E8
:10089000D5FD82462046FFF727FE0AEB00052046DD
:1008A0001BF0CAFD0490204619F0BFFD01284FF04F
:1008B000000BDFF82C92454475D0049AA3685A4582
:1008C00040F0A080864A914574D0C8448EE06FF015
:1008D000404819F09FFF45450290CBD096F82B1069
:1008E00011F0080140F0DD80012230461BF0B3F822
:1008F00040450C9040F0D580204619F09FFD0546FC
:10090000204619F083FE054458E01B68754953F8EA
:100910002B70384618F0F1FD002842D13846FFF719
:10092000C9FD014660B90A2238461BF094F80C90C4
:10093000C0B2082809D840F24913C340DA0704D5E9
:10094000E3697A699B1A013317E0082200213846CF
:100950001BF081F80C90002844D1069007F1140098
:1009600027F0C4F91A2208EB0003069938460593CC
:100970001BF071F8059B0C9003441A2200213846A5
:1009800005931BF068F8059B0C901844484508DB5C
:100990001A22002138461BF05EF8059B0C9003EBF1
:1009A00000090BF1010B049AA3685A45ADD14C4ADA
:1009B000914519D113B1039A52429A610422002140
:1009C00020461BF048F8052207460C9000212046DF
:1009D0001BF041F8394602460C90029B28461AF05B
:1009E00099F9CBE63E4BC8E70AEB0908A26812B1B9
:1009F000039B5B4293613A4B9845DFD04545B8BFB6
:100A00004546DBE71B68374953F82B70384618F02A
:100A100074FD002840D13846FFF74CFD014658B917
:100A20000A2238461BF017F80C90C0B2072808D8E5
:100A30009323C340DB0704D5FB6962699B1A01332A
:100A400016E00822002138461BF005F80C9030BB58
:100A5000069007F1140027F049F91B220AEB000366
:100A60000699384605931AF0F6FF059B0C9003444F
:100A70001B220021384605931AF0EDFF059B0C90D0
:100A80001844484508DB1B22002138461AF0E3FFD2
:100A9000059B0C9003EB00090BF1010B0DE7104BCC
:100AA000E6E7B7F1805FA4BFC7F17F6707F57F274F
:100AB000029BA8BF07F6FF775F4364231A22002139
:100AC000204697FBF3F71AF0C6FF1B2205460C9051
:100AD000002120461AF0BFFF0C9028443D1A6DE714
:100AE000010000E001000400022220461AF0B3FFDA
:100AF00000F0C043B3F1005F814605460C903046DC
:100B000005D16FF0604329F0C048984549D119F0EC
:100B100091FE6FF04043994582462ED120461AF04F
:100B200041FAA36804900BB10022DA61204619F063
:100B300053FD0290204619F035FD03902046FFF743
:100B4000E3FC029B4FF0000B1D18039B20461D4445
:100B50001BF072FCDFF868910590059AA3685A456E
:100B60003BD113B1049A5242DA61554B994504D0F6
:100B7000039B4B449D42B8BF1D46062200212046E0
:100B80001AF069FF072280460C90002120461AF0D7
:100B900062FF534602460C90414628461AF0BAF8C6
:100BA000F6E56FF0404919F045FE4D458246B5D057
:100BB00096F82B1011F004015CD1022230461AF095
:100BC0004AFF48450C9055D1204619F005FD0546D1
:100BD000204619F0E7FC0544CFE71B68394953F874
:100BE0002B80404618F089FC00283ED14046FFF794
:100BF00061FC014648B906900A2240461AF02BFFD4
:100C00000C90C0B20328069905D8D8F82030A26904
:100C10009B1A013315E0092240461AF01CFF0C9084
:100C200030BB079008F1140027F065F8029B1822EA
:100C300003440799404606931AF00DFF069B0C905B
:100C4000034419220021404606931AF004FF069B34
:100C50000C901844484508DB1922002140461AF040
:100C6000FAFE069B0C9003EB00090BF1010B74E7F5
:100C7000134BE6E76422B8F1805FA2BFC8F17F683A
:100C800008F57F2808F6FF780AFB08F3002193FB9C
:100C9000F2F8204618221AF0DEFE192205460C90C2
:100CA000002120461AF0D7FE0C902844A8EB00053E
:100CB00063E7019827F01FF885427FF470AD49E59E
:100CC000010000E00100040038B50D4D95F86030DA
:100CD00063B9012385F860301BF070FB044694F87B
:100CE0002A3013F0040202D185F8602038BD6FF37A
:100CF0008203204684F82A301AF046F8EFE700BF56
:100D0000181000202DE9F04F85B00E460746934697
:100D10009846DDF83890FFF7D7FF1EB938461BF02C
:100D200055FB064638461BF051FB824619F086FB00
:100D30000190504619F050FC0290304619F07EFBAD
:100D40000546304619F048FC0446BBF1000F10D1AF
:100D5000304619F06AFB012874D1304619F05AFD6B
:100D6000834607F1140026F0C1FFABEB000B5D4496
:100D700068E00BF1FF3BBBF1140F2DD801A353F832
:100D80002BF000BF450E0008250E00085B0D000883
:100D90001B0F0008330F00086D0F0008950F0008A7
:100DA000B50F0008DF0D0008DD0F0008E90F00088F
:100DB000151000082D1000083910000865100008F3
:100DC0007D1000088B100008B7100008D71000082D
:100DD000E3100008FD1000080024002532E0304632
:100DE00019F018FD07F1140B0390584626F07EFF0A
:100DF000039B00EBD07003EBD3734010C0EB630098
:100E00000544304619F016FD0390584626F073FF4E
:100E1000039B00EBD07003EBD3734010C0EB630077
:100E200004440FE0304619F0F5FC834607F1140046
:100E300026F05CFF00EBD0700BEBDB7B4010C0EBCF
:100E40006B00054408F0C043B3F1005F18D16FF0A8
:100E5000604328F0C04B9B4512D006F1140026F0E9
:100E600045FF4FF06408BBF1805FA2BFCBF17F6B01
:100E70000BF57F2B0BF6FF7B00FB0BFB9BFBF8F8C6
:100E800009F0C043B3F1005F18D16FF0604329F05F
:100E9000C04B9B4512D006F1140026F02CFF4FF0FA
:100EA0006409BBF1805FA2BFCBF17F6B0BF57F2B99
:100EB0000BF6FF7B00FB0BFB9BFBF9F9504619F08F
:100EC000B4FA01287369DAF8142040F0248143440D
:100ED0005046A3EB020800F0C9F9019B8044A8EB3F
:100EE0000308B36950469944DAF818304544A9EB31
:100EF00003091AF05CF8029B8144A9EB0309384608
:100F0000002201214C441BF0BCF9224629463846F8
:100F100005B0BDE8F04F19F0C1BB304619F08AFCAE
:100F2000834607F1140026F0E6FEABEB000B5C44B1
:100F300088E7304619F06EFC07F1140B0390584611
:100F400026F0D4FE039B00EBD07003EBD37340106C
:100F5000C0EB63000544304619F06CFC0390584622
:100F600026F0C9FE039B1B1A1C446BE7304619F0A0
:100F700051FC07F1140383461846039326F0B6FE8E
:100F8000ABEB000B304619F055FC039B5D448346E8
:100F90001846C8E7304619F04DFC834607F11400A7
:100FA00026F0A9FE00EBD0700BEBDB7B4010C0EB12
:100FB0006B0035E7304619F02DFC07F1140383462A
:100FC0001846039326F092FEABEB000B304619F067
:100FD00031FC039B5D4483461846E1E707F11400AA
:100FE00026F089FE4442F8E606F1140026F07EFE63
:100FF00007F114040546204626F078FE05EBD5736C
:1010000000EBD0756D10C5EB6305204626F073FE2E
:10101000444217E706F1140026F068FE07F11404B5
:101020000546204626F062FE2D1AEEE706F1140072
:1010300026F061FE0446D0E606F11404204626F0B0
:1010400055FE054607F1140026F050FE05EBD5735A
:1010500000EBD0756D10C5EB6305204626F04BFE06
:101060000446EFE606F11404204626F03FFE05464E
:1010700007F1140026F03AFE2D1AEEE707F11400EE
:1010800026F034FE45420024DCE607F1140B5846F6
:1010900026F02CFE454206F1140026F02CFE0446F4
:1010A000584626F028FE04EBD47300EBD07464108D
:1010B000C4EB6304C6E607F1140B584626F016FE8F
:1010C000454206F1140026F016FE0446584626F066
:1010D00012FE241AB6E606F1140026F007FE0546B5
:1010E000D1E706F11404204626F000FE054620460E
:1010F00026F001FE044607F11400D2E706F11404BD
:10110000204626F0F3FD0546204626F0F4FD044671
:1011100007F11400DBE798445046A8EB020800F002
:101120004DF8DAE62DE9F34704461BF085F9002572
:101130000746204EDFF88080BD4223D1204619F0BB
:101140009AFE8046204619F07CFE1A4B07469E42C6
:101150001CBF236A1B1A204618BFF61AFFF7D4F9E2
:101160000546204619F053FBA0EB0800C01B2D1AC2
:10117000204619F017FF281AB042B8BF304602B017
:10118000BDE8F087A36841461B6853F825A0504688
:1011900018F0B3F9014650B919225046DAF82090F8
:1011A0001AF059FC81444E45B8BF4E4601900135B6
:1011B000C2E700BF010000E0010004002DE9F74F85
:1011C0000021054619F011FE012806D0A86808B1D3
:1011D0008069404203B0BDE8F08F284619F065FEF3
:1011E0008046284619F013FE074628461BF024F9CE
:1011F0006FF0604481460026B1451BD16FF060431B
:101200009C4218BF6E6928461ABFF619361B154E48
:10121000FFF76AF90446284619F0F6FAA0EB080031
:10122000C01B241A284619F0B8FE2044B042B8BFAB
:101230003046CFE7AB680C491B6853F826A05046F0
:1012400018F05BF9014658B91A225046DAF814B082
:101250001AF001FCABEB000B5C45A8BF5C460190AB
:101260000136C9E7010000E0010004002DE9F34761
:101270000021054619F0B9FD012805D1A86800B183
:10128000806902B0BDE8F08728461BF0D5F800243D
:1012900007461F4EDFF87C80A74221D1284619F06F
:1012A00004FE0746284619F0B2FD194B80469E42BF
:1012B00018BFEB6928461CBFDB1BF61AFFF714F9B1
:1012C0000446284619F0A0FAC01BA0EB0800241A17
:1012D000284619F062FE201AB042B8BF3046D0E767
:1012E000AB6841461B6853F824A0504618F005F936
:1012F000014650B91B225046DAF81C901AF0ABFB9D
:1013000081444E45B8BF4E4601900134C4E700BF4A
:10131000010000E00100040038B50D460C49044608
:1013200006F0EEFF58B1C06A4042286009492046E5
:1013300006F0E6FF38B1C06A4042686038BD20461A
:1013400019F02BFEF1E7204619F02CFEF5E700BF5F
:101350000DB00108F7AF0108F0B597B0164651EA95
:10136000060204460D465FD0012B5FD100F0F8FC69
:101370000746684606F040FF2146684626F0EFF82B
:101380006846394926F000F935B3384601F08CFB40
:101390004FF4C872C821401026F09DF801466846F7
:1013A00026F0E1F8204619F0F8FD2A1A4142684675
:1013B00026F0DEF868462D4926F0D3F868462C4919
:1013C00026F0DCF86A460921204618F068FF01285B
:1013D0002AD1684606F02AFF36B3384601F074FB7E
:1013E0004FF4C872C821401026F075F801466846CF
:1013F00026F0B9F8204619F0D5FD321A4142684668
:1014000026F0B6F868461B4926F0ABF8684618493E
:1014100026F0B4F86A460921204618F040FF01285A
:1014200002D1684606F002FF17B0F0BD114906F080
:1014300043FF0E49204606F03FFF002209212046C7
:1014400018F02DFF0128EFD132462946204619F029
:10145000B0FD0128E8D100220B21204617B0BDE8DD
:10146000F04018F01CBF00BFFBAD01080DB0010833
:1014700019750208F7AF010870B504460D46074913
:10148000164606F019FF204619F087FD3346411B2A
:1014900000222046BDE8704019F0C3BD0DB0010820
:1014A00070B504460D460749164606F005FF20466E
:1014B00019F078FD3346421B00212046BDE87040FC
:1014C00019F0AFBDF7AF01082DE9F04F89B08046A4
:1014D00008460291914603931AF078FF10210646C0
:1014E00018F005F8002800F00681304619F03FFD9D
:1014F0000190304619F04AFD8246002800F09E8097
:10150000029B03F11407304619F0B5FC044630463F
:1015100019F097FCB5697B682544ED1A336AF968C0
:10152000D9F804201B1A5B1AD11A83463046CDE93C
:101530000623AD1A059119F06AF9DDE90512002DAF
:10154000079B0490C0F28580002979DB0025BAF161
:10155000020F00F08980BAF1030F00F08A80BAF11F
:10156000010F03D1B5697B682544ED1A304619F0A7
:1015700006FD824610B1029B03F11408304619F0B3
:1015800046FC0746304619F090FC7469D8F80030E4
:101590003C44E41AF369D9F80020D8F808101B1A63
:1015A0005B1AA41A8346A2EB03017ED4002974DBE4
:1015B0000024304619F028F9BAF1020F7FD0BAF1B1
:1015C000030F00F08280BAF1010F04D17469D8F8DA
:1015D00000303C44E41A4949304606F06DFE484963
:1015E000304606F069FE019BD807019B58BF24EAEC
:1015F000E4749907019B58BF04EAE4745A07019BFD
:1016000058BF25EAE5751B07039BD9F8042058BF8E
:1016100005EAE575002B6CD0D9F800302344C9F8F1
:1016200000302B46134421462A463046C9F8043080
:10163000039B09B0BDE8F04FFFF78EBE474662E757
:10164000002D83D0304619F0ADFCA842BFF67FAF25
:101650007CE700297FF77AAF30469D1AFFF762FDDD
:10166000C5427FF574AF71E7356AFB68A5EB0B05E2
:101670007BE7049BB2691B1BA3EB0B0303EBD37348
:101680001444384604EB630426F035FB7D6800EB18
:10169000D07005EB6005651B68E7002C88D03046EC
:1016A000FFF78CFDA04284DA82E7002980DD304616
:1016B0009C1AFFF7DBFDC4427FF57BAF78E7F46946
:1016C000D8F80830A4EB0B0484E77369C01BA0EBC7
:1016D0000B0000EBD0701F4407EB6007404626F07C
:1016E00005FBD8F8004000EBD07004EB60043C1B15
:1016F00071E7039B96E709B0BDE8F08FF7AF0108EB
:101700000DB00108F8B5044615461E4601F47F07E2
:101710001AF0A2F8012828D08C2D10D8154B5B5D4B
:10172000DA0716D477B96B1E012B0BD822684AB1A1
:10173000012D0CBF9369D369CBB1336015E00E4B1B
:101740001B6B0BB90020F8BD2B4413F88D3CDB0755
:10175000F8D507B96468002CF4D033462A462046F1
:10176000218D1AF079F80128F4D10120EBE71268F5
:10177000DDE700BF7B430308181000202DE9F84F78
:10178000074625480D469046994626F0F8FF044640
:10179000DFF884B00CB9BDE8F88F4C45FBD021468A
:1017A000584626F0F3FF23688246BB421CD1A3684B
:1017B000AB4202D0B5F5702F16D12379434502D044
:1017C000B8F1FF0F10D100267B8DC3F305139E42A5
:1017D0000CD30021204606F06FFD0F48214626F06D
:1017E0008BFF204607F0A2FD5446D3E7FA68F000CD
:1017F00002EBC603D97989070BD5B5F5702F04D054
:101800005B68C3F317039D4203D12179105827F079
:10181000DEFA0136D8E700BF30100020142101485D
:1018200026F002BF30100020014B83F824007047DF
:10183000181000202DE9F3475E4B044693F824303E
:101840000E461546002B00F0838019F09FF92846BC
:1018500006F040FF00F0040A284606F03BFF00F0C7
:101860000208284606F036FF00F00109284606F077
:1018700031FF06F47F0600F01007BAF1000F53D0D5
:10188000B6F5702F3FD056B30222002120461AF041
:10189000E2F86FF04047B842019007D001220021E2
:1018A00020461AF0D8F8B842019007D100222F2123
:1018B000204618F0F4FC204618F034FFFF2D3ED1EE
:1018C000204618F0AFFC204619F060F9B6F5803FCD
:1018D0003ED0204602B0BDE8F0471AF029B83246A3
:1018E0002F21204618F0DBFC204618F01BFFFF2DAF
:1018F0003BD120461AF06AFD98B9002FE0D020466F
:101900001AF041FADCE700222F21204618F0C7FC2C
:10191000204618F007FFFF2D204627D11AF056FD6C
:10192000E8B118F0FFFE25E0B6F5702F13D0002EB9
:10193000C4D1FF2DDDD00FB320461AF024FAB8F140
:10194000000F28D1204619F021F9B9F1000F2CD150
:1019500002B0BDE8F087FF2D0FD12046DEE7002F53
:10196000AED020461AF00FFAA8E720461AF02EFD56
:101970000028D6D1002FA1D0F3E747B9B8F1000F66
:1019800009D1204602B0BDE8F04719F0FFB8204663
:101990001AF0F9F9F2E7204618F044FC204619F055
:1019A000F5F8B9F1000FD3D090E7BAF1000F8DD15F
:1019B000CEE700BF181000200021014A1AF048BAF3
:1019C000FFFF0F002DE9F0410468274825682779BB
:1019D00026F0D2FE0146244E19B96A8DC2F30512D3
:1019E0003DE0A1420BD00A6823689A4207D18A6879
:1019F000A3689A4203D10A7923799A4231D03046BA
:101A000026F0C0FE0146E7E7EB68CE0003EBC1031A
:101A1000D879800722D55B68A068C3F31703834297
:101A20001CD12146104826F067FE204607F07EFCB8
:101A3000EC683946A05927F0CAF9EB6804EB0608B0
:101A4000985927F067FA60B1D8F804202846A159C0
:101A500022F07F42BDE8F0411AF0FAB901318A4222
:101A6000D2D8BDE8F08100BF3010002070B50D4B1A
:101A7000064693F8243023B1002001F00BF8044609
:101A800070B970BDD4F8B432304653F825101AF04E
:101A9000D5FA0135D4F8D032AB42F3D82046ECE782
:101AA0000025F7E7181000202DE9F04399B01E46F5
:101AB00090F82A30209D43F0080380F82A300285F0
:101AC000044691462A7A0F4619F0C5FF26850090F4
:101AD000394620462A7A19F0BEFF94F82A3080460B
:101AE0006FF3C30384F82A30009B0190834205D131
:101AF000014626F008FA002840F08380A4F82890D8
:101B00002A7A3946204619F0A6FF394600902685E4
:101B1000204619F02AFF009A297A006827F092F9E6
:101B200020462A7A6968FFF785FE2B7A0C2B20D194
:101B300047F6FF73DDF80090994501D0984518D11C
:101B4000204618F061FE00EBD0704610204618F0D9
:101B50005EFE47F6FF7200EBD07391454FEA6303D8
:101B600013D19E420BDA731CC845009301D1731C3C
:101B70000193254826F060FD064658B9FEE75A1C39
:101B8000C8450092F5D10133F2E79045F1D19E426C
:101B9000EDDBF8E7009B0460C360019B03612B7AD7
:101BA0008760037102A806F027FB314602A825F0E2
:101BB000D6FC164902A825F0D4FC154902A825F048
:101BC000DFFC144902A825F0DDFCFF22002102A859
:101BD00025F0CEFC298802A825F0C5FC698802A85A
:101BE00025F0C3FCE96802A825F0C8FC002102A882
:101BF00025F0D4FC02A8296925F0D7FC02A806F03C
:101C000015FB19B0BDE8F08330100020191C000846
:101C1000F3C10108C5190008F7B50023066804469A
:101C2000708DC0F3051098423ED9F268DD0002EBDA
:101C3000C302D779BF0705D55268A768C2F3170258
:101C4000BA4201D00133EEE7002300932379612BE0
:101C500053D04CD8392B29D81B2B3DD901221C3B02
:101C6000DBB202FA03F33C4A1A4052BB13F0407F46
:101C700032D0FE293FDCE368009300230193F36830
:101C80002179585901AA27F023F9002854D10127B6
:101C9000F368009A2179585927F0D4F827B12279AE
:101CA000A1682068FFF7C6FD03B0F0BD582B11D81E
:101CB0003C2B11D9294A3D3BDBB222FA03F3DB0767
:101CC0000AD5002924DCE368ADF800301B0C8DF840
:101CD0000230D2E75A2BCCD00029CCD0FF290AD031
:101CE000D4E903239B1A4B4302EB23220AE0662B21
:101CF000BFD0672BEFE72369BEE7D4E90323002AAF
:101D0000BAD00BB90092B8E77F29D8BF1346B3E722
:101D1000FE2901DD2369D7E7CAB2D4E9031026F012
:101D2000E8F9C0F307238DF80000C0F307408DF8F1
:101D300001308DF80200A0E7DDE900739F42A6D1D3
:101D40003946384626F0DFF80028A0D0019BFF1A5C
:101D500018BF01279CE700BF810020200101000877
:101D600010B54368044613B11AF028FB04460B482B
:101D700026F002FD88B10023D0F8D02206E0D0F88A
:101D8000B41251F82310A14207D001339A42F6D180
:101D90000146024826F0F6FCECE710BD1C100020BE
:101DA000F8B590F82B30044613F010020DD143F033
:101DB0001003262180F82B3018F071FA30B994F80E
:101DC0002B3060F3041384F82B30F8BDA06810B1F9
:101DD000083026F075FA002120461AF0FAFA064675
:101DE000A8BB204617F091FB0746304604F070FA76
:101DF000054680BB3D4D2146284606F0ADFA012838
:101E0000F9D0204617F0D0FD65682046002D53D14B
:101E1000FFF7A6FF2B460646D0F8D012D0F8B40242
:101E20008B4203D050F8232094423ED100EB830232
:101E300001398B423BD3C6F8D012890007F080FAF3
:101E4000C6F8B4022046BDE8F84007F06FBA304645
:101E5000FFF7A6FFBFE7284624F02AFE00F0FD03A7
:101E6000012B14D1AB6E9C4205D0EB6E9C4202D08C
:101E70002B6F9C4203D1214628461AF090FA6B6FD3
:101E80009C42AB6F08BF6E679C4208BFAE67D5F837
:101E9000A8309F4207D104F02BFA844203D1214697
:101EA00028461AF07CFA2846A0E70133B8E75568BF
:101EB000013342F8045BBCE71AF0D6FA83B26268D9
:101EC0009568298D286801398B4206DB89B22985FE
:101ED000890007F035FA2860B4E7013350F8232071
:101EE00000EB830040F8042C9BB2E8E7F9C401083A
:101EF0002DE9F04FB3B00C4680460121204617F083
:101F0000F6FA8146002865D101466022204619F084
:101F1000A2FDC3B2012B179003935BD9204618F0A2
:101F2000A2F9074630B92146404633B0BDE8F04F2C
:101F30001AF0FBBB204618F071F906460BAD294696
:101F4000204618F01FFC32463146284625F06DFB2E
:101F5000022F42D195E80F0013AE86E80F004A46E3
:101F6000314620460DF13C0918F024FD3246484622
:101F700008F1180125F073FB60B399E80F0017AE64
:101F800086E80F003A463146204618F013FD2A46EF
:101F90003146304625F063FBE0B196E80F0007AF0D
:101FA00087E80F0005223846114625F03EFB3846EB
:101FB00025F0A1FE0190384625F09DFE0290079B7A
:101FC0001393099B1593089B149316930A9A169BD7
:101FD0009A422CDC33B0BDE8F08F012FFAD117AF55
:101FE0002A46384608F1180125F039FB0028F1D0BF
:101FF00097E80F0007AE86E80F00304625F07BFE1D
:10200000304625F078FE304625F070FE864B0646B9
:102010001B6993F83B0025F068FF4FF4C04393FB26
:10202000F6F393FBF0F29B0801920293C7E7149B2F
:102030000199013B04F1140B0DF14C0A0B4450467D
:1020400059469342D4BF1693169225F0AFFB002851
:1020500040F0D1801021149B029A013B13440A9A4C
:102060009A42D4BF16921693524640461AF070FE1A
:10207000214681461AF059FB6F220021204619F0B3
:10208000EAFC70220021179004900746204619F0C0
:10209000E2FC049B024603F0C041B1F1005F06463A
:1020A00017901AD16FF0604123F0C0438B4214D0D7
:1020B000B3F1805FA2BFC3F17F6303F57F2303F613
:1020C000FF73CDE90430584625F010FE049B059AB5
:1020D00003FB00F7642397FBF3F702F0C043B3F16F
:1020E000005F18D122F0C0436FF06042934212D0DB
:1020F000B3F1805FA2BFC3F17F6303F57F2303F6D3
:10210000FF735846049325F0F6FD049B03FB00F68D
:10211000642396FBF3F617A801F08CFD63696E2229
:102120001F44D9F804300021FF1AA36920461E4439
:10213000D9F808302797F61A039B28968DF8A8300F
:1021400019F089FC002203460F90B3F5616F63DC40
:10215000002A08BF034600222293002B60DB02B155
:1021600022936C220021204619F075FC6D2200217B
:102170000F902390204619F06EFC712200210F90E1
:102180002490204619F067FC722200210F902590C0
:10219000204619F060FC672200210F90269020460F
:1021A00019F059FC204B0F901B6900F00F0093F8B9
:1021B0003A307322C3F3000340EA03109DF8A930BC
:1021C000002123F01F0318438DF8A900204619F0C1
:1021D00042FC2CAE31900F9095E80F0086E80F007E
:1021E0005246404617A9CDF878901BF055F8169B3B
:1021F00001331493EAE600231721204617AA8DF82D
:102200005C30CDF860A018F04AF89DF85C30002BE7
:102210007FF420AF122127E70122A3F5616394E741
:10222000012203F5616398E7181000202DE9F843B7
:1022300006460D4629B91F4B186900F085FC054676
:1022400040B130462946FFF753FE28461AF0BEF843
:10225000044608B9BDE8F88320461AF0EDF80027D7
:102260008046B946474513D132461C21204618F016
:1022700016F832461D21204618F011F832461E216C
:10228000204618F00CF820461AF0A0F82546DFE7A3
:10229000A3681B6853F82710B9F1000F06D16B1A19
:1022A000D3F1000949EB03090137DBE73046FFF7BB
:1022B0001FFEF9E7181000202DE9FF41754D00F1D0
:1022C00018082F69064698E80F0007F5407484E85F
:1022D0000F0038461AF0DAFC10B928691AF0B7F97D
:1022E0002B6993F83B0025F0C7FDA0B16C462F6920
:1022F00007F540730FCB84E80F0097F8393033B9F6
:10230000D7E9C01220465242494225F09BF92146A6
:1023100030681AF064FE286900F016FC0146404659
:102320001AF0AFF92B690746D3F8C842A4B90028C0
:1023300035D1286900F030FC01463046FFF776FFC2
:102340002B6993F8D422D0072FD4D3F8C842A4B96C
:102350002B69D3F8C07226E0214640461AF091F965
:102360002B69044687B90028E3D093F8D422D1071B
:102370001CD4D3F8C832002BEAD021463046FFF7F0
:1023800055FF002FE4D00EE093F8D422D2070FD4EB
:10239000D3F8C8323BB1002808BF1C46EDE793F8DC
:1023A000D432D80704D439460DE00024D3F8C072E3
:1023B00039463046FFF73AFF2B69D3F8C81229B1E6
:1023C000002C18BF21463046FFF730FF286900F087
:1023D000CFFB01463046FFF729FF286900F0D2FB0A
:1023E00001463046FFF722FF2C69D4F8A862B36B90
:1023F000002B47D120461AF049FC10B128691AF089
:1024000026F901232363A26BD10740D5A26B920763
:102410003DD56363A36A656B13B3336821691E6995
:10242000D4F8003362690B440093D4F80433204697
:1024300013440193D4F808330B440293D4F80C33BB
:102440003A2113446A4603931AF02BFC324669463C
:102450002046A36A98476A463B2120461AF021FC91
:1024600020461AF013FC50B194F83930012B00D1FA
:102470002DB1E369626A9A4208BF236A636204B0BD
:10248000BDE8F08100F04CFF00F0EAFEAFE700236A
:10249000BFE700BF18100020014B1869704700BF4C
:1024A000181000202DE9F04F9DB0002842D0C068E0
:1024B000C14C2061002800F0E282436A002B00F04A
:1024C000DE821A69002A00F0DA82DB68002B00F055
:1024D000D682002236211AF0E4FB2369D3F8C00229
:1024E000FEF7F2FB2369D3F8C80208B1FEF7ECFB54
:1024F0002369D3F8C402FEF7E7FB2369D3F8BC02D3
:10250000FEF7E2FB2369D3F8B802FEF7DDFB23698F
:10251000D3F8C022002A40F0FD80C3F85C2203F00B
:1025200015FA00223721A44B18691DB0BDE8F04F01
:102530001AF0B7BB00F0A8FABAE7304490F83C5262
:10254000002D00F0A48001362069D0F85C329E4254
:10255000F3D390F83930012B42D11AF097FB0028C1
:102560003ED0206900F5197026F046F9002837D1D1
:1025700020691AF06CF820694FF00009D0F81C802F
:10258000D0F824B0C34508BFD0F8208000F08CFA02
:102590000390206900F098FA4022049000210CA8D2
:1025A0002DF0D5FB23691FFA89F6D3F85C2203F5D9
:1025B0001970B24200F2B2800023CDE90833039BC8
:1025C000013B0A93049B013B0B9326F0D5F805468B
:1025D000002840F0DE80206900F5197026F018F917
:1025E0002069D0F85C3283B3013B039300F50F738D
:1025F000039A002A80F2E28000230393002700223E
:1026000038211AF04EFB2369DFF8AC9193F838209B
:102610006FF3000283F8382093F838206FF34102FB
:1026200083F8382093F83A2042F0020283F83A20E7
:10263000D9F81060D6F85C329F42C0F2C88096F894
:102640003A306FF3410386F83A305B4C2069D0F89A
:102650005C32002B3FF463AF002239211AF021FBDA
:1026600020691AF013FB002840F0EA8120694FF43A
:10267000007200213C3027F0E7FB20692022002176
:1026800000F50F7027F0E0FB0022236945E74FEAD1
:10269000061A0AF13C092069D0F85C329D42BFF469
:1026A00052AF431993F83C32002B31D1AE422FD0B8
:1026B0004FEA051B0BF13C0B00EB0B01484425F0E6
:1026C00075F828B321690CA801EB0B02494424F0EA
:1026D000E8FF0CA824F09FFF03902069484424F0F1
:1026E0009AFF07462069584424F095FF039B07444E
:1026F000BB420DD223690C9903EB0A02D1630D99F9
:102700002B4411640E9951640F99916483F83C82B3
:102710000135C0E700264FF0010815E7334493F870
:102720003C3213B109F101093CE726F025F80546D2
:10273000360106F13C030593206900F51970002D60
:10274000F0D0294626F01EF8059B226982461A44DD
:1027500029460CA825F07BF8431C064617D0002715
:1027600009E025F084FF84460CAB03EB07130FCB85
:102770008CE80F00013720697BB29E42294600F5A4
:102780001970EEDC25F0B8FF284606F0CFFD55465F
:10279000D2E7294608AA284624F061FF2946584670
:1027A0002B4642461AF064FC2069294600F5197050
:1027B00025F0E8FF0BE700BF18100020039A9A5C91
:1027C000002A3FF41BAF039A013A039210E7F31972
:1027D00093F83C32002B54D1039BD6F8A8529F4269
:1027E00002BF96F8383043F0010386F8383096F887
:1027F00038306FF3410386F83830736A2B6096F8EF
:102800003930002B5DD000233046C5E9013300F09C
:102810004BF90138E860206900F056F90138286169
:10282000206900F041F98246206900F04DF900224C
:1028300001380DF13008114600900AF1FF3340468F
:1028400024F0D9FE236993F83920022A1BD193F88A
:102850003820284642F0020283F838202B6805F120
:102860001806198919F046FF98E80F0086E80F004E
:1028700005F1280698E80F0086E80F002846FFF7C4
:102880001BFD0137D4E6012AFBD1996B93F8382060
:10289000284661F3410283F838202B6806EB0716BF
:1028A000198919F027FF3C3605F1180C96E80F003E
:1028B0008CE80F0005F1280C96E80F008CE80F005B
:1028C000DCE73B0103F13C08B0444046079325F0A8
:1028D0000DFA8246404625F00EFA3B01F318834676
:1028E000D9F81000D3F84880049300F0EDF8804543
:1028F0003FDBD9F8100000F0E7F800F1FF38D9F815
:102900001030504693F83B10CDE9051300F0AAFFB4
:102910000599069B072930D00839C9B202292ED85B
:10292000584A32F811205B6ADB68A3EB020ABAFB53
:10293000F0FADA45A8BFDA460023D346CDE90D33D5
:102940000C933221CDF814B00CAAD9F810000BF179
:10295000FF3BCDF83CB01AF0A4F90CA825F0CBF958
:102960008245059B0DDABBF1000FEADC4FF0000B4E
:102970000CE0049BD3F84880C1E70822D3E700228B
:10298000D1E7002BF2DD0F9B03F1010B002106EBD9
:10299000071306931B6C0BEB030202F1FF3AC245CF
:1029A0000592D9F8102023DD88453FF46AAF0799D6
:1029B000526A3144C86B0499496CC5E90020C5E9E5
:1029C0000231C5E90603C5E90A03C5E90818C5E9E6
:1029D0000C1828460021C5F8108019F08BFED9F894
:1029E000102092F8383043F0020382F8383045E77F
:1029F0000699526AC86B0499496CC5E90603C5E992
:102A00000231C5E90A03C5E90020C5E9081A2846CC
:102A1000C5E90C1AC5F810A0002119F06BFEC245DB
:102A200008BFD9F81020284602BF92F8383043F08A
:102A3000020382F83830FFF73FFC5146059BAAE7B6
:102A4000236993F83930012B7FF410AE002510E094
:102A5000431993F83C325BB900F5197025F030FE4C
:102A60000646236903EB05133C330FCB86E80F00C2
:102A700001352069D0F85C32AB42E9D8F6E51DB0EB
:102A8000BDE8F08F400A0308014B5869704700BF4A
:102A9000181000200146034809B925F06DBE25F045
:102AA00071BE00BF1C10002010B9064B586940B120
:102AB00090F8F03203F00503012B01D14068704714
:102AC000006870471810002010B9064B586940B1D3
:102AD00090F8F03203F00503012B01D10068704734
:102AE000406870471810002010B9034B586908B1AE
:102AF00080697047822070471810002010B9034B7E
:102B0000586910B1C0E907124162704718100020DF
:102B100010B9034B586908B180F83910704700BFED
:102B20001810002010B9024B586900B1816270473B
:102B30001810002010B9034B586908B190F83B00F9
:102B4000704700BF1810002010B9034B586908B136
:102B5000D0F8C002704700BF1810002010B9034B16
:102B6000586908B1D0F8C802704700BF181000209B
:102B700010B9034B586908B1D0F8BC02704700BFC8
:102B80001810002010B9034B586908B1D0F8B802EA
:102B9000704700BF1810002010B9034B586908B1E6
:102BA000D0F8C402704700BF181000202DE9F04F84
:102BB000AFB006468B46914698469DF8E0A0FFF7D9
:102BC000CFF8D0F8C0520446AE4200F0D080D0F822
:102BD000CC02B04200F0CB80C8B1A84217D000218F
:102BE00005F06AFB0022D4F8CC02114617F056FD1E
:102BF00000225F21D4F8CC0219F0D1FAD4F8C03207
:102C0000D4F8CC52C4F8C832284619F0AFFFD4F833
:102C1000C802C4F8CC6228B194F8D4329B0701D51D
:102C200019F037FCABF10A02042A8CBF0022012202
:102C3000002794F8D432394662F300036AF3410363
:102C400084F8D4323046C4F8C87205F035FB49EA3E
:102C5000080301938DB92A462946304617F01EFD18
:102C60002A465F21304619F09AFA019B5BBB304639
:102C70002FB0BDE8F04F19F079BF3946284605F06E
:102C80001BFB3A463946304617F008FD3A463946AE
:102C9000284617F003FD3A465F21304619F07FFAC7
:102CA0003A465F21284619F07AFA019B5BB9304613
:102CB00019F05CFFBAF1000F59D028462FB0BDE8DB
:102CC000F04F19F0E6BB02A805F096FA314602A8CB
:102CD00024F045FC02A8664924F052FC02A865498C
:102CE00024F050FC494602A824F03DFC414602A8CD
:102CF00024F03BFC18A805F07FFA294618A824F018
:102D00002EFC494618A824F02EFC414618A824F0B1
:102D10002CFCBBF10E0F1CD8DFE80BF0080F2C3693
:102D20003E465C7185999F52687D9100524902A888
:102D300024F017FC0022002108E002A84E4924F0EC
:102D400010FC2046FFF7B0FE0146002202A824F046
:102D50000FFC002D00F0898000222A21284617F060
:102D60009EFA02A805F062FA18A805F05FFA2FB0E3
:102D7000BDE8F08F02A8404924F0F3FB2046FFF79E
:102D800093FE00224142E1E702A83C4924F0E9FB1E
:102D90002046FFF799FED7E702A8384924F0E1FB67
:102DA0002046FFF791FEECE7334902A824F0D9FB57
:102DB0002046FFF779FE0022014602A824F0D8FB46
:102DC00018A82D4924F0CDFB2046FFF76DFE4242A6
:102DD000002148E0284902A824F0C3FB2046FFF761
:102DE00063FE0022414202A824F0C2FB18A8224937
:102DF00024F0B7FB2046FFF757FE0246E8E71F49DD
:102E000002A824F0AEFB2046FFF75EFE002201463A
:102E100002A824F0ADFB18A8184924F0A2FB204614
:102E2000FFF752FED3E7154902A824F09AFB20468B
:102E3000FFF74AFE0022414202A824F099FB18A89D
:102E40000E4924F08EFB2046FFF73EFED5E70C49E5
:102E500002A824F086FBFF226DE7094918A824F098
:102E600080FB0022FF2118A871E702A87DE700BFC0
:102E7000D7CA0108FDCA010869CB010865CB010862
:102E80005DCB0108F0B585B0064666480D4625F0D5
:102E9000D3FB044600B9FEE700214FF4647226F02C
:102EA000D3FF4FF0FF33C4E902330023C4E90433F6
:102EB0008223A361638F4C2003F0FE0343F49053FD
:102EC00043F00103C4E90065638706F01DFA01467B
:102ED000C4F8A80200B9FEE7D4F8AC320BB1204622
:102EE00098470022D4F8A832013EC3E90122013DEF
:102EF000DE601D6194F83B204B4E1A750123C4F827
:102F0000603208F08BFD1021C4F8FC0204F5197042
:102F100025F08AFB2246212144487569746105F039
:102F200005FDC4F8F80200B9FEE707F047F90746C7
:102F3000002874D1052005F0F9FAC0F30723C0F387
:102F400007428DF8080038468DF809308DF80A20C0
:102F500005F0ECFAC0F30723C0F307428DF80D30FB
:102F6000334B8DF80C008DF80E2000932046DDE9E0
:102F700002123B4607F02CF9C4F8F4020020FDF7DA
:102F8000E1F9C4F8C4020020FDF7DCF9C4F8C0027E
:102F90000020FDF7D7F9C4F8BC020020FDF7D2F9F4
:102FA000002D08BF2546C4F8B802D4F8C402FEF7C5
:102FB00003FDD4F8BC02FEF7FFFCD4F8B802FEF71C
:102FC000FBFCD4F8BC02022116F030FAD4F8B802A7
:102FD000022116F02BFAD4F8C402002117F07FFF6B
:102FE000D4F8BC02002117F07AFF0021D4F8B8020F
:102FF00017F075FFD4F8C00217F0C8FD0023352282
:103000000C492046756119F046FED4F8F80226F006
:1030100015FB204605F050FE204605B0F0BD08F037
:10302000E7FCA9E71C10002018100020A5240008C8
:103030009C0A0308B3CA010810B9094B586970B15A
:10304000D0F8A83280F83B101975C36903B15970E4
:10305000036A03B159700022342119F022BE70476F
:103060001810002010B5044610B9114B5C69F4B17A
:10307000D4F8D032C4F8F412042B18D1D4F8B432F6
:10308000186819F0D9F990B9D4F8B432586819F021
:10309000D3F960B9D4F8B432986819F0CDF930B9E1
:1030A000D4F8B432BDE81040186827F034BA10BD27
:1030B0001810002008B9024B5869D0F8F402704784
:1030C0001810002010B9074B586948B100290CBFEF
:1030D0004FF0FF320122D0F860321344C0F8603262
:1030E000704700BF1810002010B9054B586928B16F
:1030F000D0F860020028D4BF00200120704700BF34
:103100001810002010B9034B586908B1D0F8F80224
:10311000704700BF1810002008B506F0F5F8064B00
:10312000D3F82821D3F8241101320160C3F8240117
:10313000C3F8282108BD00BF181000202DE9F8436E
:103140004FF0000807460D468C6BF4B9EB6B002B73
:1031500074D095F84420002A70D0AA6B002A6DD153
:103160009B6B73B11A79062A66D19A6C002A63D1D7
:10317000DA6CD269AA425FD101229A64374BC3F854
:10318000302100263046BDE8F883A36CD4F80090C7
:10319000032B49D1B8F1000F49D0C8F8009023792A
:1031A000062B2CD1E36CDE693368B3B1301D24F0FB
:1031B000A2FD31680B894343B3F5806F38BF01230B
:1031C000264828BF9B0AD0F82C21D21AC0F82C21FF
:1031D000084619F0F0FE0023336087B1D7F8A83213
:1031E00023B11A6CB24225D1326C1A64D7F8B032CE
:1031F00013B1314638469847304606F097F82046D6
:103200001AF069F9064640B190F84C305B0604D5D7
:10321000C06906F08BF80023F361E06C06F086F8D5
:10322000204606F083F84446A0464C468DE7C5F894
:103230003890B4E71346D3E71B6892E70026074BA4
:10324000D3F82441002C9DD02046E36829469847B6
:10325000013018BF01262468F4E700BF18100020D1
:103260002DE9F0410020FFF715FC002604464FF041
:1032700001080C4F0CB9BDE8F081D4F8A8523DB953
:103280000EB9C7F830812046FFF704FC0446F1E789
:1032900029462046FFF752FF2D6C002818BF06462E
:1032A000EDE700BF18100020F8B51C4DCE6C95F866
:1032B00038710C46306117BB306870B14FF4002193
:1032C00016F015F948B1012322461F21306885F810
:1032D000383116F0E4FF85F838714FF4C843A4F88C
:1032E0005030D5F824511DB9BDE8F840FFF7B8BFFC
:1032F0002B6913B12146284698472D68F3E74FF410
:10330000C843A1F85030D5F8245105B9F8BD2B6950
:1033100013B12146284698472D68F6E7181000207B
:10332000044BD3F8302102B9FEE70022C3F8302164
:10333000704700BF181000200122024BC3F8302153
:10334000704700BF181000202DE9FF412E4B0646A4
:10335000D3F828310D46012B1746846B14D803226D
:103360006CB1A36C012B07D194F8503023B1BB4250
:1033700002D0A2642468F3E7A36C012B00D00024E0
:10338000204604B0BDE8F081F4B9002D38D1B56B0A
:10339000002DF4D0AB6C012B32D195F850300BB12D
:1033A000BB422DD1B46B05F118085CB3A542E7D040
:1033B000A36C032B06D04246684604F1180124F0A2
:1033C0004EF9E8B92468F0E7FFF766F8FFF76CFB01
:1033D0000446FFF761F8FFF777FBB36B9A6C012A9D
:1033E000D3D09A68002AD0DC1A69013CA242CCDB17
:1033F000DA68002AC9DC5B6901388342C5DBBEE7B5
:103400002D68C5E72C46BBE7181000202DE9F041D8
:10341000D0F800800446B8F1000F03D0D8F81000AF
:10342000BDE8F081051D284624F060FC06462846CC
:1034300024F061FC217D0746304600F013FA434634
:10344000394607FB00F5227D304600F071FA206016
:103450000028E5D0B5F5806F38BF0125094A28BF9F
:10346000AD0AD2F82C312B44C2F82C31207D24F047
:1034700003FD18B10021206819F0B1FD2368186917
:10348000CEE700BF181000202DE9F04F85B0984618
:10349000DDE90E43164608F5B472A24281468A461B
:1034A0009DF84070119D0AD1A9EB06032B60AAEB91
:1034B00006036B6006EB0903AB60564469E1B8F59F
:1034C000B47FC8BFA8F5B478B4F5B47FC8BFA4F57D
:1034D000B474A6EB030B1FB103EBD3735B105F1C3B
:1034E0005A2398FBF3F294FBF3F3D2B2042ADBB233
:1034F00029D1042B5FD1A045D6DC08F15A0000B2D7
:1035000004F0D2FF0BFB00F009EBE030C01B286099
:103510000FFA88F004F0C8FF70430AEBE030C01BDC
:10352000686004F15A0000B204F0BEFF704309EB7A
:10353000E0303844A86020B204F0B6FF0BFB00F086
:103540000AEBE03034E0042B67D1032AD3D0022AFF
:10355000AAD108F15A0000B204F0A6FF704309EBAB
:10356000E030C01BAAEB0603DB1B286004F15A0005
:103570006B6000B204F098FF704309EBE030384410
:1035800024B2A860204604F08FFF0FFA88F80BFBE6
:1035900000F6404604F088FF0BFB00F08642CCBFEB
:1035A0002046404604F080FF0BFB00F0C01350445F
:1035B0003844E8606BE0032B9DD0002B7FF474AFA0
:1035C00004F15A0212B21046039204F06DFF08F1A2
:1035D0005A031BB202901846019304F065FF02994A
:1035E000019B8142B6BF039A1846104604F05CFF67
:1035F0000BFB00F009EBE030C01B28600FFA88F0ED
:1036000004F052FF7043B1440AEBE030C01B09EBF9
:1036100007036860AB6020B2EBE09A4240F086801E
:10362000A04500F38380032A31D801A353F822F088
:103630004136000895360008DD360008FB340008E6
:103640000FFA88F004F030FF0BFB00F00AEBE030DB
:10365000C01B686008F15A0000B204F025FF7043F7
:1036600009EBE0303844A86020B204F01DFF70433D
:103670000AEBE0303844E86004F15A0000B204F08C
:1036800013FF0BFB00F009EBE030C01B286005B016
:10369000BDE8F08F0FFA88F004F006FF70430AEBE4
:1036A000E0303844E86008F15A0000B204F0FCFE53
:1036B0000BFB00F009EBE0303844A86020B204F0C6
:1036C000F3FE0BFB00F00AEBE030C01B686004F176
:1036D0005A0000B204F0E8FE7043D4E708F15A0043
:1036E00000B204F0E1FE704309EBE030C01B28603B
:1036F0000FFA88F004F0D8FE0BFB00F00AEBE03084
:103700003844E86020B204F0CFFE70430AEBE030AA
:10371000C01B686004F15A0000B204F0C5FE0BFB48
:1037200000F009EBE0303844A860B0E79ABB012B09
:103730007FF4BAAE04F15A0000B204F0B5FE704353
:1037400009EBE030C01B24B22860204604F0ACFE38
:103750000FFA88F302901846019304F0A5FE029A2E
:10376000019B8242B4BF2046184604F09DFE0BFB2D
:1037700000F00AEBE030C01B686008F15A0000B2AC
:1037800004F092FE704309EBE03038445644A860E0
:103790003E44EE607BE7012A2FD1022B7FF484AEFA
:1037A000A9EB0603DB1B2B6020B204F07DFE704307
:1037B00008F15A030AEBE0301BB2C01B68601846E0
:1037C000029304F071FE5A3424B20190204604F0B2
:1037D0006BFE019A8242CABF029B2046184604F043
:1037E00063FE0BFB00F009EBE0303844A8600FFAF1
:1037F00088F004F059FE7043A2E6022A01D1032B9F
:10380000A6E6032A7FF450AED7E600BF10B5044603
:103810001822002126F018FB054B2360054B63603E
:10382000054BA3600023C4E90333044B636110BD5F
:1038300061CE01085DCE010841CE01084BCE0108E2
:1038400010B5074C2046FFF7E1FF04F11800FFF721
:10385000DDFF04F13000BDE81040FFF7D7BF00BF27
:10386000E01000200A460146014819F0FCBA00BFEA
:10387000E010002038B50D4614461BB91146FFF77D
:10388000F1FF0346142C05FB03F003D15B0805FB95
:10389000030038BD073CE4B2032CFAD80EBF4FF446
:1038A0008063024B1B5D1844F3E700BF500A030816
:1038B0000A460146014819F0DEBA00BFE0100020B8
:1038C0002DE9F0478A46DDE9085791461E46044631
:1038D000DDF8288000B9FEE71C22002126F0B4FAAA
:1038E00025B931465046FFF7BDFF054605FB09F3F4
:1038F000984518D366702368314603F47F4343F03C
:1039000019032360094B3846C4E90477A4F804A0DE
:10391000A4F806902581A361C4F80C80FFF7C8FFC6
:103920000120BDE8F0870020FBE700BFE010002089
:1039300007B5009313460A460146034819F0BEFA3C
:1039400003B05DF804FB00BFE010002070B50E4628
:10395000034600B9FEE704694078072813D0A0F1B8
:103960000801C9B2022910D8094D35F811501B8938
:1039700002FB03552C4426B104F01CFD704304EBFC
:10398000D004204670BD0825F1E70025EFE700BF11
:103990004A0A03082DE9F0470D46044600B9FEE740
:1039A000036903B9FEE7438886889B06B0F8068062
:1039B00002D40020BDE8F08721B941783046FFF7F6
:1039C00051FF05462389AB422DD0607804F0F2FC0C
:1039D00070430730B5EBD00F4FEAD009E9D32B463F
:1039E000414630466278FFF745FFE3688342E0D303
:1039F0006378072B19D0083BDBB2022B17D81A4A81
:103A000032F8133027892669AF421DD24FF0000AE1
:103A100008F1FF3202FB073705FB023337441E442F
:103A2000C24506D325810120C4E70823EAE7002325
:103A3000E8E7394630464A4626F032FA2389761BB3
:103A4000FF1A0AF1010AEBE71E44B2460027474578
:103A5000E8D2314650464A4626F022FA2389AA4443
:103A60001E440137F3E700BF4A0A03082DE9F74F68
:103A7000044600B9FEE7408810F0010571D110F04E
:103A8000200014D06378DA1FD2B2032A17D80CBFF3
:103A90004FF48073344B256918BF9B5605EB8306A2
:103AA000AE4207D10120638843F00103638003B075
:103AB000BDE8F08F284624F07CFA0435F0E7102B9F
:103AC00014D1B4F80680B4F80490B4F808A02769BB
:103AD0004545E7D2002602E024F06BFA01364E4558
:103AE00007EB8600F8D357440135F1E7142B1DD1BD
:103AF000B4F80890B4F806A02769B4F804B009FB3C
:103B00000A784FEA59035545CCD2002606E018F84A
:103B10000610019324F064FA019B01365E4507EB21
:103B20004600F4D34F4498440135ECE7132BB9D148
:103B3000B4F80690B4F804A0B4F808B027694D456D
:103B4000B0D23E464FF0000806E03046B17824F08F
:103B500047FA033608F10108D045F6D35F44013532
:103B6000EDE70020A3E700BF460A03082DE9F04F68
:103B700097B015461C468B6C8246ADF80C301B0C7A
:103B80008DF80E30136B526B0493BDF814308846D9
:103B900062F30803ADF81430EB6ADDF8809083B16E
:103BA0001CB12268224B9A420BD1219B2A46CDE9B7
:103BB000009341465046229C03ABA04717B0BDE896
:103BC000F08F219B06AE0FCB86E80F00D9E90012DB
:103BD00030465242494223F035FD04B90AAC144B39
:103BE0000EAEC4E90033C4E902330DF1480B22469E
:103BF00006A9284619F0C8FF074694E80F0086E892
:103C00000F00D9E90012304623F01CFD012FD5D159
:103C100032465846219923F022FD0028E7D02A4653
:103C200041465046CDE9006B229F03ABB847DEE723
:103C3000010000E010B56C220021044626F004F9D2
:103C400024F09DF9C0F3072384F849304FF48073C2
:103C5000C4E90C33B4F84C3084F8480043F487537B
:103C600043F01F03A4F84C30044BC0F30740E36556
:103C70006C2384F84A00636110BD00BF010000E0BE
:103C80002DE9F04FA9B00E461546069005939BB35B
:103C90000022C96915A800F04BFC01282CD106F1BF
:103CA000540A5046B78CB6F8269024F01FF809AC99
:103CB0000028ACBF9AE80F0095E80F0084E80F00D9
:103CC0003946204623F09DFC4946204623F09EFCC1
:103CD000DDF824A01D4B0DF134080FCB88E80F0050
:103CE00007EB0A030DF1440B0793EB680A9A9A421B
:103CF0001BDD15A819F056FF29B0BDE8F08F2A4644
:103D00002146584623F0ABFC48B1059B3146CDE92E
:103D100001B306984346009415AAFFF727FF099BB5
:103D20003B4409930B9B3B440B93AB68099A9A4223
:103D3000E5DD0A9BCDF824A04B440A930C9B4B4431
:103D40000C93079B013B0B93CFE700BF540A03087A
:103D500010B554220021044626F076F8FF2384F89B
:103D6000483024F00CF9C0F3072384F82D30154BAC
:103D700084F82C0023624FF6FF73C0F30740C4E9B8
:103D8000093384F82E0024F0FAF8C0F3072384F8EE
:103D90002F00C0F3074084F8303084F8310005204C
:103DA00004F0C4FBC0F3072384F83330002384F805
:103DB0004930542384F83200C0F3074084F83400BB
:103DC000636110BD9C0A03082DE9F04FBBB090461B
:103DD00081460C460D6A8268414615A80B9323F074
:103DE0003EFC002800F0CB8094F84A30E16908934B
:103DF00094F84B30D80700F1C580404623F076FF99
:103E00000990284622F03CFED8E90012A36B8246B6
:103E1000C31813A80A9323F07DFF236C1499626CD6
:103E20000F93236D1144149113B1002A00F0B88050
:103E3000002304934FF0000B94F84B30E069049E8C
:103E40000193CDF800B0099B2946E26B304404F0A1
:103E500059FC049BC718D9F80820149B5268534496
:103E60009342C0F2B980089B022B40F0DA80E069EF
:103E70000499049EE36B2A46791A304425F04AFBE4
:103E80008246404623F032FF139BA0EB0A0000EB72
:103E9000D07003EB60031393636A27A80593A36AAA
:103EA0000693DDE90532934288BFCDE9052319F079
:103EB00018FB94F848302EA88DF8B33019AB2A932C
:103EC000E36AADF8B0301B0C8DF8B23019F0C5FBC9
:103ED00094F848308DF8D83095F91630002B08BF8B
:103EE00001230793E369049A9A180E92049A9B5C43
:103EF000002B40D0139B0F9AD3180C9313930023DD
:103F00001093049BFB1A0D9310990D9B8B4200F2AA
:103F10009E8094F84B30E06901930023009329467A
:103F2000099BE26B384404F0EDFBD8F80030014601
:103F30001393089B07EB000A022B40F0BA81E0695B
:103F4000E36B2A46384425F0E5FA0646404623F05E
:103F5000CDFE139B801B00EBD07003EB600313932B
:103F6000149B0A9A04971344D9F808201493D26832
:103F7000934240F3B0812D98002840F0AE813BB0D1
:103F8000BDE8F08F02936FF060430193A36B2EA8FE
:103F90000093E36B226A25F0E9FA2E9B099330E740
:103FA000D8F804000028BFF643AF9A68121A0A989E
:103FB000002AB8BF5242C0F50070B2EB400FC4BF38
:103FC0004FF0FF321A601E68002EFFF631AF5B68BB
:103FD00004960B4414932DE794F84B30E069CDE937
:103FE00000B32946099BE26B384404F08BFB149B19
:103FF0000A9A38441344226D14935AB113F5806F12
:1040000008DB11680029BFBFD8F8041017605B1ADD
:10401000C2E90131E3690497DB5D002BAFD00746AD
:1040200019E7089B032B7FF437AFE0690499049EDE
:10403000E36B2A46791A304425F06CFA82464046F2
:1040400023F054FE139BA0EB0A00034423E74FF632
:10405000FF72059B934200F0D980069B934200F0CB
:10406000D580049A9E4BE0691B68114498478346AB
:1040700010AB0E9812AA11A925F03BFADDE9111236
:10408000284622F0C8FC149B0A99139A5918013942
:10409000824619921C91024410990D98013A81426E
:1040A0001A931B924AD394F84C10C9071BD523923C
:1040B000EA680C9913442A6921919B1A95F91520F5
:1040C00000219B1A079A22931344013BA28D24934B
:1040D00094F82E30ADF8D9208DF8DB3048460B9E91
:1040E00021AB2EAAB04794F84C309B0726D50C9BE9
:1040F00000212193139B48465344013B2393D5E968
:1041000003329B1A03225B0093FBF2F3149A0B9E7B
:10411000134495F9162002EBD27203EB6203079A5F
:1041200022931344013BA28D249394F82E30ADF8D2
:10413000D9208DF8DB302EAA21ABB0474FF6FF72A5
:10414000059B934265D0069B934262D0059B5B45DD
:104150005FD8069B5B455CD994F83130B4F82F20CA
:104160008DF8B230638EADF8B020ADF8D93094F848
:10417000343000218DF8DB3048460B9E19AB2EAA57
:10418000B0471199084619F07CF9834600284FD1B1
:104190000A46034621A9284622F0F4FBBDF88C20EC
:1041A000002A45D0BDF88A30002B41D01398BDF9C4
:1041B0008E1001440B44013B1D911F93D5E903313F
:1041C0005B1A14991DA80B44BDF990109B1A5B1A39
:1041D0001A44013A2092D9F808105A461E9323F047
:1041E000A9FBE8B9219868BB1DAB299300230DF109
:1041F000840B8DF8A0001A4648460B9ECDF8ACB053
:1042000027A9B047584622F0B6FB11E04FF0000B4B
:104210002EE7E36AADF8B0301B0C8DF8B230B0E792
:104220005A46D9F808102A9823F084FB0028D9D0E0
:10423000BAF1000F3FF468AEE36B9A44139B53440A
:10424000139361E69DF89230013B072B2FD8002392
:1042500000210093BDF88A20BDF88C302D9818F00D
:1042600087FE0146D0B92D9808B118F0A4FEBDF81C
:104270008C20BDF88A101B4801FB02F33F2B4FF046
:10428000000398BF520000930E2318F017FE01465A
:1042900000B9FEE7BDF88C30C3802D9021A822F034
:1042A00065FB279000289FD09DF892009CE7002195
:1042B000F4E7089B032B7FF453AEE069E36B2A46D7
:1042C000384425F027F90646404623F00FFD139B9E
:1042D000801B034443E6574604E618F06CFE4EE6A6
:1042E00018440308F810002038B570220021044655
:1042F00025F0AAFD23F035FEC0F3072384F8210042
:10430000C0F3074084F8223084F8230023F029FE0C
:10431000C0F3072384F82400C0F3074084F8253055
:1043200084F8260023F02BFEC0F30723FF2584F832
:104330002A30022384F82900C0F3074084F82E3085
:1043400084F82B0084F82D5023F019FEC0F30723C6
:1043500084F83E00C0F3074084F83F3084F8400002
:1043600023F00DFEC0F3072384F85A300E4B84F877
:1043700059006363B4F84830C0F3074023F4FF5397
:1043800023F01F036FEA13336FEA033384F82050DE
:1043900084F83B5084F8585084F86C50A4F84830A6
:1043A00084F85B0038BD00BF9C0A03082DE9F04F7C
:1043B00087B00D4606460C220021284625F044FD14
:1043C00096F81080D6F80C90B8F1000F18D1D9F8F3
:1043D0001030002B44D003F0C5FD0746494824F0B7
:1043E000CBF90446DFF81CB106F1140A002C3CD1CD
:1043F000B8F1010F34D106F1140023F086FF2FE04D
:1044000003F0B0FD074600B3B8F1010FE6D1DFF8C5
:10441000F8B000226946DBF820018DF80480CDF861
:10442000009022F08FFD824690B122F011FE0346EB
:1044300000F1080207CA85E80700002251465C69BE
:10444000DBF8200122F0A0FD0BE0B8F1010FC5D18F
:104450000222494606F1140024F08DF80028BDD050
:104460000024204607B0BDE8F08F2368002B3FD022
:104470006368002B3CD000225046114624F042F8DD
:104480002A463146204623689847012830D12B8997
:104490000BB3B8F1010FE4D1504623F036FF002FE3
:1044A000DFD0012348468DF8043025F035FD00901B
:1044B00095E80700144D02AB059483E807006946B0
:1044C0000022D5F8200122F084FD0146B0B9009801
:1044D00004F02CFFC4E76878AE88142802D1760077
:1044E0002E81D6E703F066FF46430736F608F7E766
:1044F0002146584624F046F9044677E70022D5F8CD
:1045000020019FE7281100201810002038B505462B
:104510000C460648182124F087F8284603F0BEFC14
:104520002046BDE8384003F0EFBC00BF2811002052
:1045300070B586B00E46154600214C22044625F083
:1045400083FC16B9002006B070BD3046E66018F056
:104550001DFE207403F0D0FC002836D0224BD3F887
:104560001C012064EDB1AB78DBB1204604F12001E1
:10457000FFF71CFF034620600028E3D02868606036
:104580002A7922725A68214618469047227A002AD0
:10459000D9D00128D7D1E06AA8B1002118F073FC66
:1045A00011E0237C00228DF80830E368694601930E
:1045B00022F0C8FC064640B122F04AFDC368E3621F
:1045C0000369666423600120BDE7204604F12001F1
:1045D000FFF7ECFE034620600028B3D0002DCDD1BC
:1045E00065602572CEE700BF1810002010B50648A0
:1045F00024F022F8044600B9FEE71822002125F035
:1046000023FC204610BD00BF281100202DE9F041F9
:104610001F460D4B06469046D3F81C01002222F09F
:10462000D8FC054668B122F013FD037A0446012B3D
:10463000C0F80C8003D1406825F06EFC6060C4E9CE
:1046400004672846BDE8F0811810002073B50646BF
:104650000D46002941D00379CBB92C467379002B44
:104660003CD06078A0F10B03032B37D923F004FC76
:10467000A0B30121204618F070FD78BB2021204610
:1046800018F06BFD10B32046FFF7F0F926E04978EB
:104690001429E2D0A888FFF7E5F82B890446834265
:1046A000DBD001462846FFF775F90128D5D00094E4
:1046B0006B78EA88A9880B4818F000FC044660B1C2
:1046C00000232A46194618F0D3FCC7E721460548BF
:1046D00018F033FC04460028D6D10024204602B04E
:1046E00070BD00BF10110020F0B597B00B7D0646DD
:1046F000022B0C4667D98B6913B10B7F002B62D05C
:1047000001AD2846B268216822F0A9FF00285AD0DE
:10471000766833681F896368002B6DD1284623F0C3
:10472000E5FA0690284623F0E6FA237DB4F8152032
:104730008DF82F30E37DCDE907078DF82E30A36982
:10474000ADF82C201BB1227F012A08BF00230CAF3B
:10475000099395E80F0087E80F00D6E90112384663
:104760005242494222F06EFFD6E9013202993046A8
:104770008A1A0199C91A18F01BFB099B05908BB185
:10478000606A10B9206A23F0B1FA216A029B4A6874
:1047900009689A1A019B0A905B1A00FB0233099A76
:1047A0001A440992337D063B0F2B0CD8DFE803F047
:1047B00018200B0B0B0B0B0B0B110D16080B0B1C06
:1047C00005A81CF0D7FD17B0F0BD05A81AF0B9FA7E
:1047D000F9E7032105A81DF082FEF4E70421F9E7BB
:1047E00005A81CF052F9EEE705A819F077FBEAE7F7
:1047F00005A81BF0AEF9E6E729462846226922F013
:104800002EFF0028DFD0226A002A73D1284623F029
:104810006DFA0690284623F06EFA237DCDE907074E
:104820008DF8353094F82830207B8DF83630A36829
:1048300067680C938DF8340003F0BCFD2169029B7E
:104840004A6809689A1A019B5B1A43430C99DB0872
:1048500001FB02331F44A3690B97002B51D10EAF0C
:10486000099395E80F0087E80F00D6E90112384652
:104870005242494222F0E6FE236912AC0FCB84E893
:104880000F00D6E9011220465242494222F0DAFED8
:10489000D6E90132029930468A1A0199C91A18F0EC
:1048A00087FA0590337D063B0F2B8CD801A252F876
:1048B00023F000BF5149000861490008C7470008BC
:1048C000C7470008C7470008C7470008C747000890
:1048D000C7470008C7470008434900083B4900088C
:1048E0004D49000833490008C7470008334900080C
:1048F000594900082946284622F0B1FE002885D1F2
:1049000061E7227F012A12D0606A099310B9206AF8
:1049100023F0ECF9216A029B4A6809689A1A019B04
:104920000A905B1A00FB0232099B134497E70023AD
:1049300095E705A81CF068FE45E705A81AF0D1FA2E
:1049400041E7032105A81DF09AFE3CE70421F9E7A1
:1049500005A81CF03BF936E705A819F09AFB32E7E9
:1049600005A81BF0D9F92EE7044BC20003EA002387
:1049700002F4FC6243EAD0001043704700F8FFFFE6
:1049800030B5034608466AB1FF2A4FEAD3010AD17F
:10499000A2F6FF0202EA0322DB0003F4FC631343E6
:1049A000194488B230BDD4439B0813FB02F311FBBA
:1049B00002F1E4B2C0F3451504FB0533C50A04FB5C
:1049C000051500F01F0004FB0011054ADB1003F47D
:1049D000FC6302EAC502134303EB112398B2E1E73B
:1049E00000F8FFFF70B5044608467AB12178FF2A27
:1049F000A57863784FEAD10109D11448DB0000EAB9
:104A0000052003F4FC631843084480B270BDD4430E
:104A10009B0813FB02F3E4B2C0F3451604FB063314
:104A2000EE08C50A654306FB025512FB01F200F0D1
:104A30001F0004FB0022054EDB1003F4FC6306EAB2
:104A4000C5052B4303EB122398B2DFE700F8FFFF05
:104A50002DE9F04F89B0436890F822700193836884
:104A600082460293C3688946039390F82180D0E977
:104A7000065306680493D0E904430793002F40F0DF
:104A80002281002C3ED1B8F1FC0F26D8029B9C421B
:104A900080F21B81AA460027A6F1020B29E0577875
:104AA0009378FF0007F4FC6700EA03233B43177881
:104AB0004A4403EBD70326F811300131019B994298
:104AC000EDDB039B01341E44049B1D44029B9C426E
:104AD00080F2FB802A460021F0E77D48F6E7504649
:104AE0003BF8021F4246FFF77DFF0137ABF800009D
:104AF000CA44019B9F42F2DB039B01341E44049B8A
:104B00001D44C3E7B8F1FC0F1ED8029B9F4280F200
:104B1000DC80AB464FF0000AB31E2FE014F80820EB
:104B200050463BF8021FFFF75DFF08F10108ABF8A4
:104B30000000CA44019B9845F0DB039B01371E44EB
:104B4000049B1D44079B1C44029B9F4280F2BD8036
:104B5000AA464FF00008A6F1020BEBE714F80A2072
:104B600033F8021F12FB08F25846120A0593FFF7AA
:104B700039FF059B0AF1010A1880CB44019A92453E
:104B8000ECDB039B01371E44049B1D44079B1C4424
:104B9000BBE79AF82230022B4BD0032B6AD0012BB3
:104BA00040F093807B789BF80220DB0803EBD20374
:104BB0001F2BA8BF1F23D8023B889BF80120C3F3FB
:104BC000451303EB92033F2BA8BF3F2380B200EBBA
:104BD00043103B789BF8002003F01F0380B203EBE7
:104BE000D2031F2BD4BFC0181F30398880B2002CCD
:104BF00060D1424603F0E8FB059B27F8020B013326
:104C00000593CB44059B019A9342C2DB039B1E4450
:104C1000049B1D440CB1079B1C44069B0133069367
:104C2000069B029A934250DA00233746AB4605931F
:104C3000E8E79BF802307A78DB08C3EBD20323EA7B
:104C4000E373D8023B889BF80120C3F34513A3EB21
:104C5000920323EAE37380B200EB43103B789BF8A6
:104C6000002003F01F0380B2A3EBD203002BA8BFE8
:104C7000C018BAE79BF802307A78DB08D20813FB39
:104C800002F39BF801003A888008C2F3451210FB3A
:104C900002F080115B11400100EBC3203A789BF8D1
:104CA000003002F01F02DB0813FB02F380B200EBBE
:104CB00053109AE7059BB8F1FC0FE25C9CBF12FB16
:104CC00008F2120A96E70023A9E709B0BDE8F08FC1
:104CD00000F8FFFF08B500F015FE2420FEF71CFACF
:104CE000034BC360034B036100230362836108BD70
:104CF000E92F0208992F02082DE9F04FBBB0159358
:104D0000CB6A0C46DDE944A70C90002B55D10B6B08
:104D1000B3F5807F51D14B6BB3F5807318BF01237E
:104D2000D56A07932B692C220A932B8900211CA892
:104D30000B93A66E95F8019025F086F894F84C3008
:104D40008DF8843094F84D30C3F303038DF8983018
:104D50000B9B1E93079B002B40F0A380002E5AD183
:104D6000B9F10E0F2BD0B9F1140F94F84B3048D194
:104D7000022B00F29680504622F0BDFF04465046BA
:104D800022F0B4FF0A9BAA881D930B9BCDF880A04C
:104D90004343B3FBF2F30A9ACDF870A004FB03235C
:104DA00022930B9BCDF890A05B08259302238DF8EE
:104DB0008C3012238DF87C301EE00123B0E70C9B71
:104DC00051469A6827A822F04AFC002843D00A9B43
:104DD000B4F8482022930B9BCDF890A02593079B15
:104DE000ADF885201D9394F84A30CDF870A08DF869
:104DF000873002238DF88C300C981CA9FFF774FCC7
:104E000029E0022B4DD80A9BCDF880A0CDE91CA348
:104E10008DF87C90F0E794F84B30022B41D8079A3C
:104E2000A16E27A8FFF784FB0128ECD1329D25B1A4
:104E30006B7803F0F703062B10D00A9B0C981CA983
:104E4000CDE91CA3CDF880A08DF87C90FFF74CFC39
:104E500027A818F0A7FE3BB0BDE8F08F2B695434AB
:104E600022932B892046259322F040FF34EA200428
:104E700028BF5446EA88AB88013A0092079A18AED8
:104E800011463046013B22F0B6FB079B09220093F6
:104E90003146204622F08DFD022324968DF88C3079
:104EA000CBE718AD97E80F0085E80F0050461C953A
:104EB00022F01CFF1490504622F01DFF139028464C
:104EC00022F014FF0990284622F015FFB9F1060FD1
:104ED000054631D194F84B30022B25D9102023F010
:104EE00004F84FF0100B0D90584622F0FEFF099B7E
:104EF00003FB00F6FDF7D0FAFDF7D6FD0746FDF7F8
:104F0000CBFAFDF717FE22F0F0FF07FB00F39B0042
:104F1000B3FBF6F3AB42A8BF2B4606FB03F00E93A0
:104F200004F0EAF9089043E0079BC3B9484622F031
:104F3000DCFF0D90CB46D7E7079B43B1B9F1110FCA
:104F4000CCD0B9F1120F11D0B9F10F0FC6D048462D
:104F500022F0CBFFB9F1140F0D900BD0EAE715202A
:104F600022F0C3FF4FF0150B0D90BDE7142022F087
:104F7000BCFF0D90099B4FF0140B03EB4306FDF7AC
:104F80008BFAFDF791FD0746FDF786FAFDF7D2FD96
:104F900022F0ABFF07FB00F39B00B3FBF6F3AB4241
:104FA000A8BF2B4606FB03F00E9304F0A5F908906A
:104FB000089B03B9FEE7089B0E9A1D931B9BBBF150
:104FC000140F1193199B8DF87CB0134403F1FF3338
:104FD0001B9318AB20931AD1099A099952001E927B
:104FE0000E9A4A43089901EB42022292099ACDE9AE
:104FF000243202238DF88C3012238DF87C30199BDB
:10500000119A934220DD089804F090F923E7BBF150
:105010000E0F12D1089A2292099ACDE92432022366
:105020008DF88C3094F84A30B4F848208DF88730E9
:105030000023ADF885201D93E1E7584622F055FF87
:10504000099B58431E90DAE7189A27A8CDE9272331
:10505000DAE900121A9B524229931B9B49422A9378
:1050600022F0F0FA079B0BB3089B0A9ACDE9049350
:10507000159B0C98CDE902430B9B27A90193139B29
:105080000093149B20F027FE94F84B50022D40F221
:105090008880EE43BBF1140F94F8487094F849806F
:1050A00094F84A30F6B240F0C58068E094F84B308E
:1050B000012BE9D927A822F01EFEB9F1060F1290A4
:1050C0002CD1DDE92732DDE907504FF0FF0E0B99B7
:1050D00002FB01330A9A1344099A4FEA820C129A8E
:1050E0009542D1DA0246591EC3F101080AE011F8CF
:1050F000016F02F8026C02F8036C0E7802F801EC02
:1051000002F8046C099F08EB0106B74202F10402A1
:10511000EDDC0B9A604413440135E0E7BBF1140F5A
:1051200067D10B9B279D4FEA5308289B0A9A03FBE4
:1051300008F36E0006EB43061644139A1D4408FB61
:1051400002F20A9B05EB42051D44229BDDE9077232
:105150000F920B9A1093099B22F001025B001692AA
:10516000129A97422DDB94F84B50022D19D9EE4339
:1051700094F8487094F8498094F84A30F6B2DB0805
:10518000FF084FEA980818A86F4308FB05F85D432D
:1051900022F041FA4FF0000C089BA3F1020E844567
:1051A0007ADB0C981CA9FFF79FFA1B9B0E9A013320
:1051B00019931344119A013B934200F38A801B9385
:1051C0001DE71A4631460F98179324F048FD2946EB
:1051D000099A109824F043FD169B0F9A1E44179BC2
:1051E00009991A440F92109A45440A4410920137C3
:1051F000B6E7BBF10E0FD4D0DDE907670D9B279D05
:105200000B9A5D43289B03FB02550A9B0D9A1D4494
:10521000099B02FB03F8129B9E4233DB94F84B5030
:10522000022DBED9EE4394F8487094F8498094F862
:105230004A30F6B2BBF1120FA1D0BBF10E0FB0D0C5
:1052400018A80F9322F0E7F90F9B6F4308FB05F8AE
:105250005D430D9B5843089B089A9A1A9042A0D927
:105260001A7802FB067212121A705A7802FB068232
:1052700012125A709A7802FB065212129A700D9A04
:105280001344E9E729463846424624F0E8FC0B9BE4
:1052900047441D440136BEE73EF8022F0CF1010CD5
:1052A000C2F3451106FB0181C91001F4FC630F93A1
:1052B000D30A06FB03530F4902F01F0206FB0272DA
:1052C00001EAC3030F990B4303EB2223AEF800302E
:1052D00065E7119BBBF1140F1B937FF490AE18A8E8
:1052E00022F009FD099B5843089B03EB40002290E4
:1052F00085E600BF00F8FFFF91F84D3013F0200F56
:10530000024B01D118F062B8FEF7BABCF94C0008A4
:1053100091F84830022B02D9014BFEF755BD70477A
:10532000214C02082DE9F04FDDB00B6B83460C4693
:10533000002B00F0B88091F83C20022A40F2B380A4
:10534000CD69D1E908108542A26A02D1914200F0EC
:10535000AA8003EBD3735B105B428542D4BF5E1916
:105360001E180C968542ACBFC3EB0506C3EB0006C6
:105370009142D4BF581898189142ACBFC3EB0103B7
:10538000C3EB02030CA90D90DBF8082008460E962B
:105390000F9322F064F9002800F08580216AA26A48
:1053A000E0699142636A40F0CF808342D4BF40936A
:1053B00040908342B8BF0346226B013B013A4293BF
:1053C00002F0010303EB6203CB1A01EB620240A976
:1053D00043920846DBF80820419322F040F9E8B1F7
:1053E000A56B1DB1656B003D18BF01252C22002166
:1053F0004EA824F029FD40AB4E9394F82E30A28D98
:105400008DF84F3194F83C30ADF84D218DF84C318A
:10541000002D4BD158464EA9FFF766F994F83D3060
:1054200013F00C0F3FD04EA818F017F994F82E3057
:10543000256B8DF85B3147F6FF736E10ED43559386
:1054400094F83C30A28D8DF8583194F83D30ADF889
:1054500059215A0705F0010510D5E2695846931BFA
:105460004093236A3244991B521B33444191429228
:105470005B1B40AA4EA943931FF034F994F83D30CA
:105480001B0710D5626A5846931B4093A36A3244A7
:10549000991B521B3344419142925B1B40AA4EA977
:1054A00043931FF01FF95DB0BDE8F08F40A822F0D4
:1054B0001DFC419B409FDDF80C914393D4E90D23E3
:1054C000134497FBF3F2064603FB127703F014FF35
:1054D0004FF00208054640ABDDF804A15490569306
:1054E0008DF85481D14503DA284603F01FFF95E774
:1054F00028463246FF2124F0A7FC00203B46844684
:1055000086420CDC58464EA9FFF7EEF8419B0AF1A3
:10551000010A01334193439B01334393E2E7626BFA
:105520009A4209DBD21A00FA82F003FA82F38DF86C
:10553000548101300133E3E7A16B0A449342CCBFAD
:10554000002305F800C0F2E7834272D19142D4BF34
:10555000419141928A42B8BF0A46206B013A013814
:1055600000F0010505EB600540A95D1B439203EBCC
:105570006003DBF8082008464095429322F06FF85C
:1055800000283FF44BAFA56B1DB1656B003D18BF04
:1055900001252C2200214EA824F056FC40AB4E934E
:1055A00094F82E30A28D8DF84F3194F83C30ADF840
:1055B0004D218DF84C31002D3FF42CAF40A822F046
:1055C00095FB419BDDF80C918046439303F094FEDC
:1055D00040AB56930223419F8DF85431D4E90D23FB
:1055E000134497FBF3F5064603FB15755490B94534
:1055F00001DA304679E74246FF21304624F024FCA8
:10560000636B5846AB42B4BF002201228DF854218F
:10561000A26B4EA913449D42A8BF0025FFF764F872
:10562000419B013501334193439B01370133439340
:10563000DDE7914204F1240704F11C0580F20C819E
:10564000294608A822F05CFBDDE9086A39460AA869
:1056500022F056FBDDE90A59AB1B0793A9EB0A03BD
:105660000593AB1B83EAE372A2EBE372059B039203
:1056700083EAE372A2EBE3720492DDE903318B4229
:10568000CBBF0B46039B03990499CCBF5B015B0125
:1056900093FBF1F39A49226B11F80380B54202FBA8
:1056A00008F808F13F084FEAE81306932B46A8BF15
:1056B0003346B542A3EBE81310932B46B8BF3346ED
:1056C000D14503EBE81312934B46A8BF5346D1458F
:1056D000A3EBE81311934B46B8BF534610A903EB55
:1056E000E8130846DBF80820139321F0B8FF0028E0
:1056F0003FF494AE069B4FEA282703F001010023F4
:1057000001EB282C24A80DF1C808DDE903218A4209
:10571000CDE916331490CDF85480189340F3B1803E
:105720000AEB0C02049209EB0C020692AAEB0702A8
:105730000392AA1B9A42A9EB0707019340F39480B6
:105740002B46039A3146009700F016F90123019386
:10575000069B049A00932B463146404600F00CF914
:1057600094F83D30D8061BD403230193AB1B53445C
:105770000093059B40AF3146F31A5246384600F07D
:10578000FBF802230193079B4EAE4B440093059B0D
:105790004A4629463046EB1A00F0EEF8CDE9167677
:1057A00010A822F0A3FA0746FCF776FEFDF77CF975
:1057B000054610A821F02FFF854203D910A821F03B
:1057C0002AFF0546284603F097FD06464FF00008DD
:1057D000139B2A460393119BFF21139324F034FB60
:1057E0002C22002119A824F02FFB10AB199394F858
:1057F0002E30A28D8DF87B3094F83C30DDF844904B
:105800008DF8783010ABADF879201F962193039B6B
:105810004B4546DA139B119A9A4208D0013B1393E9
:105820000223584619A98DF88030FEF75DFF3046F7
:1058300003F07CFD24A800F06BF832A800F068F8B3
:1058400094F83D30D9063FF5E9AD40A800F060F886
:105850004EA800F05DF8E1E5394608A822F050FABC
:10586000DDE9086A2946F2E6069B049A0093314670
:105870002B4600F081F80123039ACDE900732B46F3
:105880006AE75246CDE900930CEB060105EB0C03E9
:1058900000F072F801235246CDE90093F11BEB1B97
:1058A0005BE706EB080A51464B46109A009714A88E
:1058B0001FF0C4FE01468DF8800018B93A465046E4
:1058C00024F0C2FAB84407EB08039D4205D9139BA4
:1058D0000133139309F1010999E70223584619A9E5
:1058E0008DF88030FEF700FF139B2A460133FF211D
:1058F0003046119313934FF0000824F0A5FAE9E71E
:10590000640A0308014823F0C9BE00BF4C110020FF
:1059100010B504460C4823F0C3FE2379022B0AD1AC
:10592000236A43B11A69002A0ADA586803F0FEFCB8
:10593000206A03F0FBFCBDE81040034823F0B2BE30
:105940005A69013A5A61F6E74C11002038B5002532
:10595000084CD4F83C0108B103F0E8FC04F59E7053
:105960001C2107351FF0BFF91C2D04F11C04F0D1D8
:1059700038BD00BF181000202DE9F8431546089ED9
:105980000F463821044698469DF824901FF0ABF945
:10599000B54204D1B9F1030F09D1013D013EB54231
:1059A00005DD2B4635461E463B464746984639465A
:1059B0002A4604F1080022F0ADF93246414604F1CE
:1059C000100022F0A7F9237E2A4669F30103394625
:1059D000237604F11C00A8EB0707761B22F09AF946
:1059E00087EAE77286EAE673A2EBE772A3EBE67357
:1059F0009A42D4BF0022012294F834302A4862F33C
:105A00000003002284F83430DB07C4E90922206057
:105A1000227126D537B14FF4801393FBF7F373430C
:105A20009B12A36236B14FF4801393FBF6F37B43D2
:105A30009B126362A06A237E94F8342013F0030360
:105A4000E0624FEAA00124D0012B22D0022B1AD110
:105A500000281DDD42F0020284F834202163BDE8F5
:105A6000F88336B14FF4801393FBF6F37B439B121C
:105A7000636237B14FF4801393FBF7F373439B12C8
:105A8000A362606AD7E700280BDD6FF34102E3E70A
:105A9000002363F34102002884F83420B8BF494250
:105AA000DCE70123F5E700BF0B4D02082DE9F347C2
:105AB00040F26714DDF828A0A3421E46A8BF264680
:105AC0005445A8BF5446054626EAE67624EAE4741F
:105AD000B442BABF04F5B470801BA01B80B2A5F815
:105AE0008800C5E9046405F1080091461F46884610
:105AF00022F010F9134BB32F2B604FF00103D4BFEA
:105B000000220122BAF1B30F2B7118DDA4F1B40306
:105B1000B32B94BF002701274146009233B24A4677
:105B200005F118001FF0A6FD4A46414623B205F1D3
:105B300050000A9702B0BDE8F0471FF09BBD1F461A
:105B4000EAE700BFFB5002082DE9F04F8FB007468F
:105B500008460C4615461E4622F0C8F880462046E8
:105B600022F0C9F88045A8BF80464FEA6808A845DA
:105B7000A8BFA846236828EAE875BB606368B8F147
:105B8000000FFB60A3683B61E368C7E905353B7F15
:105B900066F300033B77B64B4FF000063B604FF0D7
:105BA00002033B7103DC3E620FB0BDE8F08FB148E9
:105BB00023F076FDB04B1946D3F85421AA4223D1E5
:105BC0001C23B8F10F0FD8BF012503FB0612D2F832
:105BD0005001C8BF2D110130C2F85001D2F84C213C
:105BE00073432A44B2F57A7FA8BF4FF47A72C8187B
:105BF00003F59E730B44C0F84C213B629D480FB0E7
:105C0000BDE8F04F23F04EBD0136042E03F11C0316
:105C1000D2D10024994B5A692AB97CB119692269F9
:105C20009142B8BF1C46013E03F11C03F3D1D4B925
:105C30001C2003F069FB044610B9FEE71C46F2E79E
:105C40004FF0FF33206823613C62A56108B103F087
:105C50006DFB062005FB000003F04EFB05F101097A
:105C6000206078B9FEE76369B8F10F0F03F1010313
:105C70006361D4BF01232B11B3F57A7FA8BF4FF422
:105C80007A73DFE700EB45030233AF00E3603B1DAF
:105C90000344B8F1010F6060A36009D1B42303701D
:105CA0000023E2681380A2F80280A2681380A5E7AF
:105CB0004FEA091003F028FB00EBC9030093C7F17A
:105CC00001030193BB10069300239B460A93002116
:105CD0000DF118080DF1280E019A002A46DC02EB9E
:105CE0004B0C0CF1030201920BF1010BBB4547DC9D
:105CF0004FEAA70C013148F804CB042907F0030C44
:105D00004EF804CBE8D19DF82C20DDF818800592E0
:105D10009DF83020D4F804A002929DF834209DF81C
:105D200028E00392099A4FEA830990450AEB0301A0
:105D300003F1010C6AD1009A40F8238042F82360F5
:105D4000059A0299964471448E46039971440AF863
:105D50000310D4F804E01EF8031009010EF8031034
:105D60006346BB4506F10106B1DD0BE0019AABEBE2
:105D7000070C02EB4C0C0CF105020192013FB3E75A
:105D80000429C0D040F2D32103F1804C4D430CF1E3
:105D9000FF3C50F82C70AE12B7EBA52F4FEA8C01E8
:105DA00004D1009A52F82C70BE421AD0C5F30905EE
:105DB000B5F5007FC6BFC5F580656D436D43009A9C
:105DC00001F104014650C8BFED1356506168D4BFBD
:105DD000ED0BC5F10F05CD546568E95C0901E95487
:105DE00001331D46991E002980F28580002B03F1A6
:105DF000FF31D8BF00210B4400210D46E7683980F0
:105E00009D42C0F2878003F091FAF7E608F1FF3275
:105E10000492079A09F1040A904531D0009A40F89B
:105E2000098042F8096081F800E0D4F804E0049A9F
:105E30001EF8031009010EF8031040F80A20009A1A
:105E4000029942F80A6062680492059A0A4402F1D3
:105E5000040E039A72449646049A02F80CE0D4F8B1
:105E600004E002331EF80C1009010EF80C1078E75C
:105E7000055402084C110020181000205411002075
:105E8000059A40F809809644089A5FFA8EFE90457C
:105E9000009A42F8096016D081F800E0D4F804E0D6
:105EA000049A1EF8031009010EF8031040F80A20A6
:105EB000009A42F80A6062680492DDE902210A440D
:105EC00002F1080EC8E7029A964481F800E0D4F87F
:105ED00004E0049A1EF8031009010EF8031040F8BC
:105EE0000A20009A616842F80A60039A02F10C0ED7
:105EF00001F80CE0B3E7009A52F8216040F8256001
:105F000050F8216042F825606668775C0139775562
:105F1000013568E7D4F8088030F8256027F811507B
:105F20004FEA410E009A52F82520914201D19D423C
:105F300003D128F80E60013162E750F825200135C1
:105F40009642A8BF1646B6B2ECE700BFF0B585B0E2
:105F5000002214270546408AC0F3080093B29842F5
:105F600001D800200FE007FB02F6AB6801329C1954
:105F70009B59B4F804C0CB1A6345EFD2A27C022A25
:105F800003D1E088184405B0F0BD1AB9E268D05CCE
:105F9000E388F7E7032A14D1ADF80E30144B228AB8
:105FA0000093A16802230DF10E0023F054FB00289A
:105FB000E9D0AB6833449A68DB88801A03EB600051
:105FC000E1E7012ACDD1ADF80E30094B228A0093CA
:105FD000A16802230DF10E0023F03DFB0028D2D072
:105FE000AB6833449A68801ADA68DB88105AC9E7CC
:105FF000A96A02082DE9F041036802690F46D3F847
:106000001880002A00F0B380D8F8041001EBC20613
:106010003079737913FB00F3002B00F0A88098F817
:1060200013303F2B00F2A38051F83230D8F80040F3
:10603000C3F313030E211C443D69FDF713FC98F8CC
:10604000133003F01E03022B3DD100210A4610E05D
:1060500012F00702237812D143F3C013DBB205F824
:106060000C3001320CF1010C33796345F0DC05444E
:10607000013173798B4223DC3846BDE8F08102F1AF
:10608000FF3EBEF1050F16D8DFE80EF00306090C3F
:106090000F1243F38013E1E743F34013DEE743F3CA
:1060A0000013DBE743F3C003D8E743F38003D5E7EE
:1060B00043F34003D2E743F30003DBB20134CEE7FE
:1060C0004FF0000CD0E7042B2DD1002229491346B4
:1060D00011E013F0030E237814D19B09CB5C05F873
:1060E0000C300CF1010C0EF1010396F804E0E645CA
:1060F000EFDC0544013296F805C09445BCDD4FF055
:10610000000CF2E7BEF1010F02D1C3F30113E5E782
:10611000BEF1020F02D1C3F38103DFE703F00303F3
:10612000CB5C0134DBE7082BA6D10021DFF848E087
:106130000B4616E013F00102237815BF01341B094A
:1061400003F00F031EF8033018BF1EF8033005F8E4
:106150000C300CF1010C531C32796245EADC054429
:10616000013172798A4287DD4FF0000CF4E7002795
:1061700082E700BF850A0308890A03082DE9F04376
:1061800085B0092A80460C4616469946876905D08F
:10619000002A38D1002005B0BDE8F0832021384620
:1061A000FFF7D4FE05460028F4D0FB686BBB002047
:1061B0007A683B8A02EBC50251884343C1F30B1056
:1061C0000146092E08BF01B24FEA231308BF490058
:1061D00008330B441B09A3805379092E23811379BB
:1061E000E38092F90610618192F90720A281FA7C7E
:1061F0002561C2F34302A273E27B6FF30002E273F4
:106200005ED00120C7E71146C9E7B9F1000FCED033
:106210004946D8F81800FFF799FE0028C7D0D8F8EB
:106220001820D2F80C80D27C930634D498F80B2036
:106230003F2A17D8D8F80090D8F80820224BCDE98B
:10624000025000934946022322F0404202A823F064
:1062500002FA0028ACD0A0EB09004010D8F80430B6
:106260001856A5E702F0C002402AA0D1D8F8009045
:10627000D8F80820154BCDE9025000934946042375
:1062800022F0404202A823F0E6F9002890D0A0EBCB
:1062900009008010E2E7D8F80420D8F80810525D11
:1062A000095C002A83D0002981D0D8F8003098F802
:1062B0000D00013A0B4400FB023313F9010C77E7A0
:1062C0005B00E3809DE700BF856A0208976A0208C9
:1062D0000146034809B922F04FBA22F053BA00BF71
:1062E0005C100020014B186D704700BF1810002093
:1062F000014B586D704700BF18100020F8B5837A25
:10630000044643F002038372264B0D461A6D824207
:1063100004BF00225A650378013B012B09D8866E21
:1063200041B941676EB90023206FE366F0B90023DD
:10633000A367F8BD436F994204BF00234367B1428E
:1063400021D10027224614213046A76613F0A7FF6B
:1063500032461421204620F0F0FB002DE3D0E36EFE
:10636000206F9D4208BFE766854214D10026224671
:106370001421266713F093FF32461421204620F0A3
:10638000DCFB45B9D3E7C36E994204BF0023C36663
:10639000036F994203D0A36F9D42CAD1C7E7084655
:1063A000E4E700BF1810002038B50D4618B1BDE86D
:1063B0003840FFF7A3BF084822F0DEF9044610B9C1
:1063C000064B586538BD20462946FFF797FF204603
:1063D000FFF77EFFF2E700BF5C10002018100020DE
:1063E0002DE9F04F87B00D461746002101220646E1
:1063F0000193DDF844A015F02EFB02220021059048
:106400000446304615F027FBEA780590910754D5ED
:1064100012F0010F6FF0404249D0944249D07B4BBB
:10642000DFF8F0B1009300223946CAE90122CAE937
:106430000322CAF81420CAF800200497304615F049
:10644000C8FF049B04460393002845D0039B9F424A
:106450003BD120466E4913F050F80290002840F0DE
:10646000B28081222046029915F0F5FAC2B2814627
:106470000590002A00F0B580DAF80820109BDAF8C1
:1064800014101A44CAF808209AF818200131D307CA
:10649000CAF8141040F187801822DAF8100051432E
:1064A00002F04EFF18228046002846D1FEE79042B7
:1064B00006D1EA786FF34102EA70EA78D207AED4E7
:1064C000544BDFF848B10093ADE74FF4001120467C
:1064D00013F00DF80028BCD0DAF80820002AC2BF5B
:1064E000109BD21ACAF80820DAF8142012B9DAF888
:1064F00008300193019B049ACAF80430CCB197424A
:1065000017D1B268E9781268304652F82740C1F3D3
:10651000800104AA20F069FB5CB12046D847009BAB
:10652000CAF80000204698470122CAF80400CAF8B9
:106530000C20049807B0BDE8F08FDAF8141002FBC5
:10654000010141F8184CE978204611F0010116BF0D
:1065500004220622029915F07EFA1821DAF8142096
:10656000059001FB0282E97842F8140C11F0010158
:106570001ABF052200210722204615F06CFA1821C7
:10658000DAF81420059001FB02825FFA89F142F8E3
:10659000081C12F8041C42F8100C6FF3000102F8FA
:1065A000041CCAF810802046D847DAF80020904230
:1065B00002DD2046D8470246CAF80020DAF80C204F
:1065C0000132CAF80C20EA78039B12F0040F0CBFCA
:1065D00001214FF0FF31194400290491BFF62EAF7D
:1065E0007AE72046009B9847EA7812F0020FDAF823
:1065F000082004D0019B811899423FF76DAF109B92
:1066000018440244CAF80820CDE700BF6B6C0208AA
:10661000010006004B6C02082DE9F04FABB07D2263
:106620000021044615F017FAC343C0F3800203F0BB
:10663000010343EA42039DF863202390C0F3C000A6
:1066400043EA800322F00702134300217E22204602
:106650008DF8633015F0FFF97F22002123908DF82B
:106660006000204615F0F7F98022002123908DF874
:106670006100204615F0EFF927222390C5B20021D2
:1066800020468DF8625015F0E6F99DF86360C3B2BC
:1066900016F001082390039340F09A80152241469A
:1066A000204615F0D8F91422239005904146204643
:1066B00015F0D1F923900490204614F0BBF8102275
:1066C000002106902046D4F8189015F0C4F9302225
:1066D000074600212390204615F0BDF9342282465A
:1066E00000212390204615F0B6F983072390204619
:1066F00048BF574414F056FCB944A9EB00001222DD
:10670000002119902046D4F8149015F0A4F93022F5
:10671000074600212390204615F09DF93422824639
:1067200000212390204615F096F92390400720463B
:1067300048BF574414F031FCB944A9EB00001A904B
:10674000B8F1000F56D10DF1680A01220021204650
:1067500015F081F902220A9023900021204615F0BD
:106760007AF96FF040430B902390B8F1000F44D0BA
:10677000984240F0878094F82B30590700F18280CE
:1067800000231B9300279DF8636016F0040502D0D8
:10679000A3681D8D013D039B012B01D1F3073BD560
:1067A000A3681B8DAB4200F28B806FF040430A9AC6
:1067B0009A4202D00B9A9A4202D12046F9F7C0FFC2
:1067C0000022302120462BB0BDE8F04F13F067BD0A
:1067D00014220021204615F03EF915222390059041
:1067E0000021204615F037F923900490204614F03C
:1067F00011F864E70DF1640AA7E70A9A9A4211D0EA
:10680000039B012B3ED1ADB10027012D1B9714D165
:1068100016F00405BCD12F46DAF800303B44CAF824
:106820000030BDE794F82B3013F0080F039BE8D13C
:10683000012BA5D1002301251B9316F004024FF074
:106840000006374618BFA3680DF18C081CBF1A8DCF
:1068500002F1FF32A3681B8D934218D80EB1059B3D
:10686000FF1A9DF863302046DA0726D513F0E2FFC1
:106870001BAB0146CDE900A33A463346284620F03B
:106880007AF980E700231B93002DD6D17AE79DF893
:10689000A43018A96FF300038DF8A430049B2046A0
:1068A0000093CDF80480069BFFF79AFD239B059982
:1068B00002460B441F440136CCE713F0ABFFD7E789
:1068C0009DF8A4302A4643F001038DF8A43023AB91
:1068D0000193049B2046009318A9069BFFF780FDB7
:1068E000039B9DF86320012B0E9007D1D7075FBF54
:1068F000DAF8003023995B1ACAF800301A9B6C4E04
:106900006C4F02F0010B1293199BBBF1000F139314
:106910000CBF33463B46684A1493684B0EBF114682
:1069200019461346664A0C93664B079104BF1946F5
:10693000134608930EBF3B46334611460F93249BE4
:1069400061481093109A259B0D91A2EB03031693B7
:106950004FF018035D4908BF0146DDF8A0E0DDF8FF
:106960009C801C9503FB0E8315911793BEF1000FBD
:106970003DD0404600221699037D1830DE0755BFF2
:1069800050F8083C50F80C3CD218C91A179B8342A7
:10699000F2D14FF0000C4346E146187D1190C0073C
:1069A0001CD402B9FEE71E695868099691FBF2F6FD
:1069B000099F7E439F68B742A8BF37468742B8BF4A
:1069C0000746BE421CBF4FF0010C1198DF601CBF90
:1069D00040F0010018750998C91B121A09F1010944
:1069E000CE4503F11803D8D1BCF1000FC1D1272245
:1069F0000021204615F02FF8C3B209930023CDE9FA
:106A00001D331EAB01931DAB1F900093109A269B64
:106A100006999DF8600020F0AEF8BBF1000F08D099
:106A2000099B012B05D1204613F0F4FE1D9B034466
:106A30001D932946204615F0CCFC0546279E18B12B
:106A40001C9B0E9A9A4214D1304602F06FFC039AB6
:106A50001B9B012ADAF8002040F07181BBF1000F86
:106A600040F06D8105990B44D31A0E9DCAF8003091
:106A700096E61749284612F040FD9DF86310074638
:106A8000C1F3800120B11CAA204620F0AEF8D4E763
:106A900001468122284614F0DEFF1F90C0B2002874
:106AA00000F00281289A974214D1002719E000BF14
:106AB000216C02083D6C0208136C02082F6C02085E
:106AC000F77C0208ED7C02080D76020803760208C6
:106AD00001000600334653F8181B8D4240F0DE805B
:106AE000F76895F82B3023F00C03BBF1000F00F092
:106AF000D88043F0080305F1140685F82B303046A2
:106B0000089B9847B8421DD0284614F03FF86B699F
:106B100039461F93AB6930462093EB6921932B6A6A
:106B20002293159B98472E211FAA284613F0B7FBE6
:106B3000284615F04BFC2A46272113F0B0FB2846C7
:106B400014F024F89DF86130012B00F0B480022B82
:106B500040F0BD8023980D9B013020F0010605F127
:106B600014009847301A00210C9B00EBD076284681
:106B70009847002107460F9B28469847381A7610F9
:106B800000EBD07006EB6006BBF1000F09D0099B4B
:106B9000012B06D1089B05F114001D9F98473F1A51
:106BA0001D976A220021284614F055FF6B22002110
:106BB00080461F908146284614F04DFF1F9011908B
:106BC0000746284613F020FE1090284613F01FFEBB
:106BD000DDE9101208F0C043B3F1005F14D16FF08B
:106BE000604328F0C04898450ED04FF06409B8F1D2
:106BF000805FA2BFC8F17F6808F57F2808F6FF789C
:106C000008FB01F393FBF9F907F0C043B3F1005F10
:106C100012D16FF0604327F0C0479F420CD064232D
:106C2000B7F1805FA2BFC7F17F6707F57F2707F63F
:106C3000FF77784390FBF3F212996B691D9FCB1A93
:106C400099441399AB69CB1A03EB0208BBF1000F0F
:106C500043D000212846079B98473844B04410EBA6
:106C6000090661D0284613F091FF6B69284633442A
:106C70006B61EB693344EB61AB694344AB612B6AF5
:106C800043442B6213F082FF0023424631462846DC
:106C900013F01FFEBBF1000F2BD048E01E4601375A
:106CA00001E743F0040326E795F82B3023F00C03AB
:106CB00085F82B3046E70D9B05F11400239E98477D
:106CC0000021361A0F9B28469847361A5CE70021A8
:106CD00028460C9B9847064656E759462846079B88
:106CE00098474E4438448044002EBBD1B8F1000F81
:106CF000B8D1089B05F114009847049B00211F1888
:106D00001E9B28461F44079B9847149B074400215D
:106D1000284698471D9B07441F449DF863101D9704
:106D20001CAAC1F38001AFE6B8F1000F9AD1099A0D
:106D30001E9B012ADDD1049A1344FF1AEDE7239923
:106D40000B4405990B4413448FE600BF034B044AE0
:106D5000DB6D9A600022DA60704700BF18100020D7
:106D6000196600082DE9F04F9BB00021044615F08C
:106D700030FB0146002877D1202212A823F064F8C6
:106D8000102200210AA823F05FF8122200212046D9
:106D900014F061FE3022064600210E90204614F0C9
:106DA0005AFE3422054600210E90204614F053FE70
:106DB000002142070E904FF01002204648BF76197E
:106DC00014F049FE3022054600210E90204614F0B2
:106DD00042FE3422002107460E90204614F03BFE6E
:106DE000830763690E90204648BFED191E4414F0D6
:106DF000D4F8A369361A20461D440C9614F0D2F834
:106E000000232D1A0D950693A36806991A8D8A42C0
:106E100000F25C82129802F089FA139802F086FA66
:106E2000149802F083FA159802F080FA01220021EA
:106E3000204614F010FE022205460E900021204646
:106E400014F009FE6FF040439D420E9001D098422D
:106E500002D12046F9F774FC00223021204613F0BD
:106E60001EFA1BB0BDE8F08F84220021204614F0EA
:106E7000F2FD05461290002840F05281204615F0A0
:106E8000A5FA8422294614F0E6FD07461290002850
:106E900060D029468922204614F0DDFD29468A2249
:106EA00080461290204614F0D6FD461CB600129083
:106EB000304602F021FA043E324607EB88010546CF
:106EC00022F0CDFE6FF060434FF0010AAB5100207D
:106ED0006FF0604355F820209A4240F024811790CB
:106EE000800002F009FA139017980026800002F043
:106EF00003FADFF820B31590179B9E42C0F015816E
:106F000000273E463B461599C048179A9342C0F069
:106F10004A8114220021204614F09DFD80460E90E7
:106F2000204613F087FC179BDFF8E0C2013B08FB0B
:106F300013020020D21B159F22EAE272179B98428F
:106F400002D2002E40F04081BAF1000F02D0284654
:106F500002F0ECF985220021204614F07CFD054664
:106F60000E90002840F04481204615F02FFA85222B
:106F7000294614F070FD07460E9000285ED0294681
:106F80008622204614F067FD2946872280460E900F
:106F9000204614F060FD461CB6000E90304602F00C
:106FA000ABF9043E324607EB8801054622F057FE56
:106FB0006FF060434FF0010AAB51204613F02AFCFA
:106FC0006FF060438346002055F820209A4240F03D
:106FD00012811690800002F08FF912901698002608
:106FE000800002F089F91490169B9E42C0F0058142
:106FF00000273E463B4614998448169A9342C0F0B7
:10700000408100211522204614F025FD0021169B09
:107010000E90013B00FB13B0DFF8F0C1C01B149FC2
:1070200020EAE070169B994202D2002E40F03A818D
:10703000BAF1000F02D0284602F078F9152200219B
:10704000204614F008FD1422804600210E902046B0
:1070500014F001FD2722074600210E90204614F06F
:10706000FAFCC2B2511E4D424D41012200210E9048
:10707000204614F0F0FC0222064600210E90204625
:1070800014F0E9FC6FF040439E4208BF94F82B6077
:10709000814608BF86F008060E90204614BF0026E1
:1070A000C6F3C00613F0B6FB8222824600212046BA
:1070B00014F0D1FC129B03950293149B314601936B
:1070C000169BC2B20E900093504643461FF00DFE31
:1070D0006FF04043994508BF94F82B50189008BFB3
:1070E00085F00405204614BF0025C5F3800513F084
:1070F000A1FB832206460021204614F0ACFC0023AD
:107100000393139B0E900293159BC2B20193179B9E
:107110002946009330463B461FF0E7FD19902FE6C5
:107120004FF0000AD3E60130D4E655F82630374A4E
:10713000934236D14FF000095F4624E0494620468D
:1071400015F047F93249804612F0D7F90146C0B927
:1071500005908A22404614F07EFC012805990E9085
:107160000FD18922404614F076FC86420E9008D159
:10717000404613F04CFBB84203DB404613F047FB9C
:10718000074609F10109204615F056F98145D5D386
:10719000002FB8BF0022159BACBF43F8267043F800
:1071A00026200136A8E655F82320824205DD06F1A7
:1071B0006046653616440133A7E60CBF51F823201C
:1071C00041F823201744F6E755F8201061450DDDFE
:1071D00006EBD67301F1604165315B1002FB0133B0
:1071E00093FBF6F3761A47F82030D21A0130A5E661
:1071F0004FF0000AE1E60130E6E655F82630034A92
:1072000093423CD14FF00009024F2AE09AFFFF1F42
:1072100001000600010000E04946204615F0D9F8BB
:107220009249804612F069F90146C0B9059087225B
:10723000404614F010FC012805990E900FD18622CB
:10724000404614F008FC86420E9008D1404613F0E8
:10725000DBFAB84203DB404613F0D6FA074609F1E1
:107260000109204615F0E8F88145D5D3002FB8BFB5
:107270000022149BACBF43F8267043F82620013649
:10728000B2E655F82320824205DD06F160466536F8
:1072900016440133B1E60CBF51F8232041F82320F6
:1072A0001744F6E755F8212062450DDD06EBD6734D
:1072B00002F1604265325B1000FB023393FBF6F390
:1072C000B61A47F82130C01A0131ABE61B68069A9E
:1072D000664953F82250284612F00FF982460028DA
:1072E00040F0998101468722284614F0B4FB8A2297
:1072F0000E9080465146284614F0ADFB07460E908E
:10730000002800F08881B8F1000F00F08481862207
:107310005146284614F09FFB8922064651460E909E
:10732000284614F098FB8822514607900E90284674
:1073300014F091FB8B22C3B251460E902846059360
:1073400014F089FB6FF040420E90C3B2149912986A
:10735000B044904451F82810099350F8283005F1B2
:10736000140B01EB0309079B50F826101F44174428
:10737000A9EB0109159A139952F8272051F8270013
:1073800051F823100244531A2846272251460893E5
:1073900014F061FB0E90C0B201285AD1059BCBB905
:1073A000584620F0A3FC8046584620F0A4FC07462F
:1073B000129B284653F82630994413F025FA1B22D5
:1073C000A9EB00090021284614F045FB0E90A9EB1B
:1073D000000614E0059B5846022B12D120F086FCD3
:1073E0008046584620F087FC0746129B1A2200214F
:1073F000284653F8266014F02EFB0E900644002316
:1074000050E020F073FC8046584620F074FC07469C
:10741000059B129A032B2BD0012BE6D152F8266044
:1074200000211A22284614F016FBA9EB080909EBE3
:10743000D97906EB69090E9006461B2200212846E1
:1074400014F009FB361A06EBD6760E9009EB6606A9
:10745000D5E7584620F04AFC8046584620F04BFCC1
:10746000059B0746022BD3D1A2E700BF010006000F
:1074700052F8266000211A22284614F0ECFA1A224B
:1074800000210E900644284614F0E5FA1B2280469F
:107490000E900021284614F0DEFA01230E9040449D
:1074A000A9EB000895F82B2063F3C30285F82B2085
:1074B000139B079A53F82290099B022B00F0E5805A
:1074C000032B00F0AC80012B00F0C38018220021B8
:1074D000284614F0C0FA0E90814495F82B302846C7
:1074E0006AF3820385F82B3013F08EF9404500F0E3
:1074F000DD806B6928460E93AB690F93EB6910939F
:107500002B6A119313F042FB4146584620F079F85C
:107510003946584620F07AF8284613F037FB2E21DA
:107520000EAA284612F0BBFE284614F04FFF2A464A
:10753000272112F0B4FE6A220021284614F08BFAAB
:107540006B22002107460E908046284614F083FAED
:107550000E9083468246284613F056F90590284639
:1075600013F055F907F0C042B2F1005F059B13D14B
:107570006FF0604227F0C04797420DD04FF064088B
:10758000B7F1805FA2BFC7F17F6707F57F2707F6D6
:10759000FF777B4393FBF8F80BF0C043B3F1005F38
:1075A00013D16FF060422BF0C04393420DD04FF0E7
:1075B000640AB3F1805FA2BFC3F17F6303F57F2349
:1075C00003F6FF73584390FBFAFA0C9B46441E44A3
:1075D0006B69D144F61A0D9B9944AB69A9EB030979
:1075E00056EA090317D0284613F0D0FA6B692846EB
:1075F00033446B61EB693344EB61AB694B44AB6182
:107600002B6A4B442B6213F0C1FA00234A463146E1
:10761000284613F05EF9069B0133FFF7F4BB1822EE
:107620000021284614F017FA182200210E908144F8
:10763000284614F010FA192207460E900021284619
:1076400014F009FA089B0E9038444FF0010A1F1AF3
:1076500043E7089B1822DB1B03EBD37309EB63039F
:1076600000212846059314F0F6F9192281460E9060
:107670000021284614F0EFF9059BA9EB000909EB5E
:10768000D9790E9003EB690927E7089B28464B44FC
:10769000994613F0BCF81922A9EB000900212846ED
:1076A00014F0D9F90E90A9EB000916E7284613F05B
:1076B000AEF8B8427FF41DAF3DE700BF034B044A6C
:1076C000DB6D1A6100225A61704700BF181000205C
:1076D000656D000810B5064CA06DC00001F00CFEF1
:1076E000E065FFF733FBBDE81040FFF7E7BF00BFE1
:1076F0001810002013B516220021044614F0ABF92F
:1077000010F0FF0301900ED0084A916D8B420AD809
:107710002046D26D02EBC301496852F8333002B003
:10772000BDE81040184702B010BD00BF181000207F
:1077300037B50D462B7C1446C96843B90C22204648
:1077400022F08DFA2378192B2BD1012021E0012B77
:107750001CD1084600F092FE144922F0D2FBB8B9C1
:107760000C22214601AB05F1140020F0EFFD78B9A1
:10777000019B0C2B0CD12378192B1EBF637019238E
:107780002370638843F020036380DBE7022B02D081
:10779000002003B030BD0E2353704FF0011353602F
:1077A000D0E7638823F001036380CEE7E43F03085A
:1077B0002DE9F04385B090F82150D0F84880072D8E
:1077C0000446D8F800900ED0A5F10803DBB2022BD6
:1077D0000BD8204A32F81370638C1B0707D5D8F8F2
:1077E00020301E6921E00827F6E70027F4E7237C14
:1077F000012B27D1384601F07FFD064600B9FEE790
:1078000003AB024600930C213B4648461FF0E4FAC6
:1078100010B9039B9F4206D0304601F087FD00203F
:1078200005B0BDE8F083C8F80460072D26630DD0CD
:10783000083DEDB2022D0BD8074B33F8153001206F
:107840006363EDE7002BEAD1E368CAE70223F6E7BA
:107850000023F4E7F23F0308EC3F03082DE9F04F63
:1078600085B00546D0F848A090F8210000F0A2FDB0
:107870002C8DB5F826B0E600B6FBF0F600968046F3
:107880000E235A46A98C324815F018FB0BFB04F462
:10789000074648B36B8CD0F810901B0711D5DAF867
:1078A000203022464846196922F0D9F995F821304E
:1078B0000E2B1FD10120CAF81C70EF6205B0BDE885
:1078C000F08F2B7C012B11D103AB00934A4623464A
:1078D0000C21DAF800001FF07FFA10B9039B9C42DC
:1078E000E4D0384615F067FB0020E7E7002BDDD138
:1078F000EB68D6E701230BFB06F603FA08F3701ECC
:10790000013C013B48444C44DBB2861B0021B042A1
:10791000D0D022780A411A4018D0C4469146BCF112
:10792000070F07D94144C9B2072900F80199EED9D8
:10793000013CEBE7CCF1080E02FA0EFE49EA0E0E0E
:10794000C4445FFA8EF95FFA8CFCE8E79146E9E7F8
:10795000101100202DE9F04387B00B7C0646012B67
:107960000C4643D1C86800F089FD604922F0C9FA8D
:1079700068B920461FF073FA054640B1A0640C2098
:1079800001F0BAFC074638B920461FF03DFA002541
:10799000284607B0BDE8F0830222E16820F0EBFD45
:1079A00018B1384601F0C2FCEEE7628C94F8213041
:1079B00011072F6004D5002520461FF025FAE7E7C0
:1079C000DA1F032A0BD8E379002BF4D12046FFF706
:1079D000EFFE01280546EFD14FF0000849E00B3BD0
:1079E000032BF9D82046FFF739FFF2E7002BE2D14D
:1079F000CD682B69002BCAD04B8C95F801901A07E3
:107A0000D9D4A9F10703032B05D808461FF027FA9C
:107A10000028D8D1BBE7A9F10B03032B084604D8F3
:107A20001FF01DFA0028DDD1B1E71FF018FA6B88AE
:107A3000DB0619D42B8900F12408F3B90FCD6F466A
:107A40000FC795E8030087E803004846BDF80450D7
:107A500000F0B0FC694668430730C010ADF808007C
:107A6000404615F080FB45462B89E5623BB14FF05F
:107A70000108E76A37B901258AE72946F0E7238D2F
:107A80002B81F4E739462046FCF7E0FD0546002847
:107A90003FF47AAF874224D020461FF0B5F9204644
:107AA0001FF0DDF9C561E562A579002DE3D100F095
:107AB00023FA0028DFD0237CE26A8DF80830E368DF
:107AC00069460193D36830460093A36CFCF79EFD92
:107AD00000283FF459AF606420461FF0C0F9C5612B
:107AE000C9E7E762B8F1000FDED0C4E7E43F03085E
:107AF0002DE9F04F87B091F821901E46A9F10703B8
:107B0000DBB2032B0D460492029304D9A9F10F03B3
:107B1000052B00F28380D5F848A0BAF1000F7DD084
:107B20004846DAF800B000F045FC0446049820F01E
:107B3000DDF82B7C7F4A012B14BF00230C23039319
:107B4000736880469342DAF8407058D1029B02462F
:107B5000032B8CBF4B46102305930023384600931C
:107B60000599012315F004FA0746A0B9DAF8400098
:107B700020B115F020FA0023CAF84030002301227A
:107B800000934146059B6C4815F098F9074600287C
:107B900044D0CAF84000049B0FCB86E80F00049B3A
:107BA000F1607268DB68D7F810A09A4236DC029B5D
:107BB000032B00F282800823B3FBF4F33068298D95
:107BC000B0FBF3F6514303FB160660436B6B01EB0E
:107BD0008301039B01EBD00119442B7C012B21D1A4
:107BE00004FB08F30733DB080133184603910293C3
:107BF00001F082FBDDE90231044628B9FEE7F168B5
:107C0000013373600131CAE70022009202465846F0
:107C10001FF0E2F848B1204601F088FB002007B0D1
:107C2000BDE8F08FEB681C690C44B9F1090F27D04F
:107C3000B9F10A0F2CD0B9F1080F19D02046012153
:107C400086F0070676B201234FF0000C8B40013B13
:107C5000D5F830E09BB2C1F10809E0451CDC2B7C73
:107C6000012B02D1204601F061FB0120EF62D6E733
:107C700004EBA600F64306F0030602217600E2E7D5
:107C800004EB6600F64306F001060421B600DAE7CD
:107C9000A01908210026D6E7027832411A40D2B254
:107CA000761A76B25EF82220002E4AF82C20BCBF4D
:107CB0004E4601300CF1010CCFE7A9F10F03042B64
:107CC00013D8316804FB08F34C43298D03985143C2
:107CD00000220092524601EBD401DB0801445846D1
:107CE0001FF07AF8002899D1BFE7B9F1140F95D1A8
:107CF000298D336851431B0101EBD30100233C89DB
:107D00000398009301442346524658461FF064F8F6
:107D1000002883D13368298DEA8C0C3301FB023CA7
:107D200076684908434606FB01C100900AEB04024D
:107D3000D5E700BF010000E01011002010B5FCF7EE
:107D400055FC044600B9FEE7084915F040FF2046FF
:107D5000074915F03EFF2046064915F03CFF204636
:107D6000054915F03AFF054B236110BD3177000836
:107D700055790008F17A0008416E0208E83F0308CF
:107D800070B5234C2578002D40D14FF4F67229466A
:107D9000204622F059F84FF46471201D20F044FC75
:107DA000C42104F1440020F03FFC1A4B0126636615
:107DB0000323A3658C23E3623F231748236784F8DA
:107DC000246000F0ADFB00F0B5FFFBF739FD08F0D3
:107DD0000FFF21F060FC00F09BFD00F033FBFFF78C
:107DE00079FC00F0F1F9F8F775FA14F089FFFCF767
:107DF00071FFF9F713FD14F097FC21F0D5FD29462A
:107E00002846FCF783FBFFF799FF267070BD00BF83
:107E100018100020D4C3B2A1CDAB341238B5056917
:107E2000044605B9FEE7836903B9FEE7406800B977
:107E3000FEE71FF026F92946021D04F1240020F078
:107E400096FE054630B1042104F1300020F0ECFB31
:107E5000014BE363284638BDE970020838B505696F
:107E6000044605B9FEE7836903B9FEE7406800B937
:107E7000FEE71FF006F92946021D04F1240020F058
:107E800076FE054630B1042104F1300020F0CCFB31
:107E9000014BE363284638BDED70020830B587B06A
:107EA000114C0546D4F81C31DBB9104B93E80700A0
:107EB00006AB03E907002A4613E90300039B8DE89C
:107EC000030018210A481FF014F80A49C4F81C01DD
:107ED0001FF0A5F8D4F81C01003818BF012007B026
:107EE00030BD0120FBE700BF181000205040030800
:107EF000F83F030848400308024BD3F81C011FF069
:107F000089B800BF1810002030B587B0114C054665
:107F1000D4F82031DBB9104B93E8070006AB03E936
:107F200007002A4613E90300039B8DE8030018218C
:107F30000A481EF0DEFF0A49C4F820011FF06FF85E
:107F4000D4F82001003818BF012007B030BD01204F
:107F5000FBE700BF181000206C4003082040030816
:107F60005C400308024BD3F820011FF053B800BF58
:107F70001810002010B504460146064820F0BCFB4E
:107F800063690BB1204698472046BDE8104001F0D8
:107F9000CDB900BFC410002010B50123094C04F175
:107FA000AC0084F8A43020F0E7FB28B9D4F8A8008E
:107FB000BDE8104021F033BBD4F8A800BDE8104064
:107FC00021F034BB1810002070B5436805460BB98A
:107FD00083682BB1174820F0CFFB0446154E04B937
:107FE00070BDA54221D0636B002B03DA94F85430A6
:107FF0001B071AD522682B689A4216D16368A3B171
:108000006A68934211D121460A4820F075FB6369E2
:108010000BB120469847204601F088F9FFF7BCFFD6
:10802000044820F0A9FB0446D9E72146304620F059
:10803000A9FBF8E7C41000202DE9F041604D0027AE
:1080400095F8A53005F1AC0083F0010385F8A53063
:1080500020F092FB044605F1AC060CB9BDE8F081B6
:10806000206D22F088FA636B0344636303F0D6FC4F
:1080700094F8543095F8A520C3F34001914220654F
:1080800085F8A47000F0908062F34103590784F8EA
:108090005430DAB21ED4636B002B1BDB130709D4F8
:1080A000A3693BB120469847636A03446362E36A6D
:1080B0000344E36220461FF0F1F9E3680BB1204668
:1080C000984794F85430204643F0040384F8543021
:1080D000FFF77AFF626B002A31DB236B20469A425E
:1080E000C8BF6363236A9847A36A804683422DD042
:1080F0006368A06213B101462068984795F8A430E0
:1081000043BBA368FBB9D4E90C0383424CDB94F86E
:108110005410626C11F0010121D0002A3ED1214699
:10812000284820F0E9FAFFF737FF2369002B32D106
:1081300063690BB120469847204601F0F7F895F89F
:10814000A4303BB930E041462046984795F8A4302A
:10815000002BD8D0304620F00FFB04467DE7E36BC0
:108160002AB1B2F1FF3F24D0013A62640ABB002B6E
:10817000D5D0A26B5242626381F0010294F8541090
:10818000E06362F3000184F85410626AE16AC4E9B2
:108190000B23616208E020469847C9E7236C5B42E5
:1081A0006363E36B002BE7D12146304620F0EAFA07
:1081B000D3E7226C52426263002BF5D0D9E700BFAF
:1081C00018100020C410002010B5094C582120467A
:1081D00020F02AFA00222121064800F0A7FB44F8EB
:1081E000040CFFF7D9FE002324F8083C10BD00BFA3
:1081F000C41000203980000810B558220021044620
:1082000021F022FE4FF4FA73236300236362642398
:10821000E36201236364044B236294F8543043F017
:10822000080384F8543010BD0974020838B50546B7
:108230001F4820F001FA044600B9FEE758222946FB
:1082400021F00DFD2B681B4AAB4292F8A52094F853
:10825000543008BF246062F3410384F8543003F0C3
:10826000DDFB94F8543020651B071DD5A3693BB195
:1082700020469847636A03446362E36A0344E36207
:1082800020461FF00BF96B680BB9AB6813B12046A1
:10829000FFF79AFE636813B1616A20689847A36884
:1082A00013B12046616A9847FFF776FE204638BD35
:1082B000C410002018100020F8B504460F480D46E1
:1082C000002620F059FA0D4F08B93046F8BD036872
:1082D000A34200D064B94368AB4200D045B9FFF770
:1082E00049FEFFF759FE384620F046FA0126EBE733
:1082F0000146384620F046FAE6E700BFC4100020E9
:1083000070B5054609480C4620F036FA074E00B90C
:1083100070BD0368AB4204D14368A342F8D0002C7F
:10832000F6D00146304620F02DFAF0E7C4100020C8
:1083300000286FF0704307DA064A9042ACBF1B1A60
:108340009B1A43F0005070479842A8BF184640F06F
:1083500000507047010000F02DE9F047054600206D
:108360000E4600F0E1FB4FF000090446DFF840A0A4
:1083700014B94846BDE8F087204600F0D5FBA36855
:108380000746534511D1D4F80C80D8F80030AB42E1
:108390000BD1D8F80430B34207D1204600F0EEFAF2
:1083A000404600F0C3FF4FF001093C46E0E700BF44
:1083B0005D7E02080638C0B20F289ABF014B185CD8
:1083C000002070477840030810B5FF2A034608468E
:1083D00014D092B18B4210D0094C01EB014103EB58
:1083E00003432140234004325B1AD208534301EB7C
:1083F0005310204040EA104080B210BD1846FCE700
:108400001FF8E007024BDA6E4261D866704700BF82
:1084100018100020014B4269DA66704718100020DE
:10842000074BDB6E03B970475A68824202D01A6864
:10843000824203D11A7E42F001021A765B69F1E7AB
:10844000181000200421014820F0EEB8E8110020A7
:1084500038B50446084820F08FF90146064D09B9A1
:10846000084638BD08680378A342FAD0284620F0B1
:1084700089F90146F3E700BFE811002010B5044672
:1084800021F030FD08B9074804E0235C2E2B02D10F
:108490000130204410BD2F2BF5D05C2BF3D00138D8
:1084A000F0E700BFDD44030800280EDBB0F5B47F21
:1084B0000FDA5928174B10DC33F8100047F6FF731A
:1084C000984208BF4FF40040704700F5B47000B206
:1084D000EAE7A0F5B47000B2E8E780B2A0F15A0272
:1084E000592A03D8C0F1B40080B2E5E7A0F1B40284
:1084F00092B2592A85BFC0F5B47080B233F8120029
:1085000033F81000044A054B4042904208BF184619
:10851000704700BF884003080180FFFF0080FFFF15
:10852000014B9866704700BF1810002082B01228D7
:1085300002D902B01FF023BD0A4B00EB40001A180D
:108540001B5A0020ADF804309DF8043063F3070097
:108550009DF8053063F30F20937863F3174002B062
:10856000704700BF3F43030882B0122802D902B00F
:108570001FF005BD0139C9B20429F8D8C0EB0010BD
:1085800001EB410101440020084B5A185B5AADF839
:1085900004309DF8043063F307009DF8053063F361
:1085A0000F20937863F3174002B07047224203080C
:1085B00082B0122802D902B01FF0E1BC0139C9B261
:1085C0000329F8D80C2201EB410102FB0010094BF2
:1085D0001A181B5A0020ADF804309DF8043063F3DC
:1085E00007009DF8053063F30F20937863F317407D
:1085F00002B070473E410308F8B515460F461422F5
:10860000002104461E4621F01FFC064B2760002D6A
:1086100008BF1D46069BC4E902562361079B6360A1
:10862000F8BD00BF0974020882B0582824D8392840
:1086300009D8212810D807283ED01C282DD005287D
:108640003AD0002327E001233A381D4AC0B28340C4
:108650001342F6D0FF231EE00123A0F12202D2B282
:108660009340184A1A40002AF4D1174A1342E8D11D
:108670003428E6D10F230EE06D2808D86B2808D8DF
:108680005A2817D0E6D95F380128E3D9D9E77428EA
:10869000D7D14FF48073019309E000238DF80730A0
:1086A0000A4B1A889B78ADF804208DF806300198A3
:1086B00002B07047064BEEE76FF06043EBE700BF98
:1086C000110408028D000100028080007843030835
:1086D0009C0A0308FF280FD068B18C2802D8074BEA
:1086E000185C7047064A136B23B1926A7330C0B2AC
:1086F0009042F5D3002070473F2070477B4303082A
:10870000181000202DE9F04F91B098469DF86C307C
:10871000064604931A9B0391089213B100231A9AF8
:108720001360002E00F0DD803078C8B1039B002B71
:1087300000F0D980049B13F0030314D0002000E064
:108740000130335C0A2B00F0D0800D2B00F0CD807F
:10875000002BF5D11A9B1BB14FF0FF331A9A13600F
:1087600011B0BDE8F08F049A0D9312F0010218BF0A
:108770006FF06048099202930D9B0193F3180593E3
:10878000019BF35C002B5DD0B8F1000F5ADD019B1B
:10879000002B6BD1049B43F004030793099B002536
:1087A000002B0CBF43466FF0604305980EA90A9357
:1087B0000E9520F023FD0E9B07460F934FF0FF39D7
:1087C0002B46AA46AB462C46059A125D002A32D0AB
:1087D0000FA90598069320F011FD069B83465A1CAD
:1087E00006923946024603980B931EF014F90B9B30
:1087F000824408B1089A9244B9F1FF3F06D1089A21
:108800000A99AAEB02028A42C8BFA1460A2F33D0B6
:108810000D2F31D000223648D1B2415C41BB5846C1
:1088200020F08AFD20B9384620F086FD002849D086
:1088300055460E9C069BB9F1FF3F23D0079B4C4643
:108840005B0726D40D9C002C46D10DA9304620F0A4
:10885000D5FC1A9B0146002B41D0224603981EF0FE
:10886000DAF802901A9B029A1A6038E0049B94E7A7
:108870008F4202F10102CED1002CDCD1B9F1FF3FD1
:10888000DCD1554623B10D2F03D1BBF10A0F00D126
:108890000E9C029BA8EB05082B440293002CD1D020
:1088A000019B23441C460D9333780A2BCAD00D2B11
:1088B000C8D0335D0A2B02D00D2B7FF45DAF01349D
:1088C0000D94BFE7DDE90E43B9F1FF3F08BF554600
:1088D0000E935F46069B77E71A9B002BC2D10D983B
:1088E0003EE730463CE703983AE7013032E700BF05
:1088F000084403080022054BC3F88420D3F89C20C9
:1089000012B1D3F8A0001047704700BF1810002024
:1089100010B5054C182120461FF086FE0123237355
:10892000BDE81040FFF7E6BF8C100020F8B5064602
:1089300010480F4615461FF07FFE044600B9FEE7BB
:108940004FF0FF330361037D07606FF30003866020
:10895000037503F063F80122237D606043F0020396
:108960002375054BE56083F88320FFF7C3FF20469E
:10897000F8BD00BF8C1000201810002038B5064D3F
:108980000446014628461FF0B7FE01232046AB737C
:10899000BDE8384000F0CABC8C1000202DE9F0473B
:1089A0005C4D95F888303BB9012385F8883095F8FF
:1089B00080302BB985F8883001263046BDE8F08735
:1089C00020F06AFE03F02AF8804640B9D5F89830C6
:1089D0000133642B94BF1A460246C5F898204FF025
:1089E000000ADFF834914846A5F882A01FF0C4FEC3
:1089F0000446A4BB48481FF0BFFE4FF0FF360446B4
:108A0000DFF81491002C70D1404621F0B4FDD5F868
:108A100090300344D5F89400C5F8903021F0ABFDB8
:108A2000B0F5FA7F13D36422D5F890305343B3FBEB
:108A3000F0F00023C0B290429CBF101AC4B285F877
:108A40008140C5F8903002F0E9FFC5F8940000239A
:108A5000C5F8846085F8883020F01FFEADE7214618
:108A600048461FF08FFE237D0746D9072ED4606845
:108A700021F081FD236898421DD32669002E0FDD69
:108A8000013E266102F0CAFFA368606083B995F8D1
:108A900082300BB92369DBB1B5F88230B3B1A2E7FC
:108AA00002F0BCFFA3686060002BF0D0002EEED077
:108AB00020469847EBE795F882303BB923692BB9FC
:108AC000237D20469A070DD5FFF758FF3C4690E7D7
:108AD000237D20469B0702D5FFF750FFDCE720F0FF
:108AE0009EFDD9E720F09BFDF0E7237D13F0010701
:108AF0000AD1606821F03FFD236898422CBF3B46B5
:108B00001B1A9E4228BF1E46214648461FF03AFEC9
:108B1000044677E7181000208C100020014B93F8D2
:108B200081007047181000200146034809B91FF062
:108B300023BE1FF027BE00BF8C1000202DE9F0419E
:108B4000884616461F46054600B9FEE7047B14F02A
:108B50000F041CD01FF0B4FD044600B9FEE7142238
:108B6000002121F071F9237CC4E9005843F004038B
:108B7000C4E9026723742EB12346262230460549F4
:108B800011F0ACFB636813B1294620469847204694
:108B9000BDE8F0810F970208F8B505461FF0ECFD1F
:108BA00004460E4F24B92846BDE8F8401FF030BEF9
:108BB000214628461FF0E6FD237C06465B0708D5C4
:108BC0003946A06811F0B3FB2A460021A06811F0D5
:108BD000CAFB204620F084FD3446E3E70F970208E5
:108BE00030B585B00546084620F072FD044628469B
:108BF00020F094FDD4E91132CDE901321344009301
:108C00000349D4E90E2324F040F905B030BD00BF7C
:108C10003044030813B5044620B9F9F735FF04467C
:108C2000002843D02046F9F7ADFF06F0C9FB00222B
:108C30007F21044613F057FB1FF0A1F9C0F307236F
:108C40008DF80000C0F307408DF801308DF8020068
:108C500000220099204613F037FB1FF082F9C0F381
:108C600007238DF80400C0F307408DF805308DF818
:108C7000060000222046019913F043FB0022032145
:108C8000204613F013FB00220321204613F015FBAE
:108C900000220321204613F0FBFA03212046002284
:108CA00013F0FDFA2046034924F0B8F8204602B03C
:108CB00010BD00BF5644030838B5044618B9F9F78B
:108CC000E3FE044678B32046FFF7A4FFC4F8100380
:108CD00048B304F54575284604F54E7120F0E4FCD0
:108CE0000023D4F810031A46062111F03DFD00239D
:108CF000D4F8102328460C49FFF720FF22464FF4F2
:108D000096710A48FFF712FE0023C4F834031A468E
:108D10002046074913F0BFFFD4F810030121BDE836
:108D2000384010F083BB38BDE18B0008A9980208D9
:108D30009D97020838B54FF480310C4821F0A8FA0D
:108D40000B4D0421C5F8B80105F5E2701FF06CFC6D
:108D500005F5E2701FF0B4FC044600B9FEE7D5F853
:108D6000B80121F0A3FA206038BD00BF0412002032
:108D70001810002038B50C4C0146D4F8B80121F089
:108D800098FA054670B121F041FAD4F8BC31184484
:108D9000D4F8C031C4F8BC0183422CBFC4F8C03140
:108DA000C4F8C001284638BD18100020F8B50546A3
:108DB0000F4621F02BFA104C294606463A46D4F8C5
:108DC000B80121F0C9FA054698B1D4F8BC319B1B13
:108DD000C4F8BC3121F01AFAD4F8BC311844D4F8E4
:108DE000C031C4F8BC0183422CBFC4F8C031C4F800
:108DF000C0012846F8BD00BF1810002070B5064617
:108E000021F004FA0446074D3146D5F8B80121F0A7
:108E100062FAD5F8BC31A34294BF00231B1BC5F8EE
:108E2000BC3170BD181000202DE9F04F93B00B93AA
:108E30000B1E0A93A64B914614BF82469A46002504
:108E40001C9E0B9B187870B94D4538BF2A464B467F
:108E50004FF000000A9928BF09F1FF32D047284699
:108E600013B0BDE8F08F0B9F252807F1010707D04D
:108E70004B462A460A99D0476C1C0B972546E0E7DB
:108E800000230DE02D2A28D0302A06D0303A092AB6
:108E90004FF0000812D80A2430E043F001030F46D7
:108EA000394611F8012B2B2A1AD0EBD8202A1AD0D8
:108EB000232A1BD02A2A29D04FF000083A782E2ADC
:108EC0007CD179787A1CA1F13000092843F48063C1
:108ED0006BD800244FF00A0C28E043F00203DEE7D1
:108EE00043F00403DBE743F00803D8E743F0100343
:108EF000D5E70F4604FB0822A2F13008394611F8E5
:108F0000012BA2F130000928F3D9D7E756F8048BDA
:108F10000F46B8F1000FBCBF43F00203C8F10008D0
:108F2000CCE702460CFB0411A1F13004104610F806
:108F3000011BA1F13007092FF3D917463A4612F861
:108F4000011B6C2943D03BD8682947D06A294FD0F0
:108F50003A4612F8010B78280B9200F2A58161289D
:108F600049D8252800F0A081242840F29D8100F0F6
:108F7000F702502A40F0988158286DD0502867D1C8
:108F800079780B981022562918BF3846074643F4C3
:108F90008873397803F48060582901D0502978D13A
:108FA00000285FD123F00C035EE02A2905D156F892
:108FB000044B023724EAE474C0E717460024BDE7F7
:108FC000742901D07A29C3D143F480730BE07978F6
:108FD0006C29F9D143F440730237B9E779786829ED
:108FE00003D043F080031746B2E743F0C003F3E732
:108FF00043F40073F7E74FF0010CA0F1620235492A
:10900000D2B20CFA02F21140C1B9732800F0EE801E
:10901000632840F0498113F0020400F0D4806746D1
:109020004B462A460A9916F8040B05F1010BD04766
:10903000002C00F0D9803C465A46CDE000F0DF021B
:10904000582A09D0502A9BD06F2807D0622807D011
:109050000A2223F010039CE710229AE7082298E7DF
:10906000022296E723F00D0343F0200313F400716E
:1090700073D0CDE907830023CDE9042306F1070B64
:109080002BF0070B06940293FBE80223CDE90023A3
:109090003EE0692920D064291ED000285AD023F050
:1090A0000D035629E2D1B3465BF8043B0A995A688E
:1090B000294412685046009211921B68A9EB0502E0
:1090C000FFF7B2FE05447B1C5E460B93B9E600BF7A
:1090D000B39902088560480008B123F001039805A0
:1090E0001ED5073626F00706B34670685BF8081BE6
:1090F000CDE9078300230593C30F0028029306944C
:109100000B46049202DA4B4260EB4000CDE900309E
:109110004B462A4650460A9920F052FD0546D2E7B2
:10912000D90506F1040B01D5316802E058060CD5CB
:109130003178CDE90224CDE9048300294FEAD173C7
:109140000193B8BF4942009112E01906ECD5B6F977
:109150000010EEE723F00C03A3E7D80506F1040B9B
:109160000DD5CDE90483CDE9022401913368009344
:109170004B462A4650460A9920F0DFFCCEE75906B6
:1091800007D53178CDE904830023CDE9022401938A
:10919000D9E7316813F0800F18BF89B2F2E74B4668
:1091A00020200A99D047EA1901374745F7D3B8F18B
:1091B000000F08F1FF3308BF002308F101071D4429
:1091C00008BF02272CE72746EDE7551C4B46202019
:1091D0000A99D0472A4601344445F6D3A8EB070341
:1091E000B84538BF00239B445D462AE63246002C32
:1091F00052F804BB14BF21464FF0FF310C925A467F
:109200005944107808B1914210D1A2EB0B0713F426
:1092100080620D9202D0A74228BF274613F00203B6
:109220000E9317D17B1B2A460F9307E00132E8E724
:10923000561C4B4620200A99D04732460F9BD31824
:109240009845F5D8A8EB0703B84538BF00237A1C2A
:109250001D449F185E46A5EB0B0B04E01C464B46D5
:109260002A460A99D0470BEB060516F8010B28B1E0
:109270000D9B002BF3D0631E002CEFD10E9B8BB106
:109280002A467C1B05E0561C4B4620200A99D047F5
:10929000324613194345F6D3A8EB0703B84538BF48
:1092A00000231D440C9ECCE54B462A460A996C1CB3
:1092B000D047E3E50CB41FB506AC54F8043B0A46AE
:1092C0000094014604480394FFF7AEFD04B0BDE8E6
:1092D000104002B0704700BFAB99020807B5009379
:1092E00013460A4601460348FFF79EFD03B05DF8AA
:1092F00004FB00BFAB99020808B1FFF73BBD014872
:10930000704700BF7C10002038B5054648B1FFF714
:1093100031FD044618B12A46002120F095FD204673
:1093200038BD014CFBE700BF7C100020034A90428F
:1093300002D008B1FFF762BD704700BF7C1000206B
:1093400010B559B1074CA04204D1BDE81040084601
:10935000FFF7D2BFBDE81040FFF728BDFFF7E6FFDB
:10936000004810BD7C1000202DE9F047BC4B08469A
:109370000C46D3F8B05113F029F8064618B9324616
:1093800005F1400121E02046B64910F0F5FA80468B
:1093900000287BD03046B44910F0EEFA18BB3046B6
:1093A000B14910F0E9FA30BB304613F00FF8AE497E
:1093B00010F0E2FA0746B8B3002205F580712046A6
:1093C00012F0D1FD002205F5B671204612F0CBFD5A
:1093D0004FF4803205F14C01204612F0C4FDA34A3F
:1093E00005F158011BE00121304612F0F2FF8442E2
:1093F000D5D1BDE8F0870021304612F0EAFF844263
:10940000D2D1002205F1B80112F0ADFD042205F51C
:109410009871204612F0A7FD042205F54D712046F3
:10942000BDE8F04712F09FBD3046914910F0A4FA14
:1094300070B13946304612F0CCFF844208D13A462A
:1094400005F1AC0112F08FFD3A4605F1E801E6E7BF
:109450003046874910F090FA70B10121304612F081
:10946000B8FF844208D1002205F1400112F07BFDD3
:10947000002205F58071A8E730467E4910F07CFA9D
:1094800002460028B5D105F164019EE720467A49DD
:1094900010F072FA0746002876D0304612F096FF98
:1094A00005F1C40A074605F5987918B3414612F04C
:1094B00090FF86421ED138466B4910F05DFAC8B164
:1094C00020225146204612F04EFD0122204605F191
:1094D000880112F048FD0122204605F5507112F076
:1094E00042FD04224946204612F03DFD082205F5C2
:1094F0009E718EE70022204605F1700112F033FDC7
:109500000022204605F17C0112F02DFD00222046AC
:1095100005F5C27112F027FD20225146204612F0B7
:1095200022FD2022204605F5C87112F01CFD042200
:109530004946204612F017FD2022204605F5BC7151
:1095400012F011FD0122204605F1940112F00BFDED
:10955000204605F1D001802212F005FD3046474932
:1095600010F00AFA48B1002205F53271204612F0D7
:10957000FAFC202205F5387151E73046404910F0D9
:10958000FBF90028EFD134E720463E4910F0F4F90A
:10959000814618B13A4605F50B7140E720463A4935
:1095A00010F0EAF9804600287AD03046314910F0B0
:1095B000E3F905F1C408024605F1D00A05F59877EC
:1095C00005F59E7640B34A46204605F5177112F020
:1095D000CAFC04223946204612F0C5FC0822314656
:1095E000204612F0C0FC4FF4A022204605F51A7167
:1095F00012F0B9FC4146254A204612F0B4FC51460F
:10960000234A204612F0AFFC224A3946204612F087
:10961000AAFC214A314602E7204605F1640112F016
:10962000A2FC04223946204612F09DFC0822314655
:10963000204612F098FC4FF4A022204605F170015C
:1096400012F091FC51462046114A12F08CFC414622
:109650000E4A204612F087FC104A05F17C01D0E743
:10966000181000201C0A03080854030840000100D9
:10967000BC54030884450308B8440308844F030816
:10968000A84F0308E04E0308044503082000050026
:109690008000050004000500080005000100050029
:1096A0002046E44910F068F9074610B342462046C8
:1096B00005F1880105F5A47612F055FC42463146C5
:1096C000204612F050FC0422204605F5987112F055
:1096D0004AFC0822204605F59E7112F044FC4FF426
:1096E0000032204605F17C0112F03DFC4FF40032BF
:1096F00090E72046D04910F03FF90646E8B33A46D5
:10970000204605F1880105F5A47612F02CFC3A46B6
:109710003146204612F027FC0422204605F59871B8
:1097200012F021FC0822204605F59E7112F01BFC68
:109730004FF40032204605F17C0112F014FC4FF486
:1097400000323146204612F00EFC4FF440322046E3
:1097500005F5DA7112F007FC2046B84A05F5BC7130
:1097600012F001FC4FF4403205F5C271204612F0B0
:10977000FAFBB24A05F5C87151E62046B04910F02F
:10978000FBF8074600284FD03246204605F1640119
:1097900012F0E9FB3246204605F1DC0112F0E3FB52
:1097A0003246204605F5AA7112F0DDFB0422204660
:1097B00005F5987112F0D7FB0822204605F59E7139
:1097C00012F0D1FB4FF48032204605F14C0112F02B
:1097D000CAFB20469B4A05F1580112F0C4FB4FF426
:1097E000A022204605F1B80112F0BDFB4FF4A022E3
:1097F000204605F50E7112F0B6FB4FF4A02220466C
:1098000005F5807112F0AFFB20468F4A05F1C401C7
:1098100012F0A9FB8D4A05F17C01204612F0A3FB52
:109820008B4A05F19401FAE520468A4910F0A4F824
:1098300000283BD03A46204605F5867112F093FB8E
:109840000422204605F5987112F08DFB2046824ACD
:1098500005F1D00112F087FB4FF40032204605F5E8
:10986000027112F080FB20467C4A05F17C0112F067
:109870007AFB2046794A05F5057112F074FB204603
:10988000774A05F1C40112F06EFB2046744A05F5D3
:10989000BC7112F068FB724A05F5C871204612F0DF
:1098A00062FB4FF4003205F5C271B8E520466D4900
:1098B00010F062F8002855D005F1AC0105F5A47749
:1098C0000022204612F04FFB00223946204612F0BB
:1098D0004AFB05F1D00605F5D4710022204612F0AE
:1098E00042FB80223146204612F03DFB05F598717F
:1098F0000422204612F037FB05F17C012046574A2E
:1099000012F031FB4FF400323946204612F02BFBA7
:1099100031462046504A12F026FB05F5DA714FF425
:109920004032204612F01FFB05F1B8014FF44032DF
:10993000204612F018FB05F508714FF4403220461E
:1099400012F011FB05F5C87531462046464A12F063
:109950000AFB424A2946204612F005FB4FF400322A
:1099600029465CE52046414910F006F8064680B3DA
:109970000022204605F1640112F0F5FA002220468B
:1099800005F1F40112F0EFFA0022204605F5F87116
:1099900012F0E9FA4FF48032204605F14C0112F042
:1099A000E2FA05F5EC762046264A05F1580112F058
:1099B000DAFA4FF4A0223146204612F0D4FA4FF4DE
:1099C0000032204605F5F27112F0CDFA4FF4C022B4
:1099D00020E6204626490FF0CFFF0746002849D051
:1099E0003246204605F1640112F0BDFA32462046A7
:1099F00005F5CE7112F0B7FA3246204605F58C71A6
:109A000012F0B1FA3246204605F5927112F0ABFA27
:109A10000422204605F5987112F0A5FA0822204686
:109A200005F59E7112F09FFA4FF4802205F17C013A
:109A3000F5E400BF944403082C53030820000300FE
:109A4000DC5303084000010020000500040005006D
:109A5000080005008C490308800002000100020094
:109A600020000200B053030880000300544903089B
:109A7000D05203082046DD490FF07EFF0646A0B312
:109A80003A46204605F1640112F06DFA3A46204646
:109A900005F1F40112F067FA05F5C8763A4620465A
:109AA00005F5C27112F05FFA20223146204612F00D
:109AB0005AFA2022204605F1C40112F054FA042279
:109AC000204605F5987112F04EFA082205F59E71B0
:109AD000204612F048FA4FF400323146204612F088
:109AE00042FA802205F1D00199E42046C0490FF0E6
:109AF00043FF0746A8B33246204605F1640112F041
:109B000032FA3246204605F5B07112F02CFA324690
:109B1000204605F58C7112F026FA3246204605F5EE
:109B2000FE7112F020FA4FF48032204605F14C010C
:109B300012F019FA2046AF4A05F1580112F013FA53
:109B40004FF48022204605F1B80112F00CFAAA4A1F
:109B5000204605F17C0112F006FAA84A05F1C4017D
:109B60005DE42046A6490FF007FF0646C0B105F5A3
:109B7000E0763A463146204612F0F5F94FF40032CD
:109B80003146204612F0EFF94FF4003205F5E67148
:109B9000204612F0E8F94FF4403205F5DA713EE460
:109BA000204698490FF0E8FE074688B105F5E077B2
:109BB00032463946204612F0D6F94FF40032394683
:109BC000204612F0D0F94FF4003205F5E67126E494
:109BD00020468D490FF0D0FE0646B0B33A462046E7
:109BE00005F1640112F0BFF93A46204605F1F4018F
:109BF00012F0B9F98022204605F1D00112F0B3F934
:109C00000422204605F5987112F0ADF9082220468D
:109C100005F59E7112F0A7F94FF48032204605F148
:109C20004C0112F0A0F92046724A05F1580112F0D9
:109C30009AF9764A05F51171204612F094F94FF41D
:109C4000002205F51471FFF7EABB204670490FF0BA
:109C500093FE50B1324605F16401204612F083F9BB
:109C6000324605F1DC01FFF7DABB204669490FF007
:109C700083FE20B1002205F51D71FFF7D0BB204601
:109C800065490FF079FE0028F4D1204663490FF0B2
:109C900073FE074600284FD005F140010022204600
:109CA00012F061F995F828300022012B0CBF05F164
:109CB000F40105F1E801204612F055F9042220468E
:109CC00005F5987112F04FF90822204605F59E71AE
:109CD00012F049F94FF4A022204605F1700112F06C
:109CE00042F920464E4A05F1D00112F03CF94FF4FA
:109CF000A022204605F1B80112F035F94FF4A02258
:109D0000204605F5417112F02EF92046454A05F12D
:109D1000C40112F028F92046434A05F1AC0112F0C3
:109D200022F9424A05F18801204612F01CF9404A06
:109D300005F1A001FFF773BB20463E490FF01CFE62
:109D4000064650B13A4605F16401204612F00BF97F
:109D50003A4605F54471FFF738BB204636490FF007
:109D60000BFE074650B1324605F1AC01204612F019
:109D7000FAF8324605F54A71FFF751BB20462F49E4
:109D80000FF0FAFD0646F8B13A46204605F1B80153
:109D900012F0E9F83A46204605F5477112F0E3F86B
:109DA00005F54A760422204605F17C0112F0DBF825
:109DB00004223146204612F0D6F8202231462046B1
:109DC00012F0D1F82022C9E620461D490FF0D4FD3B
:109DD0008046B8B3324605F16401204612F0C3F85C
:109DE000324605F52071FFF71ABB00BF044A03088D
:109DF000E0490308400001000100040020000400C5
:109E00006C440308845303083C5403080200060012
:109E1000844503085446030828490308604E030894
:109E20008000050020000500010005000400050079
:109E300008000500604F0308184F03083C4F030853
:109E4000DC5003082046A6490FF096FD074620B1D6
:109E5000424605F52671FFF7B8BA2046A1490FF032
:109E60008BFD064620B13A4605F52971FFF7ADBADC
:109E700020469D490FF080FDC8B13246204605F5C9
:109E8000237112F070F805F188062022204605F5AE
:109E9000387112F068F821223146204612F063F83A
:109EA00001223146204612F05EF80422BEE520462B
:109EB0008E490FF061FD20B1002205F52F71FFF7EB
:109EC000AEBA20468A490FF057FD0028F4D120464B
:109ED00088490FF051FD064620B1002205F52C718E
:109EE000FFF773BA204684490FF046FD074620B1BC
:109EF000324605F53571FFF792BA20467F490FF0DB
:109F00003BFD064620B13A4605F53B71FFF787BA9F
:109F100020467B490FF030FD074680B1324620468F
:109F200005F1640112F01FF83246204605F1DC010C
:109F300012F019F8324605F5B071FFF770BA2046F5
:109F400070490FF019FD064620B13A4605F53E71FD
:109F5000FFF765BA20466C490FF00EFD074650B179
:109F6000324605F1E801204611F0FDFF324605F1C9
:109F7000AC01FFF754BA204664490FF0FDFC0646D9
:109F800000287FF461AA204661490FF0F5FC78B102
:109F90004FF48032204605F14C0111F0E4FF5D4A98
:109FA000204605F1580111F0DEFF3246FFF74DBAA9
:109FB000204659490FF0E0FC38B30022204605F155
:109FC000700111F0D0FF0022204605F17C0111F054
:109FD000CAFF0022204605F5C27111F0C4FF2022FD
:109FE000204605F1C40111F0BEFF2022204605F5F0
:109FF000C87111F0B8FF042205F59871204611F0E0
:10A00000B2FF012205F1940168E5204643490FF0B3
:10A01000B3FC0028D1D1204641490FF0ADFC0646E3
:10A02000D0B10022204605F1640111F09CFF00220E
:10A03000204605F1F40111F096FF0422204605F5B3
:10A04000987111F090FF0822204605F59E7111F0DD
:10A050008AFF4FF4C022E9E4204632490FF08CFC1D
:10A0600000287FF48CA920462F490FF085FC064676
:10A0700000287FF4ADA920462C490FF07DFC8046D6
:10A0800018B1324605F14001E7E5204628490FF0B6
:10A0900073FC074608B142464DE7204625490FF0BC
:10A0A0006BFC064620B13A4605F55371FFF7B7B988
:10A0B000204621490FF060FC00283FF49AA905F5DD
:10A0C000567532462946204611F04DFF4FF40032B6
:10A0D0002946204611F047FF4FF4A02240E400BF7C
:10A0E000F04F0308CC4F030894500308844F030833
:10A0F000A84F0308B8500308705003084C500308D9
:10A10000445203086C51030820520308D851030835
:10A11000FC5103084000010090510308B4510308AA
:10A120005853030894540308705403080854030850
:10A13000BC540308B44E03080053030810B586B09E
:10A14000174B0191D3F8B03114465B6A0221DB074B
:10A150004FF0120013D5FEF72BFA22468DF81000AF
:10A16000C0F30723C0F307408DF811308DF81200BB
:10A170000199049806B0BDE810401DF0BABFFEF783
:10A18000F3F98DF81400C0F30723C0F307408DF8EE
:10A1900015308DF81600224601990598EAE700BFB0
:10A1A00018100020044BD3F8B03193F83C300BB1B9
:10A1B0001EF0FEBD1EF0F8BD18100020034BD3F8B2
:10A1C000B00108B190F83C00704700BF18100020A3
:10A1D0002DE9F04792B005461F46CDE90221FFF771
:10A1E000EDFFDDF86880344C28B94FF46770FFF755
:10A1F0008BF8C4F8B001D4F8B041A5BBF8F744FC23
:10A2000006463046F8F770FC81463046F8F74CFCBD
:10A21000B0F5A07F29DDB0F5347FACBF4FF0010A67
:10A220004FF0020A94F83C3013BB84F828A0039B3B
:10A23000BDF8082023821B0CA3749DF80A30C4E9E2
:10A24000068863751D4BC4F82C90E660A4F81320B3
:10A25000C4F8208023606762002F31D104211220CE
:10A26000FEF782F92FE02E46CBE74FF0030AD9E73D
:10A27000E36A4B45D9D194F828305345D5D1039999
:10A2800020691DF040FE0028CFD0E37C227D607D58
:10A2900043EA0223029943EA00401DF034FE0028FD
:10A2A000C3D0636ABB42C0D1A3694345BDD1204638
:10A2B00012B0BDE8F08700BF1810002069930008B5
:10A2C000C3481DF033FEC0F3072384F83130636ABE
:10A2D00084F83000DE07C0F3074084F8320040F114
:10A2E0006E8205211220FEF73FF9C0F3072384F8A0
:10A2F0003430636A84F83300C0F3074084F83500D3
:10A30000D80740F16182B3481DF010FEC0F3072367
:10A3100084F83730636A84F83600D907C0F3074001
:10A3200084F8380040F15382AB481DF0FFFDC0F3C4
:10A33000072384F8390004F5C27AC0F3074084F893
:10A340003A3084F83B0004F5C8795046FFF72AFFFD
:10A350004846FFF727FF4FF00008462304F55D76D7
:10A360003046CDE900389D4A50239D4904F5627777
:10A37000FEF742F95023994A38469949CDE90088B9
:10A38000FEF73AF9314650461EF011FF04F14C0633
:10A39000394648461EF00BFF3046FFF703FF636A5D
:10A3A000DA0740F1198202211220FEF701F9C0F309
:10A3B00007238DF81400C0F307408DF815308DF891
:10A3C0001600059930461EF0F2FD304647F6FF7143
:10A3D0001EF0CFFEE16A3046C1EBC101EF29C3BFD9
:10A3E000A0235031B1FBF3F1012120F053F8E16AD1
:10A3F000304601EB8101EF29C3BFA0235031B1FBEF
:10A40000F3F101211EF08BFD304666211EF0DDFDCB
:10A410003946304604F158061EF0C9FE3046FFF7B3
:10A42000C1FEFF21304604F140061EF0CEFD30464D
:10A43000FFF7B8FEFF2130461EF0C7FD3046216B06
:10A440001EF0B5FD94F8342094F8333094F83510AC
:10A4500043EA022343EA014130461EF06AFEE16905
:10A4600030461EF074FE94F82830E16A012B00F0AB
:10A47000B781022B14BF0A230C235943EF29C3BF12
:10A48000A0235031B1FBF3F1012130461EF083FDD2
:10A4900094F82830E16A012B00F0A481022B14BF4C
:10A4A0000A230C235943EF29C3BFA0235031B1FB2A
:10A4B000F3F1012130461EF074FDE16A30460029B7
:10A4C000B8BF0331891004F1640609021EF075FE5D
:10A4D0003046FFF767FE94F82830E16A012B14BF7D
:10A4E00008230C235943EF29C3BFA0235031B1FBEC
:10A4F000F3F1012130461EF03CFEFF2130461EF0F4
:10A5000064FDE38E94F83810304643EA01411EF0B2
:10A510004EFD94F83A2094F8393094F83B1043EA11
:10A52000022343EA014130461EF069FDE16A3046EC
:10A530007729C3BF50232831B1FBF3F101211EF06D
:10A5400072FD012130461EF07AFD94F8333094F804
:10A55000342094F8351043EA022343EA014130469F
:10A560001EF0E7FD94F82830E16A012B00F03C81F1
:10A57000022B14BF102314235943EF29C3BFA02378
:10A580005031B1FBF3F1012130461FF083FF94F805
:10A590002830E16A012B00F02981022B14BF0A2325
:10A5A0000C235943EF29C3BFA0235031B1FBF3F172
:10A5B000012130461EF0EFFC94F82830E16A012BAF
:10A5C00000F01681022B14BF0A230C230AE000BFFF
:10A5D0001A171500302B280037322F000974020893
:10A5E0005C4403085943EF29C3BFA0235031B1FB9A
:10A5F000F3F1012130461EF0D4FC1220FDF796FF46
:10A60000C0F307238DF81800C0F307408DF8193008
:10A610008DF81A00069930461EF063FDE16A304657
:10A62000EF29C2BFA0235031B1FBF3F104F59876B6
:10A63000D8BF01211EF04FFD3046FFF7B3FD304675
:10A6400021691EF008FDE16A304601EB4101EF2966
:10A65000C3BFA0235031B1FBF3F101211EF0F5FC83
:10A66000E16A304601EB4101EF29C3BFA02350311D
:10A67000B1FBF3F101211EF002FD7F21304604F50C
:10A680009E761EF0F6FC3046FFF78CFD227DE37CC3
:10A69000617D43EA022343EA014130461EF0DBFCC0
:10A6A000E16A304601EB4101EF29C3BFA0235031DD
:10A6B000B1FBF3F101211EF0C8FC7F21304604F10B
:10A6C00070061EF0D6FC3046FFF76CFD94F828307B
:10A6D000E16A012B00F08E80022B14BF08230C23AB
:10A6E0005943EF29C3BFA0235031B1FBF3F101213E
:10A6F00030461EF03EFDFF2130461EF066FC94F809
:10A70000393094F83A2094F83B1043EA022330465B
:10A7100043EA01411EF04BFC676A17F0010777D14D
:10A720001220FDF703FFC0F307238DF81C00C0F3D0
:10A7300007408DF81D308DF81E00079930461EF039
:10A74000B6FC3846F8F7D0F900EB4000EF2853DDAF
:10A750003846F8F7C9F9A02300EB400000F150019A
:10A7600091FBF3F130461EF090FC7F2130461EF045
:10A77000ACFC0020F8F7B8F93B283FDC0020E76A82
:10A78000F8F7B2F93B2801F3BD8001204743EF2FD2
:10A7900041F3C4800020E76AF8F7A6F93B2841F3AB
:10A7A000BA800020F8F7A0F92823143090FBF3F0CA
:10A7B000A02300FB07F1503191FBF3F125E00421C8
:10A7C0001220FDF7F5FE90E51DF0CBFB9EE5022182
:10A7D0001220FDF7C9FEAAE51220FDF7A7FEE6E567
:10A7E0000E234AE60E235DE61823C5E60E23D8E6BF
:10A7F0000E23F7E6102373E70121B3E70020F8F7F3
:10A8000073F93B304E28B9D8002130461EF043FC86
:10A8100094F8333094F8342094F8351043EA022346
:10A8200043EA014130461EF084FC94F82830E16A86
:10A83000012B01F07680022B14BF102314235943FF
:10A84000EF29C3BFA0235031B1FBF3F10121304602
:10A850001FF015FE94F82830E16A012B01F06480A6
:10A86000022B14BF0A230C235943EF29C3BFA02393
:10A870005031B1FBF3F1012130461FF0EFFDE16AE9
:10A88000304601EB8101EF29C3BFA0235031B1FB5A
:10A89000F3F101211EF085FBE16A304601EB8101F5
:10A8A000EF29C3BFA0235031B1FBF3F1012104F51F
:10A8B00059771EF070FB04F55B76384692491DF01F
:10A8C00090FC04F1C408304690491DF08AFC4046D3
:10A8D000FFF768FC394640461EF057FC04F1D007EC
:10A8E000232140461EF057FC3846FFF75BFC3146FB
:10A8F00038461EF04AFC04F5B0767F2138461EF03B
:10A900004AFC3046FFF74EFC304601211EF037FC72
:10A910000121304604F580761EF091FB3046FFF7AA
:10A9200041FC94F82830E16A012B01F00080022BF1
:10A9300014BF102314235943EF29C3BFA023503160
:10A94000B1FBF3F1012130461FF0A4FD94F828304B
:10A95000E16A012B00F0EE87022B14BF10231423B1
:10A960005943EF29C3BFA0235031B1FBF3F10121BB
:10A9700030461EF010FB94F82830E16A012B00F0FD
:10A98000DC87022B14BF102314235943EF29C3BFC4
:10A99000A0235031B1FBF3F10121304604F1F4065C
:10A9A0001EF0FFFA3046FFF7FDFB94F82830E16A0D
:10A9B000012B00F0C587022B14BF0A230C23594337
:10A9C000EF29C3BFA0235031B1FBF3F10121304681
:10A9D0001FF060FD94F82830E16A012B00F0B38786
:10A9E000022B14BF0A230C235943EF29C3BFA02312
:10A9F0005031B1FBF3F10121304604F586761FF0AA
:10AA000022FD3046FFF7CEFB0A23E16A3046594368
:10AA1000EF29C3BFA0235031B1FBF3F101211EF098
:10AA2000BAFA0A23E16A30465943EF29C3BFA0238B
:10AA30005031B1FBF3F1012104F58C761EF0B1FA2F
:10AA40003046FFF7AFFB1423E16A30465943EF2944
:10AA5000C3BFA0235031B1FBF3F1012104F592767D
:10AA60001EF07BFB3046FFF79DFB0221304604F1D0
:10AA7000DC061EF078FB3046FFF794FB30460021E1
:10AA80001FF008FD304600211EF085FA00213046F7
:10AA900004F1E8061EF085FA3046FFF783FB94F8D0
:10AAA0002830E16A012B00F05187022B14BF0223EA
:10AAB00006235943EF29C3BFA0235031B1FBF3F163
:10AAC000012130461FF0E6FC94F82830E16A012BA2
:10AAD00000F03F87022B14BF022306235943EF29BE
:10AAE000C3BFA0235031B1FBF3F1012130461EF06A
:10AAF00052FA94F82830E16A012B00F02D87022BDE
:10AB000014BF0223062303E073A402083DA100083A
:10AB10005943EF29C3BFA0235031B1FBF3F1012109
:10AB2000304604F17C061EF03CFA3046FFF73AFB53
:10AB3000304621691EF03BFA1DF013FAC0F30723DB
:10AB40008DF82000C0F307408DF821308DF82200E9
:10AB5000089930461EF0EDFAFF21304604F18806D0
:10AB60001EF033FA3046FFF71DFB304621691EF018
:10AB70001EFA304621691EF0DCFA3321304604F11A
:10AB800094061EF022FA3046FFF70CFB227DE37C90
:10AB9000617D43EA022343EA014130461EF007FA91
:10ABA0001DF0DFF9C0F307238DF82400C0F3074040
:10ABB0008DF825308DF82600099930461EF0B9FA37
:10ABC000FF21304604F1A0061EF0FFF93046FFF7E2
:10ABD000E9FA227DE37C617D43EA0223304643EAC1
:10ABE00001411EF0E4F9227DE37C617D43EA02230A
:10ABF00043EA014130461EF09CFA3321304604F10D
:10AC0000AC061EF0E2F93046FFF7CCFA94F83A2091
:10AC100094F8393094F83B1043EA022343EA0141A7
:10AC200030461EF0C4F93046FF211EF0CEF994F8EC
:10AC3000342094F8333094F8351043EA022343EA81
:10AC40000141304604F1B8061EF073FA3046FFF7B2
:10AC5000A9FAE38E94F83810304643EA01411EF019
:10AC6000A6F93046FF211EF0B0F994F8342094F88C
:10AC7000333094F8351043EA022343EA0141304669
:10AC800004F5A4761EF055FA3046FFF78BFA47F626
:10AC9000FF71304604F5AA761EF06BFA3046FFF7D6
:10ACA00081FA0021304604F5B6761EF062FA30468D
:10ACB000FFF778FAE16A30460029B8BF03318910FE
:10ACC00004F5BC7609021EF078FA3046FFF76AFAFE
:10ACD000E16A304601EB4101EF29C3BFA0235031A7
:10ACE000B1FBF3F101211EF032F9E16A304601EBCC
:10ACF0004101EF29C3BFA0235031B1FBF3F1012182
:10AD000004F5DA761EF029F93046FFF74BFA3046A3
:10AD100021691EF04CF93046FF211EF056F906233A
:10AD2000E16A30465943EF29C3BFA0235031B1FB3C
:10AD3000F3F101211FF0AEFB47F6FF71304604F539
:10AD4000CE761EF016FA3046FFF72CFAC8213046B0
:10AD500004F5D4761EF025FA3046FFF723FA782161
:10AD6000304604F5E0761EF01CFA3046FFF71AFA7A
:10AD700094F83A2094F8393094F83B1043EA0223CF
:10AD800043EA014130461EF0C6F9E16A3046C1EBA4
:10AD90000111EF29C3BFA0235031B1FBF3F1012111
:10ADA0001EF0ADF90121304604F5E6761EF0ADF94E
:10ADB0003046FFF7F7F93046216904F5FE761EF0BC
:10ADC000AAF93046FFF7EEF94FF48271304604F5E8
:10ADD00002761EF0B0F83046FFF7E4F9E16A30463B
:10ADE00001EB4101EF29C3BFA0235031B1FBF3F1C7
:10ADF00001211FF04FFBE16A30467729C3BF502382
:10AE00002831B1FBF3F101211EF00DF93046216923
:10AE10001EF0F5F8E38E94F83810304643EA01410D
:10AE20001EF0C5F83046FF211EF0CFF894F8283008
:10AE3000E16A012B14BF08230C235943EF29C3BF38
:10AE40004FF4A0735031B1FBF3F1002130461EF0F6
:10AE500090F93046A1691EF07AF91DF082F8C0F32E
:10AE600007238DF82800C0F307408DF829308DF8AE
:10AE70002A000A99304604F505761EF05AF9304644
:10AE8000FFF790F930469C4904F508761EF0B1F8BA
:10AE90003046FFF787F9E16A30463B29C3BF6FF0C0
:10AEA0002703143191FBF3F14FF0FF311FF0F2FA59
:10AEB0001DF057F8C0F307238DF82C00C0F30740AE
:10AEC0008DF82D308DF82E000B99304604F50B7659
:10AED0001EF06DF83046FFF765F9304601211EF08F
:10AEE000FAF894F8342094F8333094F8351043EAA3
:10AEF000022343EA0141304604F5F8761EF0F1F8EA
:10AF00003046FFF74FF9304600211EF098F80A232B
:10AF1000E16A30465943EF29C3BFA0235031B1FB4A
:10AF2000F3F101211EF03DF894F83A2094F83930FD
:10AF300094F83B1043EA022343EA014104F5EC771D
:10AF400030461EF0CEF83846FFF72CF9E16A384655
:10AF500001EB4101EF29C3BFA0235031B1FBF3F155
:10AF600001211EF0B8F8E16A384601EB4101EF29F2
:10AF7000C3BFA0235031B1FBF3F101211EF0F9F85A
:10AF8000E66A38461D2EC3BF14230A36B6FBF3F615
:10AF9000012631461DF0C3FF314638461DF0C5FF7E
:10AFA000E16A38467729C3BF50232831B1FBF3F15A
:10AFB000012104F5F2771DF0F4FF3846FFF7F2F8AF
:10AFC00047F6FF7138461EF0D4F8314638461DF07A
:10AFD000A6FF314638461DF0A8FF384621691DF00E
:10AFE000E6FF04F52076FF2138461DF0EEFF3046DF
:10AFF000FFF7D8F8304600211FF04CFA3046002108
:10B000001FF021FA304600211EF0B3F8304601212E
:10B010001EF0B5F80021304604F535761EF009F82B
:10B020003046FFF7BFF894F82830E16A012B14BFCF
:10B0300008230C235943EF29C3BFA0235031B1FB90
:10B04000F3F1012130461EF094F8304601211EF044
:10B0500096F83046FF211DF0B8FFE38E94F83810C3
:10B06000304643EA01411DF0A2FF94F8342094F8E1
:10B07000333094F8351043EA022343EA0141304665
:10B0800004F523761EF055F83046FFF78BF894F858
:10B090002830E16A012B00F06284022B14BF0A23DE
:10B0A0000C235943EF29C3BFA0235031B1FBF3F167
:10B0B000012130461FF0E3F994F82830E16A012BB2
:10B0C00000F05084022B14BF0A230C235943EF29AC
:10B0D000C3BFA0235031B1FBF3F1012130461FF073
:10B0E000BDF994F82830E16A012B00F03E84022B70
:10B0F00014BF0A230C2301E0584403085943EF29E5
:10B10000C3BFA0235031B1FBF3F1012130461FF042
:10B110009AF9E16A3046EF29C3BFA0235031B1FB51
:10B12000F3F101211DF07FFF304619211DF075FF5D
:10B1300094F8342094F8333094F8351043EA02231D
:10B1400043EA014130461DF05AFF0021304604F524
:10B1500026761DF06EFF3046FFF724F830460021BA
:10B160001FF098F9304600211FF06DF9E16A304672
:10B17000EF29C3BFA0235031B1FBF3F101211DF032
:10B1800052FF304619211DF048FF94F8342094F8FE
:10B19000333094F8351043EA022343EA0141304644
:10B1A0001DF02DFF0821304604F529761DF041FFE2
:10B1B0003046FEF7F7FF304600211FF06BF9002103
:10B1C000304604F52F761FF03EF93046FEF7EAFFD1
:10B1D00094F82830E16A012B00F0CA83022B14BFD7
:10B1E0000A230C235943EF29C3BFA0235031B1FBDD
:10B1F000F3F1012130461FF042F994F82830E16A5A
:10B20000012B00F0B783022B14BF022306235943FE
:10B21000EF29C3BFA0235031B1FBF3F10121304628
:10B220001FF01CF994F82830E16A012B00F0A48388
:10B23000022B14BF0A230C235943EF29C3BFA023B9
:10B240005031B1FBF3F10121304604F532761FF0A5
:10B25000FAF83046FEF7A6FF94F82830E16A012B91
:10B2600000F08C83022B14BF022306235943EF29DD
:10B27000C3BFA0235031B1FBF3F1012130461FF0D1
:10B28000FEF894F82830E16A012B00F07983022B54
:10B2900014BF022306235943EF29C3BFA023503113
:10B2A000B1FBF3F1012130461FF0D8F83046002100
:10B2B0001DF00BFF304600211DF087FE94F834206E
:10B2C00094F8333094F8351043EA022343EA0141FD
:10B2D000304604F52C761DF02CFF3046FEF762FF59
:10B2E000304600211FF0CBF80021304604F53876B7
:10B2F0001FF0A9F83046FEF755FF332130461DF008
:10B3000064FE1220FDF712F9C0F307238DF8300018
:10B31000C0F307408DF831308DF832000C9930467B
:10B3200004F53B761DF043FE3046FEF73BFF00215F
:10B3300030461DF04AFE94F82830E16A012B00F0F7
:10B340002183022B14BF022306235943EF29C3BFD5
:10B35000A0235031B1FBF3F10121304604F50E7604
:10B360001FF07CF83046FEF71DFFE16A3046EF29FA
:10B37000C3BFA0235031B1FBF3F101211DF053FEF7
:10B3800094F83A2094F8393094F83B1043EA0223B9
:10B3900043EA014130461DF032FE0321304604F5F8
:10B3A00011761DF046FE3046FEF7FCFE94F8342080
:10B3B00094F8333094F8351043EA022343EA01410C
:10B3C00030461DF01CFEE16A30467729C3BF50238A
:10B3D0002831B1FBF3F101211DF025FEE16A304671
:10B3E000EF29C3BF6FF09F03503191FBF3F14FF092
:10B3F000FF311DF0C4FD304604211DF01AFE304619
:10B400004FF4C87104F514761DF0CBFE3046FEF7FC
:10B41000C9FE636ADB0740F1B78202211220FDF703
:10B42000C7F8C0F307238DF83400C0F307408DF848
:10B4300035308DF836000D99304604F517761DF03D
:10B4400078FE3046FEF7AEFE94F82830E16A012B14
:10B4500000F09F82022B14BF0A230C235943EF29CB
:10B46000C3BFA0235031B1FBF3F1012130461FF0DF
:10B4700011F894F82830E16A012B00F08C82022B3D
:10B4800014BF0A230C235943EF29C3BF4FF4A07301
:10B490005031B1FBF3F10021304604F51A761EF06D
:10B4A000D2FF3046FEF77EFEE16A3046EF29C3BF89
:10B4B000A0235031B1FBF3F101211DF0B4FD94F84C
:10B4C0003A2094F8393094F83B1043EA022330468E
:10B4D00043EA01411DF093FDE38E94F838103046A5
:10B4E00043EA01411DF063FD3321304604F51D762A
:10B4F0001DF06BFD3046FEF755FE94F82830E16AEA
:10B50000012B00F04A82022B14BF0A230C2359435B
:10B51000EF29C3BFA0235031B1FBF3F10121304625
:10B520001EF0ADFF94F82830E16A012B00F037825D
:10B53000022B14BF0A230C235943EF29C3BFA023B6
:10B540005031B1FBF3F1012130461DF00CFD94F8B0
:10B550002830E16A012B00F02482022B14BF022361
:10B5600006235943EF29C3BFA0235031B1FBF3F1A8
:10B57000012130461DF0FDFC94F82830E16A012BD2
:10B5800000F01182022B14BF0A230C235943EF2928
:10B59000C3BFA0235031B1FBF3F10121304604F5C4
:10B5A0003E761EF050FF3046FEF7FCFD1220FCF701
:10B5B000BDFFC0F307238DF83800C0F307408DF8B6
:10B5C00039308DF83A000E9930461DF0F0FC7F219D
:10B5D000304604F541761DF0F8FC3046FEF7E2FDFA
:10B5E000002130461DF051FD94F82830E16A032B0C
:10B5F00040F0DB81C900EF2940F3E1814FF4A073F3
:10B600005031B1FBF3F1304604F550761DF0B1FD39
:10B610003046FEF7C7FD304621691DF0F0FCE16AB7
:10B6200030467729C3BF50232831B1FBF3F1022103
:10B63000C8BF49001DF0F7FC304601211DF0F9FCA0
:10B64000E16A30467729C3BF50232831B1FBF3F1BB
:10B650000221C8BF490004F54D761DF084FC304638
:10B66000FEF7A0FDE16A30467729C3BF6FF04F03B4
:10B67000283191FBF3F14FF0FF3104F544761DF0D2
:10B68000FEFC3046FEF78EFD94F82830E16A012B6F
:10B6900000F09981022B14BF102314235943EF2982
:10B6A000C3BFA0235031B1FBF3F1012130461EF09E
:10B6B000E6FE304600211EF0D1FE304600211EF08D
:10B6C000C2FE0121304604F547761DF058FD304694
:10B6D000FEF768FDE16A3046EF29C3BFA023503171
:10B6E000B1FBF3F101211DF09EFC94F83A2094F88F
:10B6F000393094F83B1043EA022343EA01413046D3
:10B700001DF07DFC012130461DF093FC94F828309B
:10B71000E16A012B00F05981022B14BF0A230C238C
:10B720005943EF29C3BFA0235031B1FBF3F10121ED
:10B7300030461EF0AFFE94F82830E16A012B00F08D
:10B740004681022B14BF0A230C235943EF29C3BFA0
:10B75000A0235031B1FBF3F10121304604F54A76C4
:10B760001DF01FFC3046FEF71DFD94F82830E16AFD
:10B77000012B00F02E81022B14BF102314235943F8
:10B78000EF29C3BFA0235031B1FBF3F101213046B3
:10B7900004F553761DF0DBFB3046FEF703FDFF2179
:10B7A00030461DF012FC1CF0DCFBC0F307238DF8C3
:10B7B0003C00C0F307408DF83D308DF83E000F99F6
:10B7C00030461DF0F4FB1220FCF7B0FEC0F3072357
:10B7D0008DF84000C0F307408DF841308DF84200ED
:10B7E000109930461DF0F7FB304647F6FF711DF00B
:10B7F000C0FCE16A3046C1EB0111EF29C3BFA023B1
:10B800005031B1FBF3F101211DF03FFC1CF0A9FB0D
:10B81000C0F307238DF84400C0F307408DF845308E
:10B820008DF84600119930461DF041FCE16A304622
:10B8300001EB8101EF29C3BFA0235031B1FBF3F12C
:10B84000012104F556761DF02CFC3046FEF7AAFCCB
:10B8500094F8342094F8333094F8351043EA0223F6
:10B86000304643EA01411DF03CFC0020F7F73CF96B
:10B87000772840F3B0800020F7F736F9502300F125
:10B88000280191FBF3F130461DF025FC94F834209B
:10B8900094F8333094F8351043EA0223304643EAF3
:10B8A00001411DF038FC0020F7F71EF9772840F31E
:10B8B00094800020F7F718F9502300F1280191FB3C
:10B8C000F3F130461DF01BFC0020F7F70DF90627B9
:10B8D0007843EF2840F383800020F7F705F9A02391
:10B8E00007FB00F1503191FBF3F130461DF029FBCD
:10B8F000002D76D10020F6F7B9F8012384F83C300A
:10B90000FEF7D5BC0020F7F7EFF82823143090FBA2
:10B91000F3F0FEF73BBF0120FEF74ABF0121FEF71F
:10B9200074BF1823FEF78BBF0E23FEF79DBF1823AD
:10B93000FFF701B81823FFF713B81823FFF725B84E
:10B940000E23FFF73CB80E23FFF74EB80823FFF78E
:10B95000B0B80823FFF7C2B80823FFF7D9B80E2301
:10B96000FFF79FBB0E23FFF7B1BB0E23FFF7C6BB4C
:10B970000E2337E408234AE40E235DE4082375E42C
:10B98000082388E40823E0E401211220FCF7ECFD01
:10B9900047E50E2362E50E2375E50E23B7E50E237A
:10B9A000CAE50823DDE50E23F0E5012B14BF0823CB
:10B9B0000C235943EF2904DDA023503121E6002157
:10B9C00021E601211FE6182368E60E23A8E60E23D0
:10B9D000BBE61823D3E6012155E7012171E70121D8
:10B9E00083E72846F7F766FB844286D182E700BFEB
:10B9F00008B5FEF7E3FB10B1014BD3F8B00108BD69
:10BA0000181000200022044B83F8BC20D3F8B82083
:10BA10000244C3F8B820704718100020074BD3F831
:10BA2000C02002B110470121D3F8B80083F8BC1040
:10BA300093F8BC20002AF9D0704700BF18100020EE
:10BA400038B587234FF487720025C1E90D232D22D5
:10BA5000C1E90B53154B0C46C1E90F2364238B64DA
:10BA600091F84C304D6423F00F0343F0080381F844
:10BA70004C304FF434730B65FFF7D0FF636B606598
:10BA8000A36594F84C30204665F3041384F84C30D9
:10BA900002210DF01AFF20464FF444710DF0C6FC50
:10BAA0002046BDE838400D210FF01BB90080FFFF94
:10BAB0002DE9F047B6B0BC480E460EF0DBFB01287E
:10BAC0002CD130461CF019FC054630461CF011FC08
:10BAD000022D044640F01E81FAF704FC0546E8B149
:10BAE0001AF0E6FF012819D128460AA91AF0EAFF40
:10BAF00006AA20461AA91EF0CCFD0A9B1A9A9B1A88
:10BB00000A931B9A0B9B9B1A0B9394F84C30DF07FC
:10BB100007D5DDE90A1051EA000335D136B0BDE89A
:10BB2000F0874FF4003120461EF090FD069D06463A
:10BB30002D1A4FF4803120460DF0D9FCD0B1AD1B49
:10BB4000012DB8BF0125DDE90A325243069503FBFA
:10BB500003236D43AB4208DD94F84C3043F00103FE
:10BB600084F84C30FFF75AFF606594F84C30DE07DC
:10BB7000D4D5CEE72B46002DB8BFEB1C9B10B342AB
:10BB8000ACBFED1AAD1BDBE7D4E90E369E42B8BF61
:10BB900006F5B4761CF0D6FEE36AC51AA36BED1A5F
:10BBA000002D39DBB5F5B47F39DA4FF41D73069AF1
:10BBB00032205A436423B2FBF3F711F091F84FF4AB
:10BBC000B47303FB00F294F84C80B2FBF7F2294601
:10BBD0002046C8F3C0081EF001FD00289ED0A16BCE
:10BBE000A76D94F84C307F1AEA1B002AB8BF524266
:10BBF000B2F58C7FA6EB010C55DD1D0712D4B8F110
:10BC0000000F67D013F0180F64D194F84C3043F054
:10BC1000080384F84C300BE005F5B475C0E7A5F5D2
:10BC2000B475BFE7B8F1000F02D013F0180FECD0D5
:10BC30000025606D1EF09FFC236DED1B58434FF4F3
:10BC40007A73B0FBF3F0854203DC4042A842B8BFF0
:10BC50002846D4E91135A16B3844721AEF1AD20084
:10BC600092FBF7F2171D48BF02F1130700EB2710F4
:10BC70003246276C084400951CF0C8FE054694F82F
:10BC80004C3003F00603042B01BFA36C656C1B1A38
:10BC9000ED18236CAB4226D1636C9D4235D1FFF782
:10BCA000BDFE60653AE7D80617D4180714D403F030
:10BCB0001803B8F1000F0DD16546082BB9D1C2F5B4
:10BCC000B472B2F58C7FB4DD94F84C306FF3C303DB
:10BCD00084F84C306546ACE78D1BB8F1000FA8D155
:10BCE00003F01803E9E7FFF799FE2946606520464F
:10BCF0001EF06BFFAF42CFD00022202120460EF075
:10BD0000CEFA01287FF40AAFC6E7A36C9D427FF408
:10BD100005AFC4E71A2D3FF601AF0D2D22D8032D34
:10BD200002D0082D7FF4FAAE94F84C3020466FF321
:10BD3000000384F84C300DF0E8FB04460DF0BBF82E
:10BD40000546FAF7CFFA1AF0B3FE04287FF4E6AE00
:10BD5000002D3FF4E3AE0021204636B0BDE8F047A9
:10BD60000DF087B80E3D0C2D3FF6D8AE01A353F869
:10BD700025F000BFADBD0008EBBD00081DBB0008ED
:10BD80001DBB00081DBB0008F7BD00081DBB000857
:10BD90001DBB00081DBB00081DBB0008CBBE000872
:10BDA0001DBB00085FBF00086C44030830460EF05E
:10BDB00017FB20F00203112B256C0FD1691C2046C4
:10BDC0001EF003FF236C9D423FF4A8AE0022202109
:10BDD000204636B0BDE8F0470EF061BA142802D014
:10BDE00012287FF49BAE691EE9E730460EF004FB93
:10BDF000256C4119E3E730461CF083FA06AA804619
:10BE00000AA920461EF045FCA76807B13F6A002139
:10BE100020461EF01BFCDDE90AA6069D00EB070983
:10BE2000A5EB0905AB190093721BAAEB05011AA833
:10BE300005EB0A0306951BF0DEFB47F6FF72D8F808
:10BE400000101AA81BF047FCD8BBD8F80030D3E983
:10BE50000010801BA1EB0A011CF074FDE36AC61AF6
:10BE6000A36BF61A002E26DBB6F5B47F26DA322055
:10BE700010F036FF4FF4B47303FB00F24FF41D7360
:10BE80005D436423B5FBF3F53146B2FBF5F2204682
:10BE90001EF0A4FBA8B107EB090211461AA81BF07B
:10BEA000C4FB47F6FF72D8F800101AA81BF013FC69
:10BEB00088F8040032E606F5B476D3E7A6F5B47642
:10BEC000D2E7002388F8043028E600211EF0C5FBE5
:10BED0000021054620461EF0C7FB002107462046EC
:10BEE0001EF0C9FB0021804620461EF0CBFBAF426E
:10BEF000B8BF2F464745B8BF47468742B8BF074639
:10BF00004FF4403120461EF0A8FB4FF44031054667
:10BF100020461EF0A9FB4FF44031814620461EF01A
:10BF2000AAFB4FF44031804620461EF0ABFB4D4546
:10BF3000B8BF4D464545B8BF45468542B8BF0546E2
:10BF400020461EF08EFC0235ED1B054430461CF0E9
:10BF5000D8F90368AB42ACBF03600560DEE530464C
:10BF60001CF0C7F9044630460EF031FA04AE07461D
:10BF70003146204603AA1EF08CFBDDF80C80B8F198
:10BF8000000F19DD0AA810F016FF002120460AAAAA
:10BF90000EF08CF896E8030015AB83E80300E26A24
:10BFA000A36B384613441393E36B0AA91344149309
:10BFB000ADF85C8010F016FF4FF4003120461EF003
:10BFC0004CFB4FF40031054620461EF04DFB4FF46C
:10BFD0000031824620461EF04EFB4FF40031814670
:10BFE00020461EF04FFB5545B8BF55464D45B8BFDE
:10BFF0004D468542ACBFA8EB0509A8EB0009B9F195
:10C00000000F1ADD0AA810F0D6FE4FF400312046CA
:10C010000AAA0EF04BF896E8030015AB83E803007C
:10C02000D4E90B2313441393636B384613440AA9D2
:10C030001493ADF85C9010F0D5FE4246314606AB45
:10C0400020461EF068FB1AA8F8F74EF920461AAAF7
:10C050004FF440310DF03CFD384606AA1AA911F004
:10C0600027FB5BE52DE9F04399B09DF880800546FC
:10C070000F4616461C46B8F1000F16D14FF0FF3997
:10C0800041461846FCF718F92846C4F80C9037606A
:10C090000EF07CFD41462046FCF70EF9C4E900583D
:10C0A000C4E9028919B0BDE8F083DB68204601339A
:10C0B0000CBF1368A368C4E9013131600021FCF7AB
:10C0C000FBF802A8FCF798F8214602A81BF047FAF3
:10C0D00002A80D491BF045FA4FF4807202A8002116
:10C0E0001BF046FA02A809491BF04CFA6422002111
:10C0F00028460FF0B0FC014602A81BF034FA02A853
:10C10000FCF794F8CEE700BF3BAC020813AC020882
:10C110002DE9F04FF7B005461CF0EBF80446284631
:10C120000EF055F90BA9029020460EF02BFB682269
:10C13000002120460FF08FFC6922054600215A900D
:10C1400020460FF088FC294602465A900BA81BF0A7
:10C150006CFA0BA81BF0CAFD05900BA81BF0CBFDD9
:10C16000D4E90C3294F87090B2EB030BC9F3C20916
:10C1700008BF4FF0010BB9F1010F069009D0B9F1DA
:10C18000020F56D0059B8342B4BF4FF000094FF019
:10C19000010920461EF0D6FD0021122208902046FB
:10C1A0000FF059FC1322002103905A9020460FF003
:10C1B00052FC1022002104905A9020460FF04BFCB4
:10C1C0001122002100905A9020460FF044FCDDE936
:10C1D0000C215A900190039D0B980E9B2844E0631C
:10C1E000049804F13C08091A6164009940460A4425
:10C1F0002264019A9B1AA364B9F1000F1CD01BF0B2
:10C200007AFD032809DC069B03EBD372A36903EBD9
:10C2100062039A1E02332264A36440461BF066FD4B
:10C22000074640461BF067FD04F1440A4346944A22
:10C230001CE04FF00009ACE71BF058FD032809DCB7
:10C24000059B03EBD372636903EB62039A1E02330F
:10C25000E263636440461BF049FD40461BF04BFD22
:10C260000746884A04F1400304F1480AE16E079248
:10C270004A1C206B54D0656EA26E2D1A121A7D4393
:10C280007A4395FBFBF592FBFBF2521B514348BFEF
:10C29000FF3105EB2125E16D4E1C47D0666DA26D87
:10C2A000361A121A7E437A4396FBFBF692FBFBF298
:10C2B000921B514348BFFF3106EB21262722002164
:10C2C000204609930FF0C7FB099B5A90B9F1000F64
:10C2D00032D0C2B2511E4A424A4194F84CC09445F1
:10C2E00004D0194653468A4676426D42B9F1000F92
:10C2F00024D019683144CAF80010186808992844F5
:10C300001860002935D14046079B9847012848DC32
:10C3100000221F2120460DF0C2FF77B0BDE8F08F4C
:10C32000A56B2D1A7D4395FBFBF5B4E7E66A361A3B
:10C330007E4396FBFBF6C1E74A46CEE7DAF80010EB
:10C340000898891B01311960DAF80010491BCAF8F6
:10C3500000100028D7D0206B9445C0F1000007FBE7
:10C3600000F090FBFBF079D10A1A013251469A464F
:10C3700076E0216B9445C1F1000107FB01F191FBCF
:10C38000FBF102D15246084403E01A465346411AD3
:10C39000481CDAF800108142CBBF116019601860A8
:10C3A0001060E36B3EA80F93236C1093636C1193A2
:10C3B000A36C1293F7F798FF20464FF400313EAA82
:10C3C0000DF086FB0C22002120460FF044FBDDE936
:10C3D00005439C42A8BF1C4664108442A8BF044683
:10C3E0005A904046459E1BF081FC054640461BF096
:10C3F00082FC854240463DDA1BF078FC45109DF8F2
:10C400002721B542DDE90303A8BF35464A9902F06A
:10C4100007020343B9F1000F2FD1012A00F0AE80CB
:10C42000002940F0AB80009A1343019A134300F1B6
:10C43000C180A54280F2BE8022460BA90FA81BF046
:10C44000CAF9002840F0B6804FF0000A00234FF0F0
:10C4500001088DF840318DF850312BE00A1819464B
:10C460001B689342CBBF0B60CAF80030CAF80020AB
:10C470000A6096E71BF03FFCC0E7022ACEE700BF48
:10C48000ED7C0208F77C02084FF0000870223EA9FC
:10C490005AA823F066FC02980FAA5AA98DF8B08119
:10C4A0008DF8C0818DF888818DF8A3814FF0010A45
:10C4B00011F0FEF8002670223EA95AA88DF864619A
:10C4C0000FAF23F04EFC97E80F008DF8B0618DF8A8
:10C4D000C06113AE86E80F00BAF1000F0CD0B9F1BD
:10C4E000000F5ED0039A0B9B13443360049A0D9B9C
:10C4F0009B1AB3600023619332461021029810F01A
:10C5000027FC32465AA9814611F0D2F817A811F03B
:10C510006BF8B8F1000F0AD00BAB0DF1780C0FCB14
:10C520008CE80F00484617A9229411F061F8BAF17F
:10C53000000F09D097E80F001EAC84E80F004846B2
:10C5400017A9229511F054F823A8F7F773FB324688
:10C55000029823A9CDF8A89010F09EFE70223EA963
:10C560005AA823F0FEFB00233A468DF888318DF857
:10C57000A3315AA9029811F09BF8CEE6009A134312
:10C58000019A134380D4A542BFF67EAF22460BA981
:10C590000FA81BF020F900287FF476AF4FF0010AB6
:10C5A00054E7009A0C9B13447360019A0E9B9B1AEC
:10C5B000F3609FE70FAA3EA9DCE700BF2DE9F34136
:10C5C0002E480C460DF056FE012840D120461BF0A7
:10C5D00094FE064620461BF08CFE182E054639D1E7
:10C5E0004FF400310DF0B2FD074620461BF089FEE6
:10C5F00003681222BB42ACBF0360076000210646FD
:10C6000028460FF028FA1322804600210190284680
:10C610000FF021FA102204460021019028460FF065
:10C620001AFA112207460190002128460FF013FA4A
:10C630004445A8BF4446BC42A8BF3C468442A8BF6C
:10C640000446002C019002DA33681B1B336002B0F1
:10C65000BDE8F081012E01D0082E07D1284605F152
:10C660003C0102B0BDE8F0410EF065BA1A2EEED1E1
:10C67000204602B0BDE8F041FFF74ABD94440308EC
:10C6800010B501460348F3F76BFE04460DF0AFF911
:10C69000204610BDB84403082DE9F04F93B00123A4
:10C6A00004460E460025DFF84082C3630F1F57F88B
:10C6B000040F08B10378A3B9A36B9D422AD0206B65
:10C6C00018B1FCF733FE00232363606B18B1FCF74D
:10C6D0002DFE002363632801FCF70EFE206350B992
:10C6E000FEE741461DF00DFC08B10135DFE7E36BC5
:10C6F0000133E363DBE76800FCF7FEFD606300B92C
:10C70000FEE7236B0021002B08BF00256A001DF007
:10C710009BFBA563272200212046E6620FF09BF9D0
:10C720001222C3B20021119020460D930FF093F90D
:10C73000302200211190059020460FF08CF9342210
:10C7400005460021119020460FF085F9420748BFA9
:10C75000059B4FF0100248BF5B194FF0000111908C
:10C76000204648BF05930FF076F930220546002198
:10C77000119020460FF06FF93422074600211190E6
:10C7800020460FF068F9142283074FF00001119042
:10C79000204648BFED190FF05EF908901190204631
:10C7A0001EF0FCFA099020460EF034F84FF0000815
:10C7B000069020460EF03EF84746E36B089A013B90
:10C7C00002FB130304950A93CDF81C80E36B079AD0
:10C7D0009A427FD20025A6F1040A4FEA4709039541
:10C7E00015E041491DF08DFBA8B1DAF800301B7847
:10C7F0008BB1636B039A33F80930013503F00F03F3
:10C80000012B2CBFD218013209F1020903925AF808
:10C81000040F0028E5D1079B01330793002D51D069
:10C82000E16B4FF0000AB8FBF1F2049BD3461A44C7
:10C830000A9B05F1FF394344B3FBF1F30499013935
:10C840000B440B930999069B01FB19397B1929EAC3
:10C85000E9790C930BFB09F1039B0398B1FBF3F10E
:10C86000636B514433F8173003F00F03012B2CBFD7
:10C870009B440BF1010B0BFB09F3B3FBF0F30AF143
:10C88000FF3003440D98012804D10698C01A069B76
:10C890005B1A0146206B0F920E900B980090059842
:10C8A000034401440E9800EB07101AF0A4FE099B04
:10C8B00001379A440C9B0F9A9F42CBD1013506EB6E
:10C8C000850600E004360A9B089A9844049B1344AA
:10C8D00004937BE720460DF0A5FC204613B0BDE88D
:10C8E000F04F0EF053B900BFDC4403084FF6FF725F
:10C8F00000230A6491F84420084663F30002C1E96A
:10C900000E33C1E90C33CB6281F844200149FFF7B3
:10C91000C3BE00BF284503082DE9F04FF9B0054616
:10C920001BF0E7FC836B0446002B57D028460DF024
:10C930004EFD94F82A300EA943F00803049084F8C1
:10C940002A3020460DF01EFFA26AB24BB4F82880B0
:10C95000134043F40023A3625CA8F7F7C5FC2BA89F
:10C96000F7F7F6F94FF4A02120465CAA0DF0B0F8D5
:10C970004FF4A02120462BAA0DF06FFA94F82A302C
:10C9800010226FF3C30384F82A3000212046A4F854
:10C9900028800FF060F81122002105904090204679
:10C9A0000FF059F8122200210690409020460FF017
:10C9B00052F84FF0000907904090132200212046C2
:10C9C0000FF049F84F4608904090A36BBB4208D83F
:10C9D00094F82A306FF3C30384F82A3079B0BDE8A5
:10C9E000F08FE36A8C4953F829001DF08AFA4FEA68
:10C9F000890A09F101090028F3D0636B4FEA470B5C
:10CA000033F81730DA0600F1C7805E06C3F300255D
:10CA100040F1C48045F08005206B390100EB07131D
:10CA2000D3E9012C4158DE680E9B194412910F99ED
:10CA300063440A443144139214931591002D40F03D
:10CA4000C68070225CA940A81DF009F954222BA9C8
:10CA500016A81DF004F99DF84921429702F01F0322
:10CA60000F2B35D9636907990B441299994214BF6A
:10CA70000F230B2363F304028DF84921E26908991F
:10CA8000521A1499914201BF9DF8492103F01703EE
:10CA900063F304028DF84921A369059A1344139A9C
:10CAA0009A4201BF9DF8493103F01D0262F304036D
:10CAB0008DF84931236A069A9B1A159A9A4201BF4A
:10CAC0009DF8493103F01E0262F304038DF84931E9
:10CAD00012A81BF010F915F02005064607D0636B6D
:10CAE00033F80B30580542BF139B9B1B139340A98F
:10CAF000049812AA10F0DCFD259BE06A1E9A0A93A6
:10CB0000249B50F80AA00EA80B9209931BF0EEF894
:10CB10009DF8A310099BCDE9010100935146DDE981
:10CB20000A320CA81CF022FD12A81BF0DFF80C9BA7
:10CB3000C01A129B00EBD07003EB600312A8129393
:10CB40001BF0D9F80D9B139AC01A00EBD07002EBC2
:10CB5000600212990C981344014413921491159396
:10CB600065B1616B31F80B10490507D506EBD67638
:10CB70007610764232443344139215939DF8A430D4
:10CB8000049843F0400312AA16A9CDF874A08DF8BA
:10CB9000A430189710F0A9FC013716E7236CBB42AC
:10CBA0007FF43AAF18F0200F18BF45F0200518F0B9
:10CBB000020F18BF45F0020518F0040F18BF45F02A
:10CBC000040518F0080F18BF45F0080524E794F88D
:10CBD0002A3040A843F0080384F82A302585F7F767
:10CBE00083FB16A8F7F7B4F84FF4A021204640AA1B
:10CBF0000CF06EFF4FF4A021204616AA0DF02DF97F
:10CC000094F82A30A4F828806FF3C30384F82A30FC
:10CC100021E700BF0000F7FFDC44030810B5014620
:10CC20000348F3F79DFB04460CF0E1FE204610BDDF
:10CC3000044503082DE9F8434FF6FF739942044673
:10CC40000E4602D10020BDE8F883836B8B42F9D3F6
:10CC500000252F46DFF83090B54206D1A36BAB42DA
:10CC6000F0D0E36A53F82700EDE7E36A07F1010823
:10CC7000494653F8280001351DF043F908B907F17A
:10CC800002084746E8E700BFDC4403082DE9F0430B
:10CC900085B0AE480E460DF0EDFA01281AD13046A7
:10CCA0001BF02BFB054630461BF023FB182D0446DA
:10CCB00026D1C36B73B10027C56ADFF89482043DA7
:10CCC00055F8040F30B141461DF01BF910B12B6827
:10CCD0001B7813B905B0BDE8F083636BDB5B0237EB
:10CCE0005B05EDD5E16B29B120460DF0A3FDE16BAD
:10CCF000B0FBF1F1304605B0BDE8F0430DF088BB64
:10CD00002F2D05D1E16A05B0BDE8F0431EF056B9FC
:10CD1000102D27D8002DDDD0013D0F2DDAD801A32D
:10CD200053F825F071CD0008E9CD0008B3CE000816
:10CD3000D5CC0008D5CC000891CE0008D5CC000891
:10CD40001BCE0008D5CC0008D5CC0008D5CC0008F7
:10CD5000D5CC0008D5CC000855CF0008D5CC0008AC
:10CD6000C1CE00081A2D00F0D3812E2DCAD0B1E714
:10CD700030460DF01AFB216C054620461EF0C3F824
:10CD8000F9F7B0FA19F094FE00F0FD00012817D170
:10CD9000284602A919F096FE02A920461EF006F8C0
:10CDA0004FF6FF7398420146236409D0636B33F852
:10CDB000103003F050031BB9206420461EF0A3F886
:10CDC0004FF6FF72236C934284D0626B32F81320CB
:10CDD00002F4CA62002A7FF47DAF019301AA2021E8
:10CDE00020460DF05CFA75E74FF6FF75036CAB4219
:10CDF0003FF470AF30460DF0D8FA02A919F062FE88
:10CE000002A920461DF0D2FF216C81423FF462AF9F
:10CE100020461EF078F825645CE74FF6FF73016C3E
:10CE200099422BD0426B32F81130180613D55F06A9
:10CE300011D4DE0529D594F84400C50725D423F480
:10CE400080739BB222F8113094F84430D80702D591
:10CE500020461EF041F9236C626B32F8132012F465
:10CE6000C06F0BD012F0500F08D12021204602AA2B
:10CE700002930DF014FA01287FF42CAF2046216CA8
:10CE800005B0BDE8F0431EF03EB843F48073D9E727
:10CE90004FF6FF72036C93423FF41CAF426B32F8C3
:10CEA000132002F07002002A7FF414AF029302AA4A
:10CEB00095E7016C1EF027F84FF6FF73236409E72E
:10CEC000836B002B3FF406AF30460DF06EFA06463A
:10CED00019F0EEFD05462EB93046F9F7F9F919F0CB
:10CEE000E7FD054620460CF010FB0BF0E4FF4FF683
:10CEF000FF73226C9A427FF4EDAE022D05D0042D13
:10CF00007FF4E8AE00283FF4E5AE94F84430A26B1D
:10CF100013F0010317D1934213D0616B31F8131052
:10CF200001F0500161B10133F5E70133934208D0BC
:10CF3000616B31F8131011F0500FF6D1C905F4D51B
:10CF40001A462264C6E60023F0E700BF0445030842
:10CF5000DC440308016C1DF0D6FF30460DF040FAAA
:10CF6000132821D14FF6FF72236CA16B93420CBFA3
:10CF700000230133994223649CBF00232364256C62
:10CF8000606B236C30F8132002F05002002A3FF44B
:10CF900075AF0133994298BF00239D422364F0D1BD
:10CFA0004FF6FF73236469E714281CD14FF6FF7313
:10CFB000226C9A4204BF00232364226C02B9A26B44
:10CFC000013A606B2264236C30F8131001F05001B9
:10CFD00000293FF453AF23B1013B9A422364F2D1BD
:10CFE000DEE7A36BF8E7122846D120461DF0D6FEF7
:10CFF0004FF6FF72236C8146934210D10023616B80
:10D000002364236C31F8132002F05002002A3FF40D
:10D0100035AFA26B013393422364F2D3C0E7206B98
:10D020001A01865800EB03101AF060FE236C06EB21
:10D030006002A66B4FEA031C9E427FF61FAF216B76
:10D040004FEA031E01EB031001EB0C08D8F8047043
:10D050004568BD420EDD51F80E1091420ADC816830
:10D060004944914206DB616B31F8131001F0500125
:10D07000002997D00133DFE711287FF4FFAE204667
:10D080001DF08CFE4FF6FF72236C8046934210D148
:10D090000023616B2364236C31F8132002F05002EB
:10D0A000002A3FF4EBAEA26B013393422364F2D328
:10D0B00076E7206B1A01865800EB03101AF016FE73
:10D0C000226C06EB600013B24FEA021C5E00002BDC
:10D0D000FFF6D4AE226B02EBC60102EB0C0EDEF8BB
:10D0E00004704D68BD420FDA52F83620A2EB0802F8
:10D0F000824209DC8A68824206DB626B925B02F044
:10D100005002002A3FF44EAF013B1BB2023EDEE765
:10D11000304605B0BDE8F043FFF7FEBB2DE9F84F00
:10D1200001234FFA82F8818680F8368080F8373004
:10D1300004460F46C06A40211DF07EFF00252946A7
:10D140004022E06A01351DF086FF072DF7D1BFB2FE
:10D15000414638461DF0D7FF4146054638461EF089
:10D16000A3F80646DFF8E8B0411C054404F1F90ACB
:10D170008B1B01F1010901398D42DBB237D83846EA
:10D1800008F1FF311DF0BFFF04F221190027CA4644
:10D19000C6F1010300EB0308DFF8B4B05FFA88F8CA
:10D1A00008EB0703B742DBB229D34FF01408DFF8CE
:10D1B000A090C5F10107292D2FD920461EF09CF81B
:10D1C000E06A1DF07AFF4FF6FF73984203D0E06AE1
:10D1D000F11D1DF004FF20460DF0D8FC20460FF095
:10D1E0002BF900250646B54225D1BDE8F88F14215C
:10D1F0005A4601FB09A0FCF75DF84946B8E75A46D4
:10D2000014214846FCF756F8F91D4022E06A1DF04B
:10D2100022FF013709F11409C2E77B194A4614219C
:10D2200008FB05A0FCF746F8E91D4022E06A1DF066
:10D2300012FF0135BFE7294620460FF0CAF8E36A1E
:10D24000834203D0224620210DF029F80135CAE798
:10D25000444503082DE9F04100250C46384BC1E94F
:10D260000E55C1E90C334FF45272294604F22110D5
:10D270001CF0EAFD29462A464FF0780C142540F2AE
:10D28000211E304E304FDFF8CC8004F13C030433D4
:10D2900051B1481C10F0070F50D0062907D858F894
:10D2A000211019600146F2E701201E60FAE705FB34
:10D2B000024181F821C115FB02E101322144D2B2C1
:10D2C00038281960EED1214B2046C4F81C31FFF7F5
:10D2D000A5FC04F14001E0621DF070FEE06A4FF42D
:10D2E00008711DF0DBFE00231F221949E06A0CF0D3
:10D2F000F5FF6420E56AFBF71BF8014628460DF0B0
:10D30000D8F9E06A4FF404210CF0DFFA204601213D
:10D3100019F0BBFCE06A012119F0DBFC2046002279
:10D3200002210EF0FDFF204694F93620A18EFFF772
:10D33000F5FE2046BDE8F0411DF0DEBF3946BFE7EF
:10D34000E807010147450308DC440308DD440308FE
:10D3500069B1020868450308F8B50C46002120466B
:10D360000FF03CF92046002119F08FFC0023022227
:10D370001946204619F095FC2046FFF781F9002256
:10D380002A4905460EF0B6FF6420FAF7D1FF0146A0
:10D3900028460DF0A5F92846F3F796FC28460DF02F
:10D3A00036FA234F0646014628460DF082F900233F
:10D3B0000722394628460CF091FF042128460CF03C
:10D3C00035F8204601F0FCFF0546032102F004F881
:10D3D0000022284602210EF0A3FF0121284619F061
:10D3E00078FC2046FFF74CF90546002211490EF063
:10D3F00081FF3246314628460DF089F90023072285
:10D40000394628460CF06AFF284604210CF00EF835
:10D4100000232022204608490CF060FF2046BDE88A
:10D42000F840002220210CF03ABF00BFA8450308B5
:10D4300081D40008AC4503083DD4000870B51AF04B
:10D4400058FF05460EF0C2FF1DF095FF8378044695
:10D45000013B0B2B00D9FEE7012128460EF0B9FF56
:10D4600094F90230044A013B52F8233003492288E0
:10D47000BDE870401FF009BD24460308B04503080D
:10D480002DE9F0471AF035FF81460EF09FFF064662
:10D490000EF09CFF07461DF06EFF847890F902A005
:10D4A00004F1FF385FFA88F8B8F10B0F00D9FEE7F6
:10D4B0000588002130460EF08CFF81451CD1BAF161
:10D4C000010F03BF0C2405F1FF35ADB24FFA88F40C
:10D4D000224629463846FFF721FE012130460EF04C
:10D4E00078FF013C094B64B22A4653F824300849BE
:10D4F000BDE8F0471FF0C9BCBAF10C0F09BF0135F8
:10D5000001340124ADB218BF64B2E1E72446030838
:10D51000B045030870B508460C460EF057FF0021D1
:10D52000064620460FF05AF80021204619F0ADFBC0
:10D53000204600F095FC054615491EF064FE334672
:10D540002022284613490CF0C9FE0121284619F073
:10D55000C0FB204600F084FC05460F491EF053FE38
:10D560003346202228460D490CF0B8FE28460121FA
:10D5700019F0AFFB20222046094900230CF0AEFE33
:10D580002046BDE87040002220210CF088BE00BF7C
:10D59000784603080FB40208E9480308DFB302081D
:10D5A0007BB302082DE9F04FC5B0B5480D460CF02D
:10D5B00061FE012834D128461AF09FFE064628460F
:10D5C0001AF097FE012E044644D1F8F78BFE28A9E5
:10D5D00019F078FA6369289E2046F61A2896F3F720
:10D5E000EDFD064420460DF015F9054620461DF0D8
:10D5F000B2FF301A2CD4854215DA256F013D636ED7
:10D60000AB420DD0294620461DF0ADFF2046616E8D
:10D610001DF0A9FF00222021204665660CF03FFE88
:10D6200045B0BDE8F08F94F8743003F00703012B88
:10D6300007D1236F5A1E6B1000FB0233B3FBF5F5C5
:10D64000DDE7022B04D1236F5843B0FBF5F5D6E795
:10D650000025D4E7082E06D1416E1DF084FF6FF03F
:10D6600000436366DCE71A2EDAD128460CF0AFFEE1
:10D6700004F1140A00F1180514AE02902A4651462E
:10D68000304619F0ECFF00284FD095E80F0018AF96
:10D6900087E80F0096E80F0085E80F0020461DF090
:10D6A00052FF804620461DF056FF079020461DF091
:10D6B000EFFF064620460DF0ADF8039020460DF032
:10D6C000B9F8049028A80FF03BFF0021204628AAB3
:10D6D0000CF085FC3222002120460EF0BCF9C3B2CA
:10D6E0001090204606931DF02EFF34220021059055
:10D6F00020460EF0B0F91090C7B22046F3F75EFD59
:10D70000089020460DF053FCD4F86890B9F1000F52
:10D7100025D1D4F86C90B9F1000F66D1029B03F1CA
:10D72000180618AB0FCB86E80F0004F12C0318463F
:10D7300003931BF061F8064650B994F8743003F077
:10D740000703012B40F09E80204602991DF0A8FFA0
:10D750002046029945B0BDE8F04F1EF02ABAA269F2
:10D7600046441644331A62690993069B2F92E26974
:10D77000022B31920FFA89FB35D9059B002B32DD44
:10D7800017F0020605D020461DF082FFB0FA80F6A1
:10D790007609F8070AD51122002120460EF05BF920
:10D7A000109018B909F1FF330FFA83FB049B03FBB8
:10D7B00006F233465E45ACDAA16E0B920139B2FB3C
:10D7C000F1F1099A029811443091329128A92A93D3
:10D7D0000A930FF0CFFE049B0B9A01361A440A9B62
:10D7E00036B20133E6E70026E0E7079B0FFA89F639
:10D7F000984463699844089BA8EB0308A369309395
:10D80000236A3293069B022B36D9059B002B33DD0E
:10D8100017F0040B06D020461DF09DFEB0FA80FBE9
:10D820004FEA5B1B39070AD51322002120460EF070
:10D8300012F9109018B909F1FF390FFA89F6D94693
:10D84000039B03FB0BF7B345BFF668AFE36E02988B
:10D85000013BB7FBF3F328A943442F933193CDF851
:10D86000A8900FF087FE039B0BF1010B0FFA8BFBC7
:10D870001F4409F10109E6E74FF0000BDFE700BFA5
:10D8800054490308022B40F0DE8010AF2A4651466F
:10D89000384619F0E4FE00283FF45AAF029B0DF120
:10D8A000500C03F1180595E80F008CE80F0097E87D
:10D8B0000F0085E80F0020461DF04DFE0590204624
:10D8C0001DF0E6FE804620460CF0A4FF814620466F
:10D8D0000CF0B0FF049003981AF05BFF31468246CB
:10D8E00020461DF0CBFD226F4FF4A021571E00FBF8
:10D8F00017972046B7FBF2F71DF0C0FD0AF1FF3580
:10D9000000FB1575B5FBFAF58346012D2046B8BF1F
:10D9100001251DF018FE82462046F3F74FFC059BBB
:10D92000A9EB07091B1A5344204605930DF03FFB52
:10D93000A8EB000808EB0A0328A80693F6F7D4FC26
:10D9400028AA4FF4A02120460CF0C2F89DF8CF3051
:10D95000B04666F302038DF8CF30FF238DF8C03058
:10D96000236A2F9AAB4413441B93236F9E4207D321
:10D97000029B03F1180514AB0FCB85E80F00E7E617
:10D9800003F1FF3AB8FBFAFA6369059A0398134466
:10D990009A4400232B962A931AF0EEFE0746F8B11C
:10D9A0003B7C13F0010312D194F8742010991207F4
:10D9B00005EB0A0202F1FF3258BFFB688A42CDF83C
:10D9C00060A01A9208DA2A9BDA4401332A93394676
:10D9D00003981AF0D7FEE1E71299226F8A4502DD1B
:10D9E0000136C844C1E7B97A334438898DF8C31089
:10D9F000B3FBF2F1ADF8C10002FB113E387C79684F
:10DA0000C0F3001004EB8000D0F844C051F82E2081
:10DA1000049BA2EB0C025A43C06CA0EB0C0092FBDF
:10DA2000F0F2A0699A1A069B02441A4419926FF008
:10DA3000004251F82E309342C5D0029818AA28A966
:10DA40000FF036FEBFE7032B7FF482AE0CAE2A4602
:10DA50005146304619F003FE00283FF479AE95E8B0
:10DA60000F0010AF87E80F0096E80F0085E80F0061
:10DA700020461DF068FD064620461DF06CFD074659
:10DA800020461DF005FE054620460CF0C3FE06901C
:10DA900020460CF0CFFE6369049020461F44F3F744
:10DAA0008DFB37443B1A0593A36920461D440DF0B6
:10DAB0007EFA35442B1A18A807930FF041FD4FF456
:10DAC000A02118AA20460CF08AFA28A8F6F70CFC28
:10DAD00028AA4FF4003120460BF0FAFF4FF4003132
:10DAE00020461DF0C4FC00EBD0704FEA6008022213
:10DAF0004FF4003120460DF0AEFF149000EBD070D3
:10DB00004610B0454246A8BF3246249B039803EB1B
:10DB1000D371B2EB610FC8BF9DF89D206FF0004B31
:10DB2000C4BF42F010028DF89D20012B02BF9DF86A
:10DB30009D3043F010038DF89D301AF020FE05460D
:10DB4000002D3FF405AE2F7C17F0010740F0C18097
:10DB5000AB682A89ADF88C301B0C8DF88E30AB7A0F
:10DB6000ADF8C1208DF8C33094F874301B07059BC5
:10DB700058BFEF681F9321936B68099753F82730BC
:10DB80000A2B28D0297C069B2868C1F3C00100938A
:10DB900004EB8101CA6D0023496D50F827001AF08B
:10DBA00035FF059B297C1844049B2190C1F300118B
:10DBB000686804EB81010093CA6C0023496C50F83B
:10DBC00027001AF023FF049B181A079B18444FF0F4
:10DBD000000A22906DE04B4B18462193F7E7219AFB
:10DBE0001F92229A2092099A5244B2FBF3F103FB4E
:10DBF00011294FEA890308936B6853F829005845A7
:10DC000054D0297C049BC1F30011009304EB8101E3
:10DC1000CA6C0023496C1AF0F9FE049B297C181A7F
:10DC2000079BC1F3C0011844069B2290286804EBAF
:10DC300081010093CA6D0023496D50F829001AF044
:10DC4000E5FE059B18442190BAF1000F25D01F9BDB
:10DC5000A3EB080243441693209B14929A1B33446F
:10DC600017936B68159253F827205A4514D0089AD9
:10DC70009B585B4510D0029818A9CDF86CA00FF006
:10DC800079FCB8F1000F07D036B1029814AA28A980
:10DC9000CDF8ACA00FF00CFD4F46236F9A4504D190
:10DCA0006B68089A9B585B4519D1B9464F460AF1F3
:10DCB000010A236F9A4592D31A9B01331A932A9B28
:10DCC00001332A93029B03F1180710AB0FCB87E8AF
:10DCD0000F00294603981AF059FD054630E7219BAD
:10DCE0000298A3EB080243441693229B14929A1BBA
:10DCF0001592334414AA28A91793CDF8ACA00FF0BD
:10DD0000D7FCD2E7010000E010B50C460D4B2046D1
:10DD1000CB6291F8303043F0010381F830300221BA
:10DD20000BF0D3FD204608210BF0CFFD20464FF429
:10DD300080610BF0CAFD2046BDE8104010210BF0B9
:10DD400075BB00BF784903082DE9F04788B0434808
:10DD50000D460CF08FFA012864D128461AF0CDFA4E
:10DD6000064628461AF0C5FA312E04465DD12846EB
:10DD70001AF0C7FA5A220746002120460DF06BFE22
:10DD80000546069018F07CFE5C22064600212046DF
:10DD90000DF061FE5B2280460021069020460DF0CA
:10DDA0005AFE4FF000096FF06042CDE90129CDF82D
:10DDB000008003462A46E16A069006A81BF0D6FBBF
:10DDC0004946152220460DF046FE122281464FF4A8
:10DDD0000031059020460DF03EFE132205464FF41B
:10DDE0000031059020460DF036FE102282464FF499
:10DDF0000031059020460DF02EFE11228046059040
:10DE00004FF4003120460DF026FE3544069B554464
:10DE10001D444644079B4D4406443D609E42ACBFB2
:10DE20007E607B6008B0BDE8F087182E0ED12846D2
:10DE30001AF067FA05464FF4003120460CF086F9D7
:10DE40002B688342ACBF2B602860EBE71A2EE9D128
:10DE5000284608B0BDE8F0471DF092BF8C49030882
:10DE600010B501460348F2F77BFA04460BF0BFFDFC
:10DE7000204610BD044A030838B50023144AC1E9FE
:10DE80000E33C1E90C32C1E91033CB624FF6FF7398
:10DE90000C468B6491F84C30204623F03F0343F04E
:10DEA000380381F84C304FF480610BF00EFD0949C6
:10DEB00020461EF0E3F920460EF080FA014606489F
:10DEC000F2F74EFA05460BF092FDE562EC6238BDC2
:10DED000B0490308B4490308E0490308024B806BCA
:10DEE000002808BF18467047DD4403082DE9F043B9
:10DEF00089B008460F461AF000FA1D2804461CD1C6
:10DF000038461AF0F6F938461AF0F3F9C46A38467A
:10DF10000CF05DFAE946E26A00F11805064629466A
:10DF20004846143219F09BFB002873D139465D48EE
:10DF300009B0BDE8F0430CF09DB9394659480CF0E2
:10DF400099F901283FD138461AF0D3F9082C054633
:10DF5000C66A41D1F8F7C6F918F0D1FD064690BB64
:10DF6000EC6AF8F7BFF9054618F0A2FD04280CD1B9
:10DF7000236C204663640BF0C8FA07460AF09BFF47
:10DF800018B1314638460AF074FF284618F090FD63
:10DF900001281BD1284604A918F094FD20460599B4
:10DFA0001EF00EF9C4E9100020461EF0CEFB236BD4
:10DFB00013B920460CF0EAFD236C2021204604AA68
:10DFC00004930CF06CF909B0BDE8F083284618F012
:10DFD0006FFD0328E8D1DDE7012C58D1F8F782F96D
:10DFE00004460028EFD018F063FD01280CD120462C
:10DFF00004A918F067FD304605991EF0E1F8B064F9
:10E0000028460CF0C3FDDEE7204618F051FD03283A
:10E01000D9D1ECE70DF1100895E80F0088E80F0062
:10E0200099E80F0085E80F0094F84C30A26C9B062D
:10E0300026D5236C9A4207D12123314620461EF073
:10E0400067F82123A26C12E02023314620461EF0FF
:10E050005FF8202331462046A26C1DF0EAFF012321
:10E06000226C314620461EF053F80123226C3146C3
:10E0700020461DF0DEFF98E80F0085E80F0055E709
:10E080002023314620461EF043F82023DAE7092CEE
:10E0900099D14FF6FF73B36409B0BDE8F0430CF0BB
:10E0A00075BD00BFE049030873B55C480E460CF02F
:10E0B000E1F8012822D130461AF01FF90546304612
:10E0C0001AF017F9102D044612D10BF01EFA0AF0BF
:10E0D000F2FE0546F8F706F918F0EAFC04280DD11F
:10E0E000002D70D0204602B0BDE870401EF02FBA5F
:10E0F0001A2D25D80D2D03D8082D71D002B070BD72
:10E100000E3D0C2DFAD801A353F825F071E100085B
:10E11000EBE10008FDE00008CBE10008CBE10008DE
:10E12000FDE00008FDE00008FDE00008FDE000085B
:10E13000FDE00008FDE00008FDE0000811E2000835
:10E140002F2D03D0312D06D02E2DD7D102B0BDE812
:10E1500070400CF0A2BB30461AF0D3F85A220546A4
:10E16000002120460DF077FC18F08AFC6860C5E7B6
:10E1700030460CF035F9A0F11203012B10D82046DF
:10E180001EF0F6FA0028ADD0236CE26B0133934207
:10E19000B4D22364204602B0BDE870401DF0F2BE48
:10E1A000142804D00DD80A2815D01128A6D120464D
:10E1B0001EF0DEFA002895D0236C002B9ED0013B88
:10E1C000E7E71B289AD1636C2364204602B0BDE8C0
:10E1D00070401EF0BABAF8F78BF884428ED0204611
:10E1E00002B0BDE870401EF0CCBA1EF0C1FA0028A3
:10E1F0003FF478AF30460CF0FFF8236C1844E36B23
:10E20000013B9842A8BF184620EAE0702064C1E7AD
:10E21000304602B0BDE870401EF0A1B8044A0308C1
:10E2200038B5002591F85830CD6223F07F0343F0D4
:10E23000030381F8583008460C460CF0E5FAE06319
:10E2400020460CF0E4FA4FF48073C4E9123394F8DA
:10E2500058302A4643F0800384F858302946C4E9F0
:10E26000100504F1340019F055FD0C4A04F150007A
:10E27000114619F04FFD092294F85930204662F3F7
:10E280000303022184F859300BF0D0F82046BDE892
:10E2900038404FF480310BF018BB00BF3200002033
:10E2A00010B501460348F2F75BF804460BF09FFBFC
:10E2B000204610BD304A03082DE9F043ABB00846B4
:10E2C0000D461AF01AF829460646A3480BF0D2FF6D
:10E2D000012813D128461AF00CF805AF3946044638
:10E2E0001EF0A1FA2F2E10D194F8583003F003033A
:10E2F000022B06D12046E16A1EF042FC2BB0BDE89D
:10E30000F08320460BF08EFFF8E71D2E1ED8122E4C
:10E31000F4D9133E0A2EF1D801A353F826F000BF1A
:10E32000DDE30008FDE20008FDE20008FDE2000870
:10E3300089E4000861E30008FDE2000889E40008C0
:10E34000FDE20008FDE2000889E40008312ED5D185
:10E35000284619F0D6FFE36B0360236C4360CDE7DA
:10E36000284619F0CEFF636C05463BB9A36CB3F5A4
:10E37000807F03D1E36CB3F5807FBFD020460CF0E3
:10E3800043FA804620460CF042FA0297B4F84C302B
:10E3900002460193B4F84830064600934146636C48
:10E3A0000FA80EF000FF0F9A2B6852429A42B8BF96
:10E3B0001A462A60109B5B429342B8BF13462B60FB
:10E3C0001199A1EB08019942B8BF19462960129B27
:10E3D0009B1B8B42ACBF2B6029608FE7284619F04E
:10E3E00090FF05462046E66B0CF00EFA864246D1B9
:10E3F0002046266C0CF00BFA864240D1A36CB3F594
:10E40000807F13D1E36CB3F5807F0FD1636C6BB960
:10E41000E36B226D03EBD373B2EB630F06D1236C76
:10E42000626D03EBD373B2EB630F28D020460CF080
:10E43000EBF9064620460CF0EAF90297B4F84C30A6
:10E4400002460193B4F8483031460093636C0FA83C
:10E450000EF0A9FE61690F9BA2690B440F93109BFC
:10E4600013441093119B0B441193129B134412936A
:10E47000002229680FA819F02EF928713EE72046DE
:10E480000FA90CF036FCF3E7284619F036FF0646D4
:10E49000284619F02EFF172E04465FD1284619F0A2
:10E4A00030FF03780546022B3FF428AF94F858005C
:10E4B000830702D501232B7020E7C0F3840019F0F5
:10E4C000DBFC01460028F5D1442220460DF0C3FABA
:10E4D0000F90C0B2FF28EDD1626C002AEAD1A36C84
:10E4E000B3F5807F0ED1E36CB3F5807F0AD104F1E0
:10E4F0001401686819F06FF90028DBD0236B002B3A
:10E50000D8D1FBE60BAF394620461EF08CF92046E9
:10E510000CF07AF9064620460CF079F90297B4F827
:10E520004C3002460193B4F84830314600930FA8AE
:10E5300000230EF038FE61690F9BA2690B440F9314
:10E54000109B13441093119B0B441193129B0FA922
:10E55000134412930022CCE7304A03081A2E7FF4AA
:10E56000CDAE036C002B3FF4C9AEC36B002B3FF460
:10E57000C5AE836C002B3FF4C1AEC36C002B3FF4DF
:10E58000BDAE28460BF023FF94F85830814613F0B7
:10E59000020640F091800FA8F5F74CFB0DF11C0826
:10E5A000314620460FAA09F118050BF0BBFC95E88F
:10E5B0000F0088E80F0020461FA91EF034F9A36C55
:10E5C00094F858201B93E36CC2F3C0121C93636C45
:10E5D000206C1A9394F8593024AFC3F3031343EA21
:10E5E00002139DF8892022F01F0213438DF8893011
:10E5F000236BD4E905122993E36A10441693E36B65
:10E6000001380B44013B0090384618F0F4FF0C220F
:10E61000314620460DF01FFA94F859300B9003F064
:10E620000F02092A28900BAE0CD8A36B3946009331
:10E63000636B04F1140019F0BCF997E80F0086E849
:10E640000F002FE003F00F030C2BF6D104F114029E
:10E650002946284619F003F8D4E90D12384618F077
:10E66000F1FFD4E90F14D9F81C30259A24989A1A8E
:10E67000631ED21AD9F8183092FBF4F21B1A481E06
:10E680001B1A93FBF1F338466243594318F0DAFF43
:10E6900095E80F0086E80F009DF8893043F02003CD
:10E6A0008DF88930324648460FA90EF03AFE98E8B8
:10E6B0000F0085E80F0021E603F00303022B7FF42F
:10E6C0001DAE0FA8F5F744FB20460FAA00210BF062
:10E6D000C4FBE36A484604F114020FA916930EF036
:10E6E00004FF0BE670B590F84D30044613F0010FAF
:10E6F000154E07D090F84C3056F82310BDE8704006
:10E700001CF060BC806B4000FAF7F6FD054694F8FB
:10E710004C30A26B56F8231052001BF0A0FA2B4687
:10E72000A26B05EB4202934208D1204629461CF019
:10E7300049FC2846BDE87040FAF7F8BD198821F475
:10E74000806123F8021BEEE7FC3B012010B5044674
:10E7500090F84C20044B53F822101CF02FFC20465C
:10E76000BDE81040FFF7BEBF243C012038B50C4681
:10E770000025204604210AF059FEB4F84C302A4600
:10E7800023F4FF7323F001032046A4F84C30052145
:10E790002B46A5640BF0E8FF2B46202220460649B5
:10E7A0000BF09CFD20462A4629460DF0CEFD204662
:10E7B000BDE83840FFF7CABFBDE7000870B519F0E3
:10E7C00098FD04461CF079FC4FF6FF739842014611
:10E7D00000F0D0802046FEF72DFA0546002800F014
:10E7E000C98065491BF08DFB58B9644B84F84C0017
:10E7F000196820461CF0E2FB2046BDE87040FFF798
:10E8000071BF28465E491BF07CFB28B9012384F8C0
:10E810004C305A4B5968ECE728465A491BF071FBBB
:10E8200028B9022384F84C30544B9968E1E7284614
:10E8300055491BF066FB88B90022242120460BF0C5
:10E840002EFD012840F09680A06C002800F09280F8
:10E8500000222421BDE870400BF021BD28464B4921
:10E860001BF04FFB0028E7D0284649491BF049FB25
:10E87000024658B9232120460BF011FD012879D119
:10E88000A06C002876D000222321E3E7A36C002BA4
:10E8900070D028463F491BF034FB60B9A06C0A21B8
:10E8A00003F0AAFBA06C20F068FC002862D00022D4
:10E8B0002321A06CCEE7284637491BF022FB002815
:10E8C000ECD0284635491BF01CFB20B9A06CBDE8F4
:10E8D000704020F001BD284631491BF012FB20B9E1
:10E8E000A06CBDE8704020F0F3BC28462D491BF019
:10E8F00008FB20B9A06CBDE8704020F05FBC284642
:10E9000029491BF0FEFA064670BBA06C20F030FCD3
:10E910000546A06C20F023FC03782D2B10D101219B
:10E92000A06C03F097F9A06C20F048FC2B21A06CA0
:10E9300003F062FB2946A06CBDE8704003F08AB981
:10E940002B2BA06C07D1012103F084F9A06C20F0DF
:10E9500035FC2D21EBE7314603F07CF92D21A06C2D
:10E9600003F04AFB691CE6E72946A06CBDE870404D
:10E9700003F0B8BA70BD00BF544A0308243C01201C
:10E98000584A03085C4A03085F4A0308634A0308BD
:10E9900058440308674A03086D4A0308A84503085A
:10E9A000AC450308714A0308754A030810B50146CF
:10E9B0000348F1F7D5FC04460BF019F8204610BDCA
:10E9C000604E0308F8B590F85C30044603F0070386
:10E9D000012B20D1416B4A1C1DD00F4BC06A1B6814
:10E9E0000339984794F85C309B064FF000034CBF06
:10E9F000266B04F13006E16A50FA83F2DDB2755DF0
:10EA00008F5C01338D54002FF5D120461EF05FF945
:10EA10004FF0FF336363F8BD1C4403082DE9F04F4A
:10EA200095B00B680C4612220021054607930DF0A5
:10EA300012F81022002106901090284664680DF00C
:10EA40000AF810A9231A1090284608930BF002FF29
:10EA500010A8D5F82C9019F049F9099010A819F0D0
:10EA60004AF90A9028461EF0B0F9824628461EF060
:10EA70009CF9044628461EF0A0F90490504617F071
:10EA8000FFFF074628461EF0A8F900268046E31936
:10EA90000B9319F8063009EB060B0BB934462AE044
:10EAA0000B9BFB180593059A0A9B934209DA95F88C
:10EAB0005C3003F00703012B04BF48F004085FFA41
:10EAC00088F80023514600935846099B049ACDF8D4
:10EAD0000480F9F717FE089B8419BB4243DC2A4BDC
:10EAE00048461B680F940FA998470A2803D019F8C5
:10EAF000043003B901340027EA6A394628460C97E6
:10EB00000DF0FFF810AB0293049B0146CDE900A382
:10EB10005A46A31B0CA81EF002F90D97B4B1DDE90B
:10EB200006239D1A0D9B33449C420FD90DAB5846CA
:10EB30000FAA0EA91AF0DDFCDDE90E12504617F0FF
:10EB40006AFF0C9B1844854210DA0D970F4B0D9904
:10EB50001D685846A847314604464846A847204401
:10EB600015B0BDE8F08F2646059F92E70D9BF21881
:10EB70009442EAD009EB0602D25D002AE5D0049A5D
:10EB80001F4610440C90CDE72044030818440308A6
:10EB90002DE9F04FA5B0C36A0446002B00F00181B7
:10EBA0004FF0FF33836390F85C300AA943F04003D1
:10EBB00080F85C300BF04EFE0AA819F097F88046FA
:10EBC00020461EF002F9064620461EF0EEF80746E3
:10EBD00020461EF0F2F8054620461EF0FEF8CDE96C
:10EBE0000180009732462B46E16A08A81AF0BEFC65
:10EBF00020460BF052FE94F85C2002F00702022A35
:10EC000040F0EC806322002120460CF024FF6422B7
:10EC10000E900746002120460CF01DFF05460E9081
:10EC200038B942F210724FF49671282018F053FC54
:10EC300005460EA8F9F7E0FA21460EA818F08FFC59
:10EC40004FF0FF310EA818F0A5FC4FF496710EA8F6
:10EC500018F09EFC1C990EA818F09EFC0AA8DDF87E
:10EC6000208019F043F8804553DD0AA819F03EF8DA
:10EC7000089A0021821A0EA818F07AFCA5490EA85D
:10EC800018F06FFCA3492046F9F73AFB1A9930BBFC
:10EC9000002906DD9DF88C201B9060F3C3028DF8DF
:10ECA0008C2029460EA818F05EFC1A990EA818F0C0
:10ECB0006DFC3FB194F85C20394602F007020EA8C3
:10ECC0001EF054F80EA8F9F7B1FA0AA819F013F8D3
:10ECD00020469149F9F7F0FA0023A3655EE0426B04
:10ECE00090F854308A4203F00103DADA1B929DF85F
:10ECF0008C206FF3C3028DF88C20002BD1D0D3B2BF
:10ED000043F00103199A8DF88C30179B17921993D1
:10ED1000C7E74FF000087F492046F9F7CDFAC4F85D
:10ED200054800AA8DDF8249018F0E5FF8145CFDD76
:10ED30000AA818F0E0FF099BA0EB0309304617F082
:10ED40009FFE4146A9EB00020EA818F011FC724983
:10ED50000EA818F006FC70492046F9F7D1FA1A9966
:10ED600010BB414506DD9DF88C201B9060F3C3026B
:10ED70008DF88C2029460EA818F0F5FB1A990EA8DC
:10ED800018F004FC3FB194F85C20394602F0070209
:10ED90000EA81DF0EBFF0EA8F9F748FA20460BF07D
:10EDA000F5FE25B0BDE8F08F426B90F854308A42F2
:10EDB00003F00103DEDA1B929DF88C2068F3C30296
:10EDC0008DF88C20002BD5D0D3B243F00103199AD3
:10EDD0008DF88C30179B17921993CBE7032A40F0DC
:10EDE0008B806322002120460CF035FE64220E90B9
:10EDF0000746002120460CF02EFE05460E9038B93D
:10EE000042F210724FF49671282018F064FB054608
:10EE10000EA8F9F7F1F921460EA818F0A0FB4FF063
:10EE2000FF310EA818F0B6FB0AA8DDF8208018F014
:10EE30005DFF804528DD20223046114617F0EBFDAE
:10EE4000089AA0EB8000821A00210EA818F090FB0F
:10EE500030490EA818F085FB29460EA818F083FB50
:10EE600020462C49F9F74CFA00B1406B002F7FF493
:10EE700021AF1A9B8342C1BF9DF88C301B9067F372
:10EE8000C3038DF88C301DE74FF00009214920465F
:10EE9000F9F712FAC4F854900AA8DDF8248018F0A3
:10EEA0002AFF80457FF714AF099A3046C2F1000867
:10EEB00017F0E6FD4946A8EB00020EA818F058FB33
:10EEC00015490EA818F04DFB29460EA818F04BFB6B
:10EED00020461149F9F714FA00B1406B002F7FF476
:10EEE00052AF1A9B8342C1BF9DF88C301B9067F3D1
:10EEF000C3038DF88C304EE7012A7FF44FAF0AA888
:10EF0000DDF8248018F0F7FE804507DC4FF0FF3372
:10EF1000636343E719CD020813CD02083046DDF8DC
:10EF2000248017F0ADFD8045F0DD514BE06A1B6891
:10EF300098470328EAD90AA818F0D8FE2E2280465E
:10EF40001146304617F067FD4319A3EB8303434492
:10EF50000AA80E9318F0CFFE0546304617F090FD34
:10EF6000384495FBF0F800FB1858304617F088FD40
:10EF70008045A5EB080549DB304617F081FD0544C7
:10EF80000EA920460F95FFF749FD0546E06A1AF0E5
:10EF9000A9FF384B82462946E06A1B689847364EDF
:10EFA0000790DDF81C80E06A08F10309CA452FD3F9
:10EFB00004220026314BDFF8C8B01B680493079B7E
:10EFC000E06A05921844049B98473044C6B2DBF8C7
:10EFD0000030E06A07A99847032EE76A1DD8079911
:10EFE0008A4502D3059A013AE9D1204647441DF0EB
:10EFF0006EFE94F85C3032466FF34513394684F860
:10F000005C3004F130001AF02AFE20E0ED1BB7E777
:10F01000336807A99847013DC3E720461DF057FE16
:10F02000042E4744E5D0701CFAF766F920630028E7
:10F030003FF4B4AE324639461AF011FE0022236B7B
:10F040009A5594F85C3043F0200384F85C302E220B
:10F05000E36A033503F80820E36A43445A70E36A1D
:10F0600043449A700022E36A03F80920656395E639
:10F07000144403081C440308204403082C440308D8
:10F08000244403082DE9F04FA9B045480E460BF083
:10F09000F1F8012883467DD1304619F02EF9054656
:10F0A000304619F026F9A5F12E039BB2012B044638
:10F0B00007D8FFF787FC204629B0BDE8F04FFFF7DF
:10F0C00067BD182D0DD11DF080FE17F0D9FC011E73
:10F0D0003046B8BF0331891029B0BDE8F04F0BF0BE
:10F0E00097B9312D5ED190F85C305A0643D51DF0AA
:10F0F0006CFE074620461DF060FE804620461DF04F
:10F1000054FE8146204694F85CA00BF083FB5A46DF
:10F11000002120460CF09FFC6FF040439842CAF358
:10F12000001A139003D194F82B301B0735D52046D5
:10F130000BF070FB05460522002120460CF08BFCED
:10F140008542139006DB0522002120460CF083FC4B
:10F1500005461390CDE9015ACDF8009043463A4652
:10F16000E16A04F14C001AF001FA94F85C306FF394
:10F17000861384F85C30304619F0C3F8E36C0268FB
:10F180009A42ACBF026003604268236D9A42ACBFF2
:10F190004260436029B0BDE8F08F6FF06045CAE778
:10F1A0008C4E03081A2DF5D1304619F0A2F804460A
:10F1B00030460BF00CF907A9804620460BF04AFBBD
:10F1C00020461DF00AFE814613A8F4F7C1FDE36A4C
:10F1D0001A93636D2393A36D249394F85C3003F02A
:10F1E0000703032B08D007A818F085FDB0F5806F42
:10F1F000A4BF04F1380327930021204613AA8DF8F9
:10F2000097900AF02AFE9DF8963013B901238DF8E5
:10F2100096304FF6FF73616CA26C99421C911D925F
:10F2200026D09A4224D058224FF4802120460CF058
:10F2300012FC4FF480210246049020460CF041FC61
:10F24000C0F30722C0F307430F908DF87B008DF8C1
:10F250007C204FF480211C2220468DF87D300CF05C
:10F26000FAFBC0F307430F90ADF87E008DF88030B5
:10F2700094F85C3003F00603022B1AD19DF8963007
:10F28000023B012B15D86FF060430193219BCDF811
:10F29000089000931B9A229BE16A0FA81AF066F966
:10F2A00007A80F9D18F022FD8542C4BF01238DF8E9
:10F2B000963008F118050BAF2A46384607A918F012
:10F2C000CEF900283FF466AF94F85C1011F0070601
:10F2D00009D120460BF06BFE3146424207A818F0D8
:10F2E000B1F9236A0A9394F85C300FAE03F0060379
:10F2F000022B5ED195E80F0086E80F0097E80F001B
:10F3000085E80F00404607AA13A90EF0EEF896E82C
:10F310000F0085E80F0095E80F0086E80F0097E8DA
:10F320000F0085E80F0094F85C3003F00703032B0F
:10F330003AD16FF060430193219BCDF80890009380
:10F340001B9A229BE16A05A81AF010F907A8059FED
:10F3500018F0CCFC874212DD636D059A1B989F184C
:10F360002022114617F057FB00EB40003844A36DF4
:10F37000239007AA404613A924930EF0B6F807A8D5
:10F38000069F18F0B8FC87420EDD636DA46D2393D1
:10F39000069B1B981C4417F073FB07AA044413A98F
:10F3A000404624940EF0A1F896E80F0085E80F007F
:10F3B000F0E6404607AA13A90EF097F8ABE700BFA6
:10F3C00010B501460348F0F7CBFF04460AF00FFBE7
:10F3D000204610BD8C4E030838B504460D4616492C
:10F3E000F8F76AFF15492046F8F766FF002204F196
:10F3F0005400114618F08EFCAA1E022A8CBF00226F
:10F40000012294F85C3062F3041384F85C3003F05A
:10F410000703012B05D1636B013302D02046FFF7B0
:10F42000D1FA94F85C30204665F3020384F85C302E
:10F43000BDE83840FFF7ACBB19CD020813CD020878
:10F4400070B500250C464FF0FF3691F85C302A4627
:10F4500023F00F03CD624E6381F85C3004F1540059
:10F46000294618F057FC4FF6FF73C4E9113394F89E
:10F470005C30204665F3451384F85C300221C4E912
:10F480000F55A663256309F0D1FF29462046FFF7F3
:10F49000A3FF2046BDE8704001491DF0BFBC00BF7E
:10F4A000844E03082DE9F04F95B0064617460991A2
:10F4B00002B9FEE7C46A002122460CF022FC237840
:10F4C0008346B3B902287B600CD0032805D00128FD
:10F4D00000D13B6015B0BDE8F08F30460BF09AF9D3
:10F4E0003860F7E730460BF095F900EBD07040102C
:10F4F000F6E730461DF071FC444B09991B680590F6
:10F5000020469847804630461DF04FFC0690304616
:10F510001DF053FC049030461DF057FC079017F087
:10F52000AFFA10A9089030460BF094F910A818F023
:10F53000DDFB00250A9010A818F0DDFBAA46089A0A
:10F54000069B0B9003EB42030C93069B13440D9315
:10F55000635D6019002B33D1A946B8F1000F0FD0BD
:10F5600004EB080313F8013C0A2B01D00D2B07D143
:10F5700014F8083023B94546069B089A13449A4468
:10F580002C44049B079AA8EB0501204619F0C2FF02
:10F59000099B22469D4218BF049B594618BFC018BC
:10F5A00010AB0293049B0F900193079B0FA800934D
:10F5B000A9EB05031DF0B3FB0F9BC7E9003A89E7F0
:10F5C0000C9B0B9A53449A420ADA96F85C3003F08B
:10F5D0000703012B01BF059B43F00403DBB2059336
:10F5E000059B049A01930023079900930A9BF9F75E
:10F5F00089F805EB0009C845AFD314F80930002B92
:10F60000ABD00D9B4D469A44A2E700BF1C440308B3
:10F61000F8B504460D46164602B9FEE790F85C3090
:10F620001B0723D40BF0B2FAE06A1AF05BFC074622
:10F6300030461AF057FC39180131E06AF9F780FEBC
:10F64000E06200B9FEE74FF6FF739D4203D1084B1D
:10F650001B68984705462946E06A324619F0EEFED7
:10F660002046BDE8F84000211DF0D8BBF8BD00BF22
:10F670001444030870B5A8B008460D4618F03DFEC6
:10F68000A0F11A039BB2012B06460CD92946EC487F
:10F690000AF0F0FD012840F0D181284628B0BDE8ED
:10F6A000704018F026BE284618F023FE1A2E044695
:10F6B00040F0C4810CA8F4F717FE00210CAA2046E4
:10F6C0000AF006FA18F05BFCC0F307239DF85220FD
:10F6D0008DF800008DF80130C0F307409DF85130DF
:10F6E0008DF802009DF8530043EA022343EA0040EC
:10F6F00018F067FD00990246E06A18F0FAFCC0F3C2
:10F7000007238DF85100C0F307408DF852308DF873
:10F71000530018F034FCC0F307238DF80400C0F345
:10F7200007408DF8060015988DF8053018F049FD52
:10F7300001990246E06A18F0DCFCC0F307238DF85B
:10F740005400C0F307408DF855308DF8560018F07E
:10F7500016FCC0F307239DF85A208DF808008DF899
:10F760000930C0F307409DF859308DF80A009DF824
:10F770005B0043EA022343EA004018F022FD0299AD
:10F780000246E06A18F0B5FCC0F307238DF8590073
:10F79000C0F307408DF85A308DF85B0018F0EFFB8E
:10F7A000C0F307239DF88A208DF80C008DF80D30EA
:10F7B000C0F307409DF889308DF80E009DF88B004E
:10F7C00043EA022343EA004018F0FBFC0399024697
:10F7D000E06A18F08EFCC0F307238DF88900C0F3AF
:10F7E00007408DF88A308DF88B0018F0C8FBC0F305
:10F7F00007238DF81000C0F307408DF811308DF805
:10F800001200BDF86E309DF8700043EA004018F019
:10F81000D8FC04990246E06A18F06BFCC0F3072399
:10F820008DF86E00C0F307408DF86F308DF87000D2
:10F8300018F0A5FBC0F307238DF81400C0F30740B0
:10F840008DF815308DF81600BDF87A309DF87C00E3
:10F8500043EA004018F0B5FC05990246E06A18F04A
:10F8600048FCC0F307238DF87A00C0F307408DF8F9
:10F870007B308DF87C0018F082FBC0F307239DF8E5
:10F8800052208DF818008DF81930C0F307409DF80C
:10F8900051308DF81A009DF8530043EA022306996F
:10F8A00094F82F2043EA004018F023FCC0F307230C
:10F8B0008DF85100C0F307408DF852308DF8530099
:10F8C00018F05DFBC0F307238DF81C00C0F3074060
:10F8D0008DF81D308DF81E0094F82F20079915988B
:10F8E00018F007FCC0F307238DF85400C0F307405D
:10F8F0008DF855308DF8560018F041FBC0F3072302
:10F900009DF85A208DF820008DF82130C0F3074073
:10F910009DF859308DF822009DF85B0043EA0223E0
:10F92000089994F82F2043EA004018F0E2FBC0F356
:10F9300007238DF85900C0F307408DF85A308DF831
:10F940005B0018F01CFB8DF82400C0F30723C0F304
:10F9500007408DF825308DF82600BDF86E309DF8F3
:10F96000700094F82F20099943EA004018F0C1FB79
:10F97000C0F307238DF86E00C0F307408DF86F3099
:10F980008DF8700018F0FBFAC0F307239DF88A2069
:10F990008DF828008DF82930C0F307409DF8893094
:10F9A0008DF82A009DF88B0043EA02230A9994F807
:10F9B0002F2043EA004018F09CFBC0F307238DF88A
:10F9C0008900C0F307408DF88A308DF88B0018F05D
:10F9D000D6FA8DF82C00C0F30723C0F307408DF84A
:10F9E0002D308DF82E00BDF87A309DF87C0094F80B
:10F9F0002F200B9943EA004018F07BFBAF218DF8D4
:10FA00007A00C0F30723C0F307408DF87C008DF81F
:10FA10007B3094F82F30239A503B5A4392FBF1F2FB
:10FA20002392269A2846534393FBF1F326930AF038
:10FA3000CEFC04F114020CA90DF03AFE28B070BD02
:10FA4000B44E03082DE9F04F97B062480D460AF016
:10FA500011FC012816D1284618F04FFC064628460E
:10FA600018F047FC182E04460FD1482200210BF055
:10FA7000F2FF04460690284618F043FC0368A342B0
:10FA800000DA046017B0BDE8F08F312E34D1036B7B
:10FA9000002BF7D0C36A002BF4D0284618F031FCB5
:10FAA00000236FF060461A461946276BBB4202D10D
:10FAB000C0E90012E6E7E56A05EBC30C55F83350E0
:10FAC00005F0C04EBEF1005F03D125F0C04EB64533
:10FAD00002D1A942B8BF2946DCF8045005F0C04C59
:10FAE000BCF1005F03D125F0C04CB44502D1AA425D
:10FAF000B8BF2A460133D9E71A2EC3D128460AF0E7
:10FB000066FC236B0090002BBCD0E36A002BB9D0BD
:10FB100002A920460AF036FE2046029D0BF03DFA6F
:10FB2000A5EB00092046039D0BF03CFAA5EB00086D
:10FB300006A80DF005FD0021204606AA0AF04FFA9E
:10FB40000027236B013B9F429CD220460AF05CFEBB
:10FB5000834620460AF05BFEE36A0546594653F8A1
:10FB6000370003EBC70601931DF0ABFA4844294662
:10FB70000D9070681DF0A5FA4FEAC70A019B064672
:10FB80000E900AF1080003EB000A594618581DF0C0
:10FB900098FA484429460F90DAF804001DF091FACB
:10FBA00094F8343006A9DB0747BFAE1B2D1A08EBCB
:10FBB0000005464444BF4644454400980E961095BF
:10FBC0000DF0D8FC9DF8553001376FF382038DF8A6
:10FBD0005530B6E7E04E03082DE9F0410C4600250C
:10FBE000204601210AF0B5FD2046002117F04DF80E
:10FBF00094F86A30042123F00F0384F86A3004F18A
:10FC00005C00A4F8685018F00FFD2046F0F79AFB4E
:10FC10000121E06209F059FE2146C4E913556564EB
:10FC20006565A5643448F0F79BFB0646334F09F041
:10FC3000DEFE394630460AF053FD3046012117F00A
:10FC400048F83046012117F020F830464FF4804143
:10FC500009F03BFE3046022109F0E8FB31462663FD
:10FC60002748F0F77DFB064609F0C1FE6FF04042E1
:10FC7000394630460AF04BFD2946304617F005F864
:10FC8000022329461A46304617F00BF83046022167
:10FC900009F0CCFB4FF48041304609F016FEA66314
:10FCA0003046FCF7EDFC06462346072215490AF0CC
:10FCB00015FB30464FF4804109F007FE29463046D7
:10FCC00016F0E3FFE6633046FEF7EAFA0E491CF051
:10FCD00057FFA06BFFF774FB0646012109F0F5FD05
:10FCE0002346204626646563A5652022BDE8F041D1
:10FCF00006490AF0F3BA00BFCC4F030864000020A5
:10FD0000A84F03086BD30208A84503085DD1020879
:10FD10002DE9F04F99B0064601911DF077FB05469D
:10FD200000285AD01DF0F7F80021024628460BF0B3
:10FD3000E8FF022854D003285ED0002128460AF0AC
:10FD40007FFC002130461DF05AFB804630461DF0F6
:10FD500060FB8146404616F093FE834630460AF02B
:10FD600069FD64220746002130460BF074FE019BBA
:10FD7000804602904FEAD77A4FEADB74D944002BD1
:10FD800043D0002841D05C44336BBA446410C4EBC8
:10FD90006A0403FB194402A8F8F72EFA294602A8C0
:10FDA00017F0DDFB264902A817F0DBFB28460AF016
:10FDB00005FD2246014602A817F0DAFB414602A8DB
:10FDC00017F0D1FB1F4902A817F0DCFB02A81E495F
:10FDD00017F0D4FB02A8F8F729FA19B0BDE8F08FA4
:10FDE00030460AF017FD044628460AF00DFD231A96
:10FDF00003EBD3735910A1E730460AF00BFD04461C
:10FE000028460AF001FD211A98E730465C441DF0AF
:10FE10003FFBBA44336B6410C4EB6A0403FB194420
:10FE2000019B13B1B8F1000FB5D128460449F8F78A
:10FE300043FA2146284619B0BDE8F04F0AF017BC36
:10FE4000FBD302080DD502081975020838B5002544
:10FE50000C4691F83C3020466FF3010381F83C30AA
:10FE6000C1E90B554D63102109F0E0FA20464FF42B
:10FE7000007109F0DBFA21460548F0F771FA09F044
:10FE8000B6FD2A462046BDE8384002491DF046BB73
:10FE9000AC520308685203082DE9F043ABB00846A2
:10FEA0000C4618F02AFA1A28054676D1204618F092
:10FEB00020FA204618F01DFA05460CF087FA06468F
:10FEC00015A8F3F745FF002115AA304609F0C5FF34
:10FED00020460AF07CFA01AF00F118040DF1140875
:10FEE000814694E80F0087E80F002146404606F15E
:10FEF000140217F0B4FB002878D098E80F0084E8CB
:10FF00000F00304609A91DF08CFA6B690DAE0D93F8
:10FF1000AB6932460E93EB6921460F930A9B30463C
:10FF2000109317F09CFBB8B194E80F000DF1440852
:10FF300088E80F0096E80F0084E80F0028461CF0C0
:10FF4000EAFF05F114021C9015A948460DF0CDFA00
:10FF500098E80F0084E80F006B6932460D930C9B04
:10FF600021460E93EB6930460F932B6A109317F0DE
:10FF700076FB68B196E80F0084E80F0028461CF075
:10FF8000CAFF05F114021C9015A948460DF0ADFA00
:10FF900097E80F0084E80F0028E0214615480AF092
:10FFA00069F9012822D1204618F0A3F9182D064638
:10FFB00009D02E2D1AD10CF009FA00212BB0BDE882
:10FFC000F043FFF7A5BE204618F09BF905463046E2
:10FFD0000CF0FCF91DF034FC044630460AF014FC29
:10FFE0002B68241AA342ACBF2B602C602BB0BDE859
:10FFF000F08300BFAC5203082DE9F04F85B0C04834
:020000040801F1
:100000000E460AF037F9012811D1304618F075F97B
:100010000546304618F06DF9312D04460AD13046B8
:1000200018F06FF9054620461DF00AFC286005B05F
:10003000BDE8F08F1D2D41D8002DF8D0013D1C2DBD
:10004000F5D801A353F825F0EB0001080D010108D4
:100050004F0101082F0001082F0001082F0001089F
:100060002F0001084F0101082F0001082F0001088F
:100070002F0001082F0001082F000108D9020108F4
:100080002F0301089F020108D30201082F00010875
:100090002F0001082F0001082F0001082F00010880
:1000A0002F000108570301082F000108650301080C
:1000B0002F0001082F000108650301082E2D0ED026
:1000C0002F2DB4D11DF0A2F918B1002229460AF053
:1000D000E6F820460AF0E1FB0021204600E000217E
:1000E00005B0BDE8F04FFFF713BEC36A012B9ED9E0
:1000F00090F83C306FF3820380F83C301DF086F9B5
:10010000804905B0BDE8F04FF8F7D6B8C36A012BB7
:100110008DD9F6F7E7F802A916F0FBFC204602A9F4
:100120001DF04CFB039B002B81D020461DF06EF987
:1001300005460AF061FB0399014428460AF097FA44
:1001400094F83C3043F0040384F83C306FE7C36A12
:10015000012B7FF66CAF1DF059F9064600283FF4DD
:1001600066AFF6F7BFF8804616F0A2FC04280DD162
:10017000236B2046636309F0C8F9054608F09BFE2F
:1001800040B10021284608F074FE03E0022801D1A6
:10019000236B6363404616F08BFC012802AF37D116
:1001A00094F83C5015F004053FD0002120461DF086
:1001B00026F9054620461DF02CF98146284616F002
:1001C0005FFCA569236A81445B1BD8E9180103EB36
:1001D000D37387E803003946204605EB63051DF01D
:1001E000EDFA0022642098F82510039BC1F1640108
:1001F000002B4FD1B3691A44AD1A95FBF9F5E36AA8
:1002000025EAE5759D42A8BF03F1FF352DB229E02F
:10021000404616F04DFC0328C2D0236B3A462021FD
:10022000204602930AF03BF801E74046394616F0B3
:1002300049FCB269039B39469B1A03937269029B7E
:1002400030469B1A012202931CF067FE804630461E
:100250001CF061FEAA460646A946DFF8ACB001953F
:10026000D04507D1002DD8DB0122294620461DF0BC
:100270000EFBD2E73046DBF8003001A998470A2888
:1002800003D1C8451CBF6B1C1DB2DDF804900AF1F8
:10029000010AE5E71A444B4393FBF0F3A8E709F0A2
:1002A00034F90546F6F71EF816F002FC04280DD1C5
:1002B000284608F000FE226B08B16263B7E6636B64
:1002C0009A423FF4B4AE0121236306E7236B6363D4
:1002D000ADE6D0E90C23F3E7C36A012B7FF6A7AEA6
:1002E00030460AF07DF8A0F11203012B0ED8216BE5
:1002F000E36A01319942BFF49AAE0122656B11E0C5
:10030000D0520308FBD3020824440308142802D067
:1003100011287FF48CAE216B00293FF488AE0122B6
:10032000656B013920461DF0B2FA65637FE6C36A4A
:10033000012B7FF67CAE30460AF05EF8D4E90B1351
:10034000013918448142A8BF014621EAE1718B427C
:100350003FF46DAED1E71DF059F805B0BDE8F04FA0
:1003600009F060BF304605B0BDE8F04F1DF05DB943
:1003700010B50C463C2104F12C0018F055F901236E
:10038000642284F83C300023C4E910320B4A4FF455
:100390008771A26494F84C20204663F3000284F82D
:1003A0004C208722C4E91633C4E914122366A363E0
:1003B0001021BDE8104009F039B800BF0B800240A1
:1003C0002DE9F04FE1B004460846039109F0FFFF24
:1003D000B4F848300290C3F30E03012B37D94BA871
:1003E000F3F7B6FC4FF400314BAA204609F035FD77
:1003F0001BA80DF0A5F84FF4003120461BAA09F008
:10040000EEFD94F83C30102B01D0082B05D19DF85F
:10041000A9306FF304138DF8A9304FF00008464659
:100420002BA80DF08DF84FF4A0212BAA204609F03F
:10043000D6FD3BA80DF084F8002120463BAA09F028
:10044000CEFDB4F84830C3F30E0A564502D361B06E
:10045000BDE8F08FA36CC3F3CE33B6FBF3F203FB1E
:100460001263002B40F097804FF0010908F101085A
:10047000636C002100933046236C0AF1FF3218F0C0
:10048000C5FA04F12C0B0746CDE94D60584618F02B
:1004900076F90546002843D0EB68BB4200F3C680DE
:1004A0002B69BB42C0F2C280B9F1000F00F0B980E5
:1004B000D5F804B0BBF1000F00F08D8058215846EC
:1004C00012AA18F005FD012868D1129BADF8583129
:1004D0001B0C5921584612AA8DF85A3118F0F8FC15
:1004E000012867D19DF848008DF874015B215846BA
:1004F00012AA18F0EDFC012865D112985A905A21E1
:10050000584612AA18F0E4FC012840F082801298A4
:100510004FF400336A6853901BA920461DF029FB55
:100520000DF1200B06AB4A4631462046CDF800B00F
:100530001DF034FD94F84B3004AD13F0400F00F083
:100540002481B9F1000F00F02481039809F03FFFE6
:10055000002310228146194617A816931FF0F7FBB7
:10056000A26B0DF1580B002A00F09C80A16D1FFAC0
:1005700088F38B4271DC03F18043013B52F8233056
:10058000002B6AD0002252939DF8783162F38613D3
:100590008DF8783163E04FF0000969E758224FF495
:1005A000003120460BF057FA1690C0F30743ADF820
:1005B00058018EE759224FF4003120460BF04BFAD8
:1005C0001690C0B290E75B224FF4003120460BF04A
:1005D00042FA169092E758224FF4003120460BF071
:1005E0003AFA5922C0F307434FF400311690ADF8A0
:1005F000580120468DF85A310BF02DFA5B221690E7
:100600008DF874014FF4003120460BF024FA169057
:100610005A905A224FF4003120460BF01CFA1690E3
:1006200076E74FF4A023AA682BA976E720464BAAC9
:100630004FF4003109F011FC20461BAA4FF40031A1
:1006400009F0CDFC20464FF4A0212BAA09F0C7FCED
:100650002946584618F09AF81BE70023529394F85D
:100660003C30022B79D0082B2BD028D8012B74D901
:10067000042B72D0284606A917F047FB95E8030023
:1006800022AB83E80300284608A917F03EFB95E853
:10069000030024AB83E803001BA902980CF06AFF57
:1006A0000136D2E63B4614215846444AF8F702FE8A
:1006B0009DF87831CDF848B143F0400368E7102B3E
:1006C000D8D112A920460AF0C5F812A817F00EFBDF
:1006D000074612A817F00FFB4308B3EB570F12A8F9
:1006E00047D917F003FB129B47083B440A93139B1F
:1006F00003223B444FF4003120460B930BF0ABF93F
:100700000A22216DB4F8483071435143C3F30E03FC
:10071000013BB1FBF3F1636D0E9002FB031194F802
:100720003C30082B28D15A9B381AC3F1FF2303F51C
:100730007F03F13318440A9A0AAB02440C920B9AD5
:100740000CA80D920022CDE900324FF480731A46B6
:1007500017F0BEFA0EAB0CAA01E00EAB08AA2046B9
:100760004BA91DF077F948460EAA4BA90CF0BDFE27
:1007700080E717F0C0FAB6E7102B03BF5A9B3F186B
:100780000F33002008BFD819D5E7B9F1000F7FF467
:1007900071AF284606A917F0B8FA95E8030032AB06
:1007A00083E803005946284617F0AFFA95E803009E
:1007B00034AB83E803002BA96FE700BFF4520308B2
:1007C00070B51F480D4609F055FD012826D1284671
:1007D00017F093FD0646284617F08BFD1A2E0446A7
:1007E00016D190F94B30002B18DB1DF07FF8204616
:1007F0001DF027FD94F84C302946DB0720460ED526
:100800001DF019FA29462046BDE87040FFF7D8BD13
:100810001D2E0CD190F94B30002BE6DB70BDFFF79D
:10082000CFFD29462046BDE870401DF004BA182EC1
:10083000F4D12846BDE87040642109F0E9BD00BF4D
:10084000005303082DE9F04F87B0D0480E4609F059
:1008500011FD012846D1304617F04FFD05463046C0
:1008600017F047FD04461DF06EFE132D07463CD1E0
:10087000304617F046FDA568804605B12D6AD4F8CC
:1008800084302A460293D4F8883029460393D4F85A
:100890008C3002A80493D4F89030059316F0C5FE6E
:1008A0000022D8F8001002A816F015FF064688F8B6
:1008B0000400B8B9022F15D1636F2A460293A36FC3
:1008C00029460393E36F02A80493D4F8803005937C
:1008D00016F0ABFE3246D8F8001002A816F0FBFE68
:1008E00088F8040007B0BDE8F08F1A2D3CD8002D21
:1008F000F8D0013D192DF5D801A353F825F000BF1C
:1009000097090108B5090108C3090108E5080108AC
:10091000E5080108E5080108E5080108C309010820
:10092000E5080108E5080108E5080108E5080108EF
:10093000E5080108570B0108BF0B0108590A010817
:10094000E5080108E5080108E5080108E5080108CF
:10095000E5080108E5080108E5080108850A01081D
:10096000E5080108E50B01082E2DBBD120461DF03E
:1009700051FD00287ED04FF40071204608F0A5FFFD
:100980004FF48071204608F051FD204607B0BDE8C5
:10099000F04F09F047BC04F19405F5F7A3FC294694
:1009A00016F090F803222946204607B0BDE8F04F24
:1009B00009F0FCBF0121204607B0BDE8F04F1DF053
:1009C000CCBD0026002120461DF0C7FD94F8A030C4
:1009D00020466FF3000384F8A030C4F89C600AF04E
:1009E000D5F8204608F091FD054608F064FA074660
:1009F000F5F778FC16F05CF804281BD1002F3FF4C3
:100A000071AF20461DF09FFD02280CD194F8A03054
:100A1000980704D443F0020384F8A03062E766F339
:100A2000410384F8A0303146284607B0BDE8F04FB6
:100A300008F01FBA01287FF455AF20461DF0EAFCEC
:100A400038B14FF40071204607B0BDE8F04F08F010
:100A50003CBF4FF48071F6E7F5F744FC16F028F838
:100A6000042802D002287FF43DAF94F8A0306FF341
:100A70004103D1E74FF48071204608F026FF4FF480
:100A800000717FE712224FF4403120460AF0E3FF65
:100A900013224FF440310290824620460AF0DBFFD9
:100AA00010224FF440310290074620460AF0D3FF4F
:100AB00011224FF440310290814620460AF0CBFFCC
:100AC00068224FF440310290804620460AF0C3FF6E
:100AD000692205464FF44031029020460AF0BBFFE0
:100AE000CDE90100204609F08FFE4FEA450B00EBEF
:100AF0004505204609F08BFE019A00EB4200854235
:100B00004FEA42031FDA204609F07EFE83444FEA93
:100B10006B035745B8BF57464F45B8BF4F4647458B
:100B2000ACBFDB1943444FF4403120469D1C09F013
:100B30000DFB0544304617F0E4FB0368AB42ACBF45
:100B400003600560CEE62046019309F060FE019B3C
:100B500003445B10DDE7304609F042FC20F002035D
:100B6000112B15D194F8A0302046990735D41AF0EE
:100B7000D0F80122811820461AF063F800222021C3
:100B8000204607B0BDE8F04F09F089BB2C5303089D
:100B9000142802D012287FF4A5AE94F8A030204685
:100BA0009A0704D41AF0B5F80122411EE3E71AF0BF
:100BB000B6F80122411E20461AF08CF8DEE73046D6
:100BC00009F01AFC94F8A03005469B07204604D48F
:100BD0001AF09FF801222918CDE71AF0A0F8012297
:100BE0008118E8E7304607B0BDE8F04F1DF01FBEA2
:100BF00008B540F20470F8F77FFB034BC3F8DC0143
:100C000000B9FEE708BD00BF181000202DE9F04133
:100C10008AB0002604460E22314606A805961FF02B
:100C200096F8E26F636FB24240DAB342B4BF2D224E
:100C30002B220DF115058DF81420002B01AFB8BF44
:100C40005B420E212F4A3846F8F734FB384619F03C
:100C500049F994F88410034601F00F02B2EB000C3E
:100C6000904626D10F2901D94FEA1118BC4600231E
:100C7000984502DD1CF8010B78BB0F2931D805A976
:100C8000204601F031FA0A2294F88410D4F880301A
:100C900001F00F01092B30DC414588BF01312046AE
:100CA000891B00F0D7FF0AB0BDE8F081012605AD31
:100CB000C3E73818002B09DA384600234FF0300E0E
:100CC0006345CFDA00F801EB0133F9E790F800E073
:100CD000013B00F80CE00138ECE705F8010B0133AB
:100CE000C6E72E2105F8011B9A42C8DDF95C0029F0
:100CF000C5D005F8011B0133F6E793FBF2F3013988
:100D0000C8E700BFF452030838B5002201250C469D
:100D10000F4B2046C1E91D230E4BC1E91F35B1F829
:100D2000843023F4FF6323F0070343F4806343F02C
:100D30000503A1F8843029461EF0D9F9204629463A
:100D40001EF0CEF92046BDE83840FFF75FBF00BF78
:100D50009F8601006179FEFF70B557480D4609F086
:100D600089FA012840F0A780284617F0C6FA0646FF
:100D7000284617F0BEFA082E044678D1F5F7B2FAE5
:100D800015F096FE042834D1204608F0BEFB08F08A
:100D900092F870B394F8842002F00F02012A40F216
:100DA0008A8094F88530D4F8805003F00603042B31
:100DB00012D1012D04DD2046BDE870401DF0DCBDE0
:100DC0000A200021023A17F009FEC4F880002046EC
:100DD000BDE870401DF0DCBD0A200021013A17F08B
:100DE000FDFDEB1785428B41F1DB0A23C4F880300F
:100DF000E1E720461EF0B3F9054619F073F8E36CFD
:100E0000EA5C2E2A22D120461EF066FAE26C94F8A3
:100E10008430B2EB131F03D90F2B88BF02F1FF32CE
:100E200003F00F03013B9B1AE26F0021002A4FF0F1
:100E30000A004FF00102B8BF0133994214D1204695
:100E4000C4F88020BDE87040FFF7E0BE984204D1AE
:100E5000411E204600F0FEFED8E7002BD6D1E36FFE
:100E6000002BD3DA0121F4E742430131E5E70E2EEE
:100E700021D1F5F737FA15F01BFE0646284617F084
:100E800040FA01682046132905D1042E94D1BDE80B
:100E900070401DF08FBD142905D1042E98D1BDE8F6
:100EA00070401DF0A7BD1129F1D01229F7D0BDE87F
:100EB000704001F0A1B870BD5853030870B598B0E8
:100EC00004460E4615460021F7F7F6F902A8F7F793
:100ED00093F9214602A816F042FB02A81E4916F01B
:100EE00040FB02A84FF0FF3116F054FB314602A838
:100EF00016F039FB05F5B472294602A816F038FB46
:100F000002A8F7F793F902A8144916F037FB4FF43B
:100F1000806302A8009340F2512200234FF4D7715E
:100F200016F045FB4FF4B47202A8002116F020FB26
:100F30000B4902A816F015FB02A8F7F777F94FF452
:100F4000B4722046002119F026FE4FF48771204626
:100F500019F02DFE18B070BD37EA0208417502087D
:100F600033EA02082DE9F04196B052480E4609F0E6
:100F700081F9012849D1304617F0BFF904463046BF
:100F800017F0B7F9182C054648D112224FF440311A
:100F90000AF061FD132280464FF44031009028464C
:100FA0000AF059FD102204464FF4403100902846C3
:100FB0000AF051FD112207464FF4403100902846B7
:100FC0000AF049FD4445B8BF4446BC42B8BF3C4660
:100FD0008442B8BF04464FF440310090284609F0DF
:100FE000B5F802340444304617F08BF9036806461E
:100FF0009C42B8BF1C464FF400310460284609F0FB
:10100000A5F8844204DD3068306016B0BDE8F08198
:101010004FF40031284609F099F8F5E7202C40D12B
:10102000642200210AF017FD0746009088B3284685
:1010300008F069FAEC6A00F00106631C2FD1002E5B
:101040000CBF4FF480740024360200212846F7F7C5
:1010500033F96846F7F7D0F82946684616F07FFA64
:101060006846154916F07DFA32462146684616F064
:101070007FFA6846114916F085FAA11B0029B8BF0E
:10108000494279436846090A16F06DFA6846F7F74F
:10109000CDF8284616B0BDE8F04109F077BD36021C
:1010A000D3E71A2CB1D1304616B0BDE8F0411DF09F
:1010B000F3BC00BFB053030863EA020857EA020812
:1010C0002DE9F04FADF50F7D054617F012F90446F6
:1010D000284609F07CF914AF00F11806054632469F
:1010E000384604F1140116F0BAFA002877D096E8D1
:1010F0000F000DF1600C8CE80F0097E80F0086E8F8
:101100000F003022002120460AF0A5FC00210590A6
:10111000729020461DF05CFD1122002109902046AE
:101120000AF099FC00210E90729020461DF042FDBD
:1011300000210A9020461DF044FD238DA26A0C93E5
:10114000A54B0B90134043F40023A36256A8F3F77A
:10115000CBF84FF4A02156AA204608F0B9FC2CA8E1
:10116000F2F7F6FD4FF4A02120462CAA08F075FEF8
:101170000C9B099A238594F82A3020466FF3C30309
:1011800084F82A30A36913445E1E09F00BFF059B07
:10119000361A1E441F96002620461C961E9609F0FD
:1011A000FCFE27220D90314620460AF054FCB14641
:1011B000C3B272900893236B4B450BD9A36B53F8C2
:1011C00029201F9B0133991801391F91F9681D933C
:1011D0008B4208DD18AB18350FCB85E80F000DF5F5
:1011E0000F7DBDE8F08F089B012B0FD10B99E369B0
:1011F0005B1A0D99013B5B1A05995B1A1C9302EB74
:10120000D27253104FF000080F934BE00A996369B4
:101210000B440D99013B5B1A05990B441E93EEE7B5
:10122000B3000693636B03EB860253F8263083B159
:1012300093F800B0089BE16B012B0CD11C9B013B88
:101240001E9351F828001B1A01331C9308F1010A60
:101250001EE09B46EEE71E9B01331C9351F82800CD
:101260000344013B1E93F1E752F8043B93B11B7812
:10127000D8070FD5089851F82A3001280BBF1C98C1
:101280001E98C01A1B180CBF1C901E930AF1010A6D
:10129000D445E9D1AAEB08031F9A1E447B689A4201
:1012A00007DAD046D4F82CC0C445B9D809F10109F1
:1012B00081E79DF8A131DDF870E0DDF874C01E987B
:1012C00003F01F015B07CDE92202CDF880E0CDF8E5
:1012D00084C007910AD563690A990B447345BFBF5F
:1012E000679B03EBD373AEEB63032093079B9907D4
:1012F0000AD5A36909990B446345BFBF679B03EBFC
:10130000D373ACEB63032193079B1B070ED5E369F3
:101310000B995B1A013B834208DD679B03EBD37C8F
:1013200003F0010303EB6C0303442293079BD907EB
:101330000ED5236A0E995B1A013B9A4208DA679B25
:1013400003EBD37103F0010303EB61031344239315
:10135000636C4B4545D1236C434542D1228D02F04D
:101360006003A3F120014B424B4102F0040002F064
:10137000080192074FEA431325D543F0020318BB37
:1013800031BB238594F82A3072A843F0080384F80F
:101390002A30F2F7A9FF41A8F2F7DAFC4FF4A021B6
:1013A000204672AA08F094FB4FF4A021204641AADF
:1013B00008F053FD0C9B238594F82A306FF3C30388
:1013C00084F82A3017E010B143F00403D8E729B1BC
:1013D00043F00803D5E700BF0000F7FF002B40F003
:1013E0008C80702256A972A818F039FC54222CA9BE
:1013F00041A818F034FC20AA284672A9CDE97498B7
:10140000CDE943980CF054F9636B069A9B58002B76
:101410003FF447AF4FF4A02120461DF0CBFB4FF423
:10142000A021109020461DF0CCFB4FF4A021079086
:1014300020461DF0CDFB80464FF4A021112220460E
:101440000AF009FB109B1C9A28901A4424921E9BB8
:10145000079A0BF0020B9B1A26931D9B069A434496
:1014600025931F9B1B1A2793636B24A89B58349AC0
:1014700003F10808509B119210934F9B079316F0AD
:1014800035FCBBF1000118BF0121079BCDE901012B
:1014900000934146DDE9103212A818F067F8BBF15D
:1014A000000F0BD10F9B1D9A1A44139B03EBD373B0
:1014B0005B105B42D118D21A259127920DF1A00B37
:1014C000394658461CAA16F0CAF800283FF4E9AE7F
:1014D0009BE80F0005F1180888E80F00069A636B77
:1014E00028469B5841A9083324AA48930BF0FDFFD6
:1014F00014AB0FCB88E80F00D3E6202341E700BFF1
:10150000F0B585B096480E4608F0B4FE01281AD111
:10151000304616F0F2FE0546304616F0EAFE2F2D54
:10152000044604D105B0BDE8F0401DF0AEBC102D5E
:1015300000F085801FD8082D00F09E8005D8013D61
:10154000ADB2012D3AD905B0F0BD0E2DFBD130461C
:1015500016F0D7FE4FF6FF730768D4E910019842E2
:1015600002D0994240F0AF8000232046C4E91033F6
:101570001DF053FC62E01A2D00F0EB80312DE2D11A
:10158000304616F0BEFE00221346E16A8B4209D1B6
:1015900000231946256BA9420AD1013A013B02609A
:1015A0004360D0E7E56B55F8235001332A44EDE75B
:1015B000A66B56F8216001313344ECE7F4F792FE54
:1015C00015F076FA00F0FD000128BCD1F4F78AFE90
:1015D00002A915F077FA2046029D09F0DEFC2722C9
:1015E0000021054420460AF036FA0190C0B20128D5
:1015F0002AD100212046E6691DF0E3FA361A751B50
:1016000000263346E26AB24226D12046039D09F005
:10161000C9FCA369002105442046ED1A1DF0D8FA43
:1016200000231A46216B2D1A99421DD1226CB24219
:1016300002D1626C9A4286D0C4E91063204605B09C
:10164000BDE8F04009F0A2BA636900212046ED1A16
:101650001DF0B0FA2D1AD3E7E16B51F826100B44B8
:10166000AB42D2DC0136CEE7A06B50F82300024437
:101670009542DBDB0133D7E709F088FAF4F732FE55
:1016800015F03DFA4FF6FF73216C024699420DD1D9
:10169000F4F728FE15F00CFA00F0FD0001287FF4A5
:1016A00052AF4FF6FF73C4E910334CE7616C9942B7
:1016B000EED00028ECD12021204608F0F0FD0128D2
:1016C0007FF441AFE4E7E66A256BB042B4BF02465F
:1016D0000022A942B4BF0B460023142F24D1013AA3
:1016E00096422EDC6A1E9A42C6BF0022013306F1E2
:1016F000FF329D42D4BF05F1FF3323EAE3739042EA
:1017000002D199423FF41FAFC4E91023204609F0EB
:101710003DFA20461DF081FB00222021204605B025
:10172000BDE8F04008F0BBBD132F01D10132D7E76F
:10173000112F01D1013BD3E7122F7FF404AF013306
:10174000CEE7002AD5DA13B1721E013BD1E71A4663
:10175000CFE7304605B0BDE8F040FFF7B1BC00BFB1
:10176000DC5303082DE9F0414B1E04460F46072BBE
:101770004ED8DFE803F02A4B4D044D4D4D28012192
:10178000204615F082FA20461DF0EEFB0546204665
:101790001DF0E7FB0646364908F08BFF0121304675
:1017A00015F097FA0021284615F06FFA002130460F
:1017B00015F06BFA0321304609F0B6FB00213046E4
:1017C00009F0BFFB2AE00921DAE70021204615F0E5
:1017D0005CFA20461DF0C8FB054620461DF0C1FB03
:1017E0000646234908F07CFF0121304615F071FAC6
:1017F0000121284615F049FA0121304615F045FA35
:101800000021304609F090FB0321D8E70821DDE7ED
:101810001DF0AAFB054620461DF0A3FB94F83030CE
:1018200013F00C0F14BF0122002217F00C0814BF94
:10183000012300239A4212D02046F0F791FAF1F7E3
:1018400053F906466420B8F1000F0CD0F6F770FD8E
:10185000014606EBD6767210284608F058FF84F849
:101860003070BDE8F081F6F763FD31460246F3E7DC
:101870006400002070B500260C46154A204681F809
:101880003060114608F043FF2046EEF75BFD20462E
:10189000EEF758FD0546314615F0F7F93346324666
:1018A00028460C4908F01AFD3146284609F017FB76
:1018B00020460421FFF756FF2846802108F005F84E
:1018C0002846BDE870404FF4806107F0AFBD00BF0F
:1018D000640000206FEF020808B51DF045FBBDE86D
:1018E000084001490AF0ACBDB84403082DE9F347AC
:1018F0000D46064691461DF034FB044630461DF069
:1019000033FB80463046FFF7E7FFA84298BF00F15F
:10191000FF353046EFF7D8F96CB396F8301011F078
:101920000C012BD01522002120460AF094F88246A3
:101930000190204608F06EFF00212722074630461E
:101940000AF089F8C3B2012B574408BF69420190DD
:1019500014BF4A464A46204614BF05FB07F17943A7
:10196000EFF78AFD00214046134A0AF041FD0024AA
:10197000114F98B9F56202B0BDE8F08714222046F5
:101980000AF069F807460190204608F053FFC11994
:101990004A4620466943EFF783FDE3E72B1B5A4293
:1019A0005A410121013407F09DFD3A462146404647
:1019B0000AF01EFDDDE700BFB844030838B50B4848
:1019C0000C4608F057FC01280ED1204616F095FC75
:1019D0000546204616F08DFC2E2D05D1BDE8384079
:1019E0000022C16AFFF782BF38BD00BF0854030858
:1019F00030B597B064224FF4C02105460AF02BF8A9
:101A00000446009058B928461749F6F755FC95F852
:101A1000643043F0010385F8643017B030BD684688
:101A2000F6F7EAFB2946684615F099FD68460E4927
:101A300015F097FD2146684615F095FD214668464C
:101A400015F0A4FD00226846012115F091FD6846BD
:101A5000064915F093FD68464FF0FF3115F09AFDE9
:101A60006846F6F7E3FBD8E753F00208337502083F
:101A70002DE9F04F8BB004461DF00DFB5C220021D8
:101A80008046204609F0E7FF06900746E06AD4F852
:101A90004CB01BF040FA664B59461B68814698478C
:101AA000644B00211B680646019309EB00031846AE
:101AB0000293019B98478246404614F0E1FFBAF139
:101AC0000D0F039000F2AF8042F2014222FA0AF2B7
:101AD00012F0010F0CBF514620210022404614F0A5
:101AE0009AFF594604AA0546E06AFDF7DBFCD4F8E4
:101AF0002CB058461BF00FFA0021024658460AF057
:101B000000F9E36A049A59690A44D9692A448A4265
:101B100029DD94F870B01BF0080B24D1032822D0E3
:101B2000039B059A1F443A44CDF810B00592BAF1D0
:101B3000000F7AD0404B02981B68984706445946DC
:101B4000019B09EB060098470D28014606D842F292
:101B50000143C34013F0010F18BF2021002240466B
:101B600014F059FF0546266630224FF4C021204666
:101B700009F071FF1022824606904FF4C0212046E2
:101B800009F069FF1122069000EB0A064FF4C0210C
:101B9000204609F060FF1222069000EB0A084FF47D
:101BA000C021204609F057FF1322069000EB0A07D8
:101BB0004FF4C021204609F04EFF049B5044059A83
:101BC000DF1B03441D44039B90449844E36A961B27
:101BD0005969226DA06D0A4406929A69636D0844A2
:101BE000D3180793E36D08901A44204606A909927A
:101BF00008F0A1FFC4E91476E36A08F1FF385A69D6
:101C00009B69013DC4E9165817441E4415444344DA
:101C1000204606A9069707960895099308F08BFFBA
:101C20000BB0BDE8F08F514657E7202196E700BF83
:101C30001C440308244403082C44030810B501463F
:101C40000348EEF78DFB044607F0D1FE204610BD99
:101C50003C540308F7B5C36C04468B420E4665D06E
:101C6000C06A1BF058F9324B1B689847002EB8BF6A
:101C70003618B042054604DB47F6FF739E4218BF94
:101C800035462046E564EFF71FF820461DF003FABD
:101C9000064629466A46E06AFDF704FC304614F021
:101CA000EFFE05462046019E09F081F9864204DADE
:101CB000012220460199EFF7F3FB204608F0BAFD18
:101CC000019B07462046EE1809F071F9331ABB4212
:101CD00006DD01990122C91B20462944EFF7E0FBEC
:101CE0002046009EEFF76AFA864204DA0122204677
:101CF0000099EFF7C1FB204608F08CFD009B0746DA
:101D00002046EE18EFF75AFA331ABB4206DD009967
:101D10000122C91B20462944EFF7AEFB009B204659
:101D2000A364FFF765FE2046FFF7A2FE03B0F0BDF7
:101D30001444030870B540F2DC534B6401230025C2
:101D4000CB6491F86430C1E90D5523F0030343F0EF
:101D5000030381F8643091F87030C1E90F5523F026
:101D60000E0381F87030C1E90B558D6408460C46AE
:101D7000FDF726FB0646E0626420F6F7D9FA014635
:101D8000304608F096FCE06A0D491BF047F82B46F8
:101D90002A460C49E06A08F0A1FA20464FF4806117
:101DA00007F093FD20464FF4006107F03FFB20460B
:101DB0002946FFF74FFF2046BDE87040FFF718BEE9
:101DC000DD440308A7F0020810B586B0846B64B93F
:101DD0001DF061F9234642F22202694614F0D2FD59
:101DE000034C044B002808BF1C46204606B010BD1B
:101DF0002C540308AC4A03082DE9F84F90F87030D2
:101E000004465B0735D5C06A1BF085F81A4B1B6882
:101E10009847064668B32046FFF7D6FF814618F07C
:101E200061F800FB06FA07460AF10100F7F764FAC9
:101E30004FF000080546834658463A46494608F1A1
:101E4000010817F00CFF4645BB44F5D1002305F807
:101E50000A302946E06A1AF0E1FF2846F7F766FAE9
:101E600020460649F6F728FA2046BDE8F84FFFF766
:101E7000FFBDBDE8F88F00BF1444030827F0020837
:101E800010B596B0436C044623B916B0BDE81040B7
:101E9000FFF7B2BF6846F6F7AFF92146684615F07E
:101EA0005EFB68460C4915F05CFB6846616C15F0FA
:101EB0005AFB01226846002115F05AFB6846074983
:101EC00015F05CFB6846064915F05CFB6846F6F7C2
:101ED000ADF916B010BD00BF27F002083375020837
:101EE00075F10208F7B504460D4601B9FEE790F812
:101EF00070305A0701D5FFF77FFFE36B0BB9236CF6
:101F00009BB100232A4E2B4F0193019BEB5C0BB935
:101F100003B0F0BD01A93368284698473B6898474D
:101F20000146204600F068F8EFE72946204600F019
:101F300045F80128ECD1D4E90B0333B11AF0EBFFDB
:101F4000037813B9204608F021FE2A46E16CE06AC6
:101F5000FDF75EFB20461DF015F994F870305B0725
:101F600015D5606B17F0BEFF0646284617F0BAFF7E
:101F700031180131606BF7F7E3F9606300B9FEE7F0
:101F80002A46E16C17F05AFA2046FFF779FF0A4B10
:101F900028461B68E66C984781192046FFF75AFED1
:101FA00000222021204603B0BDE8F04008F077B9B8
:101FB00024440308284403081444030870B500238C
:101FC0000C4E0A460C4621210546336008F067F99D
:101FD000306808B9012070BD037843B1214617F07D
:101FE00090FF0028F6D028463168FFF77BFF0020DD
:101FF000F1E700BF041201207FB590F8703004466D
:10200000180703D50A2926D00D2924D000250291CE
:102010000091204602A90395FFF7D0FF01281AD1AD
:102020002F4B29461E686846B047236C054643B1CE
:1020300020461DF094F82B4B1B689847236C984260
:1020400009D2E36B6BB11B785BB100230193E06BAA
:10205000019BC35C0BB904B070BD01A9B0478542B8
:10206000F5D194F870305A0702D52046FFF7C4FE28
:10207000D4E90B0333B11AF04EFF037813B92046AD
:1020800008F084FDE16CE06A02AAFDF7C1FA20467F
:102090001DF078F894F870305B0715D5606B17F079
:1020A00021FF054602A817F01DFF29180131606BBA
:1020B000F7F746F9606300B9FEE7E16C02AA17F092
:1020C000BDF92046FFF7DCFEE16C20460131FFF749
:1020D000C1FD00222021204608F0E1F8BBE700BF47
:1020E0002444030814440308F7B504460D4601B917
:1020F000FEE71DF047F8E36B13B9236C002B3AD0D1
:102100002749E06A1AF08AFE47F6FF712046FFF77A
:10211000A1FD94F87030234E13F0040F4FF000032C
:1021200018BF626B204F18BF13700193019BEB5CCB
:10213000B3B9236B3BB1E06A1AF0EDFE037813B933
:10214000204608F023FD94F870305B0720D5606BC3
:10215000F7F7ECF8284617F0DFFE6063A8B9FEE752
:1021600001A93368284698473B68984701462046AE
:10217000FFF742FFDAE72946E06A1AF04FFE47F61A
:10218000FF712046FFF766FDD3E72046FFF734FED8
:1021900000222021204603B0BDE8F04008F07FB8BF
:1021A000DD44030824440308284403082DE9F047CC
:1021B000B8B0B2480D4608F05DF8012840F0AD8097
:1021C000284616F09AF80646284616F092F8102E81
:1021D000044604D138B0BDE8F047FFF709BC1A2E19
:1021E00000F0BA8100F29C800E2E00F01F8100F2F8
:1021F0009480032E00F28E80002E00F08E80F4F783
:1022000071F80646002800F08880284616F071F81C
:1022100090F8643004469F077FD5304614F048FCA0
:1022200002287AD0304614F043FC042875D0E06AC6
:102230001CA908F0A7FA304601A914F043FC304667
:1022400003A914F066FC019A002A66DB029B002BAE
:1022500063DB1C992846521A07921D9A9B1A089311
:1022600016F04BF80646E06A08F0CEFA079BE56ADE
:10227000002BC0F23B81984240F33B81012207A929
:1022800028461AF04AFE07A90746E06A1AF049FEF6
:1022900080F00103DBB294F87020900702F0010196
:1022A00040F13F81002940F02881002B40F03C8123
:1022B000012E32D14FF6FF7342F001024FF440710C
:1022C0002046A766E36684F8702007F0AFF8394629
:1022D0002046FFF7BFFC94F87030D9071DD5D4E92C
:1022E0001A239A42696C40F223818B4202D1A96C75
:1022F0008A4204D0C5E91132204608F047FC032E7B
:1023000001D0082E09D194F870306FF3000384F8DF
:10231000703002E0082E3FF472AF38B0BDE8F087AD
:102320001D2EFAD1284615F0E4FF0446284608F091
:102330004EF80646E06A1AF0EEFD94F864308046E6
:10234000DB07EAD51CA8F1F7CFFF4FF4C0212046E8
:102350001CAA07F0BDFBD4E91517E06A236D42699A
:10236000E56D1344039383693A44194430462B4482
:10237000049105921CA903AA06930BF099F9302247
:102380004FF4C021204609F066FB122207464FF4A5
:10239000C0210790204609F05EFB4FF0000A102292
:1023A0004FF4C02100EB07090790204609F053FBCA
:1023B000CDE901AA236E079008EB0305304B0744D3
:1023C0001B68284698470DF10408024629464046F6
:1023D00017F045FC039B58224B440393049B514642
:1023E0003B44E06A049309F036FBC0F307430790CF
:1023F000ADF8000007A88DF80230F1F7A9FC4FF402
:10240000C021204607AA07F028FD9DF89030022B36
:1024100040F20A819DF86830304643F04003CDF821
:1024200038808DF8683003AA07A9FAE0284615F02D
:1024300068FF0168132905D1204638B0BDE8F04790
:102440001CF046BF142910D8012910D98B1E122B5D
:102450000DD8DFE803F0353C0C0C0C0C290C3F0CBC
:102460000C0C0C0C0C1D230C17007F2922D02046CD
:1024700038B0BDE8F047FFF7BFBD00BF3C540308CC
:102480002C440308204638B0BDE8F0471CF024BFB8
:10249000204638B0BDE8F0471CF050BF204638B0A9
:1024A000BDE8F0471CF01EBF204638B0BDE8F0473D
:1024B0001CF084BE204638B0BDE8F0471CF0C7BE13
:1024C0000021204638B0BDE8F047FFF7C3BB47F610
:1024D000FF71F6E794F870301B07C8D5002223215E
:1024E000204638B0BDE8F04707F0D9BE01230027E9
:1024F000D1E6012347F6FF77CDE6022E0FD0032E5B
:1025000002D0082E7FF4E3AE20464FF4407107F06E
:10251000DCF994F87030D8077FF5FFAED7E6E766B0
:10252000D5E600297FF4D3AE012E7FF4F6AECEE6D9
:1025300008D28A4203D1A96C8B423FF4E0AE6A64B0
:10254000AB64D9E64FF6FF73994203D1AA6C9A4265
:102550003FF4D5AE6B64F3E7284615F0CAFE044697
:10256000284607F034FF0746E06A1AF0D4FC0378E7
:10257000002B7FF4D2AE236B002B3FF4CEAE1B7842
:10258000002B3FF4CAAE1CA8F1F7E2FB1CAA4FF4E3
:102590000021204607F061FC94F8703000211A07F2
:1025A00048BF9DF8BB304FF0120248BF43F0010313
:1025B000204648BF8DF8BB3009F04DFA132205467E
:1025C00000210790204609F046FA1022814600219A
:1025D0000790204609F03FFA112206460021079095
:1025E000204609F038FA3022804600210790204624
:1025F00009F031FA0346D4E9060C1E440644384675
:10260000216A62691D4499444344C91A236B1544E5
:10261000ACEB090209920A9107950896239307AA41
:102620001CA90AF062FF78E60099129815F06BFC7D
:1026300000283FF4EFAE70E610B50C460C4A204679
:10264000114608F064F8002320461A46094907F0AD
:1026500045FE2046802107F038F92046032108F086
:1026600063FC2046BDE81040032108F06ABC00BFAF
:10267000640000208BF3020810B50C46044A204683
:10268000114608F044F82046BDE81040EEF71CBBA8
:102690006400002070B508460C4609F097FE064617
:1026A00008F0B2F80546304608F0B1F8294602466F
:1026B000204608F02CF80121204614F0E6FA2046C6
:1026C000EDF740FE05462046EFF74AFBF0F70CFA1F
:1026D0000F4E00EBD07042103146284608F017F834
:1026E0002846002114F0D1FA022300211A46284678
:1026F00014F0D7FA2046EDF725FE0446012114F028
:10270000E8FA31462046BDE8704007F0D2BF00BF6E
:10271000640000201FB50649024601A805F026FF07
:10272000044B01A998681AF079FB05B05DF804FB29
:10273000E0540308742A012010B532220C490D4BD5
:1027400091F90040186812FB0402B2F57A6F05D3C4
:102750004FF47A621A60FF220A7002E0642A02D9FA
:102760001A60186810BD64221A600122F4E700BFE5
:10277000063D01200C12012070B590B001213A20D5
:1027800001F04CFD01212A2001F048FD1A4B1B4DA0
:10279000D3F8242306AC42F00102C3F82423D3F873
:1027A0002423002642F08072C3F824230FCD0FC4E7
:1027B0000FCD0FC495E803000323CDE901668DF822
:1027C00006304BF601130093012384E803000C4C00
:1027D0008DF81B302046CDE90366059603F074FBA7
:1027E000204606AA03A903F077FC6A46204601A901
:1027F00003F028FB10B070BD00C00350E454030880
:102800000040005938B5F6F7C9F805F0B5FC0520C9
:1028100005F00AFB1DF0CEFE044640F2CB701DF021
:10282000E3FE054D2B68E31A834204D9FFF784FFCA
:10283000FFF770FF2C6038BD0812012073B5114BF3
:1028400005461B780C461646ABB10B7A0E48009332
:102850000B780A7B09791CF073FEA3682268616813
:102860009A1AE36808485B1A013302FB03333146C6
:102870005A0000F041F8284602B0BDE870400AF066
:1028800002BA00BF073D01201026012013B51148F0
:10289000114B036040F601038380104B1B6883607B
:1028A0001CF0A4FEA0218020F0F7ECFA04460C49AD
:1028B000F0F738F920461221F0F7BEFB002320463E
:1028C0000093084A4FF4206307490AF07AF902B0EE
:1028D00010BD00BF1026012003080107943C012011
:1028E0003D28010810120120101C01200022014B7C
:1028F0001A707047C92B01202DE9F74F04464FF09D
:1029000000093A4B15460093394B00220E46417898
:10291000007801931CF0C8FD0122617920791CF038
:10292000BFFD4F464FF0010BDFF8CC804FEAD52AB0
:10293000C5F30A05D1452F4B2ED1F5B198F80020EB
:1029400002F0FF03002AF9D102AA02EB870757F829
:10295000081C06EBCA26481C3288120ACA5436F8EC
:10296000022BC25402339D42F6D801232A4688F82E
:102970000030A0681F4B01F069F898F8003003F0B0
:10298000FF05002BF9D12078012261781CF08CFD25
:10299000284603B0BDE8F08F98F8001001F0FF0260
:1029A0000029F9D102A901EB870151F8081C06EBB7
:1029B000C92001F1010EB0F800C04FEA1C2C01F84B
:1029C00012C030F802CB0EF812C00132B2F5806F9F
:1029D000F1D14FF40062A068C7F1010788F800B098
:1029E000FFB201F033F809F10109A3E7CA3301206E
:1029F000CA2B0120ED280108C92B0120064B1B68BA
:102A00001A7A022A04D812B11B68044A136070476C
:102A1000032AF9D0704700BF4C3C01201C2601203E
:102A200070B5A2B01E4D0BAC0FCD0FC495E80F00D2
:102A300084E80F0000244FF47023CDE9024404948D
:102A4000019313AD01AE0FCE0FC5164B06AE2B6032
:102A5000154B18ADCDE90744099406930FCE0FC569
:102A60002022124B12482B60124B13A91D93124BBC
:102A70002094CDE91E23114B0BAA2193104B04F097
:102A8000CDFB044618B1AE210E481CF002FF002118
:102A90004FF4E1301CF0E1FE204622B070BD00BFD3
:102AA000405503083C00015B01000F004400015B3E
:102AB000D4260120CA3B012000010100603C012016
:102AC000202601200C550308014804F0CDBC00BFAE
:102AD000D4260120024B0349186800F0C1BD00BF95
:102AE000943C0120743C012008B504481DF0BCFE54
:102AF0001CF03FFEBDE8084000F008B84C5D03083C
:102B000001481DF0B1BE00BF4C5D03082DE9F04740
:102B100096B0544E09AC35460FCD0FC42B6806F164
:102B2000140523600EAC0FCD0FC495E80F00DFF83D
:102B30004C8184E80F004C481DF096FE40461DF085
:102B400093FE4FF48073494FADF83C30484B384604
:102B50000B9309A90EAB0D9302F07CFF04214FF4F7
:102B6000E065B6F834A00DEB01000122ADF804A039
:102B700000F008FAB6F836900022012102A8ADF85C
:102B8000089000F0FFF9368F0122042103A8ADF868
:102B90000C6000F0F7F90122042104A8354CADF8CF
:102BA000105000F0EFF9344B4FF44870C4F8C834BB
:102BB0004FF00213C4F8C43403F58033C4F8CC34A6
:102BC0001C23C4F8B43405F081F908A8ADF82050EE
:102BD00000F04CFA142005F079F908A8ADF820505F
:102BE00000F014FA232005F071F908A8ADF8205080
:102BF00000F03CFAB92138461CF073FF08A8ADF884
:102C0000205000F003FA002205A81146ADF814A0E8
:102C100000F0B8F9002206A81146ADF8189000F0AF
:102C2000B1F90122002107A8ADF81C6000F0AAF953
:102C30000122002108A8ADF8205000F0A3F9384681
:102C400002F0C0FB00234046C4F8B434C4F8C834D2
:102C5000C4F8C434C4F8CC341DF009FE16B0BDE885
:102C6000F08700BF605503084C5D030800C00850A2
:102C7000E070720000C0035002000100585D0308BC
:102C80000348044A0449121A92101CF0F5BD00BF13
:102C9000B4010008B4010008FC3B012008B5154B45
:102CA00083F30A8800F030F8FFF7EAFF124B13496C
:102CB0008B4212D30020124B12498B4218D3EDF7EE
:102CC000CFFA186850F82240586840F82240013284
:102CD00098688242F5D30C33EAE70022F8E71C68D3
:102CE00044F8220001325C68A242F8D30833E4E7DA
:102CF0000022F8E700000020F05F0308FC5F0308F3
:102D0000FC5F0308FC5F030870B54FF48041144B6F
:102D1000144A154D9A60D3F8882005F5005442F402
:102D20007002C3F88820114A91664FF0FF32226684
:102D30006FF4003262660D22A2660222C3F8D02030
:102D4000BFF34F8FBFF36F8F4FF44036002004F076
:102D5000FBF90020E66004F08FF92E6170BD00BF22
:102D600000ED00E0000000080080004400900050EA
:102D7000014B1860704700BF9C3C0120054B186058
:102D8000054B1B6F03F00703032B01D11DF048B95E
:102D9000704700BFA43C01200080005038B50446B5
:102DA0000D4601B118B9452104481CF072FD236895
:102DB00013B92B60256038BD1C46F8E79A55030807
:102DC00010B5044618B9562104481CF062FD20686D
:102DD00018B1036823600023036010BD9A550308EF
:102DE00007B50023294801931DF03EFD4FF44073C1
:102DF000012204216846ADF8003000F0C3F801223A
:102E0000234B0520C3F8442401A91DF028FD002808
:102E100039D1204BD3F8F02042F00102C3F8F02062
:102E2000D3F8FC2042F08072C3F8FC201A4AA3F5C4
:102E30005D431A60019B194A03F5D52303F2FC4355
:102E4000B3FBF2F3164A013B13610223C2F8F030E0
:102E50004FF48073C2F804334FF06043114AC3F853
:102E6000B02F114AC3F8802ED3F8002E42F480729E
:102E7000C3F8002EFF2283F82020D3F8002E22F47E
:102E80008072C3F8002E03B05DF804FB4C5D0308AC
:102E900000D0035000ED00E0FF030040F8590D00A2
:102EA000000004E055CEACC50900010030B54FF07C
:102EB0006043D3F8802ED20715D501240B4D8440F2
:102EC000D5F8FC2042F08072C5F8FC20D3F8002E23
:102ED0002243C3F8002E53F82020002AF0D003F834
:102EE0002010002030BD1120FCE700BF00ED00E005
:102EF0002DE9F0410C2504464FF00108124E0CB3A9
:102F000014F001000BD0002024F0010405FB006246
:102F10005768002FF3D09168C0B2B847EFE7224658
:102F2000013020284FEA520201D0D307F8D508FA21
:102F300000F20F2824EA0204E8D9103805FB0062E9
:102F4000B432E5E7BDE8F0817427012008B50C48EC
:102F50001DF08AFC272004F0A9F828B1272004F0EE
:102F6000F3F8272004F088F8282004F09FF828B10F
:102F7000282004F0E9F8282004F07EF8002008BD9D
:102F80004C5D03082DE9F0410E469046044638B9E1
:102F900093211C481CF07DFC22252846BDE8F081C9
:102FA0000F290DD803782BB1012B0FD0022B10D095
:102FB000032B05D140F2FF736278D340DB070BD4BB
:102FC000972110481CF065FC2125E6E740F2FF132D
:102FD000F2E743F6FF73EFE70B4BD3F810532DB135
:102FE0009B2108481CF055FC0225D6E71DF02CFC5F
:102FF000074642462046314603F096FD38461DF00E
:103000001EFCCAE7D455030800C0035038B5044677
:1030100028B91548E4211CF03CFC222038BD037877
:103020002BB1012B0FD0022B10D0032B05D140F276
:10303000FF736278D340DB070BD40B48E8211CF008
:1030400028FC2120EAE740F2FF13F2E743F6FF7382
:10305000EFE71DF0F9FB054620461DF0B7F82846BE
:103060001DF0EDFB0020D9E7D455030838B5044620
:1030700028B91648FC211CF00CFC222038BD03782E
:103080002BB1012B10D0022B11D0032B05D140F214
:10309000FF736278D340DB070CD40C484FF4807187
:1030A0001CF0F7FB2120E9E740F2FF13F1E743F6BC
:1030B000FF73EEE71DF0C8FB0546204603F0FCFC5D
:1030C00028461DF0BCFB0020D8E700BFD4550308FC
:1030D00008B503F01FFD054B00F0553020F0A0406F
:1030E000C3F82004BDE80840FFF702BF00E003502A
:1030F00008B503F00FFD054B00F0AA3020F020408A
:10310000C3F82004BDE80840FFF7F2BE00E003501A
:103110002DE9F04F85B09A46554B06461B780F4671
:103120001546DDF83C909DF844B0DDF85080002B4A
:1031300000F09780072A00F296800E9B002B00F08B
:103140009280B9F1000F00F08E80129BB3F5006FF2
:1031500000F38980012803D1109B002B00F08380AD
:10316000444B03EB05131B7B002B7ED0424C1022FB
:10317000002168461CF0EBFD04EB45141022A7BBB0
:10318000394620461CF0E3FD43F210036380BBF197
:10319000000F03D1E37843F00303E370364A0E9B3C
:1031A00002EB451CCCE90193129B6901581E9DF866
:1031B0004C30C0F30A0003F003039B0643EA001EF1
:1031C00053582E48012E00EA03004EEA0003CDF8C2
:1031D00000A0535017D0B8F1000F2ED19CF8023048
:1031E00068F304138CF8023027E0002120461CF01D
:1031F000AEFD4FF444736380BBF1000FCED1E37892
:1032000043F03003C9E713230CF1100ECCF80C3057
:103210009CE80F008EE80F006FF00301DCF81C2023
:10322000109B61F39F02012FCCF81C20CCF81430C6
:1032300003D1CCF81890CCF8043000270D4A2901AE
:1032400002EB051342F80180159A28465A60694638
:1032500022469F605E7303F05FFA384605B0BDE812
:10326000F08F0748FAE70748F8E70748F6E700BF96
:10327000EA3B0120DC290120DC2801200F80FFF33C
:10328000028000F0018000F0078000F038B5124B9A
:1032900005461B78DBB1E0B11DF0D6FA0F4A0023DA
:1032A0001146147B54B92B6001251A0101EB03135D
:1032B0001D738C501DF0C3FA204638BD0133082B16
:1032C00002F11002EDD11DF0BAFA0548F5E7054804
:1032D000F3E70548F1E700BFEA3B0120DC290120C4
:1032E000048000F0028000F0018000F038B51DF08D
:1032F000ABFA002305460B4A147B6CB90133082B4B
:1033000002F11002F8D103F089F9074B28461C702E
:103310001DF095FA204603E028461DF090FA034878
:1033200038BD00BFDC290120EA3B0120058000F008
:1033300010B50D4B04461B7893B1072812D81DF029
:1033400083FA0A4B03EB04131A7B2AB100241C7383
:103350001DF075FA204610BD1DF071FA0448FAE719
:103360000448F8E70448F6E7EA3B0120DC2901209D
:10337000068000F0028000F0018000F013B5154BCC
:103380001868002301908DF804301DF05DFA124B8F
:103390001C7824B11DF053FA104802B010BD012270
:1033A0001A701DF04CFA0E4B01A81C731C7783F8A1
:1033B0002C4083F83C4083F84C4083F85C4083F811
:1033C0006C4083F87C4008238DF8073003F05CF9EB
:1033D0002046E2E712560308EA3B0120038000F092
:1033E000DC290120F8B50D4D2D7885B1072810DCBA
:1033F0000B4D060105EB0014277B67B1AB5100258F
:10340000069BA560636003F087F92846F8BD054870
:10341000FCE70548FAE70548F8E700BFEA3B01206A
:10342000DC290120028000F0018000F0078000F01C
:1034300008B50A4A12785AB107280BD8084A02EB95
:1034400000131B7B43B1002103F0FEF8002008BDF0
:103450000448FCE70448FAE70448F8E7EA3B01209F
:10346000DC290120028000F0018000F0078000F0DC
:1034700008B50A4A12785AB107280BD8084A02EB55
:1034800000131B7B43B1012103F0DEF8002008BDCF
:103490000448FCE70448FAE70448F8E7EA3B01205F
:1034A000DC290120028000F0018000F0078000F09C
:1034B0002DE9F041174B1F6D5B6D1F4000D5FEE7F6
:1034C00001260025144CDFF85880374218D02368B5
:1034D000C8F85060A3B1A168284601316268A160B4
:1034E0009847637B012B0BD150B90C4B03EB451371
:1034F0001A7B60F341021A731A7F60F341021A7754
:103500000135082D4FEA460604F11004DDD1BDE86F
:10351000F08100BF00000450DC290120DC280120DC
:103520000020045038B514461DF08EF90023A36422
:1035300084F84C302364237F0546012B03D104F12A
:1035400060001CF0EDFF636B1BB100212046E26BB5
:10355000984728461DF073F9A36D002B03DCCA21A0
:1035600003481CF096F9A36D0120013BA36538BD0B
:10357000165603082DE9F04387B016460022436330
:1035800090F85C300446884680F85420C663002BCF
:1035900037D14FF4406305686B614369092B03D948
:1035A00005F12C03443506E00BBF05F1200305F1BE
:1035B000240338353C3567694FF00009082F94BF64
:1035C00000270127A26D0132A265124A0494CDE9B9
:1035D00002720196CDF80090216B04F13802A06AC6
:1035E0001CF08CF90123CDE90399CDE90167009323
:1035F0002A464346E16A606A1CF066F907B0BDE8F6
:10360000F083012BFAD100681CF007FA256805F158
:103610003C03C7E72535010838B50546B0B1B9B157
:10362000B2B1B2F5006F13DC1DF00EF995F84C3015
:1036300003F0FF041BB11DF002F9064838BD012359
:1036400085F84C301DF0FBF82046F7E70248F5E717
:103650000248F3E7032000F0012000F0022000F010
:10366000F0B58FB08A4A0B68054693420C4606AF08
:103670000BD0884A934208D002F58042934204D08E
:1036800002F58042934240F0DB80BC46824E0597B3
:103690000FCEACE80F0096E80F0010368CE80F0054
:1036A0000FCE0DF1040CACE80F00002D00F0BD8131
:1036B00000268422002128461CF049FB2368744A16
:1036C000AE65934210D0734A934200F09F8002F59A
:1036D0008042934200F0A08002F58042934200F0C5
:1036E000A1806E480FB0F0BD4FF470226C486D4958
:1036F0002B600123A44685F85C302F1DC5E90B1211
:103700002865BCE80F000FC79CE80F0087E80F0092
:10371000637E012B08BF8DF81D30A37E3BB1012BCA
:1037200000F08680022B02D0032BDAD10623227E02
:103730008DF81230012AE3687CD15B4A93428CBF3A
:1037400004230523059A537700238DF81130574B36
:10375000574803931DF088F82B6D98681DF084F886
:103760002369DA1F092ABCD8063B8DF81030237E66
:103770002BB9E37EB3FA83F35B098DF81C3001218A
:1037800028461CF0D5F80028ACD1237A227976019E
:1037900042EA034206F1A04303F57033C3F8AC24B8
:1037A000617A627942EA0142C3F8A424A17AA2793B
:1037B00042EA0142C3F8A824E27E002A3ED1E17A1F
:1037C000E27942EA0142C3F898241D222068C3F836
:1037D000942401A902F03EF91DF036F8354B1A7811
:1037E000002A40F0178101221A701DF028F804F019
:1037F000E1FAFFF7C3FD002105F12400FFF746FDC4
:103800000146002800F009812B486BE74FF4801235
:1038100001262A482A496BE74FF4981202262948C4
:10382000294965E74FF4A0120326284828495FE795
:1038300004237CE700228DF8342089E71C22C5E7A9
:103840003E46DFF89CC0BCE80F000FC69CE80700AE
:1038500086E80700002D00F0E88000268422002181
:1038600028461CF074FA23681A4AAE65934239D090
:1038700002F58042934200F0B58002F58042934207
:103880007FF42FAF4FF4B0120226134813492DE0F6
:103890000000015B00C0085054560308022000F0ED
:1038A000B85D030801000F003F4B4C0040420F0081
:1038B0004C5D0308EB3B0120092000F0AC5D0308E0
:1038C00001001000A05D030801001300945D0308CF
:1038D0000100140000000A50645D03080400160093
:1038E000885603084FF48022514852492B60002328
:1038F000A64685F85C3005F1040CC5E90B12286575
:10390000BEE80F00ACE80F009EE80F008CE80F0047
:10391000637E012B08BF8DF82630A37E43B1012BB7
:1039200066D0022B67D0032B7FF4DBAE4FF44073DD
:10393000ADF82830237E4048012B03BF00238DF8CB
:1039400025304FF4E133E36808931CF08DFF2B6DB5
:1039500098681CF089FF23691A1F0C2A3FF6C1AE34
:10396000033B394620688DF8243003F04DF8A369F5
:1039700023F47F0323F47F432BB94FF480322B6869
:1039800003F580539A60237A2779607947EA0347E1
:10399000637AA17940EA034094F81BC0A37A274ACE
:1039A00041EA03417301BCF1000F27D11A44C2F868
:1039B0003878C2F83008C2F83418E17AE27903F1B5
:1039C000A04342EA014203F57033C3F824281D22C4
:1039D000C3F82028012128461BF0AAFF00287FF405
:1039E00081AEF9E64FF4A8120126154815497DE786
:1039F0004FF400739CE74FF4807399E71344C3F8C6
:103A00003878C3F83008C3F834181C2341367601DF
:103A10009351DFE71CF013FFEBE605F12800FFF7F9
:103A200035FC00283FF45EAEEEE607485AE600BFDC
:103A30007C5D0308020004004C5D030800C00350D5
:103A4000705D030802001500012000F02DE9F0412F
:103A50009846037F0546012B0E4617460CD0FFF70C
:103A6000DBFD044628B943463A4631462846FFF76F
:103A700081FD2046BDE8F081004CFAE7082000F007
:103A800070B5037F0446012B0D4616460DD0FFF797
:103A9000C3FD48B9324629462046054BFFF76AFD6B
:103AA00020461BF0C5FFA06C70BD0248FCE700BFBC
:103AB00055080308082000F0044BD3F88420D206F0
:103AC000FBD4D3F88400C0F381107047004000504D
:103AD00038B5104B0546D3F800310C4603F003030C
:103AE000022B0BD0032B0DD0012B0FD11CF0B2FAFF
:103AF000032305B1286004B1236038BD1CF0FCFA33
:103B00000923F6E71CF0ACFA0823F2E701230020B2
:103B1000EFE700BF0080005038B5104B0546D3F8E2
:103B200040310C4603F00303022B0BD0032B0DD0C6
:103B3000012B0FD11CF074FE0A2305B1286004B1DB
:103B4000236038BD1CF0D8FA0923F6E71CF06BFEA1
:103B50000C23F2E701230020EFE700BF00800050B4
:103B600038B5104B0546D3F860310C4603F003031B
:103B7000022B0BD0032B0DD0012B0FD11CF050FECC
:103B80000A2305B1286004B1236038BD1CF0B4FAE3
:103B90000923F6E71CF047FE0C23F2E7012300207F
:103BA000EFE700BF0080005038B5104B0546D3F852
:103BB00040320C4603F00303022B0BD0032B0DD035
:103BC000012B0FD11CF02CFE0A2305B1286004B193
:103BD000236038BD1CF090FA0923F6E71CF023FEA1
:103BE0000C23F2E701230020EFE700BF0080005024
:103BF00038B5124B0546D3F880300C4603F003036A
:103C0000022B0BD0032B0DD0012B0FD11CF0E8F9A8
:103C10000E2305B1286004B1236038BD1CF024FADE
:103C20000723F6E71CF0D6F90623F2E7044841F231
:103C300014211BF02EFE00231846EAE700800050F6
:103C4000A456030838B51A4B0546D3F820010C4694
:103C500000F00700062821D8DFE800F028040C1443
:103C600010181C001CF0B6F9052305B1286004B13A
:103C7000236038BD1CF0EEF90323F6E71CF0F4F9DD
:103C80000723F2E71CF0E2F90223EEE71CF0A2F9A9
:103C90000623EAE71CF0DEF90423E6E7054841F2D3
:103CA00091211BF0F6FD00231846DEE70123DCE737
:103CB00000800050A456030838B5194B0546D3F8C8
:103CC00028310C4603F00703013B052B20D8DFE821
:103CD00003F003131B0F0B171CF07CF9052305B130
:103CE000286004B1236038BD1CF074F90623F6E7A0
:103CF0001CF0BAF90723F2E71CF0ACF90323EEE756
:103D00001CF0A8F90423EAE71CF0A0F90223E6E777
:103D1000044841F299011BF0BCFD00231846DEE780
:103D200000800050A456030837B500230193194BB7
:103D30000546D3F820320C4603F00703042B1FD8A6
:103D4000DFE803F025030F141900002101A8FFF795
:103D5000B3FF12230DB1019A2A6004B1236003B0AE
:103D600030BD1CF081F907230190F3E71CF058FDEA
:103D70000A230190EEE71CF0BFF909230190E9E75F
:103D800041F2560104481BF084FD0023E2E70123C1
:103D9000E0E700BF00800050A4560308F7B50027F5
:103DA000144B0197D3F88041064604F00304022C1B
:103DB0000D4614D0032C0DD0012C14D1394601A886
:103DC000FFF740FF10240EB1019B336005B12C605A
:103DD00003B0F0BD1CF048F907240190F3E71CF094
:103DE00035F90190EFE741F2E63103481BF051FD50
:103DF0003C46E8E700800050A456030838B5164B4F
:103E00000546D3F800020C4600F00700042819D834
:103E1000DFE800F020030B0F13001CF001FD0A2364
:103E200005B1286004B1236038BD1CF065F9092391
:103E3000F6E71CF0F8FC0C23F2E71CF0F1F80F2376
:103E4000800AEDE7054841F2A4411BF022FD002362
:103E50001846E5E70123E3E700800050A456030875
:103E600038B5164B0546D3F808020C4600F007009B
:103E7000042819D8DFE800F020030B0F13001CF012
:103E8000CFFC0A2305B1286004B1236038BD1CF0C3
:103E900033F90923F6E71CF0C6FC0C23F2E71CF00B
:103EA000BFF80F23800AEDE7054841F2DC411BF023
:103EB000F0FC00231846E5E70123E3E7008000500B
:103EC000A456030838B5124B0546D3F850320C46B9
:103ED00003F00303022B0FD0032B05D0012B0FD1CE
:103EE0001CF09EFC0A2302E01CF09DFC0C2305B193
:103EF000286004B1236038BD1CF0FEF80923F6E702
:103F0000044841F2C9011BF0C4FC00231846EEE747
:103F100000800050A456030837B500230193184BC6
:103F20000546D3F860320C4603F00703013B032B30
:103F30001FD8DFE803F0020E1914002101A8FFF7D3
:103F400081FE10230DB1019A2A6004B1236003B0F1
:103F500030BD002101A8FFF7DFFD1123F2E71CF0BF
:103F600083F807230190EDE71CF070F8022301901D
:103F7000E8E741F2FD0103481BF08BFC0023E1E779
:103F800000800050A456030837B500230193184B56
:103F90000546D3F894320C4603F00703013B032B8C
:103FA0001FD8DFE803F0020E1914002101A8FFF763
:103FB00049FE10230DB1019A2A6004B1236003B0B9
:103FC00030BD002101A8FFF7A7FD1123F2E71CF087
:103FD0004BF807230190EDE71CF038F8022301901D
:103FE000E8E741F2301103481BF053FC0023E1E7FE
:103FF00000800050A456030873B500240F4B0194B1
:10400000D3F87032064603F00303012B0D4607D0A8
:10401000022B11D041F25B1109481BF03AFC04E07D
:10402000214601A8FFF778FD11240EB1019B3360F2
:1040300005B12C6002B070BD1524F6E70080005079
:10404000A456030808B5334B98424FD027D8324BBB
:10405000984245D017D8314B98423ED00AD838B153
:104060002F4B984239D041F2BB312E481BF011FC46
:10407000002034E02C4B98422FD02C4B9842F2D1A8
:104080002B4B586E2BE02B4B98422CD003F537135B
:1040900003F5D8639842E6D1254B986F1FE0264B75
:1040A00098422FD00CD8254B984223D0244B9842CD
:1040B00024D0244B9842D6D11D4BD3F884000EE077
:1040C000214B984222D003F5740303F51053984214
:1040D000C9D1174BD3F8980001E0154B986D08BD76
:1040E000134B186FFBE7124B586FF8E7104BD3F8E0
:1040F0008000F4E70E4BD3F88800F0E70C4BD3F8C0
:104100008C00ECE70A4BD3F89000E8E7084BD3F8B3
:104110009400E4E780BA8C01405DC60080841E00F4
:1041200040420F00A456030800093D00C0CF6A00BA
:104130000080E00F0024F400007E560380D5430287
:10414000006CDC020048E8010090D00310B5B0F527
:10415000207F2ED009D8B0F5007F24D003D868B1D5
:10416000B0F5C07F0AD000241BE0B0F5607FFAD123
:10417000124BD3F88040C4F3011412E00F4B1C6FB4
:10418000230B13F00E0FC4F303340AD0072C08D00E
:104190000F2C06D0032C04D04FF4227108481BF0DA
:1041A00078FB601C10BD054BD3F89040C4F3046449
:1041B000F7E7024B1C6FC4F38024F2E70080005045
:1041C000A456030838B54FF48032104B04469A6663
:1041D00000200D46FFF7BAFF41F671320C4B6043E9
:1041E000DC69DA635A6804F4803422F440125DB961
:1041F0000849884294BF00200120000502435A600C
:104200000CB10022DA6338BD0349F2E70090005098
:1042100000000350005A6202002D310138B54209F6
:1042200004460D4606D140F235310D481BF031FBF6
:10423000002305E0531E022B0BD80A4B03EB82032D
:1042400004F01F0445B103F580530122A2401A6017
:1042500038BD40F24331E8E703F50053F5E700BF0E
:10426000A45603086080005030B585B00021B0F539
:10427000807F0446CDE9001100F009816BD8002849
:1042800000F0D980A0F12004602C74D8602C72D882
:10429000DFE814F0D100DE00D100DE00EE00EE0019
:1042A000EE00EE00EE00DE00F8007D000E019D0045
:1042B0007D00DE00DE00DE00710071007100710023
:1042C0007100710071007100DE00DE00DE00AF00E1
:1042D0001801DE0071007100710071007100710041
:1042E0007100710071007100710071001D01EE001C
:1042F000D100D100D10013017D007D00BB0022015F
:104300009200F30071007100710071007100C6002D
:10431000D1007100EE00EE00EE00EE00EE00F300C2
:10432000F300DE007100DE00DE007100710071003C
:1043300071007100710071007100710071007100F5
:1043400071007100710071007100710071007100E5
:1043500071007100CB00B0F5E06F00F0B3803BD886
:10436000B0F5607F7FD01DD8B0F5007F66D008D84B
:10437000B0F5C07F5FD040F2A4415C481BF089FAE1
:1043800056E0B0F5207F63D0B0F5407FF3D11BF04D
:1043900047FE04464FF42070FFF7D8FEB4FBF0F45C
:1043A00064085EE0B0F5B06F6CD00AD8B0F5806FED
:1043B0005ED0B0F5A06FDED100216846FFF7B4FCF7
:1043C00036E0B0F5C06F73D0B0F5D06FD3D1002117
:1043D0006846FFF713FD2BE0B0F5186F77D00DD8C6
:1043E000B0F5086F7DD0B0F5106F66D0B0F5F06F06
:1043F000C1D100216846FFF7B3FB19E0B0F5286F83
:104400006AD007D8B0F5206FB5D100216846FFF714
:1044100083FD0DE0B0F5406F2FD0B0F5486FAAD105
:1044200000216846FFF7B0FD02E01BF0D9FD0090C7
:10443000009805B030BD1BF0F3FDF8E71BF0D0FD90
:1044400005462046FFF782FEB5FBF0F50095EFE745
:104450001BF0E6FD04464FF42070FFF777FEB4FB37
:10446000F0F40094E4E701A8FFF7C2FB019DE8E740
:1044700000216846FFF7E6FBDAE700216846FFF710
:104480001BFCD5E700216846FFF788FCD0E74FF01A
:10449000E02302911B695B0705D51BF0C1FD02906B
:1044A000029B0093C4E703A902A8FFF735FBF7E7D7
:1044B00000216846FFF730FBBAE700216846FFF7A6
:1044C000CFFCB5E700216846FFF76EFBB0E700219F
:1044D0006846FFF7F7FCABE700216846FFF78CFD65
:1044E000A6E76846FFF7F4FAA2E700BFA456030860
:1044F00008B58020FFF7B8FE034B98429EBF4FF4EB
:104500008032024B1A6708BD005A620200A00050B8
:104510001FB503460020B3F5807F019000F0FB80BB
:1045200000F28B80662B7BD83C2B05D8243B092BD3
:104530005CD940F28951DDE03D3B292BF9D801A23D
:1045400052F823F03947010867470108334501084D
:104550003345010833450108334501083345010857
:104560003345010833450108334501083345010847
:104570003345010833450108334501083345010837
:10458000714701080D47010833450108334501080B
:1045900033450108A34601083345010833450108A6
:1045A000BD4601087B470108654601085D470108D3
:1045B00033450108334501083345010833450108F7
:1045C00033450108D5460108334501083345010844
:1045D0000D4701080D4701080D4701080D47010867
:1045E0000D4701085D4701085D470108092BA0D868
:1045F00001A252F823F000BF0D4701080D47010842
:104600000D4701080D4701080D4701083345010812
:10461000FD46010833450108834601084347010868
:10462000802B86D1574B1B6F03F00703013B032BF5
:104630005ED8DFE803F05B545759B3F5F06F7BD0D9
:1046400024D8B3F5B06F59D011D8B3F5607F00F01E
:104650008180FFF46EAFB3F5806F57D0B3F5A06FD4
:104660007FF467AF002001A9FFF75EFB4AE0B3F5D6
:10467000D06F66D0B3F5E06F75D0B3F5C06F7FF43F
:1046800058AF002001A9FFF747FA3BE0B3F5186FD8
:104690006ED00BD8B3F5086F58D0B3F5106F7FF418
:1046A00048AF002001A9FFF7DBFB2BE0B3F5286F33
:1046B00063D008D8B3F5206F7FF43BAF002001A989
:1046C000FFF72AFC1EE0B3F5406F47D0B3F5486F03
:1046D0007FF42FAF002001A9FFF756FC12E005235D
:1046E00001930FE00323FBE70823F9E70223F7E731
:1046F00040F2D64124481BF0CCF803E0002001A989
:10470000FFF74CFB019805B05DF804FB002001A900
:10471000FFF798FAF6E74FF0E02302901B695B077A
:1047200005D51BF07DFC0D230393039BD8E703A95C
:1047300002A8FFF7F1F9F8E7002001A9FFF710FA46
:10474000E0E7002001A9FFF759FBDBE701A9FFF72C
:10475000BFF9D7E701A9FFF74BFAD3E7002001A97A
:10476000FFF7AAFACEE7002001A9FFF71DFAC9E773
:10477000002001A9FFF7A6FBC4E7002001A9FFF76D
:104780003BFCBFE700800050A45603084FF4803282
:10479000074B0849586E03F580535A664B6A23F05D
:1047A00001034B62C3035CBF034B5A66704700BFF3
:1047B000008000500000085000A0005038B5036889
:1047C00004460F2B04D940F68A317C481BF061F86F
:1047D00063680F2B04D940F68D3178481BF059F8E7
:1047E000A3680F2B04D94FF4396174481BF051F8BA
:1047F000237B0F2B04D940F6933170481BF049F806
:10480000637B0F2B04D940F696316C481BF041F8BE
:10481000A37B3F2B04D940F6993168481BF039F847
:10482000E37B3F2B04D940F69C3164481BF031F800
:104830002369032B04D940F69F3160481BF029F807
:104840006369032B04D940F6A2315C481BF021F8C0
:10485000E369032B04D940F6A53158481BF019F839
:104860008020FFF755FE032800F083804FF480126C
:10487000534B4FF0A0615A6645F60E02514BC3F8F8
:104880008020514A91624FF4803102F5805291624A
:104890009A6DD203FCD4996D11F08041FBD1D4E91B
:1048A0000002120542EA0062E07B0243207B42EAFA
:1048B0000042607B42EA0032A07B42EA80121A6129
:1048C0009869D4E90452120642EA856200F0004079
:1048D0000243A07EE57E0243207E42EA0042607EE3
:1048E00042EA00229A611A6AE06922F00F0242EA63
:1048F0008502364D00283DD11A6294F82420996A29
:1049000094F82000D200294042EA40120A4394F869
:10491000211042EA011242F480329A622C49294A5B
:10492000936D31EA0303FBD14FF080712648816219
:104930001369A56823F4700343EA055313614FF02C
:104940000043836194F822300BB9224B996294F8AA
:1049500023303BB94FF480321E4B9A62194A936D53
:104960005B00FCD494F825301BB1164B1A4AC3F8EF
:10497000802038BD024342F0080202281A6208D1A2
:1049800019614FF40852996114484FF47F411BF0AC
:1049900061F80C4994F822308A6A94F820001B06CA
:1049A0002A4043EA4013134394F8242043EAC20305
:1049B00094F8232043EA02438B62D3E7A45603080A
:1049C000009000500040005A0050005AC7FFFEFE01
:1049D000030001000060005AF1A7FFFF3440005AB5
:1049E000014B93F900007047083D012010B5436862
:1049F0000446072B04D940F6E6512A481AF049FF2D
:104A0000A368032B04D940F6E85126481AF041FF69
:104A10002378032B04D940F6EA5122481AF039FFD3
:104A200094F90130002B04DA40F6EC511D481AF0DD
:104A300030FF4FF400011C4A637851664FF4D151A6
:104A4000022002F5B832516218494F2B48604FF0EE
:104A5000010028BF4F2301F5805148601169C90347
:104A6000FCD4217843EA01235361D4E901131B01EB
:104A700043EA0123617B0B43217B43EA41039360BB
:104A8000E37BA17B1B0143EA4113617C0B43217C47
:104A900043EA41035360A37C13B16FF4D1535362D3
:104AA00010BD00BFA4560308009000500010025033
:104AB000014B1880704700BF023D0120014B188058
:104AC000704700BF003D012008B54FF48002184B2D
:104AD0005A660223174A5360936813F48033FBD15C
:104AE000012822D11BF0B6FA134B984215D003F5DA
:104AF000122303F5F863984213D0104B00EB8002A9
:104B0000400AB3FBF0F3520A0A49CA620B6301235D
:104B10004B620022074B5A6008BD45F67A13084ADB
:104B2000F2E745F61A03074AEEE75362F1E700BFE2
:104B3000009000500040025000F049026466666632
:104B4000D8B80500BBCF050038B5B0F5207F77D0C9
:104B50000ED8B0F5007F61D003D890B3B0F5C07F18
:104B60002FD04FF44671BDE838403D481AF091BE51
:104B7000B0F5607FF5D13B4A4C1ED2F8FC5015F0E1
:104B800080751EBFD2F8FC3023F08073C2F8FC3071
:104B9000032C04D940F2F72131481AF07AFE324A48
:104BA000D2F8803023F0300343EA0413C2F8803097
:104BB00035B12C4AD2F8FC3043F08073C2F8FC3097
:104BC00038BD4C1E012C0AD9102903D8274BCB40E5
:104BD000DB0704D440F2CB2121481AF05AFE1AF028
:104BE00048FF1AF054FF4FF48031214B1E4A1967D9
:104BF000136F23F4704343EA043313671BF010FA76
:104C00000446FEF759FFC0F1020120461AF039FFB1
:104C100000F048F8BDE83840FFF76ABC4C1E1F2C76
:104C200004D94FF443710E481AF033FE0E4AD2F8FD
:104C3000903023F0F85343EA0463C2F89030BFE7A2
:104C40004C1E012C04D940F2123105481AF021FE05
:104C5000054A136F23F4806343EA84231367AFE7A5
:104C6000A456030800ED00E0008000501001010090
:104C70000090005008B50121022000F04FFA4FF4D7
:104C80002070FFF763FA054B18701AF0F2FE1AF065
:104C9000FEFE4FF48032024B1A6708BDEC3B012048
:104CA0000090005008B54FF4C070FFF7DDFABDE882
:104CB00008400449884294BF012102214FF420702A
:104CC000FFF742BF80F0FA0238B504461BF0A8F99E
:104CD0000546FEF7F1FEC0F1020128461AF0D1FEAA
:104CE0000121002000F06EFA2CB1FFF7DBFFBDE8D8
:104CF0003840FFF7FDBB034B4FF420701978FFF7E6
:104D000023FFF4E7EC3B01202DE9F0474FF4C022EC
:104D100001210446944B5A66944A03F598335F6820
:104D200051605D6815F00205FBD12268904B9A42F4
:104D300004D840F67D218F481AF0ABFD22688E4BD7
:104D40009A4204D940F67E218A481AF0A2FDA3882F
:104D5000B3F5967F04D840F6812186481AF099FD74
:104D6000A388B3F5805F04D340F6822181481AF00E
:104D700090FDE388B3F5805F04D340F683217D483E
:104D80001AF087FDFEF798FE012820680AD17B4BB8
:104D9000984207D940F6882176481AF07AFD00201B
:104DA000BDE8F087764A002311461668B04202D368
:104DB0005668B04205D90133192B02F11002F4D123
:104DC000002301EB0313D3E9029028B1FFF73AF96E
:104DD00000F07F0049EA00098020FFF799FB0528D1
:104DE00040F098801AF045FE1AF051FE4FF48032E0
:104DF0005D4B4FF4C0701A67FFF7A8F9012805460C
:104E000040F0848002214FF4C070FFF79DFE012620
:104E1000DFF87881D8F80C3013F0060FFAD1D8F803
:104E200008A0C8F80890D8F8083083EA090313F4FA
:104E3000F81F71D1A288E38843EA0243514AD36044
:104E4000A368032B7BD1504AD2F8003123F003032F
:104E500043F00103C2F80031637D227D9B0143EAE8
:104E6000820322694FF000081343227B43EA420386
:104E7000444A93602068FDF77BFF07223B4B1A6191
:104E80000122A3F580535A60A3F580531F6917F0E0
:104E90000707FBD08020FFF73BFB05282ED126B16A
:104EA00029464FF4C070FFF74FFE1BF0B9F8236896
:104EB0000546834204D240F603312E481AF0E9FC3D
:104EC0001BF088F8A84204D240F6043129481AF0B1
:104ED000E0FC24681BF07EF8844204D040F60531E3
:104EE00024481AF0D6FCFEF7E7FDC0F1020128467F
:104EF0001AF0C7FDFFF7D6FEFFF7FAFAB8F1000F78
:104F00007FF44DAF7B1E5842584149E7022801D13A
:104F1000042178E700267BE740F6CF2115481AF0F8
:104F2000B8FC17F00107C8F808A01AD18020FFF7D5
:104F3000EFFA05287FF433AF4FF00108AFE7092BF4
:104F400007D1114AD2F8003123F0030343F00203E2
:104F500080E7082B80D10C4AD2F8003143F00303DC
:104F600078E74FF0010888E70090005000E001501A
:104F70009FBB0D00A456030800B4C404005A62028B
:104F8000DC56030800C001500080005000000150B2
:104F900070B54E4B0546984273D041D8A3F5B70380
:104FA000A3F55863984265D033D8494B494E98428F
:104FB00051D017D8002877D041F2DE1146481AF0B8
:104FC00068FC40F6867144481AF063FC4FF40022F6
:104FD000404B5A663E4B9D4276D000243F4A954254
:104FE00036D05DE03D4B984227D03D4B9842E3D10F
:104FF0003C4BD3F8A040621E033224F040744CD9DD
:1050000040F6867134481AF044FC4FF4002373666E
:10501000E4E7354B9842CFD1324BD3F8BC402CE07B
:10502000324B984231D0324B984232D0314B984279
:10503000C2D12C4BD3F8C8401FE02A4BD3F8A04074
:10504000621E033224F04074DAD84FF400237366F2
:1050500044F0807424E0234BD3F8A040621E033256
:1050600024F040742AD84FF400237366234643F09B
:10507000007415E01B4BD3F8B840621E154E033286
:10508000BBE7184BD3F8C040F7E7164BD3F8CC403A
:10509000F3E7144BD3F8D040EFE74FF400237366E7
:1050A0004FF0B442946070BD40F686710A481AF021
:1050B000F0FB4FF400232C467366F1E740F686714F
:1050C00005481AF0E6FBCEE70023D0E7C0EA21014D
:1050D00040420F0000900050A456030880841E0038
:1050E00000093D000080E00F0024F4000048E801C2
:1050F000005A620280BA8C01024A536B0342FCD10F
:10510000704700BF00800950034A0179D36E23F035
:1051100030030B43D366704700400050F8B5044697
:10512000244BD3F88420D006FBD4D3F88430C3F3C7
:1051300081139C423CD01AF053FF012C05460BD141
:105140001D4B984204D940F29B711C481AF0A1FBF8
:10515000012128461AF095FC1BF06DFB4FF0007200
:10516000174B07465A6620461AF096FC4FF48063A8
:10517000104E621E93403367736E9A0103D4D6F8C3
:1051800084309B060AD538461BF050FB022C0FD109
:105190002846BDE8F84000211AF073BCD6F88430E8
:1051A0009906E9D540F2B37104481AF072FBE3E7BF
:1051B000F8BD00BF00400050005A62026C5803085E
:1051C0000060005010B50C4608B91AF009FF074BF3
:1051D00021461B783BB1064B984204D80120BDE81C
:1051E0001040FFF79BBF0220F9E700BFED3B012015
:1051F000005A620238B54FF00042244B244C5A66E4
:105200004AF6CD33656C014605F00105236428BBE1
:105210000120FFF771FF6368DB0715D51D4B586050
:1052200008461D4B226BD2070CD4984208D10724A4
:1052300015B1174B194A1A641AF02FFC204638BDD5
:105240000130EFE79842F2D00024F1E70132236BFE
:1052500013F0080305D08A42F8D1E8E700220E498E
:10526000F5E78A42E3D020210A4A91620121A2F5A2
:10527000805251600649084A886A800603D49342E6
:10528000D5D00133F8E79342DDE700BF009000502E
:105290000080095000A0095040420F003254FFFF27
:1052A00038B54FF00042164B01465A664AF6CD33E8
:1052B000144C154A656C236443780B205B0043F063
:1052C0000103D363FFF718FF63688A7823F4F87348
:1052D00043EA02136360CA784B7943EA0223A3606E
:1052E0000A798B7943EA022323610878FFF782FF6A
:1052F000EB0744BF054B23641AF0CFFB012038BDF8
:105300000090005000800950004000503254FFFFD0
:1053100070B50F28044605D940F6746112481AF09A
:10532000B8FA0F244FF00042104B11495D6E03F59F
:1053300080535A664AF6CD334E6C80200B64FFF7DB
:10534000DBFE0B6A23F00F0323430B62F30744BF1A
:10535000084B0B64002DA2BF4FF00042064B5A666B
:105360001AF09BFB70BD00BF6C5803080080005012
:10537000008009503254FFFF00A0005008B50E4BCA
:10538000984211D00D4B984210D003F580439842BB
:105390000ED003F5804398420CD0094840F2793191
:1053A0001AF077FA002008BD5620FCE75720FAE7EC
:1053B0006520F8E76620F6E70000015B00C00850B2
:1053C000A358030810B51AF06DFB042300F58051B3
:1053D00000F500520B6113610B6113610B611361E6
:1053E0000B611361202341F2020103610023C360BA
:1053F000836041614FF4A021836183654162054967
:10540000C36103628362C36243630365D164036360
:1054100010BD00BFFF3F0D0338B51B4B044698423B
:105420000D460FD0194B98420CD003F5804398429B
:1054300008D003F58043984204D040F26911144823
:105440001AF027FA25B92046BDE838401AF02ABBE1
:10545000012204F580535A6040F6FF71204605F0A2
:105460000F021AF01BFBA26378211AF017FB05F05C
:1054700001036A0748BF43F00203A26C02F0030273
:105480009A42FAD138BD00BF0000015B00C008504D
:10549000A3580308F8B505460C46164622B940F253
:1054A00027216A481AF0F5F9694B9D420FD0694BE4
:1054B0009D420CD003F580439D4208D003F5804304
:1054C0009D4204D040F22A2160481AF0E2F92CB93A
:1054D0002846FFF753FFFEF7C7FE0446AB68D80720
:1054E00041D5B44204D24FF40D7158481AF0D1F9A5
:1054F000B4FBF6F46F68013CFF2C07F0010704D9F8
:105500004FF40F7151481AF0C4F924062FB92B69D2
:1055100023F07F4323432B61F8BD282128461AF04E
:10552000BDFAAB6C990718D1AB6CDA0717D4AE6C27
:1055300016F0020615D140F2492144481AF0A9F9A3
:1055400028461AF0AFFA2B69314623F07F432343F4
:105550002B61BDE8F840FFF75FBF0526F0E709269D
:10556000EEE70626ECE76B68012B04D04FF41771C9
:1055700036481AF08EF9AB6DDB07AB6848BF760092
:1055800003F0E003402B42D009D893B1202B1AD06E
:1055900040F29E21BDE8F8402C481AF07AB9602B01
:1055A00042D0802BF4D106EB4603A34247D8012317
:1055B0000DE0B6EB141F04D94FF4217123481AF003
:1055C00068F9102303E0B6EBD40F1AD8082373430D
:1055D0006401B4FBF3F4204F203CB7EBC40F4FEA57
:1055E000C40604D240F2A92118481AF052F92846FC
:1055F0003E4001211AF052FA2E63BDE8F8401AF03D
:105600004DBA40F2892111481AF043F9DEE706232A
:10561000B4FBF3F3B34201D30623D8E740F28E2163
:105620000A481AF036F9F7E7B6EB940F01D80423CD
:10563000CDE740F2932105481AF02BF9F7E74FF434
:10564000267102481AF025F9B1E700BFA3580308F4
:105650000000015B00C00850F8FF7F002DE9F04119
:105660009846436804460E4617461BB140F6FF7144
:105670001AF014FA2046FFF7A5FEF189737B6269E0
:105680000B43318A22F44C5222F00F020B43134396
:105690006361A26896F818C0337B22F0804222F042
:1056A000E2024CEA0303134372691343B268A36036
:1056B0001AB9A36843F00043A360F06904F580536E
:1056C000002800F08F80857A017A6D04D4F808E014
:1056D00045EA81558D490EEA01010D43818801F4A7
:1056E000C0410D43417845EA8105417B45EAC1054A
:1056F000817B45EA0115817845EA8125A560D4F8CA
:105700000CE0D0E904152943814D0EEA0505294333
:10571000857941EA8521C57941EA4521E160017831
:105720007C4D01291ED1E16841F00401E160AC42E9
:1057300000F0B58078498C4200F0B38001F58041DB
:105740008C4200F0B08001F580418C420CBF0321F7
:105750004FF0FF31490101F1A04142F2944501F5BA
:10576000703120E0032940F08F80E16841F00401AE
:10577000E160AC4200F08D8067498C4200F08B8084
:1057800001F580418C4200F0888001F580418C4217
:105790000CBF03214FF0FF3141F29445490101F163
:1057A000A04101F570314FF0020E41F805E0417A59
:1057B000996219B1E16841F40061E160C17A59B1BF
:1057C000E16841F40041E16052498C426DD1017BB6
:1057D000524D01F00F016967616AC07B21F003013E
:1057E000014361622FB197F8201000297BD001217D
:1057F0001962B8F1000F35D0BCF1000F02D04FF4A0
:10580000004199654349B8F822508C4298F821101C
:1058100076D04148844275D000F58040844273D0F0
:1058200000F58040844213D10320112934BF4FF08A
:10583000010C4FF0020C3A4FB5F5006F07F800C0AD
:1058400094BF4FF0010C4FF0020C364F07F800C028
:10585000A06D294320F4F95020F01E000143A165FA
:1058600001219965012159601AB120467168FFF73D
:1058700011FE20463178FFF7CFFDA36CDB4313F414
:10588000405FFAD1BDE8F081023901297FF671AF9E
:105890004DE7002180E701217EE702217CE700211E
:1058A00058E7012156E7022154E71B498C4206D1F3
:1058B000017B1A4D01F00F01C5F880108CE71A49E1
:1058C0008C4206D1017B154D01F00F01C5F88C10FB
:1058D00082E716498C4201BF017B104D01F00F0198
:1058E000C5F8981078E7E06997F8221097F82150EA
:1058F00020F009002943014341F00101D96178E713
:10590000002092E7012090E702208EE7E39BBDFF95
:10591000FFF9F0870000015B00C0085000900350C1
:10592000F23B0120EE3B01200000095000400950ED
:1059300070B5174B044698420D460ED0154B984251
:105940000BD003F58043984207D003F5804398427B
:1059500003D07021104819F09CFF1DB972210E4828
:1059600019F097FF2B7B802B03D176210A4819F081
:1059700090FF6B7B032B03D97921074819F089FF2E
:10598000002329462046BDE870401A46FFF766BE50
:105990000000015B00C00850A358030870B52B4BF2
:1059A000054698420C4643D119B98C21284819F074
:1059B00070FF5620FEF7ACFD0C2807D0A0F10903BC
:1059C000012B03D9A0F11103012B3AD8637B032BE0
:1059D00003D9AD211E4819F05CFF237B802B03D037
:1059E000AF211B4819F055FF6369B3F1804F03D015
:1059F000B121174819F04DFF238A23F400539BB2BD
:105A0000B3F5805F03D0B321114819F042FFA368BA
:105A1000013BB3F5165F03D3B5210D4819F039FFEB
:105A2000002321462846BDE870401A46FFF716BEFF
:105A30008A21074819F02DFF1CB98C21044819F060
:105A400028FF9E21024819F024FFBFE70000015BF8
:105A5000A3580308F8B5934B044698420E460ED05F
:105A6000914B98420BD003F58043984207D003F541
:105A70008043984203D0E2218C4819F00AFF1EB9F6
:105A8000E4218A4819F005FF727BB3687AB1884A2D
:105A9000934203D9E621854819F0FBFE3369D3B15F
:105AA000DB7BC3B1E921814819F0F3FE13E0814AA1
:105AB000934203D9EC217D4819F0EBFE336953B1D1
:105AC0001A7F42B1B1687C4A5B7F914240F282808A
:105AD000042B00F282806368356923B140F6FF71C0
:105AE000204619F0DBFF2046FFF76CFC2269737B30
:105AF000B17B22F087020B43134343F08003236101
:105B0000002D6CD02369297F23F0F80343EAC113E9
:105B10002978EA7B0B43297943EA4113697A43EAFE
:105B2000011343EA82132361E068D5E9053720F0C9
:105B3000F0403B4320F470200343287B697B43EA19
:105B4000802343EAC133E360A368F07B23F00303BF
:105B5000034343F00103A3606B88A06803F4C043D0
:105B60000343A360A368687943EA8023A360AB7909
:105B7000EF79606A1B013F0203F0700307F4E067EE
:105B800020F4772020F4EE603B430343287A00039F
:105B900000F4E0400343687F000400F470200343F6
:105BA00063626369307B23F00F03034363616B8996
:105BB000A36189BB0AB33B4B9C4237D03A4B9C4212
:105BC00045D003F580439C4252D003F580439C426C
:105BD00060D012E0042B3FF67EAFF32163E7A368A9
:105BE000F27B23F00303134343F00103A3606369D3
:105BF000327B23F00F03134363612046D6E9011281
:105C0000FFF748FC20463178FFF706FCA36CDB4326
:105C100013F4405FFAD1F8BD224B9C420CD1AB7B10
:105C2000264903F00F034B67002AE6D02B7C234A5A
:105C300003F00F031367E0E71B4B9C420DD1AB7BD6
:105C40001E4903F00F03C1F88030002AD5D02B7C09
:105C50001A4A03F00F03D367CFE7194B9C420ED1CA
:105C6000AB7B164903F00F03C1F88C30002AC4D077
:105C70002B7C124A03F00F03C2F88830BDE7114BAA
:105C80009C42BAD1AB7B0D4903F00F03C1F89830A9
:105C9000002AB2D02B7C094A03F00F03C2F89430DB
:105CA000ABE700BF0000015B00C00850A358030829
:105CB000002D3101809698003F4B4C00009003501E
:105CC000000009500040095038B5032804460D462D
:105CD00005D8094B33F81030CB40DB0704D440F231
:105CE0008541064819F0D5FD302301225C43044B61
:105CF000AA401A5138BD00BF88590308DD5803086F
:105D000040D0035038B5032804460D4605D8094B4A
:105D100033F81030CB40DB0704D440F2564106483C
:105D200019F0B7FD302301225C43044BAA401A51FD
:105D300038BD00BF88590308DD58030840E0035010
:105D40002DE9F041032804460D461746984605D82C
:105D50001D4B33F81030CB40DB0704D44FF4B07147
:105D60001A4819F096FD37B129462046B8F1000FC0
:105D700020D0FFF7A9FF0F21072D04EB440688BFB1
:105D8000A5F108034FEA0616114895BFAB009B002A
:105D900004360C3607FA03F29940304419F0ABFE92
:105DA0007FB929462046B8F1000F06D0BDE8F04182
:105DB000FFF78ABFFFF7A6FFDDE7BDE8F041FFF779
:105DC000A1BFBDE8F08100BF885903084F590308FF
:105DD00030C003504369DA01FCD4012300F50050C0
:105DE000024A436053689B07FCD470470040005947
:105DF00038B5124B044698420D4604D04FF4277133
:105E00000F4819F046FD012204F5805361685A607D
:105E1000EB786A785B0443EA02232A781343AA7872
:105E2000120402F480321343C4F89830CB0704D430
:105E30002046BDE83840FFF7CDBF38BD00400059CF
:105E40009059030870B51E4B044698420E461546FD
:105E500004D04FF419711B4819F01BFD2046FFF7C1
:105E6000B9FF3378727803F0070343EAC203F2788C
:105E7000294643EA0223B2782046120102F070025A
:105E800013432367E26A337922F48B321B0222F434
:105E9000807203F4E0631343B27943EA02437279F8
:105EA000120302F480521343E362FFF7A1FF0122C1
:105EB00004F580535A60F37903B1E26070BD00BF0E
:105EC000004000599059030810B52B4B04469842E6
:105ED00004D040F21931294819F0DBFC012204F505
:105EE00080535A60264B274AE36063691340FCD114
:105EF000A361C4F89830636913F4401FFBD1636950
:105F0000DA052DD4A36F5BBB63699B052AD4D4F853
:105F1000881039BB2046E36FD4F88C30FFF75AFF66
:105F20003023A1602161E16221622367C4F88030DF
:105F3000114B9C4208D142F26002134BA2642365CC
:105F40006165A265236661660B4B9C4202D100220B
:105F500010290AD10D4B04F500546362A36210BDF1
:105F6000636FCCE7D4F88430CEE701F1280043F822
:105F700020200131ECE700BF004000599059030890
:105F8000120002005200010000C002808F330F8017
:105F900010B5144B0C46984204D040F26F311248B1
:105FA00019F077FC74B92A20FEF75EF90446B0B107
:105FB0000E4B984206D90B4B9B68C3F30273013317
:105FC000B0FBF3F40A4B04F5742404F23F24B4FB51
:105FD000F3F4601E7F2828BF7F20C0B210BD0124CB
:105FE000F0E700BF0040005990590308005A6202D0
:105FF00040420F0038B5154B0D469842144604D068
:1060000040F2AA31124819F044FC35B940F2AB31E4
:106010000F4819F03EFCB4B1FFDE0E4B9D4228BF85
:106020001D461CB92A20FEF71FF904462C44013CEA
:10603000B4FBF5F0AC4228BF00F1FF30032828BFC5
:106040000320C0B238BD2546ECE700BF0040005930
:1060500090590308005A6202F8B51F46194B0E46C4
:106060009842144604D04FF47971174819F011FC86
:1060700026B940F2E531144819F00BFCFFB1134D7D
:10608000134B012F08BF1D46B54228BF35461CB92A
:106090002A20FEF7E9F804469DF8183040F2FF3058
:1060A0000133B4FBF3F46B1E1C44B4FBF5F3AC42B8
:1060B00028BF03F1FF33984228BF1846F8BD054DAD
:1060C000E2E700BF0040005990590308404B4C00E4
:1060D000002D3101809698002DE9F04F2DED048BB5
:1060E0008DB00646DFF83CC306AF0C461546BCE84B
:1060F0000F000FC79CE80300BE4B87E803009E42D9
:1061000003D0EC21BC4819F0C4FBBC4F0022394637
:106110003046FFF76FFF94F80580804538BF804612
:106120003046FFF757FE20795FFA88F850B92A20E9
:10613000FEF79AF8B842014628BFB0FBF8F13046A6
:10614000FFF726FFE3784FEA08721B0102F0E042F6
:1061500003F0300313430004227800F4FE000343ED
:106160000AB143F0020362780AB143F00403A27853
:106170000AB143F00803B360E3882289336163897D
:1061800043EA024333629B4B9E4200F0328201237A
:1061900006F5805673600DB0BDEC048BBDE8F08F42
:1061A0009749C5E0D1F88041012B4FEA14442CD91E
:1061B000022B00F0748140F2F1118F4819F069FB55
:1061C0009DE0D1F88441012BA4B2F1D8002B40F01E
:1061D0000881D1F88C11091449001CE0D1F88441E0
:1061E000012B4FEA1444E3D8002B40F0FD80D1F896
:1061F0008C11091401EB41010DE0D1F88041012B14
:10620000A4B2D5D8DFED7F7A09E0002B40F0E6801C
:10621000D1F88C11091407EE901AF8EEE77A2204EF
:106220000BF1B24202F58042906C4FF00102C0F3D4
:10623000820000F1010E02FA0EF209EE102A24F497
:10624000C0414FEA8141B8EEC99AF6EE008A6E4A23
:1062500048BF41F00041002840F0E680002B40F0AC
:10626000C680D2F88C311BB207EE103AB8EEC77A6E
:1062700037EE878ABCF1000F40F0F98005A8039142
:1062800000F026FBDFED617A68EE277A0399DFEDF7
:10629000606A86EE897ADFED5F6A27EE267AF1EE94
:1062A000006AB1F1004F07EEA67A0BD0DFED5A7A03
:1062B00006EE104A77EE276ABAEEE86A56EE267ABC
:1062C000B0EE677AB5EEC07AF1EE10FACBBFB1EE60
:1062D000477A78EEC78A37EE687AFDEEE87AC8BF6B
:1062E000FDEEC77A17EE903AB3F5003FC0F2CE80CC
:1062F0006FEA51416FEA41413E4A3B01D1503F01B3
:1063000007F1B247C9F3090307F580477B600AF13B
:10631000010A1435BAF1020F3FF439AF2B78AF6898
:10632000002B3FF43DAF3D493D4A012B18BF1146BC
:10633000304C00222046CDF800800393FFF78CFEFE
:1063400004EB0A14A16C1FFA87F921F04351039B57
:1063500021F41D11814521F4435121F03F0138BF43
:10636000814603F003000843697895F804C089006A
:1063700001F01C010843A9784FEA0A1B4901C9B280
:106380000843E9780AF10507090301F4E0410143F4
:106390004FEA0C4000F4E0200143287C400500F463
:1063A000600001436879000700F040500143A16498
:1063B000A06C1549C0F30230013804283FF61DAF28
:1063C00001A454F820F000BFFB610108FB61010843
:1063D000A5610108C3610108DD610108D1F89411CC
:1063E00018E7D1F89411F6E6D1F8941101E7D2F844
:1063F000943138E70040005990590308005A62026E
:1064000080969800000000000080E00F3D3B843F34
:10641000000080430000204400000049002D3101AD
:10642000404B4C00C8590308ABB9D2F890311BB2AD
:1064300007EE103AB8EEC77A77EE677A69EE286A07
:106440006D4B87EEA67AD3F888311BB207EE903AEF
:10645000F8EEE77A0CE7D2F898311BB207EE103A63
:10646000B8EEC77A37EE677A77EE877AE6E7D5ED4A
:10647000037ADFED626AF8EE677A87EEA67AF7EEC6
:10648000046AC6EE877A67EE887A00E713F5003F64
:10649000AABFC3F3110341F4003119432CE7BCF147
:1064A000000F40F09D8005A800F012FADFED544A7D
:1064B0000BF1B24303F58043996C0CABC1F342116D
:1064C00003EB810313ED067AFCEEC77A17EE903AE0
:1064D000B7EE004A5C2B1CBF77EE047AC7EE276A42
:1064E00007EE904ADFED475AF8EE677A08BFDFED16
:1064F000466A67EEA57A67EEA67ADFED446A67EE34
:10650000A67AF5EEC07AB6EE006AF1EE10FA4CBF4C
:1065100077EEC67A77EE867A0BF1B24202F58042C8
:10652000136DFDEEE77A0023136517EE903A17EE30
:1065300090CA13F4004F136D18BF43F00043136566
:10654000334B106D03EA8C43034313652A4BD3F896
:106550008801D3F88831000C07EE900A01208840AA
:10656000F8EEE76A07EE900AF8EEE77A1BB286EEDD
:10657000A75A07EE903ADFED276AF8EEE77A35EE94
:10658000275AC6EE877A37EE047AC7EE876AB7EEE7
:10659000047AC7EE247AB1EE007A67EE857A47EE88
:1065A000876A07EE104ADFED1C7AB8EEC77A76EEFE
:1065B000A76A65EEC75A46EEA57AF5EEC07AF1EE07
:1065C00010FA4CBF77EEC67A77EE867AFDEEE77A60
:1065D00017EE903A116DC3F311030B4313658EE66A
:1065E000D5ED037A9FED057AF8EE677AC7EE874A14
:1065F0005EE74FF0000A8DE60080E00F00007A446D
:1066000048E19A3F00000038E71B753F0000004753
:106610000000FC7F000080480000004910B52320E6
:1066200000F00CFD0024FF22064B21465C65202073
:106630009A625C60FDF7F2FD2146BDE81040212022
:10664000FDF7ECBD0000045038B5072804460D46A0
:1066500003DD7721084819F01CF91F2C03D991217B
:10666000064819F016F9064A064B002D08BF1346D6
:106670000122A2401A6038BDE0590308185A0308E5
:10668000401004504020045010B5044618B9912120
:106690001F4819F0FEF823781B0613F0604F03D053
:1066A00092211B4819F0F5F8E3780F2B03D99521B7
:1066B000174819F0EEF801212020FDF7AFFD012168
:1066C0002120FDF7ABFD0122124B23205A602278D6
:1066D00012069A606178A27842EA01429A61FF222A
:1066E0009A6200229A631A644FF000425A654FF092
:1066F000FF3203F500531A6500F026FD2320E178F0
:1067000000F030FDBDE81040232000F0B5BC00BF14
:10671000E059030800000450F8B50126C3B2072869
:1067200005460C46174606FA03F603DDDE2134481B
:1067300019F0AFF81CB9DF21314819F0AAF8236825
:1067400023F47C1323F00F031BB1E2212C4819F032
:10675000A0F8A37A1B0413F47C0F03D0E721284888
:1067600019F097F8E37A1B0513F07E6F03D0E92147
:10677000234819F08EF8237B5B0513F0FE5F03D0EE
:10678000EB211F4819F085F81E4B27F003071E6503
:10679000AB00226803F1A04303F588235A6030223E
:1067A00002FB05F0637B00F1A04000F5802003664A
:1067B000E37AA27A1B0543EA0243227B43EA42536F
:1067C000C36507671AF040F80F4B227A5E6502B185
:1067D0001E64627A02B19E632279A37943EA02437E
:1067E000084A93616179E37943EA014306498B6181
:1067F000064B56639E64BDE8F8401AF020B800BF0F
:10680000E059030800200450001004500000045018
:1068100010B50124C3B2072804FA03F404DD40F2E2
:106820007B11074819F035F81AF00EF8054B5A6D30
:1068300022EA04025A659C62BDE8104019F0FFBFCD
:10684000E05903080000045010B50124C3B2072822
:1068500004FA03F404DD40F299110A4819F019F81A
:1068600019F0F2FF084BDA6A224208D15B6B9C43B5
:106870000CBF0124002419F0E2FF204610BD0024C3
:10688000F9E700BFE05903080000045070B5012586
:10689000C3B20728044605FA03F504DD4FF4E0719E
:1068A000094818F0F6FF19F0CFFF3022074B5E6B56
:1068B00002FB04335C6E19F0C2FF35420ABFC4F319
:1068C0000A100020013070BDE05903080000045098
:1068D0004FF48032084B5A6603F5EE239B69C3F3ED
:1068E000461203F00F010A434280C3F30342C3F38D
:1068F0000333427003707047009000500D4B984274
:1069000008D1A3F5D023C3F85812802300F5805096
:10691000C3657047084B984204D1A3F5D823C3F848
:106920007412F2E7054B984204BFA3F5E023C3F8C5
:106930009012EAE700000A5000400A5000800A5016
:1069400070B506460C46154622B940F2A6210C4801
:1069500018F09FFF24B94FF42070FDF785FC044622
:106960006D00013CB4FBF5F4064B250213EA042349
:1069700004D040F2CB21024818F08BFFF56170BDC6
:10698000895A0308070080FF10B51B4B0446984244
:106990000CD003F58043984208D003F58043984219
:1069A00004D040F25E41154818F073FF012204F54F
:1069B00080535A6040F6AA6341F2050263610023E6
:1069C0000F49A360E365E26004F500522361E361CF
:1069D000E36491640849A3658C4203D123650023D5
:1069E000636506E007498C42F8D001F580418C428E
:1069F000F4D00123536010BD00000A50895A0308E7
:106A0000FFFF010000400A5038B5294B0446984268
:106A10000D460CD003F58043984208D003F580431F
:106A2000984204D040F28131224818F032FF2046CB
:106A3000FFF7AAFF012204F580535A602B8AA2684F
:106A400043F001031343AA7B43EA8223A360A368B4
:106A50002A7D43EA4273A360AB7C1BB12046E97CEC
:106A6000FFF74CFFD5E901122B7B204643F48053FE
:106A7000E360FFF765FF6B7B0BB1102363616B7DF8
:106A80001BB1A36843F48033A360AB7D1BB1A36843
:106A900043F40043A360EB7D2A7E1B07120503F03D
:106AA000E04302F4E0021343A3652B78636138BD31
:106AB00000000A50895A030810B5044620B940F274
:106AC0003A21124818F0E5FE23782BB1012B17D09C
:106AD000022B18D0032B05D140F2FF736278D3400C
:106AE000DB0704D440F23D21084818F0D2FE012211
:106AF000637821789A4030235943054B5A5010BD92
:106B000040F2FF13EAE743F6FF73E7E7C25A0308D0
:106B100040E00350034BD3F82424D3F82004104062
:106B2000704700BF00C003502DE9F04103780446D0
:106B30000D4616462BB1012B21D0022B22D0032B60
:106B400005D140F2FF736278D340DB0703D45D21A7
:106B5000284818F09EFE284BD3F810331BB1602153
:106B6000244818F096FE0F2D0FD8DFE805F03A35CF
:106B7000353535353535353535353535353540F2FD
:106B8000FF13E0E743F6FF73DDE7B421194818F07F
:106B900080FE4FF00008204606B319F017FB0F21C6
:106BA00067782378072F03EB430388BF083F4FEA3A
:106BB0000313124895BFBF00BF0004330C3308FA1B
:106BC00007F2B940184418F0A5FF85B9204656B120
:106BD000BDE8F04119F0FABAA846DCE7FFF76CFF10
:106BE000DDE7A846DBE7BDE8F041FFF765BFBDE89C
:106BF000F08100BF3D5B030800C0035030C003506C
:106C0000054B9A689107FCD45A689207F9D4DA695F
:106C1000002AF6D1704700BF00C00A5010B5074CDB
:106C20006368DB0704D44FF49F71054818F031FE08
:106C300019F0FAFA0223236110BD00BF00C00A5008
:106C40007E5B030808B5FFF7DBFF0122024B03F56B
:106C500080514A601A6108BD00C00A5010B5044B4B
:106C60005C68012C03D1FFF7D9FF024B5C6010BDBB
:106C700000C00A5000E00A5038B5074DFFF7C0FFCA
:106C80006B680446012B03D1FFF7E8FFFFF7B8FF5D
:106C90002378EB6038BD00BF00C00A5038B5054608
:106CA0000C4619F0CBFABDB96268237812B112789C
:106CB00043EAC203627843EA4203A26812B112783F
:106CC00043EA8213E27843EA8203226912B112781E
:106CD00043EA4223014A936438BD00BF00C00A5012
:106CE00030B58BB0AA4819F0BFFD20B14FF44E71FA
:106CF000A84818F0CEFD6C46A74D0FCD0FC42B68E9
:106D0000A64A2360FF238DF80130D2F84C3113F4EA
:106D1000802340F03081D2F850218DF801309DF869
:106D200001306C46FF2B08BF3F2368469C4D8DF811
:106D30000130FDF75BFE3220FDF7BAFE0FCD0FC428
:106D40000FCD0FC495E8030084E80300934BD3F8FC
:106D50004C21100340F1F380A3F5FE431C88B4F5E9
:106D6000807F28BF8C248DF81940FDF739FE04443C
:106D700084F308048B488DF81840FBF7FFFF684642
:106D8000FDF71CFD3220FDF799FE874A874B032152
:106D9000CDE900230023CDE9021301238020CDE9B2
:106DA0000433FDF7B5FB0528044606D1804A136F6E
:106DB00023F0070343F0010313677E4819F054FDE5
:106DC00020B14FF4CE71734818F063FD6846FDF7AB
:106DD0009BFF052C06D1764A136F23F0070343F07F
:106DE0000203136720B94FF4D3716A4818F051FDBC
:106DF0007148FEF7CDF8714819F036FD20B140F228
:106E0000CB11644818F045FD694C0020FDF75CFE8D
:106E1000FDF730FF236F002023F0070343F0020348
:106E20002367FDF751FF236F654923F4744343F44F
:106E300080632367634BD3F8FC2012F0807240F02C
:106E40008280D4F8803023F0030343F00103C4F8B8
:106E50008030C1F88020564CD4F8203123F007034D
:106E600043F00103C4F82031D4F8283123F007039C
:106E700043F00103C4F82831D4F8803123F0030330
:106E800043F00103C4F88031D4F8403123F0030308
:106E900043F00203C4F84031D4F8603123F0030317
:106EA00043F00203C4F86031D4F8403223F0030306
:106EB00043F00203C4F84032D4F8003223F0070351
:106EC00043F00203C4F80032D4F8083223F0070379
:106ED00043F00203C4F80832D4F8503223F003031D
:106EE00043F00203C4F85032D4F8703223F00303A5
:106EF00043F00103C4F87032D4F8203223F00703C2
:106F000043F00103C4F82032FDF740FC4FF0E022CB
:106F10000020136943F004031361D4F8603223F0B6
:106F2000070343F00103C4F86032D4F8943223F02D
:106F3000070343F00103C4F894320BB030BDD3F81B
:106F40005041E4B20FE7D3F8FC2022F08072C3F87E
:106F5000FC20D4F8802022F0030242F00102C4F8A1
:106F600080200022C1F88020D3F8FC2042F08072FB
:106F7000C3F8FC206FE74FF07E6393F89C2093F9F1
:106F80009C30002BFFF6CBAE8DF80120C7E600BF8A
:106F9000445D0308965C0308F45C03080080E00F7E
:106FA000085D0308C017530200B4C404FF0E7F0736
:106FB00000800050605D0308C0EA2101485D0308BD
:106FC0000090005000ED00E007B5094B18689A8862
:106FD0009B7900906846ADF804208DF80630FEF7E6
:106FE0005FF90C20FEF794F9002003B05DF804FB74
:106FF000305D030813B50024064A6846536F43F01A
:107000000103536700948DF80440FEF77DF8204695
:1070100002B010BD004000500028ABBF00F160403E
:10702000054B00F5614000F00F00ACBF90F8000385
:10703000185C0009704700BF14ED00E010B55D2832
:1070400004460DD801220A49630904F01F04A24036
:10705000203341F82320BFF34F8FBFF36F8F10BD54
:1070600040F22511034818F014FC002CF7DBE9E787
:1070700000E100E0C45D030810B55D28044608D8AF
:1070800001236109074A04F01F04A34042F821309C
:1070900010BD4FF49871044818F0FBFB002CF7DB8F
:1070A000EEE700BF00E100E0C45D030810B55C2816
:1070B000044604D940F23B11064818F0EAFB064B9F
:1070C000621153F8220004F01F04E040C04300F0B6
:1070D000010010BDC45D030800E100E010B500F13F
:1070E0000C03682B044604D940F24B11144818F0E5
:1070F000D0FBEFF31083DB0702D50122104610BD51
:107100002046FFF7D3FF02460028F6D160B2FFF712
:1071100083FF0146EFF3118313B1B0EB131FECD2E1
:10712000084B5B68C3F30803002BE7D0103B58B251
:10713000FFF772FF814234BF00220122DEE700BF69
:10714000C45D030800ED00E0002808DB01224309CC
:10715000034900F01F008240603341F8232070474C
:1071600000E100E038B500F110036D2B04460D4638
:1071700004D94FF4EF710E4818F08BFB0F2D04D992
:1071800040F2DF110A4818F084FB60B20028ACBF5F
:1071900000F16040074B4FEA0515EDB2ABBF00F5BB
:1071A000614000F00F0080F800531D5438BD00BF4F
:1071B000C45D030814ED00E010B519F045FB0A4B5F
:1071C0001A786AB901226FF004041A7019F037FBBB
:1071D000204605210134FFF7C5FF5D2CF8D110BD15
:1071E000BDE8104019F02BBBF63B012010B504465A
:1071F00019F021FB024B1C6019F018FB002010BD98
:107200005C2A012010B519F016FB034B1C6819F01D
:107210000DFB204610BD00BF5C2A01202DE9F04384
:107220008FB01D46136881461F6891F8313088463B
:10723000144606AE1BB3DFF828C2BCE80F000FC629
:107240009CE80F0086E80F0018220021684618F01D
:107250007EFDA3680893237B012B13D0022B14D04F
:107260001BB1D921774818F014FB0023ADF8263064
:10727000637B032B1FD8DFE803F00B25221BDFF80D
:10728000E4C1DAE74FF40073F0E74FF44073EDE741
:107290000023ADF8283001238DF80630A37BCDF80C
:1072A00034D0042B11D8DFE803F0141515151400A1
:1072B0004FF44053EDE7EB21624818F0EAFA4FF43F
:1072C0008053E6E74FF40053E3E7FE215D4818F0F2
:1072D000E0FA00238DF800305B4AD8F838302946B0
:1072E0001A605A4A48465A6000229A60584ADA6040
:1072F000424600F059FC0646002840F09B80236976
:107300005448C5F8A430237E85F8AB30E37D85F87A
:10731000AA30A37D85F8A930637D85F8A830A37EC7
:1073200085F8AD30637E85F8AC30237F85F8AF30CB
:10733000E37E85F8AE302368C5F8A03019F094FAE2
:1073400001230422A17D607DFEF7FAFC0123217E4A
:107350000222E07DFEF7F4FC85F8B060206919F0A8
:1073600083FA98F83130384606A9002B66D0FEF72C
:10737000DFFA95F8B03043F0040385F8B0301421FB
:10738000227D354B03EB4210C0F8941494F816C0DC
:10739000617D253241EA0C41C0F8AC14207EE17DCC
:1073A00003EB421341EA00415960A37B03F0FD0364
:1073B000012B0BD195F8B030022243F0010385F880
:1073C000B030A17E0023607EFEF7BAFCA37B023BB7
:1073D000012B0BD895F8B030042243F0020385F856
:1073E000B030217F0023E07EFEF7AAFC95F8B03094
:1073F000DB0717D5A17E627E237D42EA014241F27E
:107400009C415B0103F1A04303F570335A5041F2F4
:10741000944202219950217FE27E03F5A55342EA6E
:1074200001421A600D4A07F5005305213846DA6417
:10743000FDF7F2FF30460FB0BDE8F083FEF7AEFA7D
:107440009DE700BF255E03083FFB0208D1FB020851
:1074500055FB02084C5D030800C00350FF3F0D03BD
:10746000745E0308945E030840F24221014818F05C
:1074700010BA00BF255E03083021037D02464B434E
:1074800003F1A04303F58023D86E07491B6F8842A0
:1074900008D113F0020006D0106A136D1B1A58426F
:1074A0005841704700207047F73B012037B5302323
:1074B000007D0DF10701434303F1A04303F5802351
:1074C000DD6E1C6F18F03EFE20B140F2F931084825
:1074D00018F0DFF99DF8070040B9064B9D4203D133
:1074E00084F00204C4F3400003B030BD0120FBE788
:1074F000B45E0308F73B012037B504460DF10701E0
:10750000007D18F01FFE20B140F24441114818F0F0
:10751000C0F99DF80730A3B1256DD4E912231344B7
:107520009D4201D8AA4204D940F24F41094818F0BF
:10753000B0F9D4E9120303449D4218BF284603B0B2
:1075400030BD3022237D534303F1A04303F5802354
:10755000DD6EE2E7B45E03082DE9F743D0E90434B9
:1075600004F17C07D0F80C90013B06461022002164
:1075700038469DB2D4F8748018F0E9FB104BC5F37F
:107580000A0543EA0513C4E91F39012394F878007A
:1075900084F88C30C4F884803A460A4B009604F193
:1075A0006401FBF71FFF38B140F28D31064803B08C
:1075B000BDE8F04318F06DB903B0BDE8F08300BF3B
:1075C0000000103041770108B45E03082DE9F04354
:1075D00085B000F13806044610220021304618F02C
:1075E000B6FB4FF44473534D207DC4E90F556387B8
:1075F000FBF71EFF20B140F2CA514F4818F049F97D
:1076000010220021304618F0A2FB4FF44473638728
:107610003023207DC4E90F55434303F1A04303F514
:107620008023DB6EAB420BD1FBF722FF002876D024
:1076300040F2D351404805B0BDE8F04318F029B9F5
:107640000DF10B0118F07EFD20B140F2D9513A48FE
:1076500018F01FF99DF80B30002B63D12046FFF77F
:107660004BFF03A90746207D18F08EFD20B140F2A4
:10767000E151314818F00DF9039B002B04DC40F276
:10768000E3512D4818F005F9039B04F11808013B5C
:107690001022002140469DB2D4F8109018F057FBFC
:1076A0003022237DC5F30A0553432D0145F0407573
:1076B000C4E9065903F1A043276203F580231A6F3A
:1076C00094F82410520862F3410184F82410196FD1
:1076D00094F8242028F0030861F3000284F82420A1
:1076E0001B6F626A9B0863F39F0248F002036262A9
:1076F0006364009432462146104B207DFBF772FEF6
:1077000020B140F204610C4818F0C3F8207DFBF76B
:10771000AFFE20B14FF4C161074818F0BAF805B0C8
:10772000BDE8F08394F844306FF3410384F84430AB
:10773000DFE700BFF73B0120B45E0308EFFB020860
:1077400038B55569144695F88C3023B940F26A3142
:107750000A4818F09EF8002305F1900085F88C3057
:10776000FBF72EFB08B1FFF7F7FE63681BB10021A2
:107770002046A2689847002038BD00BFB45E0308C9
:1077800038B50446007DFBF753FE20B140F22D4191
:10779000084818F07EF82046FFF76EFE0546207D6B
:1077A000FBF766FE20B140F23241024818F071F852
:1077B000284638BDB45E03082DE9F04F8DB09946D8
:1077C0000023044608910692C9F80030D9F80060F9
:1077D000069B9D1B00F0C580089B9E1900F0C18090
:1077E0002046FFF7CDFF8046002840F0BA802046B3
:1077F000FFF782FE226D904240F2BC80801A8542E3
:1078000028BF054694F896A0BAF1000F00F0F28068
:1078100019F01AF8236D079020460993FFF746FEEA
:107820002F46099B834658198342D4F8981040F09C
:10783000BC80D4E9122313448B4208BFC4F89820BB
:10784000D4F898108A4201D88B4204D840F24251B1
:107850008A4818F01EF8079818F0F1FFDA46207DE4
:10786000FBF7E6FD20B140F28241844818F011F8A0
:10787000207D0DF12F0118F065FC20B140F286410A
:107880007E4818F006F82046FFF736FE236D834643
:1078900098429DF82F3040F2BC8023B140F28E41D7
:1078A000764817F0F6FFA26C236DAEB2934240F01B
:1078B000A880099304F1280823691022002140467A
:1078C000079318F044FA3021079B013EE362099BBD
:1078D000C6F30A062363237D36014B4328F00308D1
:1078E00003F1A04346F0407648F0020203F58023FE
:1078F000A6621A67236DD4E912122B440A449342FC
:1079000008BF0B469342236504D340F2DE415B4837
:1079100017F0BFFF236D9B4505D10123204684F856
:107920005430FFF753FE207DFBF7A2FD20B140F25B
:10793000F741524817F0ADFF94F896303BB1BAF1D9
:10794000000F04D0236E112120465B689847D9F8B8
:10795000003037B1069A3B449342C9F80030FFF437
:1079600035AFD9F80030002B14BF00201B200DB01C
:10797000BDE8F08FD4E912310B449A4204D340F2AF
:107980006A413E4817F085FFD4E912321344226D54
:107990009B1A9D4228BF1D46002D7FF433AF40F255
:1079A0001651364817F075FF2CE701335A1E9142E5
:1079B00010D1C4F8983013F8012C112A01D0132AE1
:1079C00014D1013FA2F111014A424A41D04684F844
:1079D0009C2029E713F8012C02F0FD01112906D1A2
:1079E000013FB8F1000F3FF41FAFEBE7D04606F8B8
:1079F000012B19E72A463046216D18F0B2F92F46BF
:107A00002DE7238DC3F30A12164466F30E13238564
:107A100070E7207D93B93023584300F1A04000F572
:107A20008020426E436EC2F30A1223F4FF432A44BD
:107A300023F0700343EA021343665BE7104B0494A0
:107A400003930023CDE90153012300935A46236990
:107A5000216817F053FF20B140F2CB41074817F0DF
:107A600018FF3022237D534303F1A04303F5802305
:107A70005A6E22F480125A663CE700BFB45E0308D7
:107A8000EFFB02082DE9F84F90F8943004460D46BC
:107A9000002B40F0858090F89580DFF808918E18D3
:107AA000B54223D094F896306BB12046FFF768FEBC
:107AB000F8B1D4F89820236D9A4204D040F2CD2139
:107AC000484617F0E6FE94F89C30002BE8D0236E71
:107AD0002F462A785B68B8F1000F59D1236E2046F3
:107AE0005B683978013598470028D9D00020BDE877
:107AF000F88F18F0A9FE0746207DFBF799FC20B10E
:107B000040F2D321274817F0C4FE2046FFF7F4FCCB
:107B1000A26C00F1FF3A924538BFE36C207D3CBF78
:107B200003F1FF3302EB030A94F854B0FBF7A0FC17
:107B300020B140F2DF211B4817F0ABFED4F89810BB
:107B4000BBF1000F22D0236D8B4204D04FF439716A
:107B5000144817F09EFE384618F071FEB3E7A26C89
:107B60009A4202D9E36C013B134499420BD013F8BB
:107B70000129112A01D0132AF1D1A2F111035A428D
:107B80005A4184F89C20C4F898A0E4E75346ECE7F7
:107B90000A2AA3D10D212046984700289ED0A5E7A8
:107BA0000E20A4E7B45E0308F0B589B00C46154674
:107BB0000646A0220021204618F0C9F82746AC4608
:107BC000BCE80F000FC7DCF8003005F1140C3B6077
:107BD00004F16407BCE80F000FC7DCF80030EA6A64
:107BE0003B60AB6AC4E9132395F83020A36484F8A2
:107BF000952095F83320C4F89830012384F8962016
:107C000084F89C3084F85430AB6B2366324B34607C
:107C10007360324BB360324BF360324B7361324B63
:107C2000B361324B3361FBF7A9FB10B1304B984283
:107C30000FD1002107A8FBF729FB014648B9079B94
:107C400007A82375FBF722FB0346207D23B1FBF732
:107C50006FFB102009B0F0BD079B84F87830FBF76C
:107C6000E7FB0028F5D1234B0494CDE90203E36C34
:107C70000193012300932369A26C2168207D17F0F2
:107C80003DFE0028E5D13022237D4FF4801153437F
:107C900042F2640203F1A04303F580239950AB6BD9
:107CA00093F91000FFF750FAAB6B93F91000FFF750
:107CB000E3F904F1900017F0EDFD3046FFF796FA76
:107CC0002046FFF783FC207DFBF7D2FB003818BF6E
:107CD00001200001BEE700BF857A01085FFC0208B1
:107CE000B9770108E3FB0208E9FB0208F97C010807
:107CF000038000F0EFFB020870B50568044695F8B4
:107D00009460002E3BD117F0CDFFFFF77BFA844241
:107D100002D13046FFF76AFA2B6E93F91000FFF795
:107D200013FA2B6E93F91000FFF788F9287D18F0ED
:107D3000E9F920B140F29721144817F0AAFD287DF7
:107D4000FBF7F6FA20B140F29B21104817F0A1FD95
:107D5000FBF7CCFA38B10E4B984204D040F29F2189
:107D60000A4817F096FD0023C4E90033C4E905333F
:107D7000E3602B6E2846BDE87040DB68184740F290
:107D80006621024817F085FD0F2070BDB45E030820
:107D9000058000F00346054A0549106803448B42FC
:107DA0008CBF4FF0FF301360704700BFA83C01202C
:107DB0000000082070B518F047FD144E05463478D1
:107DC000FCB9134B1C60134B1C60134B1C6000F080
:107DD00047F8012018F0EFFD18F0C4FC0F4B0246E5
:107DE000186020B9284618F02AFD232070BD2346CC
:107DF00040F2E7310A4800F017FA0A4B18600123F5
:107E00003370284618F01BFD0020EFE7FA3B0120F5
:107E1000682A0120642A0120702A01206C2A01208E
:107E200018FCFFFF602A012000B58DB001238DF8FA
:107E30000F3018F0D9FB00230146CDE90033074A83
:107E40000DF10F0304A818F07DFD18B99DF80F304F
:107E5000002BFBD10DB05DF804FB00BF3F09030808
:107E600010B586B000241422214601A88DF80040E8
:107E700017F06DFF012313488DF8043018F0F4FC5F
:107E8000BFF34F8F6846FEF7F7FE204601A98DF835
:107E90000440FEF703FF20460F2118F0EFF90F21F1
:107EA000204618F0F9F9FEF7CDFE18F0BDF9064BA3
:107EB00053209C61FFF748F95320FFF7DDF806B027
:107EC00010BD00BF445D030800C00A5010B5044651
:107ED00018F0A6F84FF47A729042B0FBF2F105D296
:107EE0003621BDE810400C4817F0D3BC0B4BB3FB58
:107EF000F1F30B49884201D93C21F2E702FB04F07F
:107F0000B0FBF3F0022806D9BDE810400323B0FB14
:107F1000F3F0E8F755B910BD4B5F030840420F007E
:107F2000E7CD9A3B73B50020E8F70CFA002204462F
:107F3000604E1146306002F0B1FBA0228021204645
:107F400002F0E5FB2046F7F73BFAD02240F273112E
:107F5000054602F0A3FB6FF040422846114602F0AE
:107F6000D6FB2846544914F0B6FF2046F9F766FEC2
:107F700005466C2240F2551102F090FB462228463D
:107F8000962102F0C4FB2846802117F0E6F8284627
:107F90004A49FAF7A9F82846002117F0A8F8002165
:107FA000284617F063F92046F6F700FD05464FF422
:107FB0009F72002102F072FB2846A222802102F06B
:107FC000A6FB00222846114604F05BF92846002251
:107FD000A22104F041F900228021284604F02EF964
:107FE0002046F4F74DFB054664222321706002F021
:107FF00055FB22223A21284602F089FB30480FF037
:1080000095FFC0F307238DF80530C0F307438DF8C3
:1080100006308DF8040001990022284604F054F936
:108020002846F7F7CDF900221146054602F036FB47
:108030006FF040422846114602F069FB00222846B4
:10804000092104F01EF928461E4914F044FF204679
:10805000F9F7F4FD05461222112102F01FFB302230
:108060002846602102F053FB2846802117F075F85E
:1080700028461549FAF738F82846002117F037F84E
:108080000021284617F0F2F82046F7F799F91D224B
:108090004D210446B06002F001FB6FF040422046E3
:1080A000114602F034FB2046084902B0BDE870409A
:1080B00014F011BF742A01208E5F03089C5F03082F
:1080C000BB442200A45F0308AB5F0308B05F030852
:1080D00010B9024B1B681847704700BFAC3C012029
:1080E0001FB5EAF7D1FC04460520F0F71FFAC0F3EC
:1080F00007238DF808008DF80930C0F307430020EE
:108100008DF80A30F0F712FAC0F307238DF80D301E
:10811000C0F307438DF80E30094B8DF80C00DDE9F4
:108120000212009320460023F2F752F8014620463F
:10813000EAF798FF04B0BDE81040FFF7F3BE00BFB8
:108140009C0A030807B50A4B01381880002381B246
:10815000013016BF074A184652F821000093C82282
:1081600000230921EAF722FD03B05DF804FB00BFFC
:10817000043D0120742A0120024BB3F90000FFF7EF
:10818000A7BF00BF043D01207BB972B90029BEBF63
:1081900000204FF0004106E008BF00281CBF6FF030
:1081A00000414FF0FF3000F0CDB9ADF1080C6DE9A2
:1081B00004CE002909DB002B1ADB00F04DF8DDF8B6
:1081C00004E0DDE9022304B07047404261EB410165
:1081D000002B1BDB00F040F8DDF804E0DDE90223B2
:1081E00004B0404261EB4101524263EB43037047EC
:1081F000524263EB430300F02FF8DDF804E0DDE9C1
:10820000022304B0404261EB41017047524263EBEC
:10821000430300F021F8DDF804E0DDE9022304B0B7
:10822000524263EB4303704753B94AB9002908BF70
:1082300000281CBF4FF0FF314FF0FF3000F082B933
:10824000ADF1080C6DE904CE00F006F8DDF804E0AD
:10825000DDE9022304B070472DE9F04F099D0C467B
:10826000002B4DD18A420F4684469646B2FA82F3DD
:1082700060D94BB102FA03FEC3F120029F4000FA1D
:1082800003FC20FA02F217434FEA1E461FFA8EF44F
:108290004FEA1C42B7FBF6F106FB117701FB04F035
:1082A00042EA0742904208D91EEB020201F1FF3771
:1082B00002D2904200F231813946121A1FFA8CFC28
:1082C000B2FBF6F006FB102200FB04F44CEA024C71
:1082D000644508D91EEB0C0C00F1FF3202D2644554
:1082E00000F21E81104640EA0140ACEB040C002174
:1082F00025B12CFA03F30022C5E90032BDE8F08F66
:108300008B4205D90DB1C5E9000100210846F5E70A
:10831000B3FA83F100294DD1A342C0F0F38090421B
:1083200080F0F080064623460846002DE6D0C5E9D9
:108330000063E3E7002B40F0A3808A1A4FEA1E4750
:108340001FFA8EF60121B2FBF7F407FB14204FEA67
:108350001C4242EA004206FB04F090420FD91EEB99
:10836000020204F1FF382CBF4FF001094FF0000961
:10837000904203D9B9F1000F00F0CC804446121AA4
:108380001FFA8CFCB2FBF7F007FB102200FB06F68D
:108390004CEA024C664508D91EEB0C0C00F1FF328A
:1083A00002D2664500F2B3801046ACEB060C40EA00
:1083B00004409DE7C1F120068B4004FA01FE22FA39
:1083C00006F720FA06FCF4408A401F434EEA0C03ED
:1083D00000FA01FE4FEA17484FEA13491FFA87FCDB
:1083E000B4FBF8F008FB104449EA044400FB0CF924
:1083F000A1450ED93C1900F1FF3A2CBF4FF0010BFB
:108400004FF0000BA14503D9BBF1000F00F08B80AA
:108410005046A4EB09041FFA83F9B4FBF8F308FBF8
:10842000134403FB0CFC49EA0444A44506D93C1957
:1084300003F1FF3801D2A4457BD8434643EA00400C
:10844000A4EB0C04A0FB02984445CC46434602D35F
:1084500006D1CE4504D20138B9EB020C68EB070314
:10846000002D6CD0BEEB0C0264EB030422FA01F386
:1084700004FA06F6CC4000211E43C5E900643DE73E
:1084800002FA03FEC3F1200104FA03F200FA03FC2E
:10849000CC404FEA1E4720FA01F11FFA8EF6B4FBDA
:1084A000F7F00A4307FB1044110C41EA044100FBBA
:1084B00006F48C420ED91EEB010100F1FF382CBFEF
:1084C0004FF001094FF000098C4202D9B9F1000FB9
:1084D0002CD04046091B92B2B1FBF7F407FB1411F4
:1084E00042EA014204FB06F1914207D91EEB020267
:1084F00004F1FF3801D291421ED84446521A44EA90
:10850000004120E7861A64EB030301200DE7F444E1
:1085100002384AE7023C724431E702397244CCE641
:10852000F4440238DFE602383C4472E70238714412
:10853000D0E7023B3C4481E7023C7244DEE7294637
:10854000DCE600BF704700BF08B5064B044613B118
:108550000021AFF30080044B1B6803B1984720460D
:1085600017F03EFB00000000B82B01200EB400B550
:108570009CB06FF000411DAB0290069007910491F2
:108580000848094953F8042B059102A90068019392
:1085900000F020F9029B00221A701CB05DF804EB79
:1085A00003B07047B03C01200802FFFF70B50D4DCD
:1085B00000260D4C641BA410A64209D10B4D0026C9
:1085C0000B4C18F01DFA641BA410A64205D170BD17
:1085D00055F8043B01369847EEE755F8043B013661
:1085E0009847F2E70C3D01200C3D01200C3D012095
:1085F000103D012038B50546002941D051F8043C12
:108600000C1F002BB8BFE41800F0D8F81D4A1368FF
:1086100033B9636014602846BDE8384000F0D4B830
:10862000A34208D9206821188B4201BF19685B68F2
:1086300009182160EDE71A465B680BB1A342FAD92D
:1086400011685018A0420BD12068014450181160E5
:108650008342E0D118685B68084453601060DAE731
:1086600002D90C232B60D6E7206821188B4202BF69
:1086700019685B680918636008BF21605460CAE725
:1086800038BD00BFC42B012070B50F4E0C46054607
:10869000316811B900F0C6FA30602146284600F072
:1086A000C1FA431C03D14FF0FF34204670BDC41CF7
:1086B00024F00304A042F8D0211A284600F0B2FAB0
:1086C0000130F2D1EFE700BFC02B01202DE9F041CE
:1086D000CD1C064625F0030508350C2D38BF0C25AA
:1086E000002D01DBA94204D90C2333600020BDE832
:1086F000F081314F00F062F83B681C4644BB2946CC
:108700003046FFF7C1FF431C044650D13C68214668
:10871000002941D1002C44D02368304604EB0308E3
:1087200000F080FA80453CD1216830466D1A294618
:10873000FFF7AAFF013034D023682B4423603B6845
:10874000002B36D05A68A24229D100225A600EE08E
:108750002268521B1DD40B2A16D96119A342256029
:1087600018BF5960636808BF396062514B6030467A
:1087700000F02AF804F10B00231D20F00700C21AB4
:10878000B5D01B1AA350B2E7A3426268DED13A60AB
:10879000EDE723466468B1E70C464968B8E713463D
:1087A000CEE70C233046336000F00EF89EE70560FC
:1087B000DDE75B60FFDE00BFC42B0120014817F03E
:1087C000CEBA00BFFB3B0120014817F0C9BA00BF79
:1087D000FB3B01202DE9F04F98468B899DB0074661
:1087E0001B060D46144610D50B6973B94021FFF7DF
:1087F0006DFF2860286130B90C233B604FF0FF30DB
:108800001DB0BDE8F08F40236B610023CDF80C80D4
:108810004FF00109DFF8A081099320238DF829305A
:1088200030238DF82A3023469A4613F8012B0AB1DB
:10883000252AF9D1BAEB040B0BD05B462246294618
:10884000384617F09BFA013000F0A780099A5A4485
:1088500009929AF80030002B00F09F8000234FF01F
:10886000FF320AF1010A049307938DF853301A93EB
:10887000CDE90523544605224F4814F8011B17F093
:1088800064FB049AD8B9D00644BF20238DF8533036
:10889000110744BF2B238DF853309AF800302A2B50
:1088A00015D0079A544600204FF00A0C214611F8C3
:1088B000013B303B092B4BD9B0B1079214E0A0EB40
:1088C0000803A24609FA03F313430493D2E7039B78
:1088D000191D1B68002B0391BBBF5B4242F00202D3
:1088E00007930793B8BF049223782E2B0AD163789D
:1088F0002A2B32D1039B02341A1D1B6843EAE3730F
:1089000003920593DFF8C0A003222178504617F0A8
:108910001CFB38B1A0EB0A004022049B01348240CA
:108920001343049314F8011B062224488DF82810E1
:1089300017F00BFB002836D0214B1BBB039B0733E2
:1089400023F0070308330393099B334409936AE731
:108950000CFB02320C460120A8E7002301344FF043
:108960000A0C19460593204610F8012B303A092AC3
:1089700003D9002BC6D00591C4E70CFB01210446A6
:108980000123F0E703AB2A4604A9384600930D4BB8
:10899000AFF30080421C0646D6D1AB895B063FF59B
:1089A0002DAF09982CE703AB2A4604A9384600935B
:1089B000044B00F00BF8EDE7B45F0308BE5F03085B
:1089C000000000007DFD0208BA5F03082DE9FF47A3
:1089D0000F7E914680460C46782F9A460C9E01F1F8
:1089E000430207D8622F0AD8002F00F0DD80582FED
:1089F00000F0C38004F1420684F842703AE0A7F127
:108A00006303152BF6D801A151F823F0658A0108FC
:108A1000798A0108F5890108F5890108F5890108B5
:108A2000F5890108798A0108F5890108F5890108A5
:108A3000F5890108F58901088F8B0108078B01086A
:108A4000478B0108F5890108F5890108B18B0108F8
:108A5000F5890108078B0108F5890108F5890108E6
:108A60004F8B010833681A1D1B68326004F14206FF
:108A700084F842300123A8E031682368081D306083
:108A80001E0601D50D6803E05D06FBD5B1F9005067
:108A9000002D616878DA2D200029A16084F8430058
:108AA0002DDA6D425D480A231646B5FBF3F103FB50
:108AB0001157C75D06F8017D2F460D46BB42F4D91C
:108AC000082B0BD12368DF0708D523696168994219
:108AD000DEBF302306F8013C06F1FF36921B22610F
:108AE0004B4603AA21464046CDF800A017F0A1F955
:108AF00001306FD14FF0FF3004B0BDE8F08723F0B4
:108B000004032360CDE721683368080653F8045B4B
:108B100002D4490648BFADB26F2F33603F4814BF3F
:108B20000A230823002184F843106668002EA660FB
:108B3000BADB216821F004012160002DB4D1002EA0
:108B4000B2D11646BCE7236843F0200323607827A0
:108B50003348236884F845701F06316851F8045B78
:108B600002D45F0648BFADB23160D90744BF43F0BD
:108B7000200323601DB11023D4E72848E9E72368C8
:108B800023F020032360F6E724480A23CDE7336867
:108B90002568181D616930602E061B6801D51960B3
:108BA00002E06806FBD5198000231646236197E78B
:108BB000336800211A1D32601E686268304617F063
:108BC000C4F908B1801B606063682361002384F8E6
:108BD000433085E72369324649464046D047013055
:108BE00088D023689B0714D4E068039B9842B8BFE1
:108BF000184681E70123324649464046D0470130B6
:108C00003FF478AF0135E36803995B1AAB42F1DCBE
:108C1000EAE7002504F11906F5E700BFC55F030880
:108C2000D65F030838B50023054D044608462B607F
:108C3000FFF7B0F8431C02D12B6803B1236038BDA5
:108C4000BC2B012070B506460020EDF741FB002546
:108C500004460CB9284670BD20460DF029FF0128B6
:108C60000AD020460DF02AFF864208BF254620463E
:108C7000EDF72EFB0446ECE72546EBE72DE9F04740
:108C8000037F0546DC078846924602D50020BDE8F2
:108C9000F087C668BEB137464FF001093146284615
:108CA000D047B8420446F1D03E46ACB92B7F1907F5
:108CB000ECD5B9F1000FE9D02846C047044636B1DB
:108CC0004FF00009F1E71A07F6D488470446002C54
:108CD000DCD026464FF00009206800F014FC0306A3
:108CE00038D4276837BBEB68A342CFD073B128468E
:108CF0001E68FFF7A7FF11210246304601F0CFFAA8
:108D00000128C3D1EB68186801F040FFEC602846E9
:108D10002468FFF797FF10210246204601F0BFFAB2
:108D20000128B3D1EB68186801F030FF2B69A3B9B3
:108D30000120ACE70121384600F0D9FB20B93846C4
:108D400003F044FB0746CDE70121384600F0CFFB96
:108D50000028C8D037462646A0E728469847E7E7C8
:108D600070B5064600F0D1FB0446002838D0C36831
:108D7000E3B11B68B34219D1037FDA0744BF6FF335
:108D8000000303770FF0F8FCE368834229D1204603
:108D90000FF0F5FCE368984223D105682046FFF701
:108DA00051FF11210246284601F079FAE36823B108
:108DB0001B68B34204BF0023E36020460FF0DCFCD5
:108DC000054668B12B682946B34220461CD10FF0F6
:108DD00093FC2846F0F7AAFAB3680BB100225A6058
:108DE00070BD237F2046C3F3C00543F008032377FB
:108DF0005B0706D4E7F77AFA237F65F3C30323778B
:108E0000D4E7E7F789FAF7E70FF0BCFCD8E770B5CD
:108E10000D46044620B30846FFF7A2FFAB6813B91E
:108E2000284600F098FDAB6820465C600FF048FCD7
:108E3000064600B9FEE7056020460FF09DFC86421D
:108E40000ED1237F2046C3F3C00543F008032377E8
:108E50005B0706D4E7F74AFA237F65F3C30323775A
:108E600070BDE7F759FAF7E710B1C06800B10068C4
:108E7000704738B5034600B9FEE7027FC2F34004ED
:108E80008C4217D061F341020277FFF7EDFF0446F1
:108E900080B1DA6818461568FFF7D4FE1021024643
:108EA000284601F0FCF9012804D12046BDE83840ED
:108EB00001F06CBE38BD10B1007FC0F340007047B8
:108EC0002DE9F3414E680C462EB33046E8F776F9AB
:108ED0000746304602F06BF81022804600213046EB
:108EE000B56902F0B8FD2B18A3EB0803A361013BA1
:108EF00001902362122200213046756902F0ABFD19
:108F00004BF676330544E81B60610138E06163622B
:108F100002B0BDE8F08141F67603F8E72DE9F04FA5
:108F200089B0B0F828A004468A45884607D00A468A
:108F3000514602F0EDFD814620B9A4F8288009B021
:108F4000BDE8F08F204601F021FE2046A4F82880DD
:108F500002F019FF4FF42070F0F7D6F9638D002668
:108F6000C3F3051B6FEA0803074602960793B34550
:108F700017D9029B202B14D0E268F10002EBC60344
:108F80005868C0F317051FFA80FE0798049510EA89
:108F90000E0F3AD1DB7913F0020308D00136B34546
:108FA000EAD81423029A3E4603FB027564E0525845
:108FB000117A1268FF2924D002EB8100994224D94A
:108FC00010F801CBBCF1660F21D152F8233004E038
:108FD000662B02F1080214D14B68049A02F47F0256
:108FE00006921A68013A0392039911F8012F03912E
:108FF000059252B1029A202A07D039464FF0000C50
:1090000017E013781146002BE2D10136AFE70133A8
:10901000D4E7087A059DA84208D14868069A00F46A
:109020007F05954202D180B27045DDD20CF1010C72
:109030001431029A6245ECD11422029902FB01F02C
:10904000DA6839183A521869039A48809868C860F3
:109050001078049A087258684A60029A08610132CE
:109060000292C1E77168434600965246204601F4D9
:109070007F01E8F719FD1436AE42F3D13846F0F718
:1090800055F909F0FD03012B08D1FF224FF470219F
:10909000204609B0BDE8F04FE8F7CCBBB9F1020FAC
:1090A0007FF44DAF204601F071FD204609B0BDE8C8
:1090B000F04F01F0B7B82DE9F041A6B005460FF02A
:1090C0001CF9064628460FF014F9172E044673D1F2
:1090D00028460FF016F903780546022B09D02D22F9
:1090E0000021204602F0B7FC06460A9020B1022378
:1090F0002B7026B0BDE8F08101460C22204602F01C
:10910000AAFC6822074631460A90204602F0A3FCDA
:109110006922804631460A90204602F09CFC636931
:1091200002460A93A36941460B93E3690AA80C938C
:10913000236A0D930EF079FA3A4668680AA90EF090
:109140004AFB08B90123D3E71D223146204602F02D
:1091500082FC0690C0B2FC28F4D95F22314620463A
:1091600002F079FC0690C0B2FC28EBD920223146EF
:10917000204602F070FC0690C0B240B12522314674
:10918000204602F068FC0690C0B2FC28DAD92622FC
:109190000021204602F05FFC069020B10023827A75
:1091A00003309A4201D80023A2E703EB8301415C1C
:1091B000FC29C7D90133F4E71A2E37D1284601F02C
:1091C00006F906460AA8EBF78FF8002120460AAAFE
:1091D00000F07EFC35220021204602F03CFC069087
:1091E00028B19DF8713043F020038DF8713068226A
:1091F0000021204602F02FFC69220546002106903E
:10920000204602F028FC2946024663690693A369BA
:109210000793E3690893236A099306A80EF005FAF9
:10922000304606AA0AA904F043FA62E71D2E7FF42D
:1092300060AF284601F0CBF806AA064602A92046F0
:1092400001F076FF02A80EF0E6F9002800F0AF80EA
:109250000AA8EBF749F81D224FF48031204602F0AE
:10926000FAFB0190C0B202288DF8480010D91C22E8
:109270004FF48031204602F0EEFBC0F30722C0F32A
:10928000074301908DF849008DF84A208DF84B3046
:1092900032224FF48031204602F0DDFB0190C0B253
:1092A00002288DF8700017D930224FF48031204603
:1092B00002F0D1FB002801901B9040F3AF803122D7
:1092C0004FF48031204602F0C6FBC0F30743019003
:1092D000ADF866008DF868303E224FF480312046AC
:1092E00002F0B9FBC3B2022B01908DF8943023D960
:1092F0003C224FF48031204602F0ADFB0028019063
:10930000219040F38F8042224FF48031204602F0BA
:10931000A2FB3D22019024904FF48031204602F0C0
:109320009AFBC0F30722C0F3074301908DF8810038
:109330008DF882208DF883304FF48031204602F082
:10934000F2FCFC280BD89DF8483013FB00F3C3F364
:1093500007238DF848308DF870308DF894309DF8E3
:1093600070209DF8483013439DF89420134324D077
:109370000C224FF48031204602F06DFB01901190D9
:1093800002A80EF048F930B10023304602AA0AA91B
:109390000C9304F08DF906A80EF03DF968B1012395
:1093A000304606AA0AA90C9304F082F905E006A843
:1093B0000EF031F900287FF44BAF35220021204612
:1093C00002F049FB0A9000283FF493AE00250AA85A
:1093D000EAF78AFF294620460AAA8DF848508DF8F8
:1093E00063508DF880508DF8945000F071FB682226
:1093F0002946204602F02FFB69220746294606909F
:10940000204602F028FB636902460693A3693946A9
:109410000793E3690893236A0993FEE600238DF816
:10942000703059E700238DF8943085E770B588B027
:109430000D460446E7F73EF8EA0606460CD56946AF
:10944000204604AA01F074FE6946204601F073FB31
:10945000204604A901F06FFB636A23EA05036362F7
:10946000EB070ED5204601F091FB2046E7F722F8E6
:1094700038B1204602F0AAFF01F054F9204601F06D
:1094800051F92046E7F716F8B04202D115F0C07F37
:1094900007D0204602F09AFF08B0BDE8704001F006
:1094A00041B908B070BD38B5038D044643EA0105E3
:1094B00099430DD025EA03031B0603D5014600207E
:1094C000ECF772FF29462046BDE83840FFF726BD7D
:1094D00038BD0A46038D1A4223EA010101D0FFF785
:1094E0001DBD70470AB1FFF7DEBFFFF7F2BF436A49
:1094F00099430CBF012000207047436A194214BFF2
:10950000012000207047008D7047806800B14068DE
:109510007047F0B589B008460D460EF0EEFE0646DF
:1095200028460EF0E6FE012E044605D1202109B0A2
:10953000BDE8F040FFF7B7BF033E2C2E56D8DFE85A
:1095400016F0480055005500550055002D000F013C
:1095500055001101550055005F005500E900280134
:10956000550055008F019401960189017F01550036
:1095700089015500550089015500550055005500D9
:10958000550055005500550055004D015500780116
:1095900055005500550055002A014F002021FFF7C6
:1095A00098FF28460EF0ADFE0DF0A9FAF0B9636AF7
:1095B0001E071BD5238D0121DD07204633D4FFF77D
:1095C00072FF00222021204609B0BDE8F04000F0E3
:1095D00066BE2021204609B0BDE8F040FFF779BF04
:1095E00002F02AFF00250646B54201D109B0F0BDC0
:1095F000A3681B6853F8250001F094F80135F3E7E0
:10960000436A180715D5284600F0EAFE132802D150
:1096100001212046D3E71128FAD0142801D01228BE
:1096200004D101212046FFF754FFCAE70A28DDD004
:10963000C7E703F40163B3F5016FD7D1204600F00B
:10964000C0F90028D2D12046E7F7B8FD07462046EA
:10965000E7F70CFE0646284600F0C2FE12280DD1A0
:10966000204601F09FFC0546204601F0D0F8011E7F
:10967000B8BF0331002205EBA1010EE0112812D181
:10968000204601F08FFC0546204601F0C0F8011E7F
:1096900000DA03310022A5EBA101204609B0BDE8A4
:1096A000F040E7F7FDBE13281BD1204601F05FFC18
:1096B0008107D5D0002F01DC002ED1DD204601F03E
:1096C0006CFC0546204601F09FF80022011EB8BF41
:1096D000033105EBA101204609B0BDE8F040E7F7F2
:1096E000CBBE142882D1204601F041FC8207C7D0AE
:1096F000002F01DC002EC3DD204601F04EFC0546A4
:10970000204601F081F8011EB8BF03310022A5EB0D
:10971000A101E0E7436A5B0502D5012101F0ECFC01
:109720002046FFF7F2FEFFF7C6FB0646ECF7DAFD30
:1097300010B9284600F039FE0DF0BAF9022808D019
:10974000042814BF022106212EB141F00801204651
:10975000EDE60621F8E72046FFF7A5FE082139E7E8
:109760004021F4E74021FFF7B4FE204601F0F6FB6C
:1097700002287FF43BAF6946204604AA01F0D8FCDA
:109780006946204601F0D7F9204604A901F0D3F933
:109790002CE70E211EE70A22002102F05CF91622B6
:1097A000049005460021204602F055F9049080B24D
:1097B00008B9EDB215B1204600F0B4FF204602F022
:1097C0003BFE00250646B5423FF410AFA3681B6878
:1097D00053F8250000F0A6FF0135F4E7012200212F
:1097E00002F039F90222002104900746204602F0D7
:1097F00032F90A22002104900646204602F02BF995
:109800001622049005460021204602F024F9049017
:1098100080B240B9EDB235B96FF040439F4202D0FB
:109820009E427FF4E3AE204609B0BDE8F04000F070
:1098300079BF90F82A3043F0020380F82A30F2E72B
:10984000002100F083FC0146284609B0BDE8F04045
:1098500000F0DEBD284609B0BDE8F040FFF72BBCA4
:109860002021FFF736FE4021B4E610216FE71021DA
:10987000B0E610B50C460846EEF7D2FD0020E7F73B
:10988000D3FF2046E8F798F80120E7F7CDFF002145
:109890002046EEF711FD2046FFF737FE10B12046B7
:1098A000FFF75EFAA3687BB1186820B1EFF73EFDC1
:1098B0000022A3681A60A06808300EF001FDA068BD
:1098C000EFF734FD0023A36010BDF0B589B00D465D
:1098D0000446E6F7EFFDE907074623D4636A2B4306
:1098E00063622046E6F7E6FDB84202D115F0C07F7C
:1098F00007D0204602F06AFD00F014FF204600F079
:1099000011FFEB060CD56946204604AA01F010FCB5
:109910006946204601F00FF9204604A901F00BF931
:1099200009B0F0BD204601F031F9636A2B43636250
:10993000238D9A07D5D52046FFF7E7FD0646002878
:10994000CFD0E6F7D3FC3046FFF78EFA0028C8D018
:1099500001F01CF9C5E710B5836804465BB92C20FB
:10996000EFF7D2FCA06000B9FEE7438D43F47073BB
:1099700043F00303438510BD18B10068431A5842F1
:109980005841704770B50E68054633680C461BB1E8
:109990000B60FFF7F7FF2660736823B12146284666
:1099A000BDE87040184770BD10B504462068836854
:1099B0000BB12146984723681B680BB12360F5E77C
:1099C00010BD006838B190F8203013F00303F8D0D0
:1099D000013B584258417047006838B190F8203038
:1099E00013F00C03F8D0043B58425841704738B587
:1099F0000446B0B300F096FE0020E7F715FF2046BE
:109A000010F089FD21462068FFF7BCFF0120E7F731
:109A10000BFFFF224FF470212046E7F70BFF204693
:109A200000F03BFFE6F75CFC024638B12046FFF74A
:109A3000D3FF18B121461046FFF7E9F9204602F09E
:109A4000C5FC054668B12246272100F028FC2246C5
:109A50002846282100F023FC2046BDE8384001F0CC
:109A600095B838BD30B585B01C2204460D4601F0CE
:109A7000F2FF29460246204602F023F80346002062
:109A8000DAB262F30700C3F3072262F30F20C3F3D5
:109A9000074363F3174005B030BD30B585B0582299
:109AA00004460D4601F0D7FF29460246204602F043
:109AB00008F803460020DAB262F30700C3F3072276
:109AC00062F30F20C3F3074363F3174005B030BDC3
:109AD000F0B587B0C2E9000106460D46144602F013
:109AE00022F9074675B102280CD8002384F82030EB
:109AF00084F83B3084F8483084F8583084F86C306F
:109B000007B0F0BD0C222946304601F0A4FF94F8BE
:109B100020300590E0615BB31D222946304601F0FC
:109B20009AFF0590C0B2022884F8200020D9294667
:109B30003046FFF797FFC0F3072384F82100C0F3F6
:109B40000740294684F823002622304684F8223034
:109B500001F081FF01460590002800F00781C37ADB
:109B60005A0700F003810C2204F1240010F077F86A
:109B700094F8483073B330222946304601F06BFF29
:109B80000590606430B332222946304601F063FF0D
:109B90000590C0B2022884F848001BD93422294617
:109BA000304601F058FF94F84930312260F3040345
:109BB00084F8493029460590304601F04CFF29468B
:109BC0000246304601F07DFFC0F307430590E08771
:109BD00084F8403094F8583053B338222946304640
:109BE00001F039FF0590206510B33A22294630462E
:109BF00001F031FF0590C0B2022884F8580017D94F
:109C00003B222946304601F026FF3922294605909D
:109C10006065304601F01FFF29460246304601F0DC
:109C200050FFC0F307430590A4F84A0084F84C3075
:109C300094F83B306BB328222946304601F00BFFE5
:109C40000590206328B329222946304601F003FFFE
:109C50000590C0B2022884F83B001AD9206B03F0AB
:109C600095FA022840F0D5805A222946304601F064
:109C7000F2FE2946059060633046FFF70EFFC0F301
:109C8000072384F83800C0F3074084F8393084F89B
:109C90003A0094F86C30002B41D03C2229463046E3
:109CA00001F0D9FE0590E065002838D094F86C30BA
:109CB000022B34D93E222946304601F0CCFE0590D5
:109CC000C0B2022884F86C0029D9402229463046C7
:109CD00001F0C1FE4122294605902066304601F080
:109CE000BAFE4222294605906066304601F0B3FE76
:109CF0003D2229460590A066304601F0ACFE29467B
:109D000002460590304601F0DCFEC0F30722C0F3A6
:109D1000074384F8590084F85A2084F85B30FC2FFC
:109D20003FF6EEAE94F8203013FB07F31B1284F8D5
:109D3000203094F83B3013FB07F31B1284F83B30C0
:109D400094F8483013FB07F31B1284F8483094F85A
:109D50006C3013FB07F31B1284F86C3094F8583006
:109D600013FB07F31B1284F85830C9E6202229465A
:109D7000304601F070FE94F82F30059060F3020336
:109D800084F82F305B073FF4F3AE29463046FFF7E7
:109D900069FEC0F3072384F82400C0F3074084F869
:109DA00025302322294684F82600304601F053FE50
:109DB00029460246304601F084FEC0F30743C0F353
:109DC000072284F82B302946059084F8290084F86E
:109DD0002A203046212201F03EFE2222294605900B
:109DE00084F82800304601F036FE242229460590EA
:109DF00084F82D00304601F02EFE2522059084F8CF
:109E000027002946304601F026FE059084F82C00F4
:109E1000AEE62A222946304601F01DFE29460246BA
:109E2000304601F04EFEC0F307432B222946059031
:109E3000208784F83A30304601F00DFE2C22059040
:109E400084F83C002946304601F005FE05900038B4
:109E500018BF012084F83D001BE773B51446C2E922
:109E60000001592206460D4601F0F5FD0190C0B2F1
:109E7000022884F8480053D92946304601F053FFA0
:109E8000FC289FBF94F8483013FB00F0001284F8C0
:109E9000480094F84830022B42D929463046FFF753
:109EA000FCFDC0F3072384F82C00C0F3074084F8BE
:109EB0002D305B22294684F82E00304601F0CBFD80
:109EC0005C2229460190E063304601F0C4FD5D222A
:109ED0000190A0632946304601F0BDFD94F84C3056
:109EE000019060F3020384F84C305DB1672229468B
:109EF000304601F0B0FD94F84C30019060F3C5039A
:109F000084F84C305A222946304601F0A4FD5E22E6
:109F1000019020622946304601F09DFD84F84A00F8
:109F200002B070BDF7B51446C2E9000144220546EF
:109F30000E4601F090FD0190C0B2022884F84C005A
:109F40004BD93146284601F0EEFEFC289FBF94F81D
:109F50004C3013FB00F0001284F84C0094F84C30A5
:109F6000022B3AD94FF48073002205F11407C4E99B
:109F70000B23636338460DF0B9FE00EBD070401040
:109F8000206438460DF0B7FE00EBD070401046223A
:109F900031466064284601F05EFD4522314601905D
:109FA00084F84B00284601F056FD3146024628460B
:109FB00001F087FDC0F307430190A4F8480084F83E
:109FC0004A3056B167223146284601F044FD94F8E4
:109FD0004D3060F3030384F84D3003B0F0BD73B52A
:109FE0001446C2E900014D2206460D4601F033FD3C
:109FF0000190C0B2022884F83C0055D92946304669
:10A0000001F091FEFC289FBF94F83C3013FB00F058
:10A01000001284F83C0094F83C30022B44D94822CA
:10A020002946304601F017FD0190206300283BD0FF
:10A030004C222946304601F00EFD294602463046A4
:10A0400001F03FFDC0F307430190A0854922294656
:10A05000304684F82E3001F0FEFC0190606330B190
:10A060004A222946304601F0F6FC0190A0634B22BB
:10A070002946304601F0EFFC0190003818BF01205E
:10A0800094F83D3060F3820360F3C30384F83D30FD
:10A0900055B167222946304601F0DDFC94F83D3089
:10A0A00060F3010384F83D3002B070BD73B514460F
:10A0B000C2E90001502205460E4601F0CCFC019099
:10A0C0002062002840D053223146284601F0C3FCCC
:10A0D0000190C0B2022884F83C0035D931462846A8
:10A0E00001F021FEFC289FBF94F83C3013FB00F0E8
:10A0F000001284F83C0094F83C30022B24D9522200
:10A100003146284601F0A7FC314602460190284618
:10A1100001F0D7FCC0F30743A377542231460090E7
:10A12000A083284601F097FC51220090A06331469D
:10A13000284601F090FC003818BF012094F83D300B
:10A1400060F3000384F83D3002B070BDF7B53C22E7
:10A1500005460E4601F07FFC0446019080BB0024BA
:10A1600038223146284601F076FC0746019090B12E
:10A170003A223146284601F06EFC0190C0B2022816
:10A1800009D93B223146284601F065FC0744BC4210
:10A19000B8BF3C46019031466822284601F05BFC7E
:10A1A0006922074601903146284601F054FCB84226
:10A1B000B8BF38460028C8BF2418204603B0F0BDF9
:10A1C0003E223146284601F046FC0190C0B20228EA
:10A1D000C5D942223146284601F03DFC04EBD47437
:10A1E000641001344022314601900444284601F0B5
:10A1F00032FC4122074601903146284601F02BFCF3
:10A2000000280190B8BF4042002FB8BF7F42B8423B
:10A21000ACBF2418E41924EAE474A1E7806800B113
:10A22000406A704737B50446FFF7F8FF002301AADC
:10A23000054618212046019300F031F8A268019BE1
:10A2400042B15362019BAB4202D0204600F09EFC1B
:10A2500003B030BD002BF5D02046FFF77CFBA36890
:10A26000019A5A62EEE7806818B190F82B00C0F3AB
:10A270008100704710B50C4668B90B68186860B16A
:10A28000C36843B100222146E2609847207EC04364
:10A2900000F0010002E00068F1E7012010BD10B5F8
:10A2A00088B0C8B10023CDE904329DF81C30CDE957
:10A2B000010023F0070301A8ADF80C108DF81C3045
:10A2C000EEF7A0F801A8E6F7A7F8044601A8EEF714
:10A2D000A1F8204608B010BD0124FAE72DE9F041AD
:10A2E00007460C4615461E46FFF735FBB868334651
:10A2F0002A462146BDE8F04108300DF0A6BF00B95E
:10A30000FEE7806810B108300DF0BDBF704700B99E
:10A31000FEE7806810B108300DF0B9BF704700B992
:10A32000FEE7806810B108300DF0B9BF7047F8B58E
:10A330000F46054600B9FEE7FFF7E1FF0024064699
:10A34000B44201D100200BE021462846FFF7DFFF91
:10A350000368BB4205D121462846FFF7E0FF0120F4
:10A36000F8BD0134ECE72DE9F0410F469046054673
:10A3700000B9FEE7FFF7C3FF0026441E002C02DAF7
:10A380003046BDE8F08121462846FFF7C0FF50B1B6
:10A390000368BB4207D14368434504D121462846A0
:10A3A000FFF7BDFF0136013CE8E703895A1E082A82
:10A3B00009D90B3B9BB20B2B07D840F6EF4222FA90
:10A3C00003F3DB0701D50DF09CBF00207047038924
:10A3D000193B9BB2052B01D80DF093BF00207047AD
:10A3E00008B503890E2B01D0002008BD0DF089FFB0
:10A3F0000028F9D00068F8E708B503890F2B01D0D1
:10A40000002008BD0DF07DFF0028F9D00068F8E7B6
:10A4100010B503890C46182B06D10DF072FF0368A6
:10A42000A342ACBF0360046010BD07B52722002122
:10A4300001F011FBC0B203B05DF804FB73B512224A
:10A440000021064601F007FB30220446019000215E
:10A45000304601F000FB34220546019000213046D1
:10A4600001F0F9FA430748BF6419204602B070BDF5
:10A470002DE9F04F8BB00591924600216E220446E3
:10A480001D4601F0E8FA6C2200210890064683463A
:10A49000204601F0E0FA6D22012807460890814627
:10A4A0004FF000012046B8BF012701F0D4FA01287F
:10A4B00080460890B8BF4FF001082EB9B9F5807FEB
:10A4C00002D1B0F5807F6AD06F220021204601F0D2
:10A4D000C2FA702208900021204601F0BCFA089BC5
:10A4E000099003F0C042B2F1005F19D16FF06042F1
:10A4F00023F0C049914513D0B9F1805FA4BFC9F1E1
:10A500007F6909F57F2904F11400A8BF09F6FF79D6
:10A510000DF0ECFB642309FB00F090FBF3F00890D6
:10A52000099B03F0C042B2F1005F19D16FF06042A5
:10A5300023F0C049914513D0B9F1805FA4BFC9F1A0
:10A540007F6909F57F2904F11400A8BF09F6FF7996
:10A550000DF0D1FB642309FB00F090FBF3F00990B0
:10A560006269089B13440893A269099B13440993E9
:10A570004DB14FF6FF73FA184344B2FBF7F7B3FB44
:10A58000F8F8C6F1000B08AB85F00105CDE90083B2
:10A590005A463B465146059802950DF0D5FA0BB048
:10A5A000BDE8F08F73B511220021064601F053FA81
:10A5B0003022044601900021304601F04CFA34224A
:10A5C000054601900021304601F045FAC30748BF17
:10A5D0006419204602B070BD73B5102200210646F2
:10A5E00001F039FA3022044601900021304601F092
:10A5F00032FA3422054601900021304601F02BFA50
:10A60000830748BF6419204602B070BD73B513229A
:10A610000021064601F01FFA302204460190002175
:10A62000304601F018FA34220546019000213046E8
:10A6300001F011FA030748BF6419204602B070BD4B
:10A6400037B500230C4601AA0821054601F019FA86
:10A65000012804D1019BA34203D103B030BD0028DF
:10A66000FBD100222146284601F0FDFDF5E737B574
:10A6700000230C4601AA0921054601F002FA01282F
:10A6800004D1019BA34203D103B030BD0028FBD10C
:10A6900000222146284601F0EDFDF5E738B50446D5
:10A6A0001546FFF7CDFF29462046BDE83840FFF7A5
:10A6B000DEBF37B500230C4601AA0121054601F093
:10A6C000E0F9012804D1019BA34203D103B030BDBE
:10A6D0000028FBD100222146284601F0AFFDF5E716
:10A6E00037B500230C4601AA0221054601F0C9F93D
:10A6F000012804D1019BA34203D103B030BD00283F
:10A70000FBD100222146284601F0A6FDF5E738B529
:10A7100004461546FFF7CDFF29462046BDE83840E0
:10A72000FFF7DEBF08B590F82A2042F0010280F85A
:10A730002A2001F043FE90F82A2042F0040280F81B
:10A740002A20E7F70DFBBDE808400022352102F082
:10A75000A8BA10B50446002289B201F0EFFD2046E8
:10A76000BDE81040FFF7DEBF70B5044615461E4633
:10A77000002201F086FD324629462046BDE87040A1
:10A78000FFF78CBF43690B6083694B60C3698B60C3
:10A79000036ACB60704738B5044601F017FE646960
:10A7A000054648B14269A41A00F0F7FB0444284664
:10A7B000FFF744FE201A38BD2046FCE738B50446B2
:10A7C00001F004FEA469054648B18269A41A00F0AC
:10A7D000E9FB04442846FFF7FFFE201A38BD204657
:10A7E000FCE738B50546FFF7E9FF044605F114001C
:10A7F0000DF081FA204438BD07B50922002101F08F
:10A800002AF903B05DF804FB14300DF06FBA143070
:10A810000DF071BA70B50446FFF710FE06462046EB
:10A82000FFF7F4FE054604F114000DF05FFA801BFB
:10A83000401B70BD70B50446FFF7CEFE06462046AD
:10A84000FFF7B0FE054604F114000DF054FA801B2A
:10A85000401B70BD38B543690C460B6083690546E3
:10A860004B60C3698B60036ACB60FFF7E7FD236829
:10A87000034423602846FFF7C9FEA3681B1AA360A0
:10A880002846FFF7A9FE6368034463602846FFF784
:10A8900089FEE3681B1AE36038BD37B50122002149
:10A8A000044601F0D8F80222054601900021204616
:10A8B00001F0D1F86FF040439D42019001D09842E1
:10A8C00005D12046FFF72EFF012003B030BD002048
:10A8D000FBE72DE9F04781460D4616469A4601F002
:10A8E000ABFD00278046474501D1BDE8F087D9F888
:10A8F00008301B6853F82740BAF1000F13D1636981
:10A9000032462B446361A36929463344A361E3695A
:10A9100020462B44E361236A334423620023FFF77C
:10A92000D8FF0137DFE74FF480212046FEF7DFFD37
:10A930000028E4D0F5E72DE9F04704460D46164619
:10A940001F4603F0010903F0020A6CB32046FFF72B
:10A950008AFC0AF0FF038046BAF1000F15D0B9F166
:10A96000000F07D0204601F031FD3B463246294614
:10A97000FFF7E1FFB8F1020F16D132462946204613
:10A98000BDE8F0470123FFF773BD022804D132462A
:10A9900029462046FFF76CFDB9F1000F04D0204690
:10A9A00001F014FD0446D0E7BDE8F087134601220C
:10A9B000FFF7C1BF70B588B00C4609686668A56826
:10A9C000CDE901610091E16801350131CDE9065120
:10A9D0001346039104226946CDE90456FFF7ABFF05
:10A9E000069B049D1A46AB42A8BF2A4602980099CE
:10A9F0008242A8BF02468A42D4BF22602160AB4295
:10AA0000B8BF2B468342B8BF0346059D8B42ACBFFF
:10AA1000A360A160079B0398AB421A46A8BF2A46D1
:10AA20008242A8BF024601998A42D4BF6260616037
:10AA3000AB42B8BF2B468342B8BF03468B42ACBF84
:10AA4000E360E16008B070BDF0B589B00D4601214A
:10AA50000446FEF74CFD002869D1204601F0AEFC0B
:10AA60000646E7F77DF90746E8F76EF886424AD1D1
:10AA70002046FFF7D3FB636902460093A3690146B2
:10AA80000193E36968460293236A03930CF0CDFDBA
:10AA90006A46294628460CF0E2FD0646002846D0C4
:10AAA000204601222946FFF785FF204601F08EFC53
:10AAB000044604AFE4B301212046FEF718FDB0BB05
:10AAC00004F114030FCB87E80F004FF480112046E8
:10AAD000FEF70DFD38B12046FFF7A0FB0246014608
:10AAE00038460CF0A2FD012239462046FFF762FFEE
:10AAF0003A46294628460CF0B2FDC0B1204601F086
:10AB000065FC0446D6E73846E8F728F88642AFD019
:10AB10003846E8F741F88642AAD03846E8F728F8E0
:10AB20008642A5D03846E8F72DF88642A0D0002608
:10AB3000304609B0F0BD30B585B00C460546E7F7A4
:10AB40000FF9E8F7D1FAF8B1236869460093636812
:10AB500028460193A3680293E3680393FFF774FF09
:10AB600090B1AB6853B193F82B3003F00C03082B72
:10AB700004D10522684611460CF057FD2846E7F738
:10AB8000EFF8694601F01CFF05B030BD30B585B067
:10AB90000446FFF743FBD4E90623256A6169121ACC
:10ABA0000344091A28440091039069462046019203
:10ABB0000293FFF7C0FF05B030BD2DE9F04389B027
:10ABC000456804460E4617469DB14FF48021FEF7B6
:10ABD0008EFCD5F81490002847D0AB69B1441F44CF
:10ABE0002846FFF72BFC09EB00062846FFF7F4FC8C
:10ABF00007446369F61AA369FF1A56EA070331D0BE
:10AC00002046FFF7C3FF63690093A3690193E369DB
:10AC10000293236A03936DB1284604A9FFF71AFE35
:10AC20000022684604A90CF0D6FD804620B92846CB
:10AC300000F087FD4FF0000863693A4633446361D2
:10AC4000A36931463B44A361E36920463344E36191
:10AC5000236A3B4423620023FFF73BFE9DB9204655
:10AC6000FFF794FF09B0BDE8F083284600F095F99E
:10AC7000A9EB00092846B144AE6900F093F9A6EBB0
:10AC800000084744ACE7224627212846FFF707FB88
:10AC90002046FFF77BFF002204A904F114000CF00A
:10ACA0009AFDB8F1000F01D10028DBD0284600F052
:10ACB00048FDD7E730B585B00446FFF7AFFAD4E9D1
:10ACC0000623256A6169121A0344091A284400916F
:10ACD00003906946204601920293FFF7B5FE05B046
:10ACE00030BD38B505460C46FEF735FEAB681C6234
:10ACF00038BD03465A6908460A609A694A60DA69AB
:10AD00008A601A6A9B68CA601BB11A6A11460CF005
:10AD10008CBC704730B50446084601F0C041B1F123
:10AD2000005F12D16FF0604520F0C041A9420CD005
:10AD30006420B1F1805FA2BFC1F17F6101F57F2185
:10AD400001F6FF71594391FBF0F002F0C041B1F1FF
:10AD5000005F12D16FF0604522F0C041A9420CD0D3
:10AD60006422B1F1805FA2BFC1F17F6101F57F2153
:10AD700001F6FF71594391FBF2F2A242A8BF2246AD
:10AD80009042B8BF104630BD70B5044601F054FB88
:10AD900000250646B5421FD194F82A30D9070DD5B3
:10ADA0006FF30003204684F82A30E5F7C9FC2046FB
:10ADB000E5F7BAFB15B12046ECF79CFC94F82A3075
:10ADC0009A0711D56FF34103204684F82A300021F9
:10ADD000BDE8704000F0D6BCA3681B6853F825009E
:10ADE000FFF7D2FF0135D5E770BD07B5272200F088
:10ADF00032FEC0B203B05DF804FB90F854305B073C
:10AE000004D500220B210068FFF749BA704773B5DB
:10AE100012220021064600F01EFE30220446019058
:10AE20000021304600F017FE342205460190002133
:10AE3000304600F010FE430748BF6419204602B0B8
:10AE400070BD73B511220021064600F004FE3022C9
:10AE5000044601900021304600F0FDFD34220546F5
:10AE600001900021304600F0F6FDC30748BF641989
:10AE7000204602B070BD73B510220021064600F0D6
:10AE8000EAFD3022044601900021304600F0E3FD47
:10AE90003422054601900021304600F0DCFD830796
:10AEA00048BF6419204602B070BD73B5132200215B
:10AEB000064600F0D0FD30220446019000213046C5
:10AEC00000F0C9FD3422054601900021304600F013
:10AED000C2FD030748BF6419204602B070BD38B5F3
:10AEE00004460D46FEF737FDA26892F82A3003F0BB
:10AEF0000301A94208D065F30103204682F82A30F5
:10AF0000BDE83840FFF742BE38BD38B505460C46AF
:10AF1000FEF721FDAA68538DC3F38311A1421CBF24
:10AF200064F38913538538BD38B505460C46FEF7E2
:10AF300012FDAB6893F82A2064F3830283F82A2079
:10AF400038BD38B505460C46FEF705FDAB6893F8ED
:10AF50002A2064F3051283F82A2038BD836823B1C0
:10AF600093F82A0000F003007047032070478368BD
:10AF70001BB1588DC0F3831070470F207047806855
:10AF800018B190F82A00C0F381007047806818B1AA
:10AF900090F82A00C0F301107047806808B18069FA
:10AFA00040427047806808B1C06940427047FFF76F
:10AFB000F9BF70B551EA020304460D46164618D093
:10AFC000FEF7C9FCA36829469A6920462A449A617B
:10AFD000DA693244DA6101233246FFF77AFC002253
:10AFE0000C212046FFF75BF9012803D12046FFF72B
:10AFF000CDFD012070BD08B50346FFF7D3FF421811
:10B000001846BDE808400021FFF7D3BF08B5034646
:10B01000FFF7C3FF002201441846BDE80840FFF7D0
:10B02000C8BF2DE9F047984651EA02030546894614
:10B03000924651D0E5F748FE2846FFF7AEFF0021C3
:10B040000746A9EB00092846FFF7CFFE01282ED0BE
:10B05000B9F1000F3CDA2846E6F7B0F80446284676
:10B06000E6F704F9204420EAE07044424C45B8BFBA
:10B070004C462846FFF796FFBAEB000A814629D5D1
:10B080002846E6F74FF809EB000626EAE676764210
:10B090005645B8BF5646391909EB060251EA020374
:10B0A0001AD043462846BDE8F047E6F755B9B9F14E
:10B0B000000F0DDD2846E6F781F804462846E6F73E
:10B0C000D5F8044424EAE4744C45A8BF4C46D0E7C4
:10B0D0000024CEE70026DEE7BDE8F08770B5054620
:10B0E00016461C461A46E6F7C7F922463146284658
:10B0F000BDE87040E6F7D4B973B504460E46E5F7EF
:10B10000E3FD00232046CDE9003301F05FF9054659
:10B11000214614340DB902B070BD33466A4620464C
:10B12000E6F7D2F9284601F051F929460546F1E73C
:10B130002DE9F04F91B04FF0FF360D461746002233
:10B14000044611463346284600960CF054FA002275
:10B1500033461146384600960CF04DFA1021204631
:10B16000FEF7C5F98046C0B32046FFF7F7FE8346D9
:10B1700098B30020EBF7ACF8BBF1020F824629D060
:10B180002046FFF70FFF81462046E5F7CBFF0B90E7
:10B190002046E6F713F807902046E6F767F8049094
:10B1A0002046FFF7E4FE10F00C0F00F003061FD15D
:10B1B0009EB1BBF1010F40F0058146464FF00008FB
:10B1C00032E050460BF09BFC8442D9D05046EBF75E
:10B1D0007FF88246BAF1000FF3D111B0BDE8F08FCD
:10B1E000002EFAD050460BF07DFC0328F5D1E4E7A1
:10B1F000BBF1010FF6B200F0D880BBF1030F40F0B5
:10B20000C080B9F1000F0BDC0B9B002B08DC002E7B
:10B21000E3D0079B002BD0DC049B002BCDDCDCE7CC
:10B22000002E40F0C68000264FF480312046FFF704
:10B23000DCFD10224FF480310890204600F00BFC1A
:10B2400011224FF4803105900F90204600F003FC4E
:10B2500012224FF4803106900F90204600F0FBFB45
:10B2600013224FF480310F908246204600F0F3FB0A
:10B2700001224FF480310F908346204600F0EBFB13
:10B2800003900F902046FFF7C2FA09902046FFF77F
:10B29000BBFAB8F1000F039B08BF0023002E0293F6
:10B2A000039B08BF00230A901D224FF480312046E3
:10B2B0000C9300F0D0FB0F90C0B2012840F28D80BB
:10B2C000B8F1000F40F09580002E86D00A9B079EB3
:10B2D0001E44049BF61880D0236A069A00209B1A0D
:10B2E000039AEB609B1A01336B6063694FF00A09A4
:10B2F0002B60E369AB600A9BA3EB0A07029BA7EBF9
:10B300000B07FF1A0A9B07FB03F8E7F7EDFB09FBA6
:10B3100000F0EF2898FBF6F840F35B810020E7F798
:10B32000E3FBA02309FB00F0503090FBF3F08045D5
:10B3300013DC0020E7F7D8FB4FF00A0808FB00F009
:10B34000EF2840F348810020E7F7CEFBA02308FB5D
:10B3500000F808F1500898FBF3F80A9B6269F61AA6
:10B36000002E00F34281089B5244012BE36940F018
:10B3700035810299A3EB0B0311444A1E2A60AB608E
:10B380002BE7BBF1020F7FF428AF50460BF0AAFB6E
:10B390000C287FF425AF002E3FF445AF50460BF04C
:10B3A000A1FBC31E5E425E413EE7003E18BF012680
:10B3B0003AE7079B002B0EDC049B002BD4BF002632
:10B3C000012631E7BBF1030F3FF423AFBBF1020FBE
:10B3D0007FF403AF06E7464626E732224FF480317A
:10B3E000204600F038FB0F90C0B201283FF668AF4E
:10B3F000F3E6099B99440B9B19EB03093FF464AFF7
:10B40000A3697B60236AFB60089B012B4CD16369B5
:10B41000039A53443B601344013BBB60099B059A6C
:10B420000020A3EB0208069BA8EB03080C9BA8EBEB
:10B430000308099B08FB03F393FBF9F30D93E7F76C
:10B4400053FB0A225043EF280D9B36DD0020E7F71F
:10B450004BFB0A225043A022503090FBF2F00D9B90
:10B4600083420FDC0020E7F73FFB0A235843EF2815
:10B4700025DD0020E7F738FB0A23A02243435033A1
:10B4800093FBF2F3099AA169A9EB0209B9F1000F44
:10B4900017DC059B069A0B447B60236A9B1A0C9A67
:10B4A0009B1A013BFB600FE7E369039AA3EB0B03D5
:10B4B000BB609B1A01333B60B0E70120D0E701235A
:10B4C000E0E70B9AA8EB030808FB02F292FBF9F9FC
:10B4D000A8EB090808EB0102059951180B44013B40
:10B4E0007960FB60A3699A422FDA059A00201A441A
:10B4F0007A6090464FF00A09E7F7F6FA09FB00F088
:10B50000EF285EDD0020E7F7EFFAA02309FB00F04B
:10B51000503090FBF3F0FB688044984515DD002027
:10B520004FF00A09D7F80480E7F7DEFA09FB00F0CC
:10B53000EF2848DD0020E7F7D7FAA02309FB00F049
:10B54000503090FBF3F04044F8600C9A236A9B1A49
:10B55000069AA3EB0208FB6843457FF7B5AE0020CF
:10B56000C7F80C80E7F7C0FA4FF00A0909FB00F0B2
:10B57000EF282ADD0020E7F7B7FAA02309FB00F047
:10B58000503090FBF3F07B68A8EB00089845BFF6BD
:10B590009BAE00204FF00A09D7F80C80E7F7A4FA19
:10B5A00009FB00F0EF2812DD0020E7F79DFAA02349
:10B5B00009FB00F0503090FBF3F0A8EB000078603E
:10B5C00082E60120A7E70120BDE70120DBE701209B
:10B5D000F3E70120ABE64FF00108BEE62A60029ACD
:10B5E000A3EB0B039B1A013BC9E6049BA7EB0807DF
:10B5F0007B4393FBF6F6BF1B1744089A0AEB07033D
:10B60000012A63D1029A13442B6066694344013BCB
:10B61000BE42AB6027DD5644164400202E60E7F79B
:10B6200063FA0A277843EF284CDD0020E7F75CFA3D
:10B63000A0237843503090FBF3F0AB6806449E4261
:10B6400011DD00200A272E68E7F74EFA7843EF282D
:10B650003ADD0020E7F748FAA0237843503090FB0A
:10B66000F3F00644AE60E469AB68A4EB0B04A342BC
:10B670007FF7B3AD0020AC60E7F736FA0A267043D7
:10B68000EF285ADD0020E7F72FFAA023704350304F
:10B6900090FBF3F02B68241A9C42BFF69EAD00206D
:10B6A0000A26AC68E7F720FA7043EF2847DD002050
:10B6B000E7F71AFAA0237043503090FBF3F0241AF6
:10B6C0002C608AE50898B8E70120CAE72B60666914
:10B6D000984408F1FF33BE42AB6026DD564400209B
:10B6E0002E60E7F701FA0A277843EF2821DD0020D2
:10B6F000E7F7FAF9A0237843503090FBF3F0AB68FA
:10B7000006449E4211DD00200A272E68E7F7ECF977
:10B710007843EF280FDD0020E7F7E6F9A023784310
:10B72000503090FBF3F00644AE60E469029BE41AEB
:10B730009AE70120E3E70120F5E70120AAE70120CD
:10B74000BDE710B588B0694604AA0446FFF7F0FCCF
:10B7500068460BF060FF18B904A80BF05CFF78B1E5
:10B7600068460BF058FF18B169462046FFF7E3F929
:10B7700004A80BF050FF18B1204604A9FFF7DBF92D
:10B7800008B010BD2DE9F0410446FFF7FFFB8846E5
:10B79000064698B92046FFF705FC07462046E5F720
:10B7A000C1FC051E0ADA002F08DD6A42BA42434690
:10B7B000A8BF3A4631462046E5F7CEFD2046FFF7C2
:10B7C000DEFB074620BB2046E5F7F8FC0646204690
:10B7D000E5F74CFD394605462046FFF706FB0128F4
:10B7E0000ED0002D14DA002E12DD6942B14243461C
:10B7F0003A46A8BF31462046BDE8F041E5F7ACBD6A
:10B80000002E05DA002D03DD43463A463146F2E7C5
:10B81000BDE8F08170B5047A0368FF2C0ED00020DB
:10B8200003EB840584420ED800200BE0884203F12C
:10B83000080303D163680120136003E018781C46F5
:10B840000028F3D170BD15F8016B8E4202D153F878
:10B850002030F0E70130E5E72DE9F74F0E461146BD
:10B860001A468B081F2B28BF1F234FF001090746DC
:10B87000002490F82A5009FA03F906F47F0A05F02B
:10B8800008057B8DC3F3051BA34505D84FF0FF3595
:10B89000681C18BF01201CE0F8684FEAC40C00EBDC
:10B8A000C40393F807E01EF0020F15D00DB1013468
:10B8B000E7E75B6803F47F035345F8D150F80C00C9
:10B8C000436819EA030FF2D0FFF7A4FF0128EED175
:10B8D000012003B0BDE8F08FB6B2F3434FF0FF355F
:10B8E0009BB20193A345D3D9FB6853F8340003EB13
:10B8F000C40C436819EA030F07D0DCF80430C3F323
:10B90000170C03F47F039A4503D0A846454601343B
:10B91000E8E7019B1FFA8CF81CEA030FF5D1A84554
:10B92000F3DDFFF777FF0128EFD14645EED1CFE7F2
:10B93000F8B5074600F080FD00240646B44200D169
:10B94000F8BDBB681B6853F8245001342846FFF744
:10B950001DF900222F212846FEF7A1FC2846FFF7FB
:10B9600015F92846FFF7E4FFE8E7F8B5002204469A
:10B970000D46438DC3F3051393420BD815D1628D49
:10B98000013303F03F0363F30912628502F47C7212
:10B990008AB9FEE7E16801EBC201C879800708D5E2
:10B9A0004968C1F31701A94203D1E06800EBC20066
:10B9B000F8BD0132E0E7D900E068EDF7C1FC0646CA
:10B9C000638DE060C3F30513A0F10807013B17D1B5
:10B9D0001946082230460EF037FA0C20E668EDF7DB
:10B9E0008BFCE368306018680DF0DEF9E068C3791D
:10B9F00043F00203C371436865F317034360D7E75D
:10BA000006EBC30207EBC30103C982E80300DDE7CD
:10BA100070B5037A0446FF2B05681AD0002605EBA3
:10BA20008305237A9E4212D215F8010BECF752FEE1
:10BA3000830605D40136F4E7ECF74CFE820601D507
:10BA4000012070BD013415F834000028F4D1002025
:10BA5000F7E70024F7E737B5144600B9FEE70023FF
:10BA6000058D009329436B46E5F74CFE012805D070
:10BA7000204603B0BDE83040ECF7D6BD009803B0D7
:10BA800030BDF0B50024458DC5F30515A54201D89C
:10BA90000020F0BDC7684FEAC40C07EBC40696F857
:10BAA00007E01EF0010F0AD07668C6F317069E4223
:10BAB00005D157F80C00BDE8F0400DF009BA01348B
:10BAC000E4E77FB50E4605460192F0B16122FFF72B
:10BAD000C2FF04460390C0B10368B3B1622231468D
:10BAE0002846FFF7B8FF10F0FF0203900DD023683F
:10BAF000204601999847C0F307238DF80400C0F34E
:10BB000007408DF805308DF80600019804B070BD2F
:10BB10002DE9F743002507462E466FEA01086FEA34
:10BB200002097B8DC3F30513AB4240F28780FB68AB
:10BB3000E90003EBC502D07984077CD4928818EA27
:10BB4000020F0CBF0120002019EA020F0CBF0122D6
:10BB5000002290426FD05C5801AA102120460DF0BF
:10BB6000B7F9002869D11121204601AA0DF0B0F9DA
:10BB7000002862D11221204601AA0DF0A9F900285F
:10BB80005BD11321204601AA0DF0A2F9002854D15F
:10BB90001521204601AA0DF09BF900284DD1142152
:10BBA000204601AA0DF094F9002846D1162120461E
:10BBB00001AA0DF08DF900283FD16A21204601AA83
:10BBC0000DF086F9002838D16B21204601AA0DF02E
:10BBD0007FF990BB0121204601AA0DF079F960BBE5
:10BBE0000221204601AA0DF073F930BB0421204642
:10BBF00001AA0DF06DF900BB0521204601AA0DF048
:10BC000067F9D0B90621204601AA0DF061F9A0B963
:10BC10000721204601AA0DF05BF970B930212046BA
:10BC200001AA0DF055F940B96821204601AA0DF08E
:10BC30004FF938B10226013573E70326304603B0C9
:10BC4000BDE8F0836921204601AA0DF041F90028E2
:10BC5000F0D16E21204601AA0DF03AF90028E9D171
:10BC60006C21204601AA0DF033F90028E2D16D21A4
:10BC7000204601AA0DF02CF90028DBD13A212046FC
:10BC800001AA0DF025F90028D4D13B21204601AAB4
:10BC90000DF01EF90028CDD13821204601AA0DF063
:10BCA00017F90028C6D13C21204601AA0DF010F951
:10BCB0000028BFD13E21204601AA0DF009F9002835
:10BCC000B8D14021204601AA0DF002F90028B1D1D7
:10BCD0004121204601AA0DF0FBF80028AAD14221FB
:10BCE000204601AA0DF0F4F80028A3D148212046EF
:10BCF00001AA0DF0EDF800289CD1012E38BF0126D5
:10BD000099E773B55E2205460E46FFF7A4FE27228B
:10BD1000C4B231462846FFF79EFE012C204638BFAC
:10BD2000012002B070BD73B55F2205460E46FFF7D5
:10BD300092FEC4B2022C019003D80024204602B027
:10BD400070BDFC2C96BFC4EB0424FF24C4F307246D
:10BD50001EB9284600F03AFB05462DB9022CECD955
:10BD6000FD2C28BFFF24E9E75F2200212846FFF7CA
:10BD700072FE0190C0B20228DFD9FC289CBF444368
:10BD8000C4F30724E5E737B56E2200210446FFF728
:10BD900062FE0546019020B1A368002B4ED102251A
:10BDA0002EE001466C222046FFF755FEB0F5807F5D
:10BDB0000190F1D16D2229462046FFF74CFEB0F5E7
:10BDC000807F0190E8D1294671222046FFF743FE8B
:10BDD000014601900028DFD172222046FFF73BFE8A
:10BDE000054601900028D7D1014660222046FFF782
:10BDF00032FE0190C0B2FF280BD0A36833BB0125EF
:10BE00002046FDF7A8FDA36893F82B2065F3830275
:10BE100019E0294673222046FFF71DFE01460190D6
:10BE20000028EAD167222046FFF715FE019010F0A6
:10BE3000FF00A368E2D113B903B030BD022093F82C
:10BE40002B2060F3830283F82B20F5E70120F6E72F
:10BE50002DE9F84F04460F461FFA82F902F47F05D8
:10BE600011B30E7A1DB90846FFF7D2FDC0B9003EE6
:10BE700018BF01267642F6B200224FF6FF7A9046AE
:10BE8000638DC3F30513434510D8002A69D0002EF3
:10BE900067D029462046BDE8F84FFF22E5F7CABC27
:10BEA0002046FEF773FEE2E7FF26E5E7E068D145AE
:10BEB00000EBC8014B684FEAC80BC3F3170303D06C
:10BEC0001FFA83FCCC450BD1B5F5702F03D003F4DA
:10BED0007F039D4204D137B150F80B30BB4202D0F2
:10BEE00008F10108CCE7CB79990705D50023FF229B
:10BEF00029462046E5F742FCE36803EB0B02D279C2
:10BF000092070DD053F80B0008B10CF051FFE36815
:10BF100053F80B00EDF70AFA0022E36843F80B2010
:10BF2000638D4246C3F30513D4F80CC003F1FF3B05
:10BF300006E001320CEBC20E9EE803000EE903009E
:10BF40009345F6D803F13F01638D01F03F0161F3A2
:10BF5000091360466385C900EDF7F2F90122E0603C
:10BF60008EE7BDE8F88F2DE9F041438D044603F4D8
:10BF70007C73B3F57C7F0E46154600D1FEE70023A7
:10BF8000FF222946E5F7FAFB4EB115F47F0F06D1E3
:10BF90003046FFF73DFD10B12046FEF7F7FD0027C4
:10BFA0002A4631462046FFF753FF638DC3F305133E
:10BFB000BB4205D9E26802EBC702D27992070AD1E7
:10BFC000628D013303F03F0363F30912628502F4CB
:10BFD0007C7212B9FEE70137EAE7E068D900EDF7B5
:10BFE000AFF98446E06000B9FEE7638DA0F1080E6A
:10BFF000C3F30513013B9F4217D30CEBC700082284
:10C0000000210DF021FFE2684FEAC70802EB0803A8
:10C0100042F837605A68294665F317025A6020468D
:10C02000BDE8F041FF22E5F705BC0CEBC3020EEBC7
:10C03000C30103C9013B82E80300DCE7F8B54B8D7F
:10C04000054613F47C7F0C46C3F305120CD028B1CF
:10C050000023E16851F83310A9420DD1FF224FF4BB
:10C0600070212046E5F7E6FB204600F0E5F90026C2
:10C070000746BE4204D1F8BD01339A42E9D8F3E73E
:10C08000A36828461B6853F82610FFF7D7FF013630
:10C09000EFE72DE9F7431E460446002301920F46C1
:10C0A0000A4606F47F01E5F769FB0023658DC5F3B9
:10C0B0000515AB420AD3638D013505F03F0565F3E5
:10C0C0000913638503F47C733BBBFEE7E168D8008A
:10C0D00001EBC30292F807C01CF0010F1BD052689D
:10C0E000C2F31702964216D10D583EB93846ECF706
:10C0F000F1FA830602D52046FEF748FD3946284668
:10C10000019A0CF09FFE3A463146204603B0BDE846
:10C11000F043E5F78FBB0133CBE7E068E900EDF7CB
:10C120000FF90346E06000B9FEE7658DC5F305151C
:10C1300005F1FF3905F10055023D00EBC5054FEA59
:10C14000C908B9F1000F1ED10822002103EB080035
:10C150000DF07AFE0C20E568EDF7CEF8E36845F8BF
:10C16000390053F839000CF01FFEE16801EB0803B9
:10C17000DA7942F00102DA715A6866F317025A60FE
:10C1800051F83950B1E7EA79083D9207DCD1D5E999
:10C190000201984488E8030009F1FF39CFE7F8B5B8
:10C1A0000023044616460F46418DC1F305119942FE
:10C1B00003D80DD100252846F8BDE26802EBC30282
:10C1C000D079C00713D55268C2F31702B2420ED11C
:10C1D000E268394652F833000CF0F9FD05460028B4
:10C1E000E8D03A4631462046E5F724FBE3E7013341
:10C1F000DDE770B50468A568227905F47F05294656
:10C200002068FFF728FC0023267929463246E060A3
:10C21000237120682346E5F7B1FAA16820682671EA
:10C22000FFF7A3FBE268217900680CF00BFE22798E
:10C23000A1682068BDE87040E5F7FCBA82B01346FB
:10C240000A46012102B0FFF724BF82B013460A4616
:10C25000042102B0FFF71DBF82B013460A46022137
:10C2600002B0FFF716BF82B013460A46082102B09B
:10C27000FFF70FBF82B013460A46092102B0FFF74D
:10C2800008BF82B013460A460A2102B0FFF701BF79
:10C2900082B013460A46102102B0FFF7FABE82B000
:10C2A00013460A46112102B0FFF7F3BE82B01346CF
:10C2B0000A46122102B0FFF7ECBE82B013460A46CE
:10C2C000132102B0FFF7E5BE84B013460022ADF89B
:10C2D0000C10090C8DF80E101C218DF80F20039AFC
:10C2E00004B0FFF7D6BE82B013460A461D2102B045
:10C2F000FFF7CFBE82B013460A46282102B0FFF7EF
:10C30000C8BE84B013460022ADF80C10090C8DF89D
:10C310000E1058218DF80F20039A04B0FFF7B9BE14
:10C3200082B013460A465E2102B0FFF7B2BE82B069
:10C3300013460A465F2102B0FFF7ABBE82B0134638
:10C340000A46162102B0FFF7A4BE82B013460A4681
:10C35000272102B0FFF79DBE82B013460A467D2119
:10C3600002B0FFF796BE82B013460A467E2102B0A5
:10C37000FFF78FBE82B013460A467F2102B0FFF757
:10C3800088BE82B013460A46802102B0FFF781BE04
:10C3900082B013460A46812102B0FFF77ABE38B553
:10C3A00004460D460AF087FB10B120460AF0BFFB99
:10C3B00029462046BDE83840E9F7F6BF034620B1DC
:10C3C00018465B68002BFBD17047704700B140688E
:10C3D0007047806858B10029038D01DAC91805D467
:10C3E0008B4203D9036853F821007047002070473F
:10C3F00070B58468F4B10029238D19DA0131013B4D
:10C4000014D3206850F8230005689542F7D100291D
:10C41000F4D170BD206850F825000668964202D11C
:10C420000029F6D0013901359D42F3DB0020F0E709
:10C430000025F9E72046ECE7806800B1008D7047E1
:10C4400030B5836873B1002002461C8D944200D839
:10C4500030BD1D6855F8225001322D688D4208BF4D
:10C460000130F3E71846F3E710B5034670B14268B0
:10C4700062B100209268118D814200DCFEE71468F1
:10C4800054F820409C4203D00130F5E74FF0FF30D4
:10C4900010BD70B590F82B300446DB062BD4FEF7A8
:10C4A00075FB65682046ADB1E5F77AFC95F82B4041
:10C4B00014F010041FD12846FFF743F92246272124
:10C4C0002846FDF7ECFE22462846BDE870402921AB
:10C4D000FDF7E5BEE5F744FC064660B1D0F8C03292
:10C4E00020469C4203D0BDE87040E5F759BCE5F713
:10C4F00057FCC6F8C05270BDFFF7CBBF2DE9F04125
:10C50000436804460D46002B66D0002964D08B4258
:10C5100062D0FEF73BFB2846FDF71DFA2046FFF7E9
:10C52000A3FF03466768D7F80880D8F8002038468C
:10C53000FFF782FF0138984241DCB8F82860013EDD
:10C54000B6B2A8F82860002E40D01046B100ECF733
:10C55000F7FEC8F80000AE68318D3068013189B24D
:10C5600031858900ECF7ECFE30602846FFF764FF68
:10C57000AB6800F180401B68013843F82040384622
:10C580006560FFF7DEF8224627213846FDF787FE73
:10C59000002229213846FDF782FE2246272128461F
:10C5A000FDF77DFE002228212846FDF778FE204673
:10C5B000FEF7B8F82046BDE8F041FEF7E7BA02EB17
:10C5C0008301496842F823100133B0E71046ECF7C5
:10C5D000ADFEBB681E60BEE7BDE8F081F8B50E4653
:10C5E000074698B345688DB3FFF73EFF031E00DA98
:10C5F000FEE72846FFF720FF002E01DA361825D483
:10C60000B04223DDB34221D0AA68146808DC04EBF1
:10C610008301496844F8231001339E42F7D108E0B2
:10C6200004EB830151F8041C44F82310013B9E42A3
:10C63000F6D11368284643F8267000222721FDF71B
:10C640002EFE2846BDE8F840FEF7A0BAF8BD10B5AA
:10C65000044600223C2100F024FBE36A6BB1226B0C
:10C660000AB12046984700232363002220466263D4
:10C670003D21BDE8104000F014BB236B002BFCD122
:10C68000F3E773B500220C46143106460BF0A3F80D
:10C6900010B9002002B070BD01212046FCF727FF31
:10C6A0000028F6D12046FDF7DEFD0028F1D18DF8F7
:10C6B00000006A46172120460196FDF7F0FD9DF81F
:10C6C0000030022BE5D02046FFF7B6FE451E002DB8
:10C6D00005DA9DF80030002BDBD12046DAE7A368AD
:10C6E00030461B6853F82510FFF7CBFF0028D1D147
:10C6F000013DECE72DE9F341041D076890F8148033
:10C7000020460E460BF0F2FA054620460BF0F3FAEF
:10C710002A46034641463846009600F029FC00B9F7
:10C72000FEE702B0BDE8F08170472DE9F04FC7B0D9
:10C730000C460DF10C0800F11805074695E80F00AE
:10C7400088E80F000BA92046FEF71CF82046FDF7ED
:10C7500065FD07AE024601460BA80AF066FF41469A
:10C7600030460BAA0AF07BFFE8B396E80F0085E895
:10C770000F003A4619212046FDF791FD3A461A214D
:10C780002046FDF78CFD1B213A462046FDF787FD2C
:10C790004FF480112046FCF7AAFE38BB04F11402C6
:10C7A0000DF13C09414648460AF059FFB8B1204610
:10C7B000FFF742FE8346D8B996E80F0085E80F00E0
:10C7C0003A461C212046FDF76AFD3A461D212046C7
:10C7D000FDF765FD3A461E212046FDF760FD98E80D
:10C7E0000F0085E80F0047B0BDE8F08F0BAAD7E730
:10C7F00099E80F0085E80F002D2200212046FFF761
:10C800002AF92B9068B94FF00009A36838461B68D5
:10C8100053F8291009F10109E5F76AFBCB45F4D17A
:10C82000CAE70C2200212046FFF715F981462B901C
:10C830000028E8D01FA800F0D7FE04F114060DF17F
:10C84000980C96E80F008CE80F002BA8CDF8A89064
:10C85000E7F7F0F930460BF049FA824630460BF024
:10C860004AFA824503DB30460BF045FA02E03046D7
:10C870000BF03CFA401048450346A8BF4B460DF16B
:10C880004C09009396E80F0089E80F00009A49468A
:10C890009B1A01334246484614930AF0E0FE60B307
:10C8A0004A461021384600F053FA00238246A26817
:10C8B00050461268019352F82310E5F719FB019BCB
:10C8C00001339B45F3D152461C212046FDF7E7FC7E
:10C8D00052461D212046FDF7E2FC52461E2120460D
:10C8E000FDF7DDFC50461FA900F082FE4A4638469F
:10C8F0002BA9CDF8C8A000F0CFFC96E80F000DF1F1
:10C900005C0989E80F000B46009A49461344013B35
:10C91000424648461A930AF0A2FE60B34A461021E6
:10C92000384600F015FA00238246A2685046126885
:10C93000019352F82310E5F7DBFA019B01339B4585
:10C94000F3D152461C212046FDF7A9FC52461D2179
:10C950002046FDF7A4FC52461E212046FDF79FFC11
:10C9600050461FA900F044FE4A4638462BA9CDF890
:10C97000C8A000F091FC96E80F000DF16C0989E861
:10C980000F000B46009A494613441C931E9B4846D1
:10C990009B1A42461E930AF062FE00283FF41FAF26
:10C9A00099E80F00002685E80F00A36838461B6849
:10C9B00053F826100136E5F79BFAB345F5D1FFE6AB
:10C9C00070B588B00E46044618B9E6F75DF804461F
:10C9D00060B12046E6F788FB40B194F83A3013F096
:10C9E000020300D0FEE71EB9C4F85C6208B070BD57
:10C9F0002046CDE90033E6F757F80138029020468B
:10CA0000E6F762F86D46013803902A46314604A8DD
:10CA10000AF025FE0028E9D094F83B30072B07D117
:10CA2000049B23F007030493069B43F0070306933C
:10CA300094F83930022B0ED195E80F0004F13C0632
:10CA400086E80F000123002235212046C4F85C321D
:10CA500000F027F9CAE73221204604AA00F021F9A4
:10CA60000128C3D10026D4F85C32B1B28B4215D86C
:10CA70001F2B82BF00232A46C4F85C32D4F85C32F4
:10CA800098BF04AA106804EB0311C863506801330F
:10CA9000086490684864D2688A64D4E704EB0111A2
:10CAA00000223C3104A80AF096FE01360028DAD0B4
:10CAB0009CE738B505460BF020FC044628460BF0F1
:10CAC0001AFC352C06D1D0F8F80218B1BDE8384070
:10CAD0000CF0ACBD38BD10B504460068E5F740F970
:10CAE0000346D0F8C0222B21C0F8C82220680022BB
:10CAF000BDE81040C3F8C002FDF7D1BB38B505460C
:10CB00000068E5F72DF9044600222C21D0F8C00278
:10CB1000FDF7C5FB00222D21D4F8C802FDF7BFFBAD
:10CB2000D4F8C80228B194F8D4329B0701D5FFF796
:10CB3000B0FC002294F8D432C4F8C82262F3000397
:10CB400084F8D4322868C4F8CC225F21FFF727FB91
:10CB5000D4F8C002BDE83840FEF718B80022C9B2C8
:10CB6000FFF7E5BBFDF783BDFDF76ABDF8B50446E9
:10CB700000B9FEE7E5F7F4F8054608B3D0F8C0625F
:10CB800026B100222A213046FDF789FB002700222A
:10CB90002B212046FDF783FB3A462C212046C5F881
:10CBA000C042C5F8CC72FDF77AFB26B13A462D217A
:10CBB0003046FDF774FB2046BDE8F840FDF7E6BFC0
:10CBC000F8BD2DE9F04F87B099469DF840300446F6
:10CBD00015468B46059301B9FEE7E5F765FF8246EA
:10CBE00020B12046E5F770FF064600B9FEE7204673
:10CBF000E5F7A0FF014607465846E6F759FE83458C
:10CC000000D0FEE735B139462846E6F751FE8542A9
:10CC100000D0FEE739465046E6F724FE059B8046E5
:10CC200013B9484505D9FEE700FB06F34B4502D989
:10CC3000FEE7B9FBF0F604F51C73049332463B465D
:10CC40005146CDE901B9049804F5237BCDF8008065
:10CC5000E6F736FE32463B4651465846CDE9015985
:10CC6000CDF80080E6F72CFE002D2046049914BF75
:10CC70005A460022E5F742FF2046059907B0BDE875
:10CC8000F04FE5F745BF002303637047006A0038A3
:10CC900018BF0120704700B9FEE700F538700BF0AF
:10CCA000D4BA70B588B004460E46154600211C2241
:10CCB00001A80DF0C9F8CDE9014404F5387401224A
:10CCC000204601A9ADF80C6005950BF08CFA0128FF
:10CCD00004D10022204601A90BF085FA08B070BDEE
:10CCE00008B5024650B10020E5F7FEFE4243EF2AA8
:10CCF000C3BFA0235032B2FBF3F20122104608BD9D
:10CD00007047F8B5064654200C46ECF7FDFA054688
:10CD100000F1080794E80F0087E80F0005F11807F5
:10CD200094E80F0005F1380487E80F0006F11803B6
:10CD30000FCB84E80F000123AB64B36B13B9B56369
:10CD40002846F8BD1A461B68002BFBD11560F7E793
:10CD50002DE9F041884614460646E5F79DFB074657
:10CD60004C20ECF7D1FA054600B9FEE7C66300F1A6
:10CD7000180694E80F0086E80F002E1D94E80F00B7
:10CD800086E80F0005F1280694E80F0086E80F00FA
:10CD900085F81480D7F8A8323BB11A461B6C002BDB
:10CDA000FBD115642846BDE8F081C7F8A852F9E721
:10CDB0000068E6F7CBBD10B54022002104460DF017
:10CDC00043F801232362FF2384F83C300BF0D7F8AB
:10CDD000C0F30723637740232077C0F30740A07791
:10CDE000636110BD7FB591F83C300546022B0C46BF
:10CDF00024D90B6A13B3D1E909239A421ED08B8E32
:10CE0000CA6AD11A0091216B1A44CE1A0B44013B15
:10CE1000013A6946039302920196FFF772FF0646B4
:10CE20004020ECF769FA21464022F0640CF017FF2D
:10CE30000823314628463371E6F736FA04B070BD50
:10CE400010B1033020F00300704710B504460846C7
:10CE5000EBF7B0FA60430730C00810BDECF766BAD4
:10CE60000330ECF749BA03465B690846114603B143
:10CE700018471846704703469B680846114603B199
:10CE800018471846704730B587B00A46044600B9BF
:10CE9000FEE7856905B9FEE72B696BB141B9838867
:10CEA000C088013B0138009002A80AF0A4FB02AA46
:10CEB000114620462B69984707B030BD2DE9F84F41
:10CEC00007461C20894693461D460A9EECF71CFA2D
:10CED000044600B9FEE726B929464846E6F7C2FCF3
:10CEE000064633462A4659464846E6F7C3FC3B68A1
:10CEF000804633B92046ECF719FA00242046BDE8F5
:10CF0000F88F2946984782460028F3D06570236839
:10CF1000294603F47F4343F4401343F01903A4F874
:10CF20000490A4F806B026812360E6F7C1FCC4F89B
:10CF30000C80C4E9040AA761E0E737B50B890C4609
:10CF400000934B78CA888988FFF7B8FF054660B11F
:10CF50006388C26843F030034380E36821699A42E2
:10CF600028BF1A4600690CF07AFE284603B030BD8F
:10CF70002DE9F0410D46174698460446069E18B91D
:10CF800000242046BDE8F08101B9457826B929463C
:10CF90003846E6F767FC064633462A464146384699
:10CFA000E6F768FCE3688342EAD36570A780A4F8DB
:10CFB00006802681E5E710B5044600B9FEE7438800
:10CFC000DB060BD5836903B9FEE75B680BB14069EB
:10CFD00098472046BDE81040ECF7A8B910BDF0B561
:10CFE00089B00D46044600B9FEE7068951B90A46E4
:10CFF000E6F7ACFC2946E288724309B0BDE8F04090
:10D000000CF022BF0023CDE9003383886A46013B40
:10D010000293C38804A8013B03930AF020FBE8B104
:10D0200004A80AF063FE002818DD04A80AF063FED5
:10D03000002813DDDDE904122046E6F787FC0546EB
:10D040006078EBF7B7F9044604A80AF04FFE4443B2
:10D05000059F0734E410079BBB4201DA09B0F0BD1D
:10D060002846224600210CF0EFFE35440137F2E756
:10D070002DE9F84F90461E465278437805469A426D
:10D080000C4600D0FEE769B9DA1F032AB0F8049015
:10D0900011D91EB330460AF029FE484546D1D6E9DB
:10D0A000001221E008460AF021FE8146CEBB6B78D3
:10D0B000DA1F032A12D8072B2869D8F8101009D0D4
:10D0C000082B09D0092B14BF4FF4806240220CF0CA
:10D0D000C6FDDEE70822FAE71022F8E7B8F80430C8
:10D0E0004B4523D1002211464046E6F72FFC074668
:10D0F000ECB1D4E900122846E6F728FC0646D4F83D
:10D1000004B0D4F80CA068782C89B8F80880EBF744
:10D1100051F909FB00F50735ED10D34513DDBDE8E6
:10D12000F88F30460AF0E2FD8145B8D0FEE722468E
:10D1300021462846E6F70AFCB5F806A00646A346AF
:10D140000AF1FF3ADFE7394630462A460CF087FD00
:10D15000264447440BF1010BDFE74388194214BF13
:10D1600001200020704730B585B0CB680C46029393
:10D170000B69054601930B8900934B78CA8889880F
:10D18000E6F79EFB63886B8005B030BD38B1007850
:10D19000A0F120035F2B04D9C00940007047032091
:10D1A0007047012070472DE9F0438BB005461E46BD
:10D1B000BDF84870BDF84C80DDF8509073B9B7F5F4
:10D1C000807F0BD1B8F5807F08D1C0E900330139E9
:10D1D0008160541EEC600BB0BDE8F0830124002395
:10D1E000CDE90812CDE90413CDE9063231463A46BD
:10D1F000CDE90233CDE90094434602A80AF068FD68
:10D2000043463A463146CDE9009404A80AF060FD51
:10D2100043463A463146CDE9009406A80AF058FD47
:10D2200043463A463146CDE9009408A80AF050FD3D
:10D23000089B069C1A46A342A8BF2246049802995E
:10D240008242A8BF02468A42D4BF2A602960A34214
:10D25000B8BF23468342B8BF03468B42B8BF0B46D4
:10D26000099C0798013B8442AB602346A8BF034654
:10D270000599039A8B42A8BF0B469342D4BF6B60BB
:10D280006A608442B8BF04468C42B8BF0C469442E0
:10D29000B8BF1446013C9DE72DE9F04385B00B6B08
:10D2A0000746002B0C46164638DD4B6B002B35DD50
:10D2B0001146FFF726FD05466C20ECF71DF82146C8
:10D2C0006C22E8640CF0CBFC06232B710023304663
:10D2D000AB640AF00BFD804630460AF00CFD04F109
:10D2E00040030293A38E05F118090193238E024691
:10D2F0000093E36A41464846FFF755FFD6E900121E
:10D3000048460AF09FF9012229463846E36983F826
:10D31000442005B0BDE8F043E5F7C6BF05B0BDE861
:10D32000F0832DE9F04385B0CB6980460C46154665
:10D33000002B48D091F84C30022B44D90B6B002BBA
:10D3400041DD4B6B002B3EDD6C20EBF7D5FF074634
:10D350006C2221460CF083FCF86907F1200100F0F3
:10D36000FBFB012805D0384605B0BDE8F043EBF7DC
:10D37000DDBF29464046FFF7C4FC052300F118092C
:10D3800003710646C76428460AF0B0FC07462846E3
:10D390000AF0B1FC04F140030293A38E024601930C
:10D3A000238E394600934846E36AFFF7FCFED5E931
:10D3B000001248460AF046F93146404605B0BDE83D
:10D3C000F043E5F771BF05B0BDE8F0832DE9F0410A
:10D3D000A0B006460C4615461F46002B4ED01368DB
:10D3E00005935368069393680793D3680893CB6AB1
:10D3F0003BB90B6BB3F5807F03D14B6BB3F5807FEB
:10D4000021D028460AF072FC804628460AF073FCB8
:10D4100004F140030293A38E02460193238E4146FA
:10D420000093E36A05A8FFF7BEFE2968059B6A68BA
:10D430000B440593069B13440693079B0B440793E9
:10D44000089B134408930DF124084046B26805A9CF
:10D450000AF005F990B10022E1690DA8E7F768F834
:10D4600001280BD1304600232146CDE901870095E4
:10D470000DAAE6F77BFB0DA800F094FB20B0BDE8F9
:10D48000F0811F2825D940F21C63984221D0A0F5D5
:10D490008A531F3B012B1CD9A0F5C0530B3B032B18
:10D4A00017D9A0F50053A3F10B02042A11D9283B88
:10D4B000072B0ED9A0F501531F3B102B09D94FF6AE
:10D4C000FF63984205D04FF6FF03C31A58425841F4
:10D4D0007047012070470379042B0CBFC06C0020FB
:10D4E00070471C2200210CF0AFBCF8B50C4694F834
:10D4F00048300646022B114621D9E369FBB11B785F
:10D50000EBB1236ADBB1FFF7FCFB05465420EBF7D8
:10D51000F3FE54222146E8640CF0A1FB04232B7196
:10D5200094F84C305B0604D5E069EF6C0CF0F4FC29
:10D53000F86129463046BDE8F840E5F7B5BEF8BDCC
:10D5400010B54022002104460CF07EFC0123236329
:10D55000FF2384F83C300AF012FDC0F3072384F85F
:10D560002D30402384F82C00C0F3074084F82E00AF
:10D57000636110BD7FB50B6B06460C46002B31D0A6
:10D5800091F83C20022A2DD9496AE2699142D4BF20
:10D59000C3EB0105C3EB020500959142ACBF5D18DA
:10D5A0009D18226AA16A02959142D4BFC3EB01057E
:10D5B000C3EB02059142ACBF5B189B18694603930D
:10D5C0000195FFF79EFB05464020EBF795FE2146AF
:10D5D0004022E8640CF043FB0723294630462B71B8
:10D5E000E5F762FE04B070BD302200210CF02CBCC7
:10D5F000F8B50446007D0F460AF03EFC60B3211DDD
:10D600002046FFF77EFB05463020EBF775FE302203
:10D610003946E8640CF023FB0A23EE6C2B7130686A
:10D62000346198B14FF40021FBF761FF70B14FF402
:10D6300000213068FBF7FAFE1F212A463868FCF704
:10D640002EFE4FF400213068FCF73FF929462046B2
:10D65000BDE8F840E5F728BEF8BD10B5302200213E
:10D6600004460CF0F1FBFF2384F820303023636183
:10D6700010BD0379012B0CBFC06C0020704710B5A2
:10D6800004462C2200210CF0DFFB238D23F4FF53F2
:10D6900023F01F036FEA13336FEA033323852C2330
:10D6A000636110BD0379022B0CBFC06C0020704772
:10D6B0002DE9F04F93B0CD6D06460C46174685B167
:10D6C00091F86C30022B40F28D80012D40F08C805F
:10D6D0008B6E002B05DC0B6E1BB94D6E003D18BF29
:10D6E000012594F82030059394F83B30022B7DD926
:10D6F000236B003B18BF0123079394F84830022B9B
:10D7000076D9636C002B73D094F8499019F0200FF0
:10D710006ED119F01F0918BF4FF0010994F8583065
:10D72000022B68D9236D003B18BF01230693059B8C
:10D73000FF2B73D194F82F305B075ED1002D72D090
:10D7400039463046FFF7DDFA82463820EBF7D4FD44
:10D750008046A26E0AF1180B1146CAF84C005846D2
:10D7600009F063FFE26D5846114609F05EFFD4E907
:10D770001812584609F066FFC446A646BEE80F00D8
:10D78000ACE80F009EE8070038238CE80700C8F8D3
:10D790001430E369B4F85920C8F81C3094F85B30B1
:10D7A000A8F8202088F82230E36D5146C8F82430CC
:10D7B000A36E3046C8F8283094F86C3088F83430BE
:10D7C000236EC8F82C30636EC8F8303098F83530C6
:10D7D00065F3000388F8353003238AF80430E5F751
:10D7E00063FD1DE000257CE701257AE7002383E740
:10D7F0004FF0000992E7002398E7002394F82E20C9
:10D8000004F127019A4299D903EB8300085CFF28B1
:10D8100001D10133F6E735B1002591E7002DFBD1A9
:10D82000059B022B58D997E80F000EAD85E80F0035
:10D83000636C012B1BDD94F84830FC2B17D9E3698E
:10D84000ABB1024694F84930C3F380010A440E920A
:10D850000F9AC3F340010A440F92109AC3F3C00118
:10D86000521A1092119A03F00103D21A119229460A
:10D870003046FFF746FA80463020EBF73DFD05467F
:10D88000FFF7EBFEAC46A646C8F84C50BEE80F00CA
:10D89000ACE80F009EE8070030238CE807006B61BE
:10D8A000E36904F12402EB61B4F8213007CAA5F85A
:10D8B000213094F8233085F8233005F1240383E8E0
:10D8C000070094F82030414685F820300123304687
:10D8D00088F80430E5F7E8FC079B002B6ED0206B3E
:10D8E000FFF754FC01281ED80DF12C0A5146206B7D
:10D8F00000F032F9012861D194F83D30002B40F05E
:10D90000F080BDF830200EA9013A1092BDF8322007
:10D910003846013A119200930922CDE90E330AF0FC
:10D9200048F80EA9DEE0032848D00C2200210BA8FD
:10D930000CF08AFA00256FF06043CDE901350095BF
:10D940002B46D4E90C1209A80BF010FE099B092202
:10D95000013B10930A9B3846013B119300952B46DF
:10D960000EA9CDE90E550AF024F80EA93046FFF7AE
:10D97000C8F980465420EBF7BFFC0546E6F7E8F906
:10D98000AC46A646C8F84C50BEE80F00ACE80F0005
:10D990009EE8070054238CE807006B61A36BAB85FE
:10D9A0001B0C85F82E30636B2B62236BEB61042319
:10D9B0004146304688F80430E5F776FCB9F1000FAF
:10D9C00035D039463046FFF79CF980462C20EBF7DE
:10D9D00093FCA6468446C8F84C000546BEE80F00F6
:10D9E000ACE80F009EE807002C238CE807006B6171
:10D9F000E369E28FEB6194F840302A8485F82230A5
:10DA000094F8483095F8292085F82830636C414611
:10DA10006B6294F849303046C3F3040363F30402A5
:10DA2000022385F8292088F80430E5F73DFC069BA1
:10DA3000002B53D097E80F000EAD85E80F00D4E916
:10DA400014231A441146284609F0EFFD29463046B2
:10DA5000FFF757F980462C20EBF74EFC0546226D68
:10DA600008F118071146C8F84C00384609F0DDFDEA
:10DA7000626D3846114609F0D8FD2F46A446BCE831
:10DA80000F000FC79CE807002C2387E8070047F624
:10DA9000FF726B61E3694146934218BF226D3046C5
:10DAA0001EBF9B18626D9B18B4F84A20EB6194F876
:10DAB0004C302A840F2285F8223094F8583085F8AB
:10DAC0002830236D6B6295F8293062F3040385F8E2
:10DAD0002930022388F80430E5F7E6FB13B0BDE8EF
:10DAE000F08F39463046FFF70CF980466C20EBF793
:10DAF00003FC0546E6F79EF8AC46A646C8F84C502F
:10DB0000BEE80F00ACE80F009EE807006C238CE82D
:10DB100007006B61236BEB6194F83B3085F84C3068
:10DB2000A36BA5F848301B0C85F84A3094F83C30BC
:10DB300085F84B3094F83D2095F84D3062F345134D
:10DB400085F84D3005F120039AE8070083E80700C7
:10DB5000E3696B6605232BE730B595B004464C228C
:10DB60000D4601A800210CF06FF920460494FFF740
:10DB70000DFB29468DF8140001A8E6F717FC0038C4
:10DB800018BF012015B030BD30B4044600681346FC
:10DB9000856825B10A46AC46214630BC6047284618
:10DBA00030BC704710B50446006878B1C3680BB14B
:10DBB00021469847EAF7A0F940B1206C30B1616C7A
:10DBC00021B1BDE81040002209F0DEB910BD0160AE
:10DBD00070474160704781607047C1607047CB10EB
:10DBE000C943C05C01F00701084100F00100704723
:10DBF00037B5ADF80400C0F30720FC2802D84C78F4
:10DC0000022C03D8BDF804300B800FE002280DD998
:10DC1000FF2C0DD19DF804300A7813FB00F3C0F1FE
:10DC2000FF0505FB02331B0A0B704C7003B030BDBF
:10DC3000D378A34202D1537883420DD0C0F1FF03C1
:10DC4000C4F1FF0463436FEA2323C0EB0020DBB27F
:10DC5000B0FBF3F09371D0710C885088BDF804309C
:10DC6000844202D11088984212D0BDF80430D07995
:10DC700013800B88C0F1FF0553809DF804300C78A9
:10DC800013FB00F305FB04331B0A137193795371E3
:10DC90009388B9E710B485B01446022CADF804108F
:10DCA0001A46C9B216D0032C19D0012C1CD1047805
:10DCB0000C44FF2CA8BFFF24E4B201469DF80530B8
:10DCC0008DF80C408DF80D30039805B05DF8044BCD
:10DCD000FFF78EBF0478641A24EAE474ECE7047852
:10DCE00014FB01F4240AE8E705B05DF8044B704723
:10DCF00010B50222002104460CF0A6F802220021F1
:10DD0000A0180CF0A1F802220021201D0CF09CF8B4
:10DD1000FF23A371E37110BD2DE9F04F8BB00746CF
:10DD2000436890F821900093836806680193C36864
:10DD300088460293D0E906530393D0E9044308A828
:10DD40000493FFF7D5FF97F82230002B40F0C080F6
:10DD500044BBB9F1FC0F22D8019B9C4280F2BB80EE
:10DD6000AA46002739E050460AF091F909F1010965
:10DD700007F8020C07F801BCC244009B0237994522
:10DD8000F1DB029B01341E44039B1D44019B9C421A
:10DD900080F2A180AA4637464FF00009EDE74FF028
:10DDA000FF0BF3E7B9F1FC0F1F463BD8019B9F42E5
:10DDB00080F29180AB464FF0000A4FE050460AF0E7
:10DDC00066F98DF81D908DF81C0006EB4701079849
:10DDD00008AAFFF70DFF0137C244009B9F42EDDB0D
:10DDE000029B01341E44039B1D44B5E750460AF0D4
:10DDF0004EF914F809308DF81C008DF81D3006EB33
:10DE00004901079808AAFFF7F3FE09F10109C24486
:10DE1000009B9945EADB029B01371E44039B1D448E
:10DE2000049B1C44019B9F4255DAAA464FF000090F
:10DE3000EEE758460AF02BF914F80A308DF81C006A
:10DE400013FB09F31B128DF81D3006EB4A010798EE
:10DE500008AAFFF7CDFE0AF1010AC344009B9A45C8
:10DE6000E7DB029B01371E44039B1D44049B1C44BB
:10DE70009CE705980AF00BF98DF81C0034B314F8F0
:10DE80000A3013FB09F31B0A8DF81D3006EB4A001C
:10DE900008AB97F822200799FFF7FCFE059B0AF1D3
:10DEA000010A43440593009B9A45E2DB0CB1049BB5
:10DEB0001C44029B0BF1010B1E44039B1D44019B60
:10DEC0009B4508DA4FF0000A0595ECE74B46DBE787
:10DED0004FF0000BF3E70BB0BDE8F08F2DE9F04FEA
:10DEE00087B00546D0E90167D0E9044A90F81B9055
:10DEF000D0F80C8004A8FFF7FBFEA869002C40F0C6
:10DF00008780B9F1FC0F68D90AF08DF8002E02461F
:10DF1000286806F1FF3525F00F054FF0FF01D8BF47
:10DF20000025A6F1100EBC4261DA03464FF0000C4A
:10DF300041E003F8202C03F81F1C03F81E2C03F803
:10DF40001D1C03F81C2C03F81B1C03F81A2C03F8E7
:10DF5000191C03F8182C03F8171C03F8162C03F8E7
:10DF6000151C03F8142C03F8131C03F8122C03F8E7
:10DF7000111C03F8102C03F80F1C03F80E2C03F8E7
:10DF80000D1C03F80C2C03F80B1C03F80A2C03F8E7
:10DF9000091C03F8082C03F8071C03F8062C03F8E7
:10DFA000051C03F8042C03F8031C03F8022C03F8E7
:10DFB000011C0CF1100CE64503F12003B9DC2B46E3
:10DFC00000F1010CB34202DB40440134ABE700F83E
:10DFD00013200CF813100133F4E70AF024F88DF83D
:10DFE0000D90D5F800908DF80C00BC420EDB07B008
:10DFF000BDE8F08F09EB4501039804AAFFF7F8FD8F
:10E000000135B542F6DBC1440134EEE70025F8E7FF
:10E01000B9F1FC0F1CD90AF006F84FF00009D5F849
:10E0200000B08DF80C00B945E1DA002509E0635D28
:10E030000BEB45018DF80D30039804AAFFF7D8FDCE
:10E040000135B542F3DBC344544409F10109EAE761
:10E0500009F0E9FF4FF0000B2B688DF80C00BB4571
:10E06000C5DA00250EE0625D03EB450112FB09F203
:10E0700012128DF80D20039804AA0193FFF7B8FD42
:10E08000019B0135B542EEDB434454440BF1010BD7
:10E09000E5E72DE9F04F8BB090F820300446063BC1
:10E0A0000F2B2FD8DFE813F0E20170032E002E00B3
:10E0B0002E002E002E002E002E00E400ED00EB00BE
:10E0C00010002E002E009102436890F821800193E9
:10E0D00083680668D0F80CA00293D0E9067BD0E9EB
:10E0E000045308A80393FFF703FE94F82230002B93
:10E0F00040F0BC80002D3CD1B8F1FC0F1CD8029B35
:10E10000AB4234DC0BB0BDE8F08F37F8140009F0F7
:10E11000A5FF013408F8020C08F8019C019B08F1E6
:10E120000208A342F1DC56445F440135029BAB4236
:10E13000E8DDB0460024F1E74FF0FF09F6E737F8D5
:10E14000140009F08BFF4FEA44098DF81C008DF88C
:10E150001D80079808AA06EB0901FFF749FD013465
:10E16000019BA342EBDC56445F440135C7E7002422
:10E17000F6E7B8F1FC0F1C4621D8029BA342C1DD93
:10E180004FF0000939E037F8180009F067FF15F87B
:10E1900008304FEA48098DF81C008DF81D300798AB
:10E1A00008AA06EB0901FFF723FD08F10108019B0E
:10E1B0004345E8DC039B56445F441D440134029B05
:10E1C000A3429FDD4FF00008F1E74FEA490137F81D
:10E1D0001900049109F042FF15F80930049913FB66
:10E1E00008F31B128DF81C008DF81D30079808AA43
:10E1F0003144FFF7FDFC09F10109019B4B45E4DCCB
:10E20000039B56445F441D440134B6E74FEA49037B
:10E2100037F81900059309F021FF8DF81C001DB394
:10E2200015F8093013FB08F31B0A05988DF81D300B
:10E2300094F82220079908AB3044FFF72BFD09F131
:10E240000109019B4B45E1DC0DB1039B1D44049B7F
:10E2500056445F4401330493049A029B93427FF730
:10E2600051AF4FF00009ECE74346DEE70023F2E749
:10E27000032120460BB0BDE8F04FFFF74DBD042150
:10E28000F7E7436890F82180019383680768029359
:10E29000C368D0E9066A0393D0E9045308A804933D
:10E2A000FFF726FD94F82230002B40F0DD80002D92
:10E2B00048D1B8F1FC0F20D8029BAB427FF722AFC8
:10E2C000B146002436E0D8F8000009F0F7FE98F8CF
:10E2D00003308DF81C008DF81D3007EB44010798C2
:10E2E00008AAFFF785FC013408F10408019BA3424A
:10E2F000E9DC039B56441F440135029BAB427FF788
:10E3000001AFB0460024F1E7D9F8000009F0D6FECD
:10E3100099F803308DF81C0013FB08F31B128DF8DD
:10E320001D3007EB4401079808AAFFF761FC013490
:10E3300009F10409019BA342E6DC039B56441F44F8
:10E340000135B9E7B8F1FC0F1C4629D8029BA3425E
:10E350007FF7D8AEB3464FF0000944E0D9F800008B
:10E3600009F0ACFE15F8082099F803308DF81C0070
:10E3700013FB02F31B128DF81D3007EB48010798C1
:10E3800008AAFFF735FC08F1010809F10409019B0F
:10E390004345E3DC039B56441F44049B01341D4466
:10E3A000029BA3427FF7AEAEB1464FF00008EEE706
:10E3B000DBF8000009F082FE15F809209BF8033015
:10E3C0008DF81C0013FB02F308FB03F31B148DF8FC
:10E3D0001D3007EB4901079808AAFFF709FC09F16E
:10E3E00001090BF1040B019B4B45E1DC039B5644F7
:10E3F0001F44049B01341D44A8E7DBF8000009F02A
:10E400005DFE9BF803208DF81C002DBB12FB08F26B
:10E41000130A8DF81D3007EB490094F82220079964
:10E4200008ABFFF737FC09F101090BF1040B019B65
:10E430004B45E2DC0DB1049B1D44039B56441F4435
:10E44000059B01330593059A029B93427FF75AAED1
:10E45000B3464FF00009EAE715F8093013FB02F361
:10E4600008FB03F31B0CD4E70023EBE7D0E901938F
:10E4700090F821800668D0F80CA00193D0E9067BC3
:10E48000D0E9045308A80293FFF732FC94F8222045
:10E49000002A40F0988075BBB8F1FC0F17D8019B9B
:10E4A000AB427FF72FAE00241FE0F85C06F81300A4
:10E4B00001F8132001339945F7DC56445F440135D8
:10E4C000019BAB427FF71EAE0023711CF3E7FF22D6
:10E4D000F6E73B5D8DF81D808DF81C3006EB44019E
:10E4E000079808AAFFF784FB0134A145F1DC5644E4
:10E4F0005F440135D3E7B8F1FC0F14461CD8019BEB
:10E50000A3427FF7FFAD00232FE017F8083006EB9A
:10E5100048018DF81C3015F8083008AA8DF81D3018
:10E520000798FFF765FB08F10108C145EDDC029B88
:10E5300056445F441D440134019BA3427FF7E2AD82
:10E540004FF00008F1E7FA5C06EB43018DF81C2060
:10E55000EA5C039312FB08F212128DF81D20079853
:10E5600008AAFFF745FB039B01339945EBDC029BAF
:10E5700056445F441D440134C1E73B5D8DF81C30B7
:10E58000FDB12B5D13FB08F31B0A8DF81D3006EB64
:10E590004400079908AB0492FFF77CFB049A01340E
:10E5A000A145EADC0DB1029B1D44039B56445F4428
:10E5B000013303930399019B8B427FF7A3AD0024A2
:10E5C000EEE74346E1E70023F3E7436890F8218054
:10E5D000019383680768D0F80C900293D0E9066A2B
:10E5E000D0E9045308A80393FFF782FB94F8222094
:10E5F000002A40F0C780002D3DD1B8F1FC0F19D89A
:10E60000029BAB427FF77EADB34600242AE006EBC7
:10E61000440216F81430507807EB440108AA43EA84
:10E620000020FFF7E5FA0134019BA342EFDC4F44E1
:10E6300056440135029BAB427FF764AD0024F3E7FB
:10E640003BF8023C07EB4401ADF81C301BF8013CE1
:10E6500008AA13FB08F31B128DF81D300798FFF76B
:10E66000C7FA0134019B0BF1020BA342E8DC4F44D3
:10E6700056440135C4E7B8F1FC0F144626D8029B76
:10E68000A3427FF73FAD33464FF0000B3FE03BF82E
:10E69000023C15F80820ADF81C301BF8013C07EBD4
:10E6A000480113FB02F31B128DF81D30079808AACE
:10E6B000FFF79EFA08F10108019B0BF1020B43459D
:10E6C000E5DC039B4F4456441D440134029BA342A6
:10E6D0007FF718ADB3464FF00008EDE733F8022C92
:10E6E00015F80B10ADF81C2013F8012C049312FB45
:10E6F00001F208FB02F212148DF81D2007EB4B010A
:10E70000079808AAFFF774FA049B0BF1010B019A12
:10E7100002335A45E2DC039B4F4456441D44013406
:10E72000ADE736F81B30ADF81C30049B13F81B1016
:10E7300005BB11FB08F10B0A8DF81D3007EB4B00F0
:10E74000079908AB0592FFF7A5FA059A0BF1010BA3
:10E75000019B5B45E5DC0DB1039B1D444F445644D2
:10E760000134029BA3427FF7CDAC731C4FF0000B2A
:10E770000493EDE715F80B3013FB01F308FB03F3EB
:10E780001B0CD9E70024ECE7D0E9018390F8219035
:10E790000668D0F80CA00193D0E9067BD0E90453B9
:10E7A00008A80293FFF7A4FA94F82240002C7FF403
:10E7B000A9ACCDBBB9F1FC0F1DD8019BAB427FF7D3
:10E7C000A1AC00242AE011463846FFF708FA40427F
:10E7D00004F8020C04F8019C0132904504F1020493
:10E7E000F1DC56445F440135019BAB427FF78AACB4
:10E7F00034460022F1E74FF0FF09F5E7214638469D
:10E80000FFF7EDF940428DF81C008DF81D9006EBE6
:10E810004401079808AAFFF7EBF90134A045EDDCA5
:10E8200056445F440135C8E7B9F1FC0F1FD8019B7E
:10E83000A3427FF767AC002337E049463846FFF72D
:10E84000CEF915F8093040428DF81C008DF81D30C6
:10E8500006EB4901079808AAFFF7CAF909F101096F
:10E86000C845EADC029B56445F441D440134019BC9
:10E87000A3427FF747AC4FF00009F1E7194638464D
:10E880000393FFF7ACF9039B4042EA5C8DF81C0050
:10E8900012FB09F212128DF81D2006EB43010798B6
:10E8A00008AAFFF7A5F9039B01339845E6DC029B14
:10E8B00056445F441D440134B9E7CB10C943C05CE2
:10E8C00001F00701084100F00100704730B585B044
:10E8D000B0F17D4F1446CDE900104FEA10634FEAC6
:10E8E000116501D2022D14D8019B039300209DF8DD
:10E8F0000C3063F307009DF80D3063F30F209DF893
:10E900000E3063F317409DF80F3063F31F6005B0BE
:10E9100030BD022B01D80391E8E7FF2D04D105B0EB
:10E92000BDE8304009F013BCD279AA4202D1E278A6
:10E930009A420DD0C3F1FF02C5F1FF056A436FEAA9
:10E940002222C3EB0323D2B2B3FBF2F3227363732D
:10E950006168009809F0E4FAB0B90198637B20601F
:10E9600000988DF8073001466060019809F0EFFBD0
:10E97000C0F307236372237B2072C0F30740A072A9
:10E98000E372A0680390B1E72168019809F0C8FA22
:10E990000028E2D0F5E7F0B585B01746022F04460F
:10E9A0001A460191CDB2C1F30726C1F307402DD01D
:10E9B000032F3CD0012F27D1A37821780344FF2BCC
:10E9C000A8BFFF238DF80E30637829443344FF2B12
:10E9D000A8BFFF23FF29A8BFFF218DF80D30C9B2C2
:10E9E0009DF807308DF80C108DF80F3021680398D2
:10E9F000FFF76CFFC0F3072320706370C0F3074379
:10EA0000C0F30760A370E07005B0F0BDA378217873
:10EA10001B1A23EAE3738DF80E306378491B9B1BA6
:10EA200023EAE3738DF80D3021EAE171D7E76178CD
:10EA3000A37811FB06F109128DF80D10217813FB54
:10EA400000F311FB05F11B128DF80E30090AC7E720
:10EA500032B1FF23FC2ACB7003D98870487008704C
:10EA60007047D34310FB02F08A78DBB202FB03024B
:10EA7000120A8A704A7802FB0302120A4A700A7864
:10EA800002FB0300000AEAE710B504220021044655
:10EA90000BF0DAF904220021A0180BF0D5F90422BA
:10EAA000002104F108000BF0CFF9FF2323736373F7
:10EAB00010BD2DE9F04F8DB00746436890F82180D6
:10EAC0000093836805680193C36804910293D0E9B9
:10EAD00006630393D0E9044308A80593FFF7D4FF26
:10EAE00097F82230002B40F02981002C43D1B8F157
:10EAF000FC0F38D9049B042B33D1009B9F00019B52
:10EB00009C4202DB0DB0BDE8F08F314628463A4604
:10EB10000BF0A5F8029B01341D44039B1E44EEE755
:10EB200012F8017C013103F8027C12F8027C03F830
:10EB3000037C12F8037C03F8010C03F8047C009FAB
:10EB40000332B94203F10403EADB029B01341D44A2
:10EB5000039B1E44019B9C42D4DA32462B46002183
:10EB6000EDE7FF20F6E78DF81F80019B9C42C9DA94
:10EB7000B04600272FE0B8F1FC0F1F4668D8019B74
:10EB80009F42BFDAB2464FF0000996E098F8023093
:10EB900055F827108DF81E3098F8013008AA8DF826
:10EBA0001D3098F8003005EB87098DF81C30079868
:10EBB000FFF78CFEC0F3072305F8270089F8013022
:10EBC000C0F3074389F80230049BC0F3076089F85B
:10EBD000030001379844009B9F42D7DB029B01341E
:10EBE0001D44039B1E44C0E714F8083055F8281054
:10EBF0008DF81F3099F8023008AA8DF81E3099F868
:10EC0000013005EB880A8DF81D3099F800308DF839
:10EC10001C300798FFF75AFEC0F3072305F82800B9
:10EC20008AF80130C0F307438AF80230049BC0F32E
:10EC300007608AF8030008F101089944009B984591
:10EC4000D2DB029B01371D44039B1E44059B1C44E1
:10EC5000019B9F42BFF656AFB1464FF00008EDE76B
:10EC600014F8093055F8291013FB08F31B128DF81E
:10EC70001F309AF8023008AA8DF81E309AF8013039
:10EC800005EB890B8DF81D309AF800308DF81C309B
:10EC90000798FFF71BFEC0F3072305F829008BF840
:10ECA0000130C0F307438BF80230049BC0F30760C8
:10ECB0008BF8030009F101099A44009B9945CFDBC9
:10ECC000029B01371D44039B1E44059B1C4456E7D1
:10ECD0009AF802308DF81E309AF801308DF81D3008
:10ECE0009AF800308DF81C3034B314F8093013FB57
:10ECF00008F31B0A8DF81F3005EB890008AB97F865
:10ED000022200799FFF747FE049B09F101099A4465
:10ED1000009B9945DCDB0CB1059B1C44029B0BF16D
:10ED2000010B1D44039B1E44019B9B45BFF6EAAEAD
:10ED3000B2464FF00009EBE74346DBE74FF0000B2C
:10ED4000F2E72DE9F04F89B0D0E904430646D0E957
:10ED5000015990F81B80D0F80CA004A80093FFF78D
:10ED600093FE002C5CD1B8F1FC0F30D9B06909F0EA
:10ED7000AFF8691E002D21F00F01D8BF0021034616
:10ED80003068A5F110074C4529DA0246002610E04C
:10ED900042E9103342E90E3342E90C3342E90A33C7
:10EDA00042E9083342E9063342E9043342E90233D7
:10EDB0001036B74202F14002EADC0A46AA4202DB00
:10EDC00050440134DFE740F822300132F6E7414693
:10EDD000B06909F05CF8376803904C451EDB09B058
:10EDE000BDE8F08F57F82610039804AAFFF76EFDD0
:10EDF00007EB8608C0F3072307F8260088F80130E0
:10EE0000C0F30743C0F3076088F8023088F80300B6
:10EE10000136AE42E6DB57440134DEE70026F8E770
:10EE2000B8F1FC0F2DD9FF21B06909F030F84FF08F
:10EE3000000837680390C845D1DA002619E0A35DC1
:10EE400057F826108DF80F30039804AAFFF73EFDFF
:10EE500007EB860BC0F3072307F826008BF8013079
:10EE6000C0F30743C0F307608BF802308BF8030050
:10EE70000136AE42E3DB009B57441C4408F1010815
:10EE8000D9E74146B06909F002F84FF0000B376846
:10EE90000390CB45A3DA00261BE0A35D57F82610AC
:10EEA00013FB08F31B128DF80F3004AA07EB86033F
:10EEB00003980193FFF70AFD019BC0F3072207F8AF
:10EEC00026005A70C0F30742C0F307609A70D870EA
:10EED0000136AE42E1DB009B57441C440BF1010BB1
:10EEE000D7E72DE9F04F8DB090F820308346063BF0
:10EEF0000F2B33D8DFE813F07602F4033200320030
:10EF000032003200320032003200570160015E01EF
:10EF10001000320032002603436890F821900193DC
:10EF2000836805680293C3680393D0E9064304939A
:10EF3000D0E9046308A80593FFF7A6FD9BF82270AB
:10EF4000002F40F02B81002E48D18DF81F9040F209
:10EF50000D4A40F63A09029BB3423DDC0DB0BDE8D4
:10EF6000F08F04EB47035B7855F82710DB0809FBAB
:10EF700003F31B128DF81E3034F8173008AAC3F3C0
:10EF800045130AFB03F31B128DF81D3014F81730DC
:10EF900005EB870803F01F0309FB03F31B128DF831
:10EFA0001C300798FFF792FCC0F3072305F82700F1
:10EFB00088F80130C0F30743C0F3076088F80230D7
:10EFC00088F803000137019BBB42CADC039B013672
:10EFD0001D44049B1C44BEE70027F4E7B9F1FC0F75
:10EFE00051D840F63A0B40F20D43029ABA42B5DDD1
:10EFF0004FF0000887E016F8083055F828108DF813
:10F000001F3004EB48035B7808AADB080AFB03F314
:10F010001B128DF81E3034F8183005EB8809C3F345
:10F0200045130BFB03F31B128DF81D3014F8183039
:10F0300003F01F030AFB03F31B128DF81C30079823
:10F04000FFF744FCC0F3072305F8280089F80130D6
:10F05000C0F30743C0F3076089F8023089F8030062
:10F0600008F10108019B4345C5DC039B01371D44A2
:10F07000049B1C44059B1E44029BBB427FF76EAF62
:10F080004FF00008EEE740F63A0A40F20D4BF3E786
:10F0900016F8082055F8281012FB09F212128DF804
:10F0A0001F2004EB4802527805EB880AD2080BFBBC
:10F0B00002F212128DF81E2034F81820C2F3451205
:10F0C0005A4312128DF81D2014F8182002F01F0266
:10F0D0000BFB02F212128DF81C20079808AAFFF70A
:10F0E000F5FB40F20D43C0F3072205F828008AF82B
:10F0F0000120C0F30742C0F307608AF802208AF8B3
:10F10000030008F10108019A4245C1DC039A013766
:10F110001544049A1444059A164466E740F20D42D9
:10F1200004EB47035B78DB080AFB03F31B128DF843
:10F130001E3034F81730C3F3451353431B128DF8B8
:10F140001D3014F8173003F01F030AFB03F31B12E2
:10F150008DF81C3006B3F35D13FB09F31B0A8DF821
:10F160001F3005EB87009BF82220079908ABFFF7BB
:10F1700012FC0137019BBB42D0DC0EB1059B1E4443
:10F18000039B08F101081D44049B1C44029B43455A
:10F190007FF7E4AE0027EDE74B46E0E74FF00008CD
:10F1A00040F63A0AF2E7032158460DB0BDE8F04FA9
:10F1B000FFF77FBC0421F7E7436890F821800193B3
:10F1C000836804680293C368D0E906690393D0E9B1
:10F1D000045308A80493FFF757FC9BF82270002FF4
:10F1E00040F0FD80002D59D1B8F1FC0F25D8029BCD
:10F1F000AB427FF7B3AEB246002745E054F8271084
:10F2000056F8270008AAFFF761FB04EB8708C0F354
:10F21000072304F8270088F80130C0F30743C0F340
:10F22000076088F8023088F803000137019BBB4271
:10F23000E4DC039B4E441C440135029BAB427FF748
:10F240008DAE0027F2E71AF8013C5AF8040C13FBC4
:10F2500008F31B1207908DF81F3054F827100798F9
:10F2600008AAFFF733FB04EB870BC0F3072304F86E
:10F2700027008BF80130C0F30743C0F307608BF819
:10F2800002308BF803000137019B0AF1040ABB42EC
:10F29000D9DC039B4E441C440135A8E7B8F1FC0FB0
:10F2A00036D8029BBB427FF759AEB3464FF0000AF7
:10F2B0005AE015F808201AF8013C5AF8040C13FB20
:10F2C00002F31B1207908DF81F3054F8281007988E
:10F2D00008AAFFF7FBFA04EB880BC0F3072304F836
:10F2E00028008BF80130C0F30743C0F307608BF8A8
:10F2F00002308BF8030008F10108019B0AF1040AAF
:10F300004345D6DC039B4E441C44049B01371D44FB
:10F31000029BBB427FF722AEB2464FF00008ECE7FB
:10F320001BF8012C15F80A1012FB08F24A435BF88F
:10F33000040C121407908DF81F2004EB8A0354F874
:10F340002A1008AA07980593FFF7C0FA059BC0F397
:10F35000072204F82A005A70C0F30742C0F307607E
:10F360009A70D8700AF1010A019B0BF1040B534506
:10F37000D6DC039B4E441C44049B01371D4490E79C
:10F3800056F82700059B079013F8272005BB18FBAC
:10F3900002F2130A8DF81F3004EB87009BF822203D
:10F3A000079908ABFFF7F7FA0137019BBB42E7DC8F
:10F3B0000DB1049B1D44039B4E441C440AF1010AF9
:10F3C000029B53457FF7CAADF31C00270593ECE77A
:10F3D000EB5D13FB02F308FB03F31B0CDAE74FF0C2
:10F3E000000AEDE790F82270D0E9019390F82180AF
:10F3F00001930668D0E90653D0F80CA00293D0E937
:10F4000004430393002F6DD19CBBB8F1FC0F19D8B6
:10F41000019BA3427FF7A2AD002723E012F8011F52
:10F4200003F8011C03F8021C117803F8031C03F80D
:10F43000041C8118494503F10403EFDB029B564489
:10F440001D440134019BA3427FF788AD33466A1EF9
:10F45000C5F10100EDE7E85D06EB87014246FFF7E5
:10F46000F7FA0137B945F6DC029B56441D440134D6
:10F47000CEE7B8F1FC0F18D8019BBB427FF76EAD09
:10F480004FF0000B25E014F8082015F8080006EBF3
:10F490008801FFF7DDFA08F10108C145F3DC029BA2
:10F4A00056441D44039B01371C44019BBB427FF71C
:10F4B00055AD4FF00008F0E714F80B2015F80B00DD
:10F4C00012FB08F206EB8B01120AFFF7C1FA0BF1EF
:10F4D000010BD945F0DC029B56441D44039B0137C8
:10F4E0001C44C9E708A8FFF7CFFA00230493049A45
:10F4F000019B93427FF732AD002716E0EB5D8DF85C
:10F500001E308DF81D308DF81C30CCB1E35D13FB3F
:10F5100008F31B0A8DF81F3006EB87009BF82220AA
:10F52000079908ABFFF737FA0137B945E6DC0CB1AC
:10F53000039B1C44029B56441D44049B0133D5E7A6
:10F540004346E7E7436890F822700193836890F898
:10F55000218002930668D0E90443D0F80C9003930D
:10F56000D0E9065A002F40F08180B4BBB8F1FC0FFF
:10F5700017D8029BA3427FF7F1ACAB46002723E0EC
:10F5800006EB870118F8012C18F8020CFFF760FA57
:10F590000137019B08F10208BB42F1DC4E4455449F
:10F5A0000134029BA3427FF7D9ACA8460027F0E7BD
:10F5B0001BF8012C06EB870112FB08F21BF8020C6A
:10F5C000120AFFF745FA0137019B0BF1020BBB4210
:10F5D000EEDC4E4455440134CBE7B8F1FC0F20D8A3
:10F5E000029BBB427FF7BAAC2B464FF0000B33E0D7
:10F5F00014F808301BF8012C06EB880112FB03F20B
:10F600001BF8020C120AFFF723FA08F10108019B0C
:10F610000BF1020B4345EBDC039B4E4455441C4469
:10F620000137029BBB427FF799ACAB464FF0000815
:10F63000EDE714F80B1013F8012C13F8020C12FB71
:10F6400001F208FB02F206EB8B01120C0493FFF7A8
:10F65000FFF9049B0BF1010B019A02335A45E8DCD8
:10F66000039B4E4455441C440137B9E708A8FFF7F3
:10F670000BFA00230493049A029B93427FF76EAC2B
:10F680006B1C0027059319E015F817308DF81E3014
:10F690008DF81D308DF81C30059B13F81720C4B968
:10F6A00012FB08F2130A8DF81F3006EB87009BF857
:10F6B0002220079908ABFFF76EF90137019BBB4287
:10F6C000E2DC0CB1039B1C44049B4E4455440133C3
:10F6D000D0E7E35D13FB02F308FB03F31B0CE2E747
:10F6E000436890F822800193836890F82170029318
:10F6F0000568D0E90443D0F80C900393D0E9066A7A
:10F70000B8F1000F79D1CCBBFC2F1CD8029BA342CF
:10F710007FF724AC4FF0000829E039463046FFF768
:10F72000CCF84042C0B202F8010C02F8020C02F818
:10F73000030C02F8040C0137019B0432BB42ECDCE1
:10F740004D4456440134029BA3427FF707AC2A463E
:10F750000027F1E741463046FFF7AFF8404205EB9E
:10F7600088013A46C0B2FFF773F908F10108019B1E
:10F770004345EFDC4D4456440134C7E7FC2F1BD80A
:10F78000029B43457FF7EAAB4FF0000B2BE0394675
:10F790003046FFF792F84042E25D05EB8701C0B2C8
:10F7A000FFF756F90137019BBB42F0DC039B4D4448
:10F7B00056441C4408F10108029B43457FF7CEAB39
:10F7C0000027F0E759463046FFF777F814F80B208A
:10F7D000404212FB07F205EB8B01120AC0B2FFF7A1
:10F7E00037F90BF1010B019B5B45EBDC039B4D44AF
:10F7F00056441C4408F10108C2E708A8FFF744F981
:10F8000000230493049A029B93427FF7A7AB4FF027
:10F8100000081DE041463046FFF74FF84042C0B2B5
:10F820008DF81D008DF81C00ECB114F8083013FBA6
:10F8300007F31B0A8DF81F308DF81E009BF822205D
:10F8400005EB8800079908ABFFF7A5F808F1010858
:10F85000019B4345DEDC0CB1039B1C44049B4D44DF
:10F8600056440133CDE73B46E4E700290B46B8BFD9
:10F87000CB1D4A4202F0070201F0070158BF514276
:10F880000122DB10C1F107018A40C15C0A43C25466
:10F89000704700290B46B8BFCB1D4A4202F0070251
:10F8A00001F0070158BF51420122DB10C1F10701ED
:10F8B00002FA01F1C25C22EA0102C25470470B460F
:10F8C0000029B8BFCB1DDB10C05C4B4203F007031F
:10F8D00001F0070158BF5942C1F10701084100F08A
:10F8E0000100704710B55AB1FC2A9FBFD34310FBEB
:10F8F00002F00C78DBB29CBF04FB0300000A087026
:10F9000010BDF0B585B0044610461F460D46019265
:10F9100008F0D4FB294606462046FFF7D0FF4242B6
:10F92000D2B2022F8DF80F2019D0032F1BD0012F38
:10F9300023D13244FF2AA8BFFF22D0B20DF10F011C
:10F940009DF80720FFF7CEFF9DF90F302946002BC9
:10F9500020460DDA05B0BDE8F040FFF786BF921BE8
:10F9600022EAE272E9E712FB06F2C2F30720E5E7BA
:10F9700005B0BDE8F040FFF78CBF05B0F0BD2DE944
:10F98000F04F8BB090F822700591002F40F0DE8090
:10F990004368426A0093836802F00708019390F875
:10F9A000213004680293C3680393D0E9066304938B
:10F9B000D0E904530693534203F0070358BFC3F141
:10F9C0000008029B002D52D1FC2B1CD8019B9D42AC
:10F9D00080F2BC80B14600273DE0484608F057FB66
:10F9E00010F0800F08EB0701204613D0FFF73DFF12
:10F9F000059B01379944009B9F42EEDB039B013539
:10FA00001C44049B1E44019B9D4280F29F80B14692
:10FA10000027F0E7FFF73DFFEAE7484608F037FB2D
:10FA200007EB080B824659462046FFF748FF404245
:10FA30008DF827000DF127015046029AFFF752FF7B
:10FA40009DF927305946002B20460DDAFFF70DFFB0
:10FA5000059B01379944009B9F42DEDB039B0135E8
:10FA60001C44049B1E44B1E7FFF713FFF0E7FC2B97
:10FA700030D8019B9F4269DAB2464FF0000957E047
:10FA8000504608F004FB08EB090B5946029020464B
:10FA9000FFF715FF404215F809208DF827000DF1FA
:10FAA00027010298FFF71EFF9DF927205946002ADB
:10FAB000204616DAFFF7D9FE059B09F101099A44A1
:10FAC000009B9945DCDB039B01371C44049B1E44CF
:10FAD000069B1D44019B9F4238DAB2464FF0000955
:10FAE000EEE7FFF7D6FEE7E7504608F0D0FA08EB5E
:10FAF000090B594607902046FFF7E1FE15F809204B
:10FB0000029B404212FB03F28DF82700120A07986D
:10FB10000DF12701FFF7E6FE9DF927205946002A3F
:10FB2000204610DAFFF7A1FE059B09F101099A446E
:10FB3000009B9945D8DB039B01371C44049B1E4462
:10FB4000069B1D4495E7FFF7A4FEEDE70BB0BDE86B
:10FB5000F08F2DE9F74FD0E904430546D0E901982D
:10FB6000C77ED0F80CA08069019308F05CFAC0F35E
:10FB7000C71306462868ED6900936B4203F007033C
:10FB800005F0070558BF5D42002C4BD1FC2F1ED855
:10FB9000009B13FB07F6C7F1FF0744450FDA4FF050
:10FBA000000B37E0002E05EB07010BDAFFF75DFED7
:10FBB00001374F45F6DB50440134444505DB03B0C3
:10FBC000BDE8F08FFFF765FEF2E70027F1E776B2B8
:10FBD000F3E70BEB05010B460029B8BFCB1DD1F1B4
:10FBE000000C4FEAE3030CF0070C01F00702C35CC2
:10FBF00058BFCCF10002C2F10702134103F0010328
:10FC000007FB0363FE33B3F5FE7F08D9FFF72DFE34
:10FC10000BF1010BCB45DCDB50440134BDE7FFF7B2
:10FC200038FEF5E7FC2F4FF0000B3DD8C345C6DA90
:10FC3000002666E0E35D3BB1FF2B05EB07010FD12A
:10FC4000002E2EDAFFF711FE01374F45F2DB019B44
:10FC500050441C440BF1010BC345B0DA0027F4E714
:10FC60000A460029B8BFCA1DD1F1000E0EF0070EDA
:10FC70004FEAE20201F0070C825C58BFCEF1000CA3
:10FC8000CCF1070C42FA0CF202F0010E009AC3F11B
:10FC9000FF0C13FB02F30CFB0E33FE33B3F5FE7FB8
:10FCA000D0D8FFF7F6FDCFE776B2D5E7A35D3BB33B
:10FCB000FF2213FB07F3A919B3FBF2F30A4600294D
:10FCC000B8BFCA1DD1F1000E0EF0070E4FEAE202D6
:10FCD00001F0070C825C58BFCEF1000CCCF1070C90
:10FCE00042FA0CF202F0010E009AC3F1FF0C5343EA
:10FCF0000CFB0E33FE33B3F5FE7F0AD9FFF7B5FDDB
:10FD000001364E45D2DB019B50441C440BF1010BE4
:10FD10008CE7FFF7BEFDF3E72DE9F04F8BB090F8CD
:10FD200020300446063B0F2B50D8DFE813F0750255
:10FD3000A0044F004F004F004F004F004F004F00F6
:10FD40002F013801360110004F004F007303436844
:10FD5000426A0193836802F007080293C36890F82F
:10FD600021A00393D0E906730493D0E904630593BB
:10FD7000534203F0070358BFC3F1000890F8223044
:10FD80000568002B40F0FF80002E4FD1BAF1FC0F28
:10FD900019D8029BB34219DD00243BE037F8140068
:10FDA00008F05CF910F0800F08EB0401284610D031
:10FDB000FFF75BFD0134019BA342EFDC039B01369F
:10FDC0001D44049B1F44029BB34205DC0BB0BDE8FD
:10FDD000F08FFFF75EFDEDE70024ECE737F8140045
:10FDE00008F03CF908EB040B814659462846FFF71A
:10FDF00066FD40428DF8240009A948465246FFF7A7
:10FE000071FD9DF924305946002B28460BDAFFF787
:10FE10002CFD0134019BA342E0DC039B01361D4411
:10FE2000049B1F44B5E7FFF734FDF2E7BAF1FC0F7E
:10FE30001C462DD8029BA342C8DD4FF0000951E0BB
:10FE400037F8190008F00AF908EB090B8246594601
:10FE50002846FFF734FD40428DF8240009A950469A
:10FE600016F80920FFF73EFD9DF924305946002B76
:10FE7000284613DAFFF7F9FC09F10109019B4B450C
:10FE8000DEDC039B01341D44049B1F44059B1E4480
:10FE9000029BA3429ADD4FF00009EFE7FFF7F9FC60
:10FEA000EAE737F8190008F0D9F808EB090B5946CA
:10FEB00006902846FFF703FD16F80920404212FB82
:10FEC0000AF28DF82400120A069809A9FFF70AFD24
:10FED0009DF924205946002A28460EDAFFF7C5FC72
:10FEE00009F10109019B4B45DBDC039B01341D44F7
:10FEF000049B1F44059B1E449CE7FFF7CAFCEFE7E9
:10FF000040F63A0240F20D4107EB49035B78DB080B
:10FF100053431B128DF8263037F81930C3F34513BD
:10FF20004B431B128DF8253017F8193003F01F03CF
:10FF300053431B128DF824301EB316F8093013FBFF
:10FF40000AF31B0A8DF8273008EB0901284694F8BC
:10FF50002230099AFFF7D5FC09F10109019B4B45B5
:10FF6000CEDC0EB1059B1E44039B0BF1010B1D441F
:10FF7000049B1F44029B5B457FF728AF4FF00009AD
:10FF8000ECE75346DEE74FF0000BF3E70321204692
:10FF90000BB0BDE8F04FFFF7F2BC0421F7E7436870
:10FFA000426A0293836890F821800393C3680568CE
:10FFB0000493D0E906730593D0E904630693534292
:10FFC00003F0070302F0070258BF5A4290F82230AC
:10FFD0000192002B40F01D81002E6AD1B8F1FC0F78
:10FFE0002ED8039BB3427FF7F1AEB946002454E00C
:10FFF000D8F8000008F062F8019B814604EB030A80
:020000040802F0
:1000000051462846FFF75BFC40428DF8240009A9C1
:10001000484698F80320FFF765FC9DF924305146C7
:10002000002B284613DAFFF720FC013408F10408FE
:10003000029BA342DCDC049B01361D44059B1F444C
:10004000039BB3427FF7C2AEB8460024F0E7FFF748
:1000500020FCEAE7D9F8000008F030F8019B82465E
:1000600004EB030B59462846FFF729FC99F80320B7
:10007000404212FB08F28DF8240009A95046120AEA
:10008000FFF730FC9DF924305946002B28460DDA45
:10009000FFF7EBFB013409F10409029BA342D9DC11
:1000A000049B01361D44059B1F449AE7FFF7F1FBB3
:1000B000F0E7B8F1FC0F1C4637D8039BA3427FF74B
:1000C00085AEBA464FF0000961E0D9F8000007F0AC
:1000D000F5FF019B824603EB080B59462846FFF7C4
:1000E000EEFB99F8033016F80820404212FB03F2A9
:1000F0008DF8240009A95046120AFFF7F3FB9DF979
:1001000024305946002B284617DAFFF7AEFB08F1DA
:10011000010809F10409029B4345D6DC049B013424
:100120001D44059B1F44069B1E44039BA3427FF76F
:100130004DAEB9464FF00008EDE7FFF7AAFBE6E742
:10014000DAF8000007F0BAFF019B079003EB090BF8
:1001500059462846FFF7B3FB16F809209AF8031012
:1001600012FB08F24A4340428DF82400120C079813
:1001700009A9FFF7B7FB9DF924205946002A284614
:1001800010DAFFF772FB09F101090AF1040A029B78
:100190004B45D5DC049B01341D44059B1F44069B45
:1001A0001E448AE7FFF775FBEDE75AF8030C9AF84F
:1001B000002009902EBB12FB08F2130A01998DF85A
:1001C00027304944284694F82230099AFFF799FBD2
:1001D00009F101090AF1040A029B4B45E5DC0EB165
:1001E000069B1E44049B0BF1010B1D44059B1F4401
:1001F000039B5B457FF7EAAD4FF0000907F1030A67
:10020000EAE716F8093013FB02F308FB03F31B0CB3
:10021000D4E74FF0000BEBE74368426A0193836831
:1002200002F007080293C36890F821900393D0E985
:1002300006730493D0E904630593534203F0070364
:1002400058BFC3F1000890F822300568002B40F039
:10025000DE80002E45D1B9F1FC0F16D8029BB342C7
:100260007FF7B4AD002430E03B572846002B08EB65
:10027000040110DAFFF7F9FA0134019BA342F3DC21
:10028000039B01361D44049B1F44029BB3427FF72E
:100290009DAD0024F1E7FFF7FCFAEDE708EB040A57
:1002A00051462846FFF70BFB40428DF8240009A970
:1002B000385D4A46FFF716FB9DF924305146002B66
:1002C00028460BDAFFF7D1FA0134019BA342E5DCA3
:1002D000039B01361D44049B1F44BFE7FFF7D9FA77
:1002E000F2E7B9F1FC0F1C462BD8029BA3427FF723
:1002F0006DAD4FF0000A4DE008EB090B594628465A
:10030000FFF7DDFA17F809A040428DF8240009A98B
:10031000504616F80920FFF7E5FA9DF924305946B2
:10032000002B284614DAFFF7A0FA09F10109019B16
:100330004B45E1DC039B01341D44049B1F44059B9A
:100340001E44029BA3427FF741AD4FF00009EEE748
:10035000FFF79FFAE9E717F80A3008EB0A0B59464E
:1003600028460693FFF7ABFA16F80A20404212FB24
:1003700009F28DF82400120A069809A9FFF7B2FACB
:100380009DF924205946002A28460EDAFFF76DFA17
:100390000AF1010A019B5345DDDC039B01341D4436
:1003A000049B1F44059B1E449FE7FFF772FAEFE78B
:1003B00017F80A308DF826308DF825308DF8243066
:1003C0001EB316F80A3013FB09F31B0A8DF8273009
:1003D00008EB0A01284694F82230099AFFF791FAAF
:1003E0000AF1010A019B5345E2DC0EB1059B1E4454
:1003F000039B0BF1010B1D44049B1F44029B5B45B7
:100400007FF7E4AC4FF0000AECE74B46DEE74FF035
:10041000000BF3E74368426A0193836802F0070B1D
:100420000293C36890F821800393D0E90673049384
:10043000D0E904630593534203F0070358BFC3F1A7
:10044000000B90F822300568002B40F00E81002E42
:100450005ED1B8F1FC0F28D8029BB3427FF7B6AC4F
:10046000002407F1010947E00BEB0409494628463F
:10047000FFF725FA40428DF8240009A917F8140067
:1004800018F81420FFF72EFA9DF924304946002B66
:10049000284612DAFFF7E9F90134019BA342E3DCB5
:1004A000039B01361D44049B1F44029BB3427FF70C
:1004B0008DAC002407F10108EFE7FFF7EAF9EBE75D
:1004C0000BEB040A51462846FFF7F9F919F81420F6
:1004D000404212FB08F28DF8240009A917F8140015
:1004E000120AFFF7FFF99DF924305146002B2846E8
:1004F0000BDAFFF7BAF90134019BA342E0DC039B5E
:1005000001361D44049B1F44A6E7FFF7C2F9F2E73A
:10051000B8F1FC0F1C4631D8029BA3427FF756ACC2
:100520007B1C4FF00009069356E00BEB080A51467E
:100530002846FFF7C4F916F8083019F81820404289
:1005400012FB03F28DF8240009A917F81800120A0B
:10055000FFF7C8F99DF924305146002B284616DADA
:10056000FFF783F908F10108019B4345DDDC039B9C
:1005700001341D44049B1F44059B1E44029BA3425F
:100580007FF724AC4FF0000807F10109ECE7FFF713
:1005900080F9E7E70BEB090A51462846FFF78FF988
:1005A000069B404213F8192016F809308DF82400F4
:1005B00012FB03F208FB02F217F8190009A9120C4A
:1005C000FFF790F99DF924305146002B28460EDAAA
:1005D000FFF74BF909F10109019B4B45DADC039B5D
:1005E00001341D44049B1F44059B1E4494E7FFF700
:1005F00050F9EFE71AF8013C9AF800208DF8263000
:100600008DF825308DF824303EBB12FB08F2130A1A
:100610008DF827300BEB0901284694F82230099A0F
:10062000FFF76FF909F101090AF1020A019B4B4535
:10063000E0DC0EB1059B1E44039B1D44049B1F443C
:10064000069B01330693069A029B93427FF7BEAB4B
:100650004FF0000907F1010AE8E716F8093013FB2B
:1006600002F308FB03F31B0CD2E70023EAE743681D
:10067000426A0193836802F007080293C36890F806
:1006800021900393D0E906730493D0E904630593A2
:10069000534203F0070358BFC3F1000890F822301B
:1006A0000568002B40F0E780002E49D1B9F1FC0F1E
:1006B0001AD8C9F1FF0A029BB3427FF787AB002427
:1006C00032E021463846FFF7FAF804EB080188B11A
:1006D0002846FFF7CAF80134019BA342F1DC039BD3
:1006E00001361D44049B1F44029BB3427FF76EAB4F
:1006F0000024F1E72846FFF7CCF8ECE7214638461E
:10070000FFF7DDF8024604EB080B59462846FFF7D1
:10071000D6F819FB02F200FB0A22120659462846B7
:100720000BD5FFF7A2F80134019BA342E6DC039B43
:1007300001361D44049B1F44BDE7FFF7AAF8F2E70A
:10074000B9F1FC0F1C462BD8029BA3427FF73EABAE
:100750004FF0000A4EE049463846FFF7B0F88246AF
:1007600008EB090B59462846FFF7A9F816F80920A7
:100770005946C2F1FF0312FB0AF200FB03221306E3
:10078000284614D5FFF771F809F10109019B4B4583
:10079000E1DC039B01341D44049B1F44059B1E4464
:1007A000029BA3427FF712AB4FF00009EEE7FFF781
:1007B00070F8E9E716F80A20D2B151463846FFF73B
:1007C0007EF8834608EB0A0128460691FFF777F882
:1007D00012FB09F21212C2F1FF0312FB0BF200FB33
:1007E000032212F0800F284606990ED0FFF73DF83D
:1007F0000AF1010A019B5345DCDC039B01341D44D3
:10080000049B1F44059B1E449EE7FFF742F8EFE759
:1008100051463846FFF753F84042C0B28DF82500E4
:100820008DF824002EB316F80A3013FB09F31B0AC7
:100830008DF827308DF826000AEB0801284694F839
:100840002230099AFFF75DF80AF1010A019B53452E
:10085000DEDC0EB1059B1E44039B0BF1010B1D4416
:10086000049B1F44029B5B457FF7B0AA4FF0000A30
:10087000ECE74B46DCE74FF0000BF3E7CB10C94346
:10088000C05C01F00701084100F00100704710B59D
:100890005AB1FC2A9FBFD34310FB02F00C78DBB2A5
:1008A0009CBF04FB0300000A087010BD37B5154655
:1008B00004460846019107F001FC022D11D0032DDA
:1008C00014D0012D18D123780344FF2BA8BFFF2398
:1008D000D8B221469DF8072003B0BDE83040FFF7AD
:1008E000D6BF23781B1A23EAE373F1E7237813FBBF
:1008F00000F3C3F30720ECE703B030BD2DE9F04F60
:1009000089B0436807460093836888460193C368AB
:1009100090F821900293D0E906530393D0E9044361
:10092000049390F822300668002B40F0A980F4B9B7
:10093000B9F1FC0F14D8019B9C4280F2A380AA4617
:10094000002729E0484607F0A2FBC144F0550137D3
:10095000009B9F42F6DB029B01341E44039B1D4417
:10096000019B9C4280F28E80A9460027F0E7B9F1F6
:10097000FC0F1F462FD8019B9F4280F28380AB461D
:100980004FF0000A3DE0504607F081FBF1194A465E
:10099000FFF77DFF0137C244009B9F42F3DB029BC0
:1009A00001341E44039B1D44C5E7504607F06FFB0E
:1009B00014F8092006EB0901FFF769FF09F10109A5
:1009C000C244009B9945F0DB029B01371E44039B08
:1009D0001D44049B1C44019B9F4253DAAA464FF0DE
:1009E0000009EEE7584607F052FB14F80A2006EB20
:1009F0000A0112FB09F2120AFFF749FF0AF1010A84
:100A0000C344009B9A45EDDB029B01371E44039BC8
:100A10001D44049B1C44AEE79BF802208DF81E2069
:100A20009BF801208DF81D209BF800208DF81C20DC
:100A300024B314F80A2012FB09F2120A8DF81F20C1
:100A400006EB0A0097F8222007990593FFF72EFF7F
:100A5000059B0AF1010AC344009A9245DCDB0CB104
:100A6000049A1444029A01331644039A1544019AD5
:100A7000934207DAAB464FF0000AEDE74A46DDE75E
:100A80000023F4E709B0BDE8F08F2DE9F74F0546E4
:100A9000D0E90167D0E9044990F81BA0D0F80C8098
:100AA0008069002C5AD1BAF1FC0F3FD907F0BBFA8C
:100AB000002E0346286806F1FF3525F00F05D8BF44
:100AC0000025A6F1100CBC4237DA014620E01146A1
:100AD00002F8103C02F80F3C02F80E3C02F80D3C04
:100AE00002F80C3C02F80B3C02F80A3C02F8093C04
:100AF00002F8083C02F8073C02F8063C02F8053C04
:100B000002F8043C02F8033C02F8023C02F8013C03
:100B100001F11002091A8C45D9DC2A46B24202DBE7
:100B200040440134CFE783540132F7E707F07BFA02
:100B30008346D5F80090BC420EDB03B0BDE8F08FD1
:100B400009EB050152465846FFF7A1FE0135B542B3
:100B5000F6DBC1440134EEE70025F8E7BAF1FC0FFB
:100B600018D94FF0000A07F05EFAD5F800B0BA4580
:100B7000E3DA002507E0625D0BEB05010090FFF76B
:100B800086FE00980135B542F5DBC3444C440AF1BA
:100B9000010AECE74FF0000B07F045FA2B68BB4564
:100BA000CBDA00250BE0625D591912FB0AF2013520
:100BB000120ACDE90003FFF76AFEDDE90003B54242
:100BC000F1DB43444C440BF1010BE8E72DE9F04F16
:100BD00089B090F820308146063B0F2B3CD8DFE8E7
:100BE00013F0A301FD023B003B003B003B003B0038
:100BF0003B003B00CD00D600D40010003B003B0082
:100C00003C02D0E9018390F822B00193C36890F8C8
:100C1000217002930668D0E90443D0E9065A039391
:100C2000BBF1000F40F0A8806CBBFC2F11D8019BDA
:100C3000A34211DD4FF0000B1EE035F8170007F05E
:100C40000DFAF0550137B845F7DC029B55441E44B8
:100C50000134019BA34202DC09B0BDE8F08F0027FC
:100C6000F1E735F81B0007F0F9F906EB0B013A46FE
:100C7000FFF70DFE0BF1010BD845F2DC029B55444A
:100C80001E440134D3E7FC2F17D8019B5B45E3DDFD
:100C90004FF0000925E035F8170007F0DFF9E25DB5
:100CA000F119FFF7F4FD0137B845F4DC029B554418
:100CB0001E44039B0BF1010B1C44019B5B45CBDDE8
:100CC0000027F1E735F8190007F0C8F914F80920F2
:100CD00006EB090112FB07F2120AFFF7D8FD09F132
:100CE0000109C845EEDC029B55441E44039B0BF1F1
:100CF000010B1C44C9E740F63A0140F20D4005EBF8
:100D00004B025278D2084A4312128DF81E2035F851
:100D10001B20C2F34512424312128DF81D2015F814
:100D20001B2002F01F024A4312128DF81C200CB344
:100D300014F80B2012FB07F2120A8DF81F2006EBA5
:100D40000B0099F8222007990493FFF7AFFD049B4D
:100D50000BF1010BD845CEDC0CB1039A1444029A76
:100D6000554416440133019A9A427FF775AF4FF00C
:100D7000000BEFE73A46E0E70023F4E7032148469B
:100D800009B0BDE8F04FFFF7B9BD0421F7E74368AC
:100D900090F822700193836890F821800293C368D1
:100DA00006680393D0E9065AD0E904430493002F60
:100DB00040F0B780002C3AD1B8F1FC0F19D8029B53
:100DC000A3427FF749AFAB46002728E0D8F80000E0
:100DD00007F074F998F80320F119FFF758FD01376F
:100DE00008F10408019BBB42F0DC039B55441E4400
:100DF0000134029BA3427FF72FAFA8460027F1E7FB
:100E0000DBF8000007F05AF99BF80320F11912FBF8
:100E100008F2120AFFF73BFD01370BF1040B019BAF
:100E2000BB42EDDC039B55441E440134C7E7B8F1D7
:100E3000FC0F23D8029BBB427FF70EAFA9464FF0B1
:100E4000000B37E0DBF8000007F038F99BF80320CF
:100E500014F8083006EB080112FB03F2120AFFF740
:100E600016FD08F101080BF1040B019B4345E9DC79
:100E7000039B55441E44049B01371C44029BBB4208
:100E80007FF7EAAEAB464FF00008EEE7D9F8000076
:100E900007F014F999F8032014F80B1012FB08F26C
:100EA0004A4306EB0B01120CFFF7F1FC0BF1010BAF
:100EB00009F10409019B5B45E8DC039B55441E4492
:100EC000049B01371C44B5E755F8270013F8271099
:100ED0000790FCB918FB01F10A0A8DF81F20F019E0
:100EE00099F8222007990593FFF7E0FC059B01374D
:100EF000019ABA42E8DC0CB1049B1C44039B5544A4
:100F00001E440BF1010B029B5B457FF7A5AE00274A
:100F1000EB1CEDE7E25D12FB01F208FB02F2120CA2
:100F2000DBE74FF0000BEEE7436890F82270019387
:100F3000836890F8218002930568D0E90443D0F8D3
:100F40000CA00393D0E9066B002F40F084800CBB0B
:100F5000B8F1FC0F0DD8029BA3427FF77DAE0027AE
:100F600011E031462846019A08F079FE55445E4466
:100F70000134029BA342F4DC6EE6F05DE9194246BF
:100F8000FFF785FC0137019BBB42F6DC55445E440C
:100F90000134E0E7B8F1FC0F18D8029BBB427FF7A1
:100FA0005BAE4FF0000925E014F8082016F80800A1
:100FB00005EB0801FFF76BFC08F10108019B4345B5
:100FC000F2DC039B55445E441C440137029BBB4248
:100FD0007FF742AE4FF00008F0E714F8092016F84A
:100FE000090012FB08F205EB0901120AFFF74FFC9A
:100FF00009F10109019B4B45EFDC039B55445E441D
:101000001C440137C9E7F25D8DF81E208DF81D20C4
:101010008DF81C20ECB1E25D12FB08F2120A8DF88B
:101020001F20E81999F8222007990493FFF73EFC46
:10103000049B0137019ABA42E5DC0CB1039A1444CF
:1010400055445E440133029A9A427FF705AE002769
:10105000F0E74246E3E70023F5E7436890F82270A3
:101060000193836890F821800293C3680568039315
:10107000D0E9066AD0E904430493002F40F0AB8026
:10108000B4BBB8F1FC0F17D8029BA3427FF7E4ADC5
:10109000B346002722E0E91918F8012C18F8020CD1
:1010A000FFF7F5FB0137019B08F10208BB42F2DCB8
:1010B000039B56441D440134029BA3427FF7CCADF1
:1010C000B0460027EFE71BF8012CE91912FB08F2E4
:1010D0001BF8020C120AFFF7DAFB0137019B0BF138
:1010E000020BBB42EFDC039B56441D440134CBE7AB
:1010F000B8F1FC0F21D8029BBB427FF7ADADB146E2
:101100004FF0000B32E014F808301BF8012C05EB0F
:10111000080112FB03F21BF8020C120AFFF7B7FBDF
:1011200008F10108019B0BF1020B4345EBDC039B2B
:1011300056441D44049B01371C44029BBB427FF76D
:101140008BADB3464FF00008ECE714F80B1019F81C
:10115000012C19F8020C12FB01F208FB02F205EB5C
:101160000B01120CFFF793FB0BF1010B019B09F133
:1011700002095B45E9DC039B56441D44049B01378F
:101180001C44B8E716F817308DF81E308DF81D3066
:101190008DF81C30ECB1E35D13FB08F31B0A8DF8EE
:1011A0001F30E81999F822200799FFF77FFB0137D4
:1011B000019BBB42E6DC0CB1049B1C44039B5644E0
:1011C0001D440BF1010B029B5B457FF745AD0027EA
:1011D000EEE74346E3E74FF0000BF4E7436890F88F
:1011E00022800193836890F821700293C368056898
:1011F0000393D0E9066AD0E904430493B8F1000FE1
:1012000040F0AC80002C38D1FC2F1AD8029BA342AE
:101210007FF722AD4FF0000827E041463046FFF748
:101220002DFB404205EB08013A46C0B2FFF72FFB09
:1012300008F10108019B4345EFDC039B56441D4424
:101240000134029BA3427FF707AD4FF00008F1E79E
:1012500041463046FFF712FB404205EB08013A4693
:10126000C0B2FFF714FB08F10108019B4345EFDC16
:10127000039B56441D440134C8E7FC2F1BD8029B36
:1012800043457FF7E9AC4FF0000B2BE03946304681
:10129000FFF7F4FA4042E25DE919C0B2FFF7F7FA4E
:1012A0000137019BBB42F1DC039B56441D44049B68
:1012B00008F101081C44029B43457FF7CDAC002791
:1012C000EFE759463046FFF7D9FA14F80B204042B1
:1012D00012FB07F205EB0B01120AC0B2FFF7D7FAB7
:1012E0000BF1010B019B5B45EBDC039B56441D445A
:1012F000049B08F101081C44C1E741463046FFF752
:10130000BDFA4042C0B28DF81D008DF81C001CB320
:1013100014F8083013FB07F31B0A8DF81E008DF834
:101320001F3005EB080099F822200799FFF7BEFA55
:1013300008F10108019B4345DFDC0CB1049B1C4410
:10134000039B56441D440BF1010B029B5B457FF749
:1013500083AC4FF00008EDE73B46DEE74FF0000BB3
:10136000F3E7CB10C943C05C01F00701084100F06E
:10137000010070472DE9F04F87B08046D0E9017336
:101380008069019306F096FDD8E904530393D8F8D9
:101390000C30064698F81B90D8F800400293002DB8
:1013A00040F0B180B9F1FC0F42D9791E21F00F0154
:1013B0007800490006EB0642A3EB4707019B9D42DC
:1013C00002DB07B0BDE8F08FA30704EB000C04EBD1
:1013D000010E18BF24F8026B234673451BD30EF190
:1013E0001F031B1BA4F11F0823F01F03C64538BFB2
:1013F000002323441C46644517D30CF10104E41A6E
:1014000024F0010403F1FF3EF44538BF00243C44BE
:101410001C440135D2E7C3E90022C3E90222C3E933
:101420000422C3E906222033D7E724F8026BE2E75F
:1014300023880133CDE90353BB1E0593039B019A17
:101440009342BEDA14F0030A07D04A463046218898
:10145000E6F7BAFF4FF0010A2080D34604EB4A08B2
:10146000059B5B4514DC07F1FF38A8EB0A0828F060
:1014700001085745D8BF4FF00008D04404EB480A94
:10148000B84535DB029B1C44039B01330393D5E72E
:1014900034F81B00B8F80210814213D001464A46C6
:1014A0003046E6F791FF24F81B004A463046B8F86C
:1014B0000210E6F789FFA8F802000BF1020B08F111
:1014C0000408CDE7D8F80020049B9A4202D1C8F85E
:1014D0000050F2E7D8F800304A4630460493E6F769
:1014E00073FF24F81B00A8F80200D8F80050E4E7C6
:1014F000BAF800104A463046E6F766FF08F10108E0
:101500002AF8020BBCE7B9F1FC0F4FF0000B2FD803
:10151000019B9B45BFF655AF4FF00008A4F1020AAE
:1015200069E015F0010807D030462A782188E6F7EF
:101530004BFF4FF001082080C1467A1E04EB480A99
:1015400005EB08030492049A4A4515DCA7EB08034F
:1015500023F00103B845C8BF0023984404EB4809B1
:10156000B8452EDB029B0BF1010B1C44039B1D4471
:10157000019B9B45D5DB24E74FF6FF711A888A4211
:1015800009D124F81960AAF8026009F102090AF1E8
:10159000040A0233D7E7002AF7D01A7834F8191072
:1015A00030460593E6F710FF059B24F819005A789A
:1015B0003046BAF80210E6F707FF059BAAF80200CA
:1015C000E3E715F80820B9F800103046E6F7FCFE0E
:1015D00008F1010829F8020BC2E715F808203AF8CB
:1015E000021F12FB09F23046120AE6F7EDFE08F17F
:1015F0000108AAF80000B845EFDB029B0BF1010BD4
:101600001C44039B1D4483E72DE9F04F87B090F8FD
:1016100020208146063A0F2A2DD8DFE812F09302E7
:10162000EC042C002C002C002C002C002C002C0096
:101630003B014401420110002C002C00A20343682E
:1016400090F822500093836890F821800193C3683A
:1016500006680293D0E9067AD0E904430493002D8A
:1016600040F0168164BBB8F1FC0F22D9009B5D00ED
:10167000019BA34202DC07B0BDE8F08F394630463B
:101680002A4608F0ECFA029B57441E440134EFE767
:101690003BF8021F37F815004246E6F795FE013584
:1016A000ABF80000009BAB42F2DC029B57441E44A7
:1016B0000134019BA342DEDD0025A6F1020BF1E718
:1016C000B8F1FC0F1CD8019BAB42D4DD4FF0000BEE
:1016D000A6F102092BE014F808203BF8021F37F8A6
:1016E0001800E6F771FE08F10108ABF80000009B56
:1016F0004345F0DC029B57441E44049B01351C44C7
:10170000019BAB42B7DD4FF00008A6F1020BEEE7FC
:1017100014F80B2039F8021F12FB08F237F81B00EF
:10172000120AE6F751FE0BF1010BA9F80000009B2D
:101730005B45EDDC029B57441E44049B01351C4471
:10174000C1E799F82220022A4ED0032A71D0012A3B
:1017500091D1BBF8001051B39BF801206878D208F2
:1017600002EBD00228881F2AC1F34511C0F34510AF
:101770000844A8BF1F223F28A8BF3F20D20292B230
:1017800002EB401290B229789BF8002001F01F0173
:1017900002F01F0211441F29D4BF40181F302988AE
:1017A00080B2002C6BD14246E6F70EFE2880039BE8
:1017B0000BF1020B013303930235009B039A934212
:1017C000BFDC029B57441E440CB1049B1C44059B88
:1017D00001330593059A019B93427FF74CAF002399
:1017E000BB4635460393E8E7BBF800100029DED07E
:1017F0009BF801206878D208C2EBD0022888C1F398
:10180000451122EAE272C0F34510401AD20220EAE2
:10181000E07092B202EB401290B229789BF800205F
:1018200001F01F0102F01F02891A0029A8BF401809
:10183000B5E74FF6FF72BBF800109142B7D06A7857
:101840009BF80100D208C00812FB00F22888C1F3FF
:101850004511C0F3451010FB01F0801152114001F9
:1018600000EBC2209BF800102A7801F01F0102F063
:101870001F0212FB01F280B200EB52108FE7039BB4
:10188000B8F1FC0FE25C9CBF12FB08F2120A8BE776
:1018900000239EE70321484607B0BDE8F04FE3F779
:1018A000D7B80421F7E7436890F822700093836863
:1018B00090F821800193C36806680293D0E906532B
:1018C0000393D0E904430493002F40F03981002CA6
:1018D00040D1B8F1FC0F1CD8019BA3427FF7CBAEDF
:1018E0002F464FF0000AA6F1020B2AE0FA7838469C
:1018F0003AF8021FE3F776F808F10108AAF80000A9
:101900000437009B4345F1DC029B01341E44039BDA
:101910001D44019BA3427FF7AEAE2F464FF0000857
:10192000A6F1020AEDE7FA78384612FB08F23BF816
:10193000021F120AE3F756F80AF1010AABF8000099
:101940000437009B5345EEDC029B01341E44039B8D
:101950001D44C1E7B8F1FC0F25D8019BBB427FF7BE
:101960008AAEAB464FF0000AA6F1020939E014F83E
:1019700008309AF80320504612FB03F23BF8021F8E
:10198000120AE3F72FF808F10108ABF800000AF19A
:10199000040A009B4345EADC029B01371E44039B7B
:1019A0001D44049B1C44019BBB427FF764AEAA46C6
:1019B0004FF00008A6F1020BEBE714F80A109BF8B1
:1019C0000320584612FB01F208FB02F239F8021F0D
:1019D000120CE3F707F80AF1010AA9F800000BF16D
:1019E000040B009B5345E8DC029B01371E44039B1C
:1019F0001D44049B1C44B0E799F82220022A51D0D0
:101A0000032A70D0012A7FF436AE9AF80120B97803
:101A1000D20802EBD1021F2AA8BF1F22D002BAF8B7
:101A200000207978C2F3451202EB91023F2AA8BF49
:101A30003F2280B200EB42109AF80020397802F081
:101A40001F0280B202EBD1021F2AD4BF80181F30C0
:101A5000BAF8001080B2002C65D1FA78B8F1FC0F0A
:101A60009CBF18FB02F2120AE6F7AEFC0BF1010B69
:101A70002AF8020B0437009B5B45BDDC029B1E4429
:101A8000039B1D440CB1049B1C44059B013305932F
:101A9000059A019B93427FF7EEADB2462F464FF079
:101AA000000BE8E7BA789AF80110D208C2EBD1022D
:101AB00022EAE272D002BAF800207978C2F3451225
:101AC000A2EB910222EAE27280B200EB42109AF895
:101AD0000020397802F01F0280B2A2EBD102002A66
:101AE000A8BF8018B4E7BA789AF80110D208C908DC
:101AF00012FB01F27878BAF800108008C1F34511A2
:101B000010FB01F080115211400100EBC2209AF845
:101B100000103A7801F01F01D20812FB01F280B2E6
:101B200000EB521094E714F80B20B8F1FC0F9FBFA4
:101B300012FB08F297F803C00CFB02F2120C93E7B9
:101B40000023A4E7436890F822700093836890F81C
:101B500021800193C36805680293D0E9066AD0E941
:101B600004430393002F40F0FA8074BBB8F1FC0FDC
:101B700014D8019BA3427FF77EAD0027A5F1020B8D
:101B80001BE0705CE2F7F0FE25F811000131009BCC
:101B90008B42F6DC029B56441D440134019BA34258
:101BA0007FF769AD0021F2E7F05D3BF8021F424686
:101BB000E2F7E6FE0137ABF80000009BBB42F3DC26
:101BC000029B56441D440134D3E7B8F1FC0F1DD8E5
:101BD000019BBB427FF74FAD4FF0000BA5F102090F
:101BE0002CE014F8082016F808003BF8021FE2F772
:101BF000C7FE08F10108ABF80000009B4345F0DC8C
:101C0000029B56441D44039B01371C44019BBB426D
:101C10007FF731AD4FF00008A5F1020BEDE714F8A6
:101C20000B2016F80B0012FB08F239F8021F120AFB
:101C3000E2F7A6FE0BF1010BA9F80000009B5B4543
:101C4000EDDC029B56441D44039B01371C44BFE757
:101C500099F8221016F82BC002294FEADC024FEA4D
:101C60009C0C41D0032958D001297FF404AD787829
:101C7000398802EBD0001F28C1F345116144A8BF89
:101C80001F203F29A8BF3F21C00280B200EB4110B6
:101C9000397880B201F01F010A441F2AD4BF80188E
:101CA0001F3080B2002C4FD1B8F1FC0F03D8424650
:101CB0003988E6F789FB27F8020B0BF1010B009B33
:101CC0005B45C5DC029B56441D440CB1039B1C4480
:101CD000049B01330493049A019B93427FF7CBAC9E
:101CE0002F464FF0000BEAE778783988C2EBD00036
:101CF00020EAE070C1F34511C002A1EB0C0121EA1A
:101D0000E17180B200EB4110397880B201F01F011F
:101D10008A1A002AA8BF8018C3E738887978C0F3E8
:101D2000451010FB0CF0C90811FB02F1801149119C
:101D3000400100EBC120397880B201F01F0111FB96
:101D400002F200EB5210ACE714F80B20B8F1FC0FD4
:101D500098BF12FB08F2398898BF120AA9E700233E
:101D6000B8E7436890F822700093836890F8218068
:101D70000193C36806680293D0E906530393D0E940
:101D800004430493002F40F03481002C44D1B8F177
:101D9000FC0F1ED8019BA3427FF76DAC2F464FF07E
:101DA000000AA6F1020B2DE017F8012C3AF8021FE9
:101DB00017F8020CE2F7E4FD08F10108AAF80000A8
:101DC000009B02374345EFDC029B01341E44039B1A
:101DD0001D44019BA3427FF74EAC2F464FF00008F5
:101DE000A6F1020AECE717F8012C3BF8021F12FBE0
:101DF00008F217F8020C120AE2F7C2FD0AF1010A12
:101E0000ABF80000009B02375345ECDC029B013429
:101E10001E44039B1D44BDE7B8F1FC0F26D8019B6F
:101E2000BB427FF728ACAB464FF0000AA6F102098F
:101E300039E014F808301AF8012C3BF8021F12FBA5
:101E400003F21AF8020C120AE2F79AFD08F10108EF
:101E5000ABF80000009B0AF1020A4345E9DC029B53
:101E600001371E44039B1D44049B1C44019BBB4241
:101E70007FF701ACAA464FF00008A6F1020BE9E794
:101E800014F80A101BF8012C1BF8020C12FB01F2CB
:101E900008FB02F239F8021F120CE2F771FD0AF199
:101EA000010AA9F80000009B0BF1020B5345E7DC87
:101EB000029B01371E44039B1D44049B1C44AEE758
:101EC00099F8221097F800C002294FEADC024FEA85
:101ED0009C0C4BD0032965D001297FF4CCAB9AF838
:101EE0000100BAF8001002EBD0001F28C1F3451121
:101EF0006144A8BF1F203F29A8BF3F21C00280B274
:101F000000EB41109AF8001080B201F01F010A4462
:101F10001F2AD4BF80181F30BAF8001080B2002CDE
:101F20005AD17A78B8F1FC0F9CBF18FB02F2120A62
:101F3000E6F74AFA0BF1010B2AF8020B0837009B6F
:101F40005B45BDDC029B1E44039B1D440CB1049BFE
:101F50001C44059B01330593059A019B93427FF72F
:101F60008AABB2462F464FF0000BE8E79AF8010023
:101F7000BAF80010C2EBD00020EAE070C1F34511BE
:101F8000C002A1EB0C0121EAE17180B200EB41102B
:101F90009AF8001080B201F01F018A1A002AA8BF27
:101FA0008018B9E7BAF800009AF80110C0F345109C
:101FB00010FB0CF0C90811FB02F18011491140011E
:101FC00000EBC1209AF8001080B201F01F0111FB54
:101FD00002F200EB52109FE714F80B20B8F1FC0F4F
:101FE0009FBF12FB08F297F801C00CFB02F2120C23
:101FF0009EE70023AFE7436890F822700093836860
:1020000090F821800193C36805680293D0E9066ABD
:10201000D0E904430393002F40F0F380002C38D123
:10202000B8F1FC0F19D8019BA3427FF724AB00271E
:10203000A5F1020B25E039463046FFF792F9404200
:10204000C0B2E2F791FC25F817000137009BBB42B4
:10205000F1DC029B56441D440134019BA3427FF7EF
:102060000AAB0027F2E739463046FFF77AF94042DB
:102070003BF8021F4246C0B2E2F782FC0137ABF8E0
:102080000000009BBB42EEDC029B56441D44013421
:10209000C9E7B8F1FC0F21D8019BBB427FF7EBAA3F
:1020A0004FF0000BA5F1020934E041463046FFF73E
:1020B00058F9404214F808203BF8021FC0B2E2F77A
:1020C0005FFC08F10108ABF80000009B4345ECDC25
:1020D000029B56441D44039B01371C44019BBB4299
:1020E0007FF7C9AA4FF00008A5F1020BEDE75946AA
:1020F0003046FFF736F914F80B20404212FB08F285
:1021000039F8021F120AC0B2E2F73AFC0BF1010BD8
:10211000A9F80000009B5B45E9DC029B56441D4486
:10212000039B01371C44B7E73046FFF71AF999F8CB
:1021300022204042022AC0B231D0032A36D0012ADE
:102140007FF499AAE2F710FC4FF6FE7279880844F2
:10215000904246DC80B2002C48D1B8F1FC0F03D885
:1021600042467988E6F730F927F8020F0BF1010BA8
:10217000009B4FEA8B015B45D6DC029B56441D4415
:102180000CB1039B1C44049B01330493049A019BF0
:1021900093427FF770AA4FF0000BAF1EE8E7E2F71B
:1021A000E3FB798881421FDD081AD3E7E2F7DCFB05
:1021B0007988C0F3CF0CCA0A0CFB02F200F01F0EA4
:1021C00001F01F0C0EFB0CFC4FEA6C1C4CEAC22CFD
:1021D000C0F38500C1F34512504380114CEA401012
:1021E000B8E74FF6FF70B6E70020B4E714F80B200D
:1021F000B8F1FC0F98BF12FB08F2798898BF120A59
:10220000B0E70023C1E7CB10C943C05C01F0070170
:10221000084100F00100704722B1FC2A03D9087080
:10222000487088707047D34310FB02F00A78DBB225
:1022300002FB0302120A0A704A7802FB0302120A26
:102240004A708A7802FB0300000AEAE730B53AB127
:10225000FC2A037805D90B7043784B7083788B7018
:1022600030BDD44313FB02F30D78E4B205FB043315
:102270001B0A0B704B78457813FB04F305FB023304
:102280001B0A4B708B78807813FB04F300FB02333E
:102290001B0AE4E730B585B0022A0191CCB2C1F344
:1022A0000725C1F3074121D0032A30D0012A1BD1D1
:1022B00003782344FF2BA8BFFF238DF80C3043780D
:1022C0002B44FF2BA8BFFF238DF80D3083780B44E0
:1022D000FF2BA8BFFF23DBB201469DF8072003A810
:1022E0008DF80E30FFF7B2FF05B030BD03781B1B31
:1022F00023EAE3738DF80C3043785B1B23EAE37326
:102300008DF80D3083785B1A23EAE373E3E70378F3
:1023100013FB04F31B128DF80C30437813FB05F309
:102320001B128DF80D30837813FB01F31B0AD3E7E2
:102330002DE9F04F8BB0436807464B430193836808
:1023400088460293C36891460393D0E906630493D9
:10235000D0E90443069390F8223090F821A0056854
:10236000002B40F0BA8064BBBAF1FC0F44D9914213
:102370000FD0029B9C420FDA32462B4617E03146C3
:102380002846019A07F06BFC039B01341D44049B13
:102390001E44029B9C42F2DB0BB0BDE8F08F11782B
:1023A00019705178597091784A4499704344019852
:1023B000591B8142F3DB039B01341D44049B1E44E3
:1023C000D7E7BAF1FC0F1F4630D8029B9F42E3DAF1
:1023D00030464FF0000B631E40E05846E919524664
:1023E000FFF734FF4744CB44019B9F42F5DB039B3F
:1023F00001341D44049B1E44029B9C42CCDAB3462C
:102400000027F1E705EB0A011BF8012F0590FFF704
:102410001DFF0598C2444844019B9A45F2DB039B8B
:1024200001371D44049B1E44069B1C44029B9F4293
:10243000B2DA30464FF0000A04F1FF3BECE713F844
:10244000012F05EB0B0112FB0AF2120A079305900C
:10245000FFF7FCFE0598079BC3444844019A934547
:10246000EDDB039B01371D44049B1E44069B1C446B
:10247000ABE79A788DF826205A788DF825201A78BF
:102480008DF824203CB314F80B2012FB0AF2120A38
:102490008DF8272005EB0B0097F822200999079368
:1024A000FFF7F8FE079BC3444B44019A9345E0DBDA
:1024B0000CB1069B1C44039B1D44049B1E44059BBE
:1024C00001330593059B029A9342BFF665AF3346ED
:1024D0004FF0000BE9E75246DAE70023F1E72DE978
:1024E000F04F87B0D0E904438046D0E901A70D46FC
:1024F00090F81B90C6680193002C76D1B9F1FC0FBF
:102500005AD9032925D104680AEB4A0A2346D91C63
:102510001B1B9A4507DC012504EB0608BD4210DBB6
:1025200007B0BDE8F08F98F8183001F8033C98F830
:10253000193001F8023C98F81A3001F8013C0B46BA
:10254000E5E740465246214607F089FBB044013595
:10255000E4E70429E4D1806905F0BAFCBAF1000F80
:102560002AF00F02B8BF0022D8F80010AAF10F0C11
:10257000BC42D5DA0B46002510E043E9100043E9E0
:102580000E0043E90C0043E90A0043E9080043E96F
:10259000060043E9040043E902001035AC4503F1AD
:1025A0004003EADC1346534502DB31440134DFE7E4
:1025B00041F823000133F6E7806905F089FC05FB4B
:1025C0000AFAD8F800B00590BC42A9DA4FF000082A
:1025D00006E00BEB08014A4605A8FFF737FEA844C2
:1025E000D045F6DBB3440134EEE701FB0AF3B9F161
:1025F000FC0F806902931ED905F06AFC4FF00009B8
:10260000D8F800A00590B9458ADA4FF0000804F127
:10261000FF3B07E00AEB08011BF8012F05A8FFF7B5
:1026200015FEA844029B9845F4DB019BB2441C4470
:1026300009F10109E7E705F04BFC4FF0000AD8F873
:1026400000B00590BA45BFF66BAF4FF00008631EAF
:102650000CE013F8012F0BEB080112FB09F205A89F
:10266000120A0393FFF7F2FD039BA844029A9045D8
:10267000EFDB019BB3441C440AF1010AE2E72DE9B8
:10268000F04F8BB090F820300446063B01910F2BA1
:1026900000F2D082DFE813F02702B203CE02CE02AE
:1026A000CE02CE02CE02CE02CE024B015601540122
:1026B0001000CE02CE02D902D0E901B30293C36862
:1026C00090F821900393D0E906530493D0E9046372
:1026D000059390F822300768002B40F02381002EEC
:1026E00062D1B9F1FC0F30D840F63A0840F20D4AF9
:1026F000029BB34240F39E82394600244CE005EB36
:1027000042035B78DB0843431B128B7035F81230B1
:10271000C3F3451363431B124B7015F8123001329B
:1027200003F01F0343431B120B70019B1944934595
:10273000E5DC039B01361F44049B1D44029BB3420E
:1027400040F3788239460022F1E740F63A0040F241
:102750000D44F3E705EB44035B784A46DB0808FBCE
:1027600003F31B128DF8263035F8143009A8C3F393
:1027700045130AFB03F31B128DF8253015F81430AE
:10278000013403F01F0308FB03F31B128DF8243000
:10279000FFF75CFD019B1944A345DBDC039B01367D
:1027A0001F44049B1D44A3E7B9F1FC0F1C463ED80F
:1027B00040F63A0A029BA34240F33C8239464FF06E
:1027C000000861E005EB48035B7816F80820DB0899
:1027D00009FB03F31B128DF8263035F8183009A8D1
:1027E000C3F345130AFB03F31B128DF8253015F8CC
:1027F000183008F1010803F01F0309FB03F31B1253
:102800008DF82430FFF722FD019B1944C345D9DC24
:10281000039B01341F44049B1D44059B1E44029BE3
:10282000A34240F3078239464FF00008EEE740F636
:102830003A0940F20D4AF2E740F20D4205EB480337
:102840005B7809A8DB080AFB03F31B128DF826301E
:1028500035F81830C3F3451353431B128DF8253058
:1028600015F8183016F8082003F01F030AFB03F3CD
:1028700012FB09F21B12120A8DF82430FFF7E6FC56
:10288000019B08F101081944C345D5DC039B0134C1
:102890001F44049B1D44059B1E448BE740F20D41E1
:1028A00005EB48025278D2085A4312128DF82620BE
:1028B00035F81820C2F345124A4312128DF825202C
:1028C00015F8182002F01F025A4312128DF8242026
:1028D00036B316F8082012FB09F2120A8DF82720E9
:1028E000099994F822200690FFF7D4FC019B0698E2
:1028F00008F10108184440F63A03C345CEDC0EB196
:10290000059A1644039A0AF1010A1744049A1544D9
:10291000029A524540F38E8138464FF00008ECE7AA
:102920004A46DBE74FF0000A40F63A03F0E703229D
:1029300020469DF804100BB0BDE8F04FFFF7F8BC3F
:102940000422F5E7436890F82180029383680768C2
:102950000393C368D0E906690493D0E9045305934F
:1029600090F82230002B40F0BC80002D38D1B8F117
:10297000FC0F18D8039BAB4240F35C81B24639464A
:10298000002425E0404698F80320FFF75FFC019BF8
:10299000013408F104081944029BA342F2DC049BB1
:1029A0004E441F440135039BAB4240F34381B04684
:1029B00039460024F0E79AF80320504612FB08F24B
:1029C000120AFFF743FC019B01340AF1040A19447F
:1029D000029BA342EFDC049B4E441F440135C9E730
:1029E000B8F1FC0F1C4621D8039BA34240F322817F
:1029F000B34639464FF0000A33E015F808309AF82C
:102A00000320504612FB03F2120AFFF71FFC019B42
:102A100008F101080AF1040A1944029B4345ECDC61
:102A2000049B4E441F44059B01341D44039BA34259
:102A300040F30081B24639464FF00008EDE715F843
:102A40000A309BF80320584612FB03F208FB02F2FF
:102A5000120CFFF7FBFB019B0AF1010A0BF1040BBF
:102A60001944029B5345EADC049B4E441F44059BDA
:102A700001341D44B8E753F8030C1978099045BB9D
:102A800018FB01F10A0A8DF8272007EB0A0094F8D9
:102A9000222009990793FFF7FDFB019B0BF1010B26
:102AA0009A44079B0433029A5A45E4DC0DB1059B16
:102AB0001D44049B4E441F44069B01330693069A13
:102AC000039B934240F3B6804FF0000BF31CDA46B1
:102AD000E9E715F80A2012FB01F208FB02F2120CDA
:102AE000D1E70023EAE7436890F8218002938368E6
:102AF00007680393D0E90453049390F82230D0F888
:102B00000C90D0E9066A002B40F09D8075BBB8F1AF
:102B1000FC0F15D8039BAB4240F38C803946002450
:102B20001DE012F8011F9970597011781970019900
:102B30000B44029C81188C42F3DC4F44564401350F
:102B4000039BAB4276DD3B46721EC6F10100F0E707
:102B5000305D4246FFF760FB019B01341944029B44
:102B6000A342F5DC4F4456440135D3E7B8F1FC0FDE
:102B70001C4618D8039BA3425CDD39464FF0000B7E
:102B800025E015F8082016F80800FFF745FB019B23
:102B900008F101081944029B4345F2DC049B4F44B1
:102BA00056441D440134039BA34243DD39464FF094
:102BB0000008F0E715F80B2016F80B0012FB08F2DE
:102BC000120AFFF729FB019B0BF1010B1944029B31
:102BD0005B45EFDC049B4F4456441D440134C9E778
:102BE00016F80B208DF826208DF825208DF824204E
:102BF0001DB3EA5C12FB08F2120A8DF82720F818C0
:102C000094F8222009990693FFF744FB019A069B4A
:102C10000BF1010B1344029A5A45E1DC0DB1049B00
:102C20001D44059B4F44564401330593059A039B6D
:102C3000934204DC0BB0BDE8F08F4246DDE74FF075
:102C4000000B5B46E7E70023EFE7436890F821803D
:102C50000293836807680393C368D0E90669049305
:102C6000D0E90453059390F82230002B40F0C48043
:102C7000002D3AD1B8F1FC0F19D8039BAB42D9DD36
:102C8000344639464FF0000A26E014F8012C14F8B7
:102C9000020CFFF7C1FA019B08F101081944029BDD
:102CA00002344345F1DC049B4E441F440135039B31
:102CB000AB42BFDD344639464FF00008EFE714F869
:102CC000012C14F8020C12FB08F2120AFFF7A4FA06
:102CD000019B0AF1010A1944029B02345345EEDCC0
:102CE000049B4E441F440135C7E7B8F1FC0F1C4656
:102CF00021D8039BA3429DDDB34639464FF0000A1D
:102D000033E015F808301AF8012C1AF8020C12FBFF
:102D100003F2120AFFF780FA019B08F10108194437
:102D2000029B0AF1020A4345EBDC049B4E441F441C
:102D3000059B01341D44039BA3427FF77BAFB24642
:102D400039464FF00008EBE715F80A301BF8012C64
:102D50001BF8020C12FB03F208FB02F2120CFFF745
:102D60005BFA019B0AF1010A1944029B0BF1020B69
:102D70005345E9DC049B4E441F44059B01341D442C
:102D8000B7E713F8011C18788DF8261065BB10FB07
:102D900008F0020A8DF827208DF824108DF82510F0
:102DA00007EB0A0094F8222009990793FFF772FABB
:102DB000019B0BF1010B9A44079B0233029A5A457F
:102DC000DFDC0DB1059B1D44049B4E441F44069B54
:102DD00001330693069A039B93427FF72BAF4FF084
:102DE000000B731CDA46E9E715F80A2012FB00F223
:102DF00008FB02F2120CCDE70023EAE7436890F8E3
:102E000021800293836806680393C368D0E9067A39
:102E10000493D0E90453059390F82230002B40F03E
:102E2000B880002D38D1B8F1FC0F19D8039BAB4204
:102E30007FF700AFB146002426E021463846FFF771
:102E4000E2F9019B4042C0B29070507010700134A2
:102E50001A44029BA342F0DC049B57441E440135F4
:102E6000039BAB427FF7E6AE32460024F1E72146F2
:102E70003846FFF7C8F9404249464246C0B2FFF71C
:102E8000CBF9019B01349944029BA342EFDC049BE4
:102E900057441E440135C9E7B8F1FC0F1C461FD842
:102EA000039BA3427FF7C6AEB1464FF0000B31E063
:102EB00049463846FFF7A7F94042414615F8092030
:102EC000C0B2FFF7A9F9019B09F101099844029BDF
:102ED0004B45EDDC049B57441E44059B01341D44C7
:102EE000039BA3427FF7A6AEB0464FF00009EEE782
:102EF00059463846FFF787F915F80B20404212FB78
:102F000008F24946120AC0B2FFF786F9019B0BF19D
:102F1000010B9944029B5B45EADC049B57441E4429
:102F2000059B01341D44BBE749463846FFF76BF962
:102F30004042C0B28DF825008DF824003DB315F84D
:102F4000092012FB08F2120A8DF827208DF82600BE
:102F500094F8222009990698FFF79CF9069B019A9C
:102F600009F1010913440693029B4B45DCDC0DB1CA
:102F7000059B1D44049B57441E440BF1010B039B0E
:102F80005B457FF757AE4FF000090696ECE74246E7
:102F9000DAE74FF0000BF2E70B79053B012B0CD879
:102FA000CB6C9A6BF2B9DA6BE2B9D86A9A6E18B93F
:102FB000186BB0F5807F09D0A2B991F85130632B1E
:102FC00084BF46F20143A1F850300BE0586BB0F5D6
:102FD000807FF1D1002AF0D093F821300E2B01D060
:102FE000142BEAD10020704770B50E46C169054622
:102FF000002969D101223046E0F7A6F9044610B94C
:103000004FF0FF3070BD3046E0F700FA0028F7D0EF
:103010000223A36404F138036E60AB60EC61237992
:10302000013B092B0CD8DFE803F005141B222941D2
:1030300037303C482846E16C04F1080201F052FBAD
:103040000322EB699A640023EB61E0F775F9012034
:10305000D8E72846E16C04F1080200F089FAEFE7AE
:103060002846E16C04F1080200F0C2FDE8E72846BA
:10307000E16C04F10802E2F74BF9E1E72846E16C64
:1030800004F10802E2F738F9DAE72846E16C04F1C6
:10309000080200F083F8D3E72846E16CE2F742F932
:1030A000CEE72846E16C03F0AAFAC9E72846E16CAE
:1030B00004F1080201F0A1FDC2E72846E16C04F129
:1030C000080202F0FBFABBE700209BE7F0B585B0F1
:1030D000154606460F460A46684629461C4604F031
:1030E000BEFA90B16968019A009B2D68521A3F6838
:1030F0000A995D1B684601FB0255DF1B04F0F6FDD3
:10310000E31971191844834201D105B0F0BD1A7852
:1031100011F8014B2244FF2A28BFFF2203F8012B9C
:10312000F1E72DE9F84356081F46A1EB52059046FA
:10313000814605F084FC00FB05F44846E5F7B4F948
:103140006FEA08026843E411002CD3BF8034803C4E
:10315000C6EB2423C6EB24234FEAE010D8BF06EBCE
:10316000242402F00102C6BF9B1806EB2424A41AF3
:103170000028CCBF803880303B60CDBFC6EB202319
:10318000C6EB202306EB20269B18CCBF06EB20269F
:10319000B61ABC607B60FE60BDE8F8832DE9F04F95
:1031A000ADF50B7D91F83C300C46022B059041D9D2
:1031B0000D6A002D3ED0D1E9091399423AD00FCAC9
:1031C0000AAF87E80F00059B0EAE394630469A6875
:1031D000B4F8348004F043FA039058B3D4E909A951
:1031E000A36B4545A8BF454643BB0AF5B4734B45A1
:1031F00003D009F5B473534520D167A8FAF73FFA15
:1032000094F83C300F228DF8C431E3690598ADF88D
:10321000BC311B0C8DF8BE3147F6FF736E939DF8E1
:10322000C53167A962F304033A4670958DF8C5313C
:1032300000F09EF90DF50B7DBDE8F08F236AD7E90C
:103240000112D21A38681492FA6818441944D31A31
:10325000129013911593BAF5B47F80F2B380B9F54B
:10326000B47F80F2B2801022002116A80CF06FFD0E
:103270000DF5CE78CDF800904046D4E90B125346B8
:10328000E2F714FCCDF858800DF1B808002347F69A
:10329000FF7239464046E2F757FC12A8CDF85C8031
:1032A00004F024FD002800F39380002303933046AC
:1032B00004F021FD0690304604F018FD8046E6F744
:1032C0001BF8074696E80F000DF1680B8BE80F001E
:1032D000002128224AA80CF03AFD94F83C30A16B5A
:1032E0004F978DF83831CDF824B1CDF844B100298D
:1032F0007ED1A28BA37FADF839218DF83B3100231D
:1033000094F83D60049316F001063AD005FB05FBE6
:103310005846E5F7F1FF5A46FF21064606F094FDB0
:1033200000236A1E0DF5807BCDE92C2205EBD572BA
:10333000584652102AA9CDE92A33E2F705FC0023AA
:10334000CDF820B0B3460993AB42C0F288805FFA53
:1033500085FB22AB5A46A18E0FFA8AF0FFF7E1FEF9
:10336000D4E90B1222A804F06DF95A46A18E0FFA87
:1033700089F026ABFFF7D5FED4E90B1226A804F09E
:1033800061F94FF000091B9B1D93069B994578DB63
:1033900067A8E2F7BDFA2EA8E2F7BAFA039B13B1C9
:1033A00037A8E2F7B5FA3846E5F7C0FFA36B13B1CB
:1033B00054A8FAF7F7FB002E3FF43CAF3046E5F790
:1033C000B5FF37E7AAF5B47A45E7A9F5B47946E73A
:1033D00012A804F090FC00287FF767AF37AF0123F5
:1033E00047F6FF72384612A9E2F7AEFB18975EE780
:1033F000002254A8E1F79CF800283FF47AAF5F9AC6
:10340000002A3FF476AF00231EAEC6E9003393884E
:10341000D288591E013AB160F2603046D4E90B12ED
:10342000A2EB5302A1EB530104F00CF95F9A4D9605
:10343000D2F810B013895278CDF828B1142A4B93E2
:1034400002D08DF830215AE71222304604938DF8CD
:10345000302104F050FC049B03FB00B350E75946B5
:103460000022009508A8079302F0E8F8079B0146A0
:1034700020B92A46584606F0E7FC079BAB440133C7
:1034800062E74246FF21384606F0DEFCDDE91A23FA
:103490003946CDF8008016A802F0D0F894F83D30F7
:1034A0000146DB078DF840012DD51B9B239A9342E3
:1034B00011DB259A93420EDC30B94246384606F0BD
:1034C000C3FC02238DF840313B463046009522AACA
:1034D0001AA9FFF7FBFD1B9B279A934213DB299A3E
:1034E000934210DC9DF8401131B94246384606F04F
:1034F000ABFC02238DF840313B463046009526AAAE
:103500001AA9FFF7E3FD049BEBB19DF84031D3B15D
:103510004D9B1B9A58681B68A2EB000C1A9A4B989B
:10352000D31A400800FB0C33049A791E1344C7F1E8
:1035300001004218904512DC9DF84031012B04BF78
:1035400002238DF84031059849A9E1F7CDF81B9B7E
:1035500009F1010901331B931D9B013314E713F893
:1035600001CB11F8012F12FB0CF212120A70E0E7E6
:103570002DE9F04FB9B091F828300546022B0F46DF
:10358000144640F2AE804B6A002B00F0AA8091F8FE
:103590002930DA0600F0A580204604F0A7FB064695
:1035A000204604F0A8FBD4E902C28642A8BF064622
:1035B000FB6970109842A8BF184697F829307E6AB8
:1035C0008346D4E900E013F0040F03F01F0112BF9B
:1035D00033460BEB06035B4273440B930B074EBF62
:1035E00033460BEB06035B42ACEB03030D938B07F7
:1035F0004EBF33460BEB06035B4203440C93CB07F1
:103600004EBF33460BEB06035B42D21A97F82030CD
:1036100097F82880039397F8213097F822900E921C
:10362000ABEB06060293BBF1000F5DD1002E5BDC15
:1036300059462C222DA806F007FC24AB2D93039BA2
:10364000D4F804B08DF8C930029B8DF8CB908DF87A
:10365000CA300B9BDDF830902768A66802930D9B5B
:1036600009F1FF31CB458DF8C880CDE925B6D4F8F6
:103670000CA0DDF8388003932497279103DC2846BB
:103680002DA9E1F731F80E99C24501F1010125910B
:10369000E168279103DB28462DA9E1F725F8CB4502
:1036A000D4BF0C9B6368C24525932168ACBF0E9BB9
:1036B000E368249127930B99029B01399F4226913D
:1036C00003DC28462DA9E1F70FF80D9B0133249365
:1036D000A3682693039B9E4203DB28462DA9E1F7AE
:1036E00003F839B0BDE8F08F2146AA680FA803F0AF
:1036F000B6FF06900028F4D00FA804F0F7FA2C22A9
:10370000002107902DA806F09FFB0798E5F7F4FD30
:1037100000273390824601231BA826EAE6720BA9F4
:10372000CDE908770A97E2F70FFA1BA8BB45089086
:1037300007DD24AE3B465A4621463046E2F704FAFE
:10374000099613AB2D933593039B0B9A8DF8C930D3
:10375000029B17A88DF8CA3023688DF8CB905B4484
:103760009342ACBF17931792A3680D9AA3EB0B0378
:103770009342D4BF1993199263680C9A5B449342A5
:10378000ACBF18931892E3680E9AA3EB0B03934215
:10379000D4BF1A931A928DF8C88004F0A7FA636810
:1037A000D4F8009002930C9BDDF82C800393A3685F
:1037B000C14504930D9BE6680E9F059362DCDDE92D
:1037C000043293425EDBDDE9023293424FF00103A3
:1037D0008DF8D03041DDBE420CDB179B2846139399
:1037E000199B2DA915930E9B01331493E36816932F
:1037F000E0F77AFF0B9B0D9A93424BDBC14557DCF8
:10380000DDE904218A4247DB23681393A368284635
:103810001593189B2DA914931A9B1693E0F764FF38
:103820000F9B0699119A139300297AD163680C9F14
:103830008846FF1A5F45B8BF5F46159247453EDC94
:103840001BA8E2F765F8BBF1000F02DD24A8E2F740
:103850005FF85046E5F76AFD43E7BE4201DB3128D9
:103860000DDD179B28461393199B2DA91593029BD9
:103870001493039B013B1693E0F736FFABE700235D
:103880000693B7E701238DF8D030DDE90232934289
:10389000E7DDA0E7C1450BDC013B1593189B2268CF
:1038A00014931A9B28462DA913921693E0F71CFF38
:1038B000DDE904329342B3DB0D9B0133A5E7636876
:1038C000E66808EB0309109BA6EB0806994502DAA7
:1038D000129B9E4222DCFF215046079A06F0B4FA62
:1038E000079B51460093139A4B4608A801F0A6FE89
:1038F000109B8DF8D000994507DB28462DA9CDF8FF
:103900005090CDF85890E0F7EFFE129B9E4205DCF8
:1039100028462DA914961696E0F7E6FE08F1010850
:103920008CE7179B13A8013B9342D4BF15931592C4
:1039300004F0DCF9041E34DC199B0F9A0133934226
:10394000ACBF13931392119B13A8159304F0CEF9F7
:10395000041E7FF775AFDDE90432934267DADDE9D3
:103960000232934263DDBE42FFF66AAF1A9E129B9B
:1039700001369E423FF764AF22465046FF2114961F
:10398000169606F061FA51463346139A009408A839
:1039900001F054FE2DA98DF8D0002846E0F7A4FED2
:1039A000E5E7C14524DDDDE90232934220DDBE4278
:1039B000C2DB1A9B03F10108129B9845BCDC22462E
:1039C000FF215046CDF85080CDF8588006F03CFAE3
:1039D00043465146139A009408A801F02FFE2DA9E2
:1039E0008DF8D0002846E0F77FFE08F10108E3E7F4
:1039F000109B189A934202DBC145DADDD7E72246D5
:103A0000FF21504614931693069306F01DFA069B69
:103A10005146139A009408A801F010FE2DA98DF8C4
:103A2000D0002846E0F760FE069B0133E1E7DDF8B1
:103A30004080189B984504DBDDE90432934295DA17
:103A400091E72246FF215046CDF85080CDF85880AE
:103A500006F0FAF943465146139A009408A801F07B
:103A6000EDFD2DA98DF8D0002846E0F73DFE08F1C8
:103A70000108DEE72DE9F04F89B045004FEA610A01
:103A8000CB070446284690464CBFD3460AF1FF3B7D
:103A90000F46E5F731FC6FF00102AB1E01934FEAD0
:103AA0004A0302930646C14600230BFB02220392FF
:103AB000A34225DB4FF47F5C4246BCFBF7FC434648
:103AC00004FB04F008EB4000834245D14FF0000CAA
:103AD0006B420AFB03F30793631E05FB0383069304
:103AE0000BF1010302930BFB05530593AB190393F1
:103AF000A4453DDB304609B0BDE8F04FE5F716BC04
:103B0000019A029839F8021000EB090C79430398E6
:103B1000621E484402EB0A0E7445D8BF4FF0000EF7
:103B200026F81210C8BF3CF812E0A1EB0E0EA2EB73
:103B30000B010029D4BFB9F8001030F81210013A77
:103B40007144E7D248462A463146049306F087F886
:103B5000049BA9440133ABE7198839B1B1F57F5F04
:103B600016BF91FBF7F1A3F800C019800233ABE751
:103B7000002007999646511804910599904602EB4A
:103B80000109014613887B430193019B002BB4BFBD
:103B90004FF0000BC3F38F1B26F811B0A1EB0A0BFB
:103BA000BBF1000FCABF049BB8F800B033F800B0F7
:103BB000019BA844A3EB0B0B029B0B449C42D6BF7A
:103BC000069B39F8003033F81C3001315B448C42DD
:103BD00001932844D9D1334633F8021BAEF80010C4
:103BE0000399AE448B42F7D10CF1010C02327FE70E
:103BF0002DE9F04FB9B00D46D1E90A3114460290D3
:103C000010689268084466681144E7682A6B194492
:103C100016443A44C01AF61A1A446B6A0C9003EB25
:103C2000D3735B105B42184401380E910F921090D1
:103C3000D21AC81AF11895F834300130FE2B28BF7B
:103C4000FF230793029B01390132129011911392C5
:103C500010A99A6814A80D9603F001FD002800F041
:103C600031834FF0FF32236811461893636818A818
:103C70001993A3681A93E3681B9303F0D6FC18A862
:103C8000EC6904F033F8064618A804F034F88642CC
:103C900018A866DA04F02AF84010A0420346A8BF2C
:103CA00023460CA80393EC6904F020F806460CA800
:103CB00004F021F886420CA856DA04F017F84710F1
:103CC000A742A8BF27466C6A4FF0000B3C4404FB98
:103CD00004F04000E5F710FB0C9B6E6A24930F9BE9
:103CE00066F00109279306EBD6735A1007EB6303BE
:103CF000994406F00101013204900CA80691259226
:103D0000CDF8989003F0F2FFA9EB000024900CA8E6
:103D1000DDF8949003F0EFFF4844002306EB07081A
:103D20003A46279024A92DA8E1F70EFF012E404620
:103D300018BF7610E5F7E0FA81464FEA4803DDF850
:103D400010A00593D84512DC4846E5F7EFFA2DA8F8
:103D5000E1F7DEFD012E08FB08F740F0B6820023F4
:103D600041E003F0C8FF97E703F0C5FFA7E742462D
:103D7000FF21484606F068F82DAB002100935A4613
:103D8000434648462D9FB847014640B95046059ADC
:103D900006F05AF8059B0BF1010B9A44D2E799F80B
:103DA000003052469B0193FBF6F3494622F8023B52
:103DB000059B03EB0A009042ECD00F4611F8013F3F
:103DC0003F789F421BBF9B0193FBF6F332F8023C06
:103DD0009BB222F8023BEEE7049A049932F81320D2
:103DE0009209CA540133BB42F6D1002395F83570CD
:103DF000CDE90A3317F0010707D124AE012330467D
:103E0000039A18A9E1F7A0FE0A9610A803F06EFF26
:103E1000E5F772FA06462C2200212DA806F014F8C8
:103E200095F822302A8C8DF8CB3095F834301CA9C7
:103E300010A8DDF840802D913591ADF8C9208DF89E
:103E4000C830339603F052FF00EBD07008EB6003EC
:103E500010A8DDF84480089303F04DFF129A00EBA0
:103E6000D07008EB6003089905931E92119B121BFA
:103E700001328A42ACBF1C921C911D93059A2344C7
:103E8000013B9342D4BF1F931F92029B1CA99A68C7
:103E900020A803F0E4FB002840F04682129A08991B
:103EA0001E92121B139B01328A42ACBF1C921C91C2
:103EB000059A1F931B1B013201339342ACBF1D9324
:103EC0001D92029B06921CA99A6820A803F0C7FBCA
:103ED000002835D0039A18A920A803F07CFC78BBF1
:103EE00020A803F003FFDDF87CB08246239BDDF8B9
:103EF0008080DDF8489037B1039A18A920A809936B
:103F000003F018FD099BBAF1000F19DDA9EB0409B4
:103F100009F10109A8EB0908ABEB030B04FB0B88C3
:103F2000049BDDF88C909844209B33961C93229B35
:103F30001E9302238DF8D030219B4B4540F35182D4
:103F4000109B059A23441C93129B1CA91B1B1E93B8
:103F5000119B20A81D932344013B9342D4BF1F9380
:103F60001F92029B9A6803F07AFBF8B1039A18A992
:103F700020A803F030FC8046C0B920A803F0B6FEAC
:103F8000DDF8849082461D9B002F00F08682039A04
:103F900018A920A8099303F0CDFC099B83460028AB
:103FA00000F04382BAF1000F00F3448295F83430F8
:103FB000069A8DF8C830109B1CA923441C93129BB1
:103FC00020A81B1B1E93139B1F931B1B01339342A3
:103FD000ACBF1D931D92029B9A6803F040FB48B34F
:103FE000039A18A920A803F0F6FB814610BB20A86D
:103FF00003F07CFEB0F1000B1CDDDDF87C80DDF809
:104000008CA0002F00F05982039A18A920A803F071
:1040100091FC4B46049AA8EB0A083393209B04FBBF
:1040200008281C93229BDDF88C901E93219B4B4506
:1040300040F3458295F83430DDE905508DF8C830FD
:10404000129B13991A1B1E93119B01322344AB42FE
:10405000C8BF03461D93089B091B9A42ACBF1C9224
:104060001C93029BA942ACBF1F911F959A681CA983
:1040700020A803F0F4FA68B3039A18A920A803F063
:10408000AAFB38BB20A803F031FE129B209D1B1B0E
:104090000133ED1A631E04FB0355049B80461D4447
:1040A000002F00F03F82039A18A920A803F042FCD9
:1040B0002B46B8F1000F33930CDD209BDDF8849084
:1040C0001C93229B1E9302238DF8D030239B4B45DB
:1040D00080F22A820021049B6510013BA142C0F2BC
:1040E0004382DDE90550119A109B2244AA42C8BFC1
:1040F00002461D92089A1C932344013B02F1FF39AA
:1041000013994B45D4BF1E93CDF87890029B091BA1
:10411000A942ACBF1F911F959A681CA920A803F063
:104120009EFA002840F03282109A119B1C92224481
:10413000013A1D934A45D4BF1E92CDF8789023448E
:10414000059A013B9342D4BF1F931F92029B1CA967
:104150009A6820A803F083FA002830D0039A18A99F
:1041600020A803F038FB50BB20A803F0BFFDDDF80A
:1041700084A080461D9B209DDDF870B037B1039A66
:1041800018A920A8079303F0D5FB079BB8F1000FEF
:10419000339614DDAAEB030AA5EB0B0504FB0A55C5
:1041A000049BDDF884A01D44209B1C93229B1E933E
:1041B00002238DF8D030239B534580F23782109B29
:1041C000139A1C932344013B06991F924B45D4BF7D
:1041D0001E93CDF87890121B029B01328A42ACBF2D
:1041E0001D921D9120A89A681CA903F038FA78B393
:1041F000039A18A920A803F0EEFA48BB20A803F000
:1042000075FDDDF87C908046DDF88CB0209DDDF8F2
:1042100070A027B1039A18A920A803F08BFBB8F16E
:10422000000F339614DDA9EB0B09A5EB0A0504FB7F
:104230000955049BDDF88C901D44209B1C93229B08
:104240001E9302238DF8D030219B4B4540F3118201
:10425000DDE90501109B139A23441C93129B121B4A
:104260001B1B1E93119B8242ACBF1F921F902344C5
:104270008342C8BF0B461D93029B1CA99A6820A8C5
:10428000339603F0ECF998B1039A18A920A803F02B
:10429000A2FA68B920A803F029FD051E08DD209BBD
:1042A000219C1C93229B1E93239BA34280F2048299
:1042B00017B924A8E1F72CFB0498E5F737F8304646
:1042C000E5F734F839B0BDE8F08F31464046049A3E
:1042D000FFF7D0FB0699314401290CDD4FF47F50E4
:1042E00090FBF1F0049A02EB4706B2420ED1404631
:1042F000049AFFF7BFFB0023BB423FF476AD049A5C
:10430000049932F81320CA540133F5E732F8023B1E
:10431000002BEAD0FF2B1BBF9B0193FBF1F322F88C
:10432000020C22F8023CE0E7039A18A920A803F047
:1043300052FA00287FF4B2AD20A803F0D7FCDDF8D4
:1043400084B08246119BDDF88080DDF8489037B15B
:10435000039A18A920A8069303F0ECFA069BBAF179
:10436000000F7FF79BADA9EB040909F10109A8EB48
:104370000908ABEB030B04FB0B88049BDDF884906E
:104380009844209B33961C93229B1E9302238DF806
:10439000D030239B4B45FFF681ADCDF87490CDF81E
:1043A0007C90DFB922464146304605F058FC4B462A
:1043B0003146209ACDF800A00AA801F03FF9012863
:1043C0000ABF02238DF8D0008DF8D03002982DA9B5
:1043D000E0F78AF9A04409F10109DAE7CDF8CC80C9
:1043E000F4E7CDF87490CDF87C90DFB922464146D1
:1043F000304605F034FC4B463146209ACDF800A0FB
:104400000AA801F01BF901280ABF02238DF8D00089
:104410008DF8D03002982DA9E0F766F9A04409F193
:10442000FF3989E5CDF8CC80F4E7BAF1000F7FF7CA
:10443000BDADBB46A9EB0309049BCDF8CC8004FBC2
:104440000939209BDDF884801C93229B1E93239BBB
:104450004345FFF6ABADCDF87480CDF87C8099F87C
:104460000010BBF1000F1DD15246304605F0ECFCA8
:1044700043463146209ACDF800A00AA801F0DEF8A4
:10448000012808BF02208DF8D00002982DA9E0F77E
:104490002BF9A14408F10108D9E700287FF786AD80
:1044A000B046C6E7079BFF2B1EBF95F8343013FBC1
:1044B00001F1090A8DF8C810E7E73346AAE5CDF8FF
:1044C0007490CDF87C90D7B95A46304698F80010D1
:1044D00005F0BAFC4B463146209ACDF800B00AA848
:1044E00001F0ACF8012808BF02208DF8D000029836
:1044F0002DA9E0F7F9F8A04409F1FF3996E5039AF0
:1045000018A920A803F016FA079BFF2B18BF95F8EF
:10451000342098F800301CBF13FB02F31B0A8DF8FF
:10452000C830E4E73346C4E5CDF87490CDF87C900C
:104530009FB942462946304605F091FB4B4631462D
:10454000209ACDF800800AA801F078F801280ABF67
:1045500002238DF8D0008DF8D03002982DA9E0F715
:10456000C3F809F10109B1E518190246A0EB020CE4
:10457000654502DC03460131B0E513F801CF92F83E
:1045800000E083F800E002F801C9EFE7039A18A9F8
:1045900020A803F020F900287FF4C6AD20A803F07E
:1045A000A5FB1C9B209D8046ED1A631E04FB035552
:1045B000049B1D44002F37D0039A18A920A803F0AC
:1045C000B9F92B46B8F1000F33937FF7ADAD209BBF
:1045D000DDF884A01C93229B1E9302238DF8D0301B
:1045E000239B5345FFF6A0ADCDF874A0CDF87CA079
:1045F0009FB942462946304605F031FB53463146C5
:10460000209ACDF800800AA801F018F801280ABF06
:1046100002238DF8D0008DF8D03002982DA9E0F754
:1046200063F80AF1010ADBE73346CBE7CDF874A063
:10463000CDF87CA0DFB922462946304605F00FFBB5
:1046400053463146209ACDF800800AA800F0F6FFC4
:1046500001280ABF02238DF8D0008DF8D0300298CF
:104660002DA9E0F741F825440AF1010AA3E53395A5
:10467000F5E7CDF87490CDF87C90DFB92246294655
:10468000304605F0ECFA4B463146209ACDF80080D2
:104690000AA800F0D3FF01280ABF02238DF8D0003A
:1046A0008DF8D03002982DA9E0F71EF8254409F1C5
:1046B000FF39C9E53395F5E72A46FF2130461D94B9
:1046C0001F9405F0C1FB23463146209A00950AA8A5
:1046D00000F0B4FF2DA98DF8D0000298E0F704F89F
:1046E0000134E1E52DE9F04FADB091F820300C46F2
:1046F000022B04903BD913680CAE0C9353683146DF
:104700000D9393680E93D368826810A80F9302F0FC
:10471000A6FF029058B394F82F502C22C5F3020341
:10472000002115F0070521A803BF94F8219094F803
:10473000228094F8237094F824901CBF94F825806C
:1047400094F8267007930BF002FBE36994F820A01D
:104750008DF899908DF89A808DF89B7053B94DB96A
:10476000049821A921968DF898A0DFF7BDFF2DB000
:10477000BDE8F08FBAF1FD0F304628BF4FF0FF0AB9
:1047800003F0B4FA8046304603F0B5FA804543465C
:10479000A8BF0346E2695B109342A8BF13464FF0DF
:1047A000000B814610A8059303F0A0FA059BCDE904
:1047B0000ABB5B45039038DDE4F79EFD5B46074688
:1047C000314618A8059AE1F7BFF918A80A90109B7E
:1047D0000DF1500B1493129B4A461693FF2341464A
:1047E00004F124002797CDF884B0CDF8A4B08DF85B
:1047F000983000F0C5F9064600284BD0012D4CD961
:104800000C9A109BCDF894B09B1A026803EB4301FD
:104810000A442292002294F82E102734914206D89E
:104820004FF0000B4FF000080EE05F46CFE702EBC1
:104830008200205CFF2840F02C810132EEE7726894
:10484000DDF808B002EB03080F238DF890304FF02D
:104850000009059A0D9C91450F9B22DB14449B1A7D
:10486000002D40F0D080049821A9159417938DF85D
:1048700098A02795DFF738FF2FB13846E4F756FDAB
:1048800018A8E1F745F8002E3FF471AF304600F06C
:10489000B2F96CE780468346D9E74FF0000BD84663
:1048A000D5E7A3EB09030693119B4C44A34204DD17
:1048B000139B069A9342C0F2928051463846039A5F
:1048C00005F0C2FA039B39460093149A23460AA8BE
:1048D00000F0B4FE012808BF0220119B8DF8A00053
:1048E000A3425DDC012D1594179404D0022D13D042
:1048F00000231A4615E00D9B3168E31A03EB4302CF
:1049000088188A5AADF8992082788DF89B207268B1
:10491000D35C8DF89830EBE7B8F1000F3ED14246FA
:10492000029B049821A9CDE90823DFF7DDFEDDE92C
:10493000082313990698814251DB012D1590179099
:1049400031D0022D43D0002A45D0022D3DD9514609
:104950003846039A05F078FA039B39460093149A77
:1049600023460AA800F06AFE01280ABF02238DF838
:10497000A0008DF8A03028E018F80310FC299FBF94
:10498000FA5C12FB01F21212FA540133039A9342B9
:10499000F2DB02238DF8A030029BAAE70023F5E7A3
:1049A00000231A46C5E706990D9B3068CB1A03EB26
:1049B00043014418415AADF89910A1788DF89B1025
:1049C0007168CB5C8DF898302AB1002314E013B9DC
:1049D000B8F1000FF9D1049821A9DFF785FE09F19C
:1049E000010936E718F80310FC299FBFFA5C12FB97
:1049F00001F21212FA540133039A9342F2DB0223BA
:104A00008DF8A030E7E7022D8DF898A035D030D989
:104A10006A1D02F00702022A36D9119A9442B8BFE1
:104A20001446139A9342A8BF134699464C453FF744
:104A300023AF012D1594179415D10D9B3168E31AFE
:104A400003EB430288188A5ABAF1FC0FADF899209B
:104A500082788DF89B207268D35C9CBF13FB0AF3AD
:104A60001B128DF89830049821A9DFF73DFE013420
:104A7000DCE701228DF8A020CFE79DF81C208DF8FF
:104A8000A020CDF89C80C8E70BF1010B8DF8A0B0F9
:104A9000F7E7022D3FF4D3AEDDF808B0C2E62DE90A
:104AA000F0411E46037905464B43B2EB232F4FEAF4
:104AB00023200ADCAB7829786A7831707270B37081
:104AC000EB78069A1370BDE8F081AF7A07EB8703A5
:104AD0002B4413F8014C4C43B2EB242F09DA012F7D
:104AE00006D96B7A4B43B2EB232F4FEA23210CDD1F
:104AF000FEE713F8050C13F8041C13F8032C3070B0
:104B00007170B27013F8023CDBE7121A0B1AC2EB99
:104B10000222B2FBF3F46FEA040848F281072A7814
:104B20005FFA88F8697812FB08F26B79A87811FBB4
:104B300008F1E4B204FB032210FB08F0AB797A43DE
:104B400004FB0311EB79794304FB03007843C2F3C0
:104B5000C752C1F3C751C0F3C75003F0F7F9307023
:104B6000C0F30723C0F307407370B070EB782A7A64
:104B700013FB08F304FB02337B43C3F3C753A0E7E3
:104B8000F7B5C37A064613F00704174623D0012C65
:104B9000234606D0063303F00703032B94BF0F46CA
:104BA00040277D1CF81C05EB450520F0030025F08F
:104BB00003050C302844E4F79FFB044600B9FEE7E8
:104BC0000C350544C0E90157002500F10C030360D2
:104BD000A168A94202D8204603B0F0BDD4E9000282
:104BE00005EB45032A44009203442A463046FFF76A
:104BF00056FF0135ECE7E4F799BB70B59CB0CB6983
:104C000004461E6815464EB16C2201A80BF0A9F8A7
:104C10002A46204601A90896E0F76EFB1CB070BD3D
:104C20002DE9F04391B00646904699460C46E1B115
:104C30000B79082B19D8DFE803F00526261826186B
:104C40001818260005A8F8F71AFDE37D30468DF800
:104C50003C306369E268ADF834301B0C8DF83630B7
:104C6000012305A90E93FEF783FCB8F1000F37D09E
:104C7000B9F1000F34D04A464146304611B0BDE884
:104C8000F043FFF72FBD8B6801AD0FCB85E80F0018
:104C90000746284603F02AF80E21DEF7E3FD013F20
:104CA00007442C2205A80021039705F0CDF8A37D29
:104CB000A28A8DF82B30E37DADF829208DF82830BD
:104CC000236830461A691B8905A90E93A3680B92C5
:104CD000059302230D958DF83030DFF705FDC4E70D
:104CE00011B0BDE8F0830A46002105F0ADB8FC29FB
:104CF0000AD8022907D948F2810310FB01F0584372
:104D0000C0F3C7507047002070472DE9F843089F53
:104D10001D463B6A0646D41AF86997F834C0FB6A08
:104D2000A1EB00080CF00102B3BB3B7E03F00207CD
:104D300082B1BFB103F00303022B02D1E00FBDE843
:104D4000F883032B01D00020F9E7002CD4BF00200A
:104D50000120F4E737B903F00303012B04D1B8F1C4
:104D6000000F0FDD0120EAE763B918EB050FF9D456
:104D7000401AE8D4854203DD291A3044FFF7B3FF17
:104D80000220DCE718EB050FDDD4411A21EAE171BE
:104D9000A942D8DA3046F1E70CF00200002A00F010
:104DA0009E80BB6AC0B203FB08F2002B4FEAA2222E
:104DB00005DD94420FDA003818BF0120BFE79442A6
:104DC000F9DC08EB05025343B4EBA32F09DB7A6A45
:104DD00004FB02220CE008EB05025343B4EBA32FC3
:104DE00003DDB0FA80F04009A9E77B6A03FB04F217
:104DF00042F3950212F0FF01C8EB222865D03B6B0D
:104E0000C1F1FF014B43B8F1000F4FEA2323C3F177
:104E1000FF020DDB45450BDD5943C1F3472108B9BE
:104E2000C943C9B216F80800FFF761FF06F8080089
:104E300008F10104396B8A4227DCA5423DDD002CD4
:104E40003BDB796ABB6A514389125143002BC1F3A2
:104E50004721B8BFC94397F83430B8BFC9B29A07E1
:104E600048BFC943305D48BFC9B2FFF740FF305566
:104E700097F834309B072BD54545FFF664AFB8F162
:104E8000000FFFF67DAF414684E7002C0FDBA54203
:104E90000DDD97F83430A2EB61019807C9B248BF25
:104EA000C943305D48BFC9B2FFF721FF30553B6BA6
:104EB0000134A542A2EB0302BCDC97F834309F0713
:104EC000DAD401343FF53FAF03E04446FF22B1E7B7
:104ED0000134A542FFF654AF291B30194EE77B6A17
:104EE000C0B25C43002B4FEAA422D4BF1146511C30
:104EF00088453FF760AF08EB05018A423FF771AF85
:104F000044F38D2EC4F387021C4444F38D29CE450F
:104F10004FEA0421AEEB080406D0002B80F2948007
:104F2000002A39D1FF22013C002C1FDBA54227DDDE
:104F3000C1F387211144C1F3470108B1C943C9B284
:104F4000305DFFF7D4FE305597F83430980708D518
:104F5000A9EB08018D427FF7F6AE0029FFF610AFEE
:104F600018E70134AC42A8BF2C46B5E70028EFD1C2
:104F70000134AC42A8BF2C46002C3FF4E4AEFFE65F
:104F80000028E5D10134AC42A8BF2C46002C3FF4E8
:104F9000DAAE7FF7F5AE9FE7002CBB6A49DBC3F1C1
:104FA000000802FB08F8A5424FEAA8280ADD08FB22
:104FB00002F1C1F3472108B1C943C9B2305DFFF71F
:104FC00096FE305597F83430796A621E03F002037A
:104FD0003CB3954221DDC8F1FF08494208FB01F1CD
:104FE000891208FB01F1C1F347210BB9C943C9B2CA
:104FF000B05CFFF77CFEB05497F83430990707D5C2
:105000009542FFF6BDAE002A3FF4BAAE1146C1E6A6
:105010000134A542BFF660AFA4E6002B3FF4A2AE78
:10502000EEE7002B7FF4ACAE002D7FF79BAE0124A2
:1050300052E700287FF4A4AE0134A542FFF692AEF9
:10504000002C7FF49DAE47E7C2F1FF01BA6A002C45
:1050500001FB02F24FEAA22ECEF1FF0804F1010299
:105060002DDBA5420BDD0EFB01F1C1F3472108B991
:10507000C943C9B2305DFFF73AFE30557B6A08FB81
:1050800003F39B1297F83400954200F002002ADDEA
:1050900008FB03F3C3F3472108B1C943C9B2B05CAD
:1050A000FFF725FEB05497F834309B070ED5A54284
:1050B000FFF649AE002CFFF663AE21466AE6621C9D
:1050C0000AD108FB03F300229B12DBE70234AC4257
:1050D000A8BF2C46002C5CE71CF0020F05D0A542AF
:1050E000BFF64EAE2FE60028E1D10234AC42A8BF95
:1050F0002C46002C3FF427AEECE72DE9F74F0C9D32
:105100000746AC68D5F80CC0A1EB040BD5E904E464
:10511000BEF1B30F894616469846A2EB0C0A00F37F
:105120009380B32C00F3FD80BEF1000F07D19445AE
:1051300000F36481002C00F0828001244CE1002CFB
:1051400000F01A81A64519DC944500F3598105F158
:10515000180332460093494643463846FFF7D5FDCB
:105160006A690446B42AEB6840F01481B34240F304
:105170001581002C40F00A81002402E0944504DDF2
:105180000124204603B0BDE8F08F6A6FEB6B02FB91
:105190000AF20AFB03330EF1FF3059284FEAA2222C
:1051A0004FEAA32304F1FF310BD8002B10DA592961
:1051B0004FF0000310D95B3CB22C98BF03EAE373B5
:1051C0000AE0AEF15B0EBEF1B20F98BF03EAE373E3
:1051D0005929F0D823EAE373D21A03EB6201A1EB59
:1051E0000B014145A8BF414600290C4629DD05F1C8
:1051F0001803009332460B4638464946FFF785FDB3
:10520000824618B921463846FFF76DFD4445A8BFD0
:10521000444624EAE4742744A8EB0408503504EB20
:1052200009014346324638460095FFF76EFD0446B5
:1052300018B941463846FFF756FDA245A1D00224D1
:105240009FE74FF0010AE1E7BEF1B40F73D0B42C31
:1052500040F39580A64512DC94453FF778AF66454C
:105260004FF003047FDA503543463246494638460C
:105270000095FFF74AFD002C3FF47EAFB4E0944563
:10528000FFF67EAF6FF487706FF487716A6FEB6B18
:1052900002FB0AF20AFB0333704458284FEAA222A9
:1052A0004FEAA32321440AD8002BB8BF0023582972
:1052B00010D95B3CB22C98BF03EAE3730AE0AEF16D
:1052C0005B0EBEF1B20F98BF03EAE3735829F0D822
:1052D00023EAE373D21A03EB6201A1EB0B01414510
:1052E000A8BF414600290C4618DD05F15003009384
:1052F00032460B4638464946FFF707FD824618B945
:1053000021463846FFF7EFFC4445A8BF444624EA4F
:10531000E4742744A8EB0408183580E74FF0010A2D
:10532000F2E7BEF1000F23D1944518DDB42C96D1DD
:105330000320033818E094450DDDB42C3FF47FAF13
:10534000002C3FF41DAFB32C0CDD50350095FFF75A
:10535000DCFC012448E0B42C36D10120E9E7B42C70
:105360003FF40EAF0124E01E18BF0120440008E7FF
:1053700094457FF7ECAED9E79445EEDCE7E694453B
:105380003FF7E5AEB42CE8D014BBD1E7032C7FF493
:1053900056AFCDE75AB99E42BFF6EBAE002C3FF4B4
:1053A000EBAE032CD9D0012C3FF4EAAE47E7B32A89
:1053B00006DC9E42BFF657AF002C3FF4DDAED2E7CD
:1053C0009E42FFF650AFF7E7002CB1D0B32C17DCAC
:1053D000B4454FF00304C6DC5035434632464946D7
:1053E00038460095FFF791FC00283FF4C5AE032C2A
:1053F0009FD0012C7FF423AF0128D5E7002CACD03F
:105400000324B0E72DE9F04F87B0DDF84090054662
:1054100099F81C800F4692461C46D9F80810D9F816
:105420000C00D9F81020D9F8143018F00108D9F878
:105430001860029103900492059328D1824503DA03
:10544000002007B0BDE8F08F9A45F9DC06EB010CAF
:10545000BC4500F3838007EB040CA2EB060EF44579
:1054600005DD3044504539DC9B1B534536DBCE1BF4
:10547000B442E5DB002E75DAD11B481C0028DFDDC5
:1054800084427EDD211A2844FFF72DFC79E0824515
:1054900001DA0120D5E79A45FBDC06EB010CBC459F
:1054A00013DD3044504519DC9B1B9A4516DCC81BA4
:1054B00020EAE070844264DBD11B091A01314318F1
:1054C000A342DFDC00295CDBDDE7A2EB060C07EB87
:1054D000040EF445EBDA30448245E5DA02A8CF1B2E
:1054E00002F004FC834602A802F005FC039BD9F8F5
:1054F0002010AAEB03029642CCBFB21A801BCB68E5
:10550000CCBF02F1FF32121A501C33F8129033F85C
:1055100010008B68BB4433F81220ABEB060B4B68D2
:10552000F11993448A1AA0EB0909561E1F18B8F105
:10553000000F28D0B046DA46A6EB08034B4559DBEE
:10554000A242A8BF22465C4522EAE272CCBFABEB86
:105550000201A11A21EAE171A81895E730448245B9
:1055600082DABBE728463146FFF7BDFB0498C01B33
:10557000013000287FF764AF844283DC0EB9844297
:1055800087D002205DE73246D846B31A994516DC2B
:10559000B9F1000FA8BFCB44A345A8BFA3462BEA8F
:1055A000EB70211A2844FFF79EFBA6EB090101319D
:1055B000A142A8BF2146284621EAE17164E7B8F17B
:1055C000000F17F801AD08DB444506DD15F808109B
:1055D0005046FFF78CFB05F80800002A06DB9442D2
:1055E00004DDA95C5046FFF782FBA854013A08F19C
:1055F0000108CAE717F8013DBAF1000F6FEA03038B
:10560000DBB20ADBA24508DA184615F80A10019346
:10561000FFF76DFB019B05F80A00B8F1000F08DBEE
:10562000A04506DA15F808101846FFF760FB05F8E4
:10563000080008F1FF380AF1010A7DE72DE9F74378
:1056400000240F4690469946061F56F8045F25B978
:105650000134E0B203B0BDE8F08300954A4641460C
:1056600038462D680A9BA8470028F3D0022808BFB7
:105670000124EAE72DE9F3411C46B42BC4BFA3F192
:10568000B40424B2074604F15A0000B20D4616468F
:10569000E2F70AFF05EB60182046E2F705FF9DF8E8
:1056A000203006EB601001930090434632462946B5
:1056B0003846E0F761F902B0BDE8F0812DE9F04726
:1056C00096B001F11C0906460D468268494605A8B8
:1056D00001F0C5FF002873D02B6A7468B168013BE4
:1056E00027680093D1E9012309A8096801F083FF25
:1056F000D4E9011209A85242494201F0A3FF3846F9
:1057000009A9F7F76CFCB168AA6ACB68013200936B
:105710008B6809A8096801F06EFFD4E9011209A895
:105720005242494201F08EFF384609A9F7F757FC6B
:10573000AA6AEB69B1680092013B2A6A096809A864
:1057400001F059FFD4E9011209A85242494201F07F
:1057500079FF384609A9F7F742FCD5E90912B36881
:1057600000929B682A6A013109A801F044FFD4E93C
:10577000011209A85242494201F064FF0DF13408B8
:10578000384609A9F7F72BFC4946EA6A0023404648
:10579000E0F7DAF9002305A8CDE9038302F0A6FAC1
:1057A0000646E3F7A9FD0546069F4FEA8609089BD2
:1057B000BB4208DA2846E3F7B9FD4046E0F7A8F80F
:1057C00016B0BDE8F0873246FF21284604F03CFBC6
:1057D0003B462946059A009603A8FFF72FFF0128AC
:1057E000824621D0D4E9013205992046C91ABA1A55
:1057F000F7F7DEFA0346BAF1000F11D0294605EBA0
:10580000060C614510D011F8010B0433FF281FBFAF
:1058100013F8012C12FB00F2121203F8012CF0E72E
:105820004A46514604F010FB0137C0E7F0B51C466C
:10583000036A856963B9B5F5807F28D1C369B3F57B
:10584000807F24D1090221601202059B1A60F0BDFD
:10585000C36A0669C91A036BB5F5807FA2EB03031F
:10586000426901FB02F206FB1322466A20D1C76996
:10587000B7F5807F1CD106EBA2062660D0E9044272
:105880005A4304FB0123826A02EBA302DDE7036BA8
:10589000D21AC36A1204C91A090491FBF5F1436ACA
:1058A00019442160C36992FBF3F2836A1A44CCE77E
:1058B000120292FBF5F206EBA2062660D0E9042460
:1058C000634302FB0133C2691B0293FBF2F3DAE785
:1058D0002DE9F04F89B000268A469046374604935A
:1058E0009DF86030179D039005930196169B019AD1
:1058F0009A4202DB09B0BDE8F08F129B03EB26232E
:10590000191209D4514507DA139A02EB27225FEAEC
:10591000222C01D4C44503DB4FF00003EB708DE073
:105920001C06D8B254BFC0F17F03A0F180031998C0
:10593000039C00FB01FE04985FFA82F900FB0CEE69
:10594000039858BF0293704490F802B048BF029386
:1059500085F802B090F801B058BF4FF0FF3385F8DA
:1059600001B014F80EE04FF0FF34EC70059C48BF16
:105970000123120655BF4FF0FF320122C9F17F0902
:10598000A9F1800985F800E0002C73D003EB010E2B
:10599000BEF1FF3F61D0D6456CDA02EB0C0EBEF1D2
:1059A000FF3F54D0C64565DA4FF0FF3419998DF8A2
:1059B0001F404B43C118C35C91F802C08DF81830EA
:1059C000049B49785A4383188DF8191099785B78AD
:1059D0008DF81E108DF81D30835C28688DF81C3002
:1059E00007998DF81AC08DF81B4002F099FA78B922
:1059F0008DF81F902968079802F0A9FBC0F30723D0
:105A000028706B70C0F30743C0F30760AB70E87099
:105A10000699286802F084FA80B9029B29688DF8FB
:105A20001B30069802F093FBC0F3072328706B70BD
:105A3000C0F30743C0F30760AB70E870019B043507
:105A400001330193159B1F44149B1E444EE759B923
:105A5000013302D0BAF1010F1AD1029BC3F1FF0347
:105A6000C3EB03231B1259E70AF1FF3291420FD116
:105A7000012BF1E7A9B90133EFD0BAF1010FECD056
:105A8000BCF1000F13D1013202D0B8F1010FD5D112
:105A9000C9F1FF09C9EB09294FEA292985F80390C3
:105AA000CCE70AF1FF308842EAD1012BE7E708F1A1
:105AB000FF336345C2D1012AE9E72DE9F04F89B0F0
:105AC0001E46DDE917499DF86430154606939DF89A
:105AD00068300590079302FB0603009306EBD6732C
:105AE0005B1001930023039102930493189B169A71
:105AF000A9EB03039A4202DC09B0BDE8F08F129BC8
:105B0000029A03EB222C5FEA2C210AD4039B9942D0
:105B100007DA139B049A03EB2220031201D49D425F
:105B20000FDC4FF0000389F80030049B159A09F14F
:105B3000010913440493029A149B02341A440292FA
:105B4000D4E74FEA410A1CF0800F5FFA8CF803FBA0
:105B500006AA0CBFC8F17F08A8F18008C2B2059F51
:105B60000BBF4FF0FF3E4FF0010E4FEA48084FEADF
:105B700048080006059858BFC2F17F02504437F824
:105B80000AA0079F4BBF803A4FF0FF3C4FF0010C3B
:105B9000520048BF5200A4F800A0002F6BD00EEBBB
:105BA000010ABAF1FF3F57D0039FBA4563DA0CEB05
:105BB000030ABAF1FF3F5ED0AA455CDA06FB0CFB94
:105BC000069F30F81EA030F80B00002F40D0019F38
:105BD00003FB0711009B07FB0CFC03EB010B5B5C59
:105BE00089F800301BF80CC01BF80E1063451FBF6E
:105BF00002FB0CFCC2F5807E03FB0ECCCCF3072C21
:105C00008B421FBF08FB01F1C8F5807E03FB0E111C
:105C1000C1F307218C444FEA6C0389F80030002B54
:105C200083D02188814202D150453FF47EAF02F0FB
:105C3000FE02E2F7C9FB8346218808F0FE025046C7
:105C4000E2F7C2FB7F225946E2F7BEFB20806CE7F9
:105C5000FF2389F80030E4E7069A8AB3019A534398
:105C6000009AD05CC8F1FF0800FB08F84FEA28282A
:105C700089F8008059E70698C0B1DDE9000703FB09
:105C80000700405CA1B9BEF1FF3FEBD003990129A9
:105C9000E8D0BBB9BCF1FF3F01D0012D18D1C2F152
:105CA000FF024243121289F800203EE7FF20E9E795
:105CB000039F07F1FF3A8A45EBD1BEF1010FE7E7F9
:105CC000FF20CFE7691E994202D1BCF1010FE5E741
:105CD00089F8000029E72DE9F04FB3B04FF00A082A
:105CE0000B939DF800316FF0090714933E9B0D92C2
:105CF000DB6A3E9A5E422D9696FBF8F6126B77436E
:105D00002B923E9A1291526BFF1A2C923E9ADDF81A
:105D1000F0B0D2E9100132AA02E9030030B2E2F792
:105D2000C3FB751C824628B2E2F7BEFB054606F1AE
:105D30005A0000B2E2F7B8FB814606F15B0000B200
:105D4000E2F7B2FB07FB00F3A8EB070209FB023303
:105D50007D4393FBF8F30AFB025595FBF8F55B11C5
:105D60002A93309B12981B022E93319B6D111B02BC
:105D70002F93299501F0BAFF0C90129801F0BBFF08
:105D8000149B1990062B0BD13E9B0C9A93F84B3029
:105D9000022B34BF0223042353431593002313E043
:105DA000149B0F2B05D1102002F09FF80C9B43434E
:105DB000F3E7149B142B76D10C9B5B001593419B4E
:105DC000199A159901FB023313933E9B93F84D30BA
:105DD00003F01002C3F300131A933E9B1692DB6A82
:105DE0001793002B69D13E9B3E9A196C0B9B126B4B
:105DF000013B5B1A534301EB23213E9B3E985A6CB7
:105E0000406B0BF1FF339B1A434302EB2322129B9F
:105E10009B688B42A8BF0B461D46129BDB689342D2
:105E2000A8BF13461E46129BD3E90007BA42A8BF7B
:105E30003A4622AB8142A8BF0146009325A821AB78
:105E4000FFF7F4FC24AB29463246009323ABFFF75F
:105E5000EDFC0C9D21A8012D0FC8C1BF121A120222
:105E600005F1FF3592FBF5F2D8BF179A0E92199AF9
:105E7000012AC1BF5B1A1B0202F1FF3293FBF2F34E
:105E8000D8BF00231D9300F180030F9301F180031D
:105E90001F9300231C931893DDE91832934212DB01
:105EA00033B0BDE8F08F149802F01FF80C9B434309
:105EB0001593149B122B82D070E700230E931D9331
:105EC0001F930F93E5E7179BE3B91F9B1C9A03EB06
:105ED00022231193179B1093149B063B0E2B00F269
:105EE0009E80DFE813F012029C009C009C009C0046
:105EF0009C009C009C006900AD0040008600F501FC
:105F00009C000E02129B12995D68189B25A81D44E7
:105F100022AB00932A46096821ABFFF787FC129950
:105F200024AB00932A46896823ABFFF77FFC0C98CB
:105F3000239D01282199249B229A11DD6D1A013895
:105F40002D029B1A95FBF0F51B0293FBF0F30E95C7
:105F5000109301F180030F9302F180031193BBE7CB
:105F600000230E93F4E74FF00008419DCDF87880B0
:105F7000CDF86C800C9B1B9A934250DD0F9B03EB7A
:105F8000282211120BD40B9B8B4208DD1E98119B0B
:105F900003EB2023181202D4834500F3D88000239A
:105FA0002B601B9B109A01331B931E9B04351344DB
:105FB0001E930E9B9844DDE74FF0000EF04641998A
:105FC000419B0C9ACB1A9A4229DD0F9B03EB2E259D
:105FD0002F120AD40B9BBB4207DD119B03EB282039
:105FE0005FEA202C01D4E3452CDC4FF000030B705A
:105FF00078E0042307931A9B5A460693419B0B991A
:1060000005930C9B0D980493109B03930E9B029396
:10601000119B01930F9B00933D9BFFF759FC419B04
:10602000159A13444193139B13B10C9A1344139381
:10603000189B01331893DDE91C3213441C932BE7A2
:106040000323D7E72C06EAB254BFC2F17F02803A9D
:10605000C3B255BF4FF0FF36012652005200000672
:106060003D980D9C0CFB007004EB0009205C169C15
:1060700055BFC3F17F03803B4FF0FF35012554BF6F
:106080005B005B000870002C41D007EB060ABAF1F8
:10609000FF3F33D00B9C544539DD0CEB050ABAF1B8
:1060A000FF3F25D0D34532DD19F806603D9CB04254
:1060B00018BF5E4304FB05F51CBFC3F5807700FBEA
:1060C000076619F8055018BFC6F30726A8421FBF78
:1060D0005543C2F5807300FB0355C5F307252E44D5
:1060E00076100E70109B013198440E9B9E4467E71A
:1060F0000B9C4FB9012C18D1012E16D1C2F1FF0211
:10610000424312120A70EDE7651EAF42F3E78FB902
:106110000136F3D00B9C012CF0D0BCF1000F10D154
:10612000013502D0BBF1010FDCD1C3F1FF034343C2
:106130001B125CE70B9C04F1FF394F45EDD1012E9A
:10614000EAE70BF1FF329445CCD1012DECE75FFA81
:1061500082F93D9C120655BF4FF0FF320122C9F172
:106160007F09A9F180091F064FEA810700FB047728
:106170000D9CDEB204EB070CE759169C55BF4FF09F
:10618000FF330123C6F17F06803E2F60002C00F014
:1061900081808F187C1C73D00B9CBC427ADDC718A1
:1061A0007C1C67D0BB4575DD5CF822000CEB8201DE
:1061B0003D9A239053430CEB03025CF8030092F8E2
:1061C00003A0CF782490BAF1000F0ED1EB78C6F17E
:1061D000FF0673431B12EB7057BBEB78C9F1FF0945
:1061E00009FB03F31B12EB70DBE62499286801F02E
:1061F00097FE0028F0D1EA784AB106FB0AFAC6F108
:10620000FF0302FB03AA4FEA2A2A85F803A08DF8B0
:1062100093602968249801F09AFFC0F3072328703F
:106220006B70C0F30743C0F30760AB70E870D3E74F
:106230002399286801F074FE00287FF4B2AEEA7852
:106240003AB109FB07F7C9F1FF0302FB03773F12DD
:10625000EF708DF88F902968239801F078FFC0F3D4
:10626000072328706B70C0F30743C0F30760AB705F
:10627000E87096E60B9B51B9012B1DD1012A1BD169
:10628000EB78C9F17F0909FB03F3DB11ABE7013BB5
:106290009942F2E729B90132F2D00B9A012A04D1CE
:1062A000EEE70B9C671EB942F8D050B9013303D01A
:1062B000BBF1010F7FF475AEEB78C6F17F06734337
:1062C000E3E70BF1FF3290427FF46BAE012BF1E775
:1062D0001A9B089300230793139B5A460693419BEE
:1062E0000B9905930C9B0D980493109B03930E9BA5
:1062F0000293119B01930F9B00933D9BFFF7DDFBE6
:106300008DE61A9B08930123E5E73E9B93F84B30FB
:10631000012B21D80027BA463E46DDF804C10C9B6C
:10632000B3427FF77CAE0F9B03EB272005120BD403
:106330000B9BAB4208DD119B03EB2A215FEA212E68
:1063400002D4F34500F3C3804FF00002419B03F8F1
:1063500016208CF8012014E10027B946B84641996F
:106360000C9B43457FF75BAE0F9B03EB27252E125B
:106370000AD40B9BB34207DD119B03EB29205FEA94
:10638000202E01D4F34509DC00230B60109B08F19B
:10639000010899440E9B04311F44E1E7EAB22D063F
:1063A00055BFC2F17F02803A4FF0FF35012554BF3F
:1063B0005200520004063D9CC3B20EFB046C0D9CBF
:1063C00058BFC3F17F0364441B940D9C48BF803BBE
:1063D00014F80CA04FF0FF34CC70169C55BF4FF052
:1063E000FF3001205B005B0081F800A081F801A074
:1063F00081F802A0002C44D006EB050ABAF1FF3F59
:1064000033D00B9C54453CDD0EEB000ABAF1FF3F44
:1064100025D0D34535DD1B9C655D3D9C60431B9CB1
:10642000265C0D9810F80C0085420FBF05465D43B1
:10643000C3F5807C00FB0C5518BFC5F307258642C9
:106440001FBF5643C2F5807300FB0366C6F30720E7
:106450000544C5F347050D704D708D7096E70B9898
:1064600066B901281CD1012D1AD10D9BC2F1FF0282
:1064700013F80C3053431B12CB7087E70138864268
:10648000F0E7B6B90135F0D00B9C012CEDD0BEF190
:10649000000F15D1013003D0BBF1010F7FF476AFAF
:1064A0000D9AC3F1FF0312F80C205A431212CA705E
:1064B0006CE70B9C04F1FF3A5645E8D1012DE5E766
:1064C0000BF1FF3296457FF461AF0128E6E73D9C72
:1064D000C2B20EFB04590D9C00064C441E940D9C48
:1064E00058BFC2F17F0214F80980419C48BF803A2E
:1064F00004F816804FF0FF34CBB255BF4FF0FF3099
:10650000012052005200090654BFC3F17F03803BB3
:106510008CF80140169C55BF5B005B004FF0FF31CB
:10652000012154BF1B931B93002C45D02C18631CD6
:1065300035D00B9BA3423FDD0EEB0104631C28D03A
:10654000A34539DD1E9C205C3D9C804504FB01F188
:106550001E9C615C07D01B9B5843C3F5807508FBEC
:106560000500C0F3072088451FBF5143C2F5807363
:1065700008FB0311C1F30721419B0844401003F8B5
:106580001600109B01369A440E9B0CF1020C1F441E
:10659000C5E60B996DB9012922D1012820D10D9BA7
:1065A000C2F1FF0213F8093053431B128CF801307B
:1065B000E7E70139A942EFE72DB90130EFD00B9899
:1065C000012805D1EBE70B9C04F1FF384545F7D0D6
:1065D000BEF1000F0DD1013102D0BBF1010FD0D1BE
:1065E0000D9A1B9B12F80920C3F1FF035A431212A4
:1065F000AFE60BF1FF329645C3D10129EFE72DE954
:10660000F04FD3B0CA6B4E6B1346B242A8BF3346AD
:10661000CC6A0290A342D4BF07930794886B0B6C9B
:106620000D4683421F46A8BF0746096B0DF12C0893
:106630008F42D4BF08970891B242B8BF3246A242F7
:10664000ACBF099209948342B8BF03468B42ACBFEA
:106650000A930A91029B40469A6807A900F0FFFF3F
:10666000002800F0CA80E86A696B05F12C038842B3
:1066700005F1340B05F13C0A04AC17AE19AF0DF16E
:106680006C0940F0BD801946204601F039FB94E8C2
:10669000030086E803005946204601F031FB94E8E8
:1066A000030087E803005146204601F029FB94E8E7
:1066B000030089E80300189A1A9B9A4203DD3946C1
:1066C000304601F02AFB1C9C17AE96E8C00CAAEBE2
:1066D0000603E41B5C431B9BABEB07029B1B02FB0B
:1066E0001344002110220FA809F031FBE30FE4430B
:1066F0000DF1A0093A4631464846CDE900B353466C
:10670000DFF73AF9DDE917121C9BE40F36AE30468D
:10671000019400931B9BDFF72FF91A9A1C9B199980
:106720009A420ABF0223CDE90034CDE9002344A8F0
:106730001B9BDFF721F944AB4046CDE90F9611933F
:1067400001F0D4FA8246E2F7D7FD4FF0000B07467E
:1067500098E80F0013AC84E80F00B5F81D3007A8C7
:10676000ADF88930EB7F16918DF88B302B7F95F843
:106770002B908DF8883023971D9425948DF89CB02C
:10678000CDF878B001F0B2FA064607A801F0B3FAE6
:106790003146024605F12000FEF7F2F909F007093B
:1067A0000646002800F08980B9F1020F40F087808A
:1067B000079AD8F80030219444689B1A03EB4301F0
:1067C0001C440F2302688DF880300A441E92D8F8CA
:1067D00004B0D8F80C305B4573DA3846E2F7A6FD12
:1067E00044A8DFF795F828A8DFF792F836A8DFF776
:1067F0008FF816B13046FEF7FEF953B0BDE8F08FC2
:10680000EA6B904211D11946204601F079FA94E8DA
:10681000030086E803005146204601F071FA94E82F
:10682000030087E8030059463EE7914213D15946D9
:106830002046039301F064FA94E8030086E803001D
:106840005146204601F05CFA94E80300039B87E878
:106850000300194628E71946204601F051FA94E84A
:10686000030086E803005946204601F049FA94E8FF
:10687000030087E803005146204601F041FA94E8FE
:106880000300189A1A9B89E803009A4203DD3946EF
:10689000304601F042FA189A1C9B9A4203DD4946A1
:1068A000304601F03AFA1A9A1C9B9A42BFF603AF9F
:1068B0004946384601F031FAFDE6044687E75C4672
:1068C00085E75246FF213846CDF850B0CDF858B094
:1068D00003F0BAFACDF800A05B463946D8F800209C
:1068E0000FA8FEF7ABFEB9F1010F8DF890001DD196
:1068F000089B3168ABEB030303EB430288188A5A09
:10690000ADF8892082788DF88B207268D35C2A7F5D
:106910008DF88830FC2A04D813FB02F31B128DF883
:10692000883002981DA9DDF7DFFE1CE0B9F1020FE7
:10693000F7D1002CF5D002280DD100232397534521
:10694000EFDAE15CFC299FBFFA5C12FB01F2121244
:10695000FA540133F3E7012803D123948DF8909082
:10696000DFE70028DDD10BF1010B32E7036803B943
:10697000FEE75B6818470146006810B1836803B101
:10698000184770472DE9F0470D4691469A468046D4
:1069900000B9FEE741B3002406460C60337D4A4649
:1069A00013F0040F0CBF53460023294630463768C6
:1069B000B84728B1EB7BDB0712D5002C08BF344663
:1069C000F669002EEAD184B1237D266813F0040F06
:1069D0000CBF534600234A4629462046B047264668
:1069E00001202E60BDE8F087FEE7D8F80C20204695
:1069F00002EBD273C3F34F03EB800233AB80EB683F
:106A00002C6003F07E4343F0807343F480332A818B
:106A10006C81EB60E6E710B586B0134600B9FEE77F
:106A20001F292BD940F21C62914227D0A1F58A522E
:106A30001F3A012A22D9A1F5C0520B3A032A1DD9C7
:106A4000A1F50054A4F10B02042A17D9283C072C05
:106A500014D9A1F501521F3A102A0FD94FF6FF623F
:106A600091420BD04FF6FF02914207D00A46694689
:106A7000FFF788FFBDF8040006B010BD0020FBE75B
:106A8000C068704703680A78934209BF4B78981A28
:106A90004068C01A704703680A88934209BF4B8850
:106AA000981A4068C01A704700880B88C01A70474F
:106AB00000B10078704700B1007A704708B1D0F893
:106AC000A800704710B9086048607047037803F069
:106AD000FD03012B02D04FF0FF30F4E7036B406B56
:106AE0000B60F1E750B1037803F0FD03012B04D1F3
:106AF00090F8980000F00F0070470020704738B100
:106B0000037803F0FD03012B01D1006F70470020D3
:106B100070470023C1E9003340B1037803F0FD035F
:106B2000012B01BF836C0B60C36C4B60704718B1C5
:106B3000837A43F008038372704770B588B00446C7
:106B40000E46154600211C2201A803F07DF9CDE96F
:106B50000144B0340122204601A9ADF80C6005952E
:106B600001F041FB012804D10022204601A901F0D7
:106B70003AFB08B070BD70B5012BDDE9044502DCBD
:106B8000C61E012E07D9013804282BD8DFE800F0F3
:106B90000C03221B130000238A1A2B60236802EBCC
:106BA000D27203EB620304E000232B6023688A1A8D
:106BB0001344236006E0012B04DD8A1A013B92FB9B
:106BC000F3F22A6070BD8A1A92FBF3F22B681A4422
:106BD0002A60E3E70133891A91FBF3F12960236806
:106BE0000B44E6E700232B60ECE7136851B1013B4F
:106BF000002B136001DA002070478268126852F897
:106C000023007047013313608268118D8B42F5DBDE
:106C1000F1E707B51822F4F71EFF03B05DF804FB97
:106C200007B51922F4F717FF03B05DF804FB07B5A9
:106C30001A22F4F710FF03B05DF804FB07B51B221E
:106C4000F4F709FF03B05DF804FB38B500210546F1
:106C5000FFF7DFFF04462846F3F7D9FD002104447F
:106C60002846FFF7DDFF204438BD38B50021054632
:106C7000FFF7DDFF04462846F3F7C6FD0021044474
:106C80002846FFF7DBFF204438BD10B5044600223C
:106C9000F5F762FB2046BDE8104000220121F5F720
:106CA0004DBB70B5044616461D460022F5F75BFB4A
:106CB000314620460022F5F75DFB2946204600229A
:106CC000F5F75FFB2046BDE8704000220121F5F793
:106CD00035BB10B504460022F5F75AFB2046F5F700
:106CE00075FBBDE81040F3F71DBD2DE9F0410546E9
:106CF000DDE906671846089C9DF8243011B1002292
:106D0000226022E0A2F1040C5FFA8CFCBCF1020FBD
:106D100003D8012E084608BF0122BC46002107EB1C
:106D20008608E0450AD14FF0000C091A062A0CD853
:106D3000DFE802F0092B310B413A33005CF804EB39
:106D400086447144EDE7C4F800C0A6464FF0000C3D
:106D500006F1FF38E04534D806F18042013A54F894
:106D6000220057F8222010442268801A5BB10022CA
:106D7000043C54F8043F57F82210EB1A01325B1A16
:106D800096422360F5D1BDE8F081691A01EBD1711B
:106D900049102160D9E7691AFBE7691A701E91FB57
:106DA000F0F0C4F800C0D0E7691A91FBF6F000EBF0
:106DB000D0725210A4E7691A701C91FBF0F02060A9
:106DC000C3E757F82C10DEF800200CF1010C0A4440
:106DD00002444EF8042FBDE72DE9F041069F04461A
:106DE00015461E460FB100233B600022204601F0ED
:106DF00089FB38B93B46324629462046BDE8F0417A
:106E000001F0A4BABDE8F08138B5846C0546B4B190
:106E1000206820B101F079FA2068E2F787FAE0698A
:106E200008B1F6F7C8F8206A08B1F6F7C4F8606848
:106E3000E2F77CFA2046E2F779FA0023AB6438BD2A
:106E400038B58D6C0C462DB1286C18B1F6F7B3F837
:106E500000232B642046BDE83840FFF7D5BF10B5AE
:106E60000446806C28B94420E2F74EFA00B9FEE7E8
:106E7000A06410BD70B5036805461B6A0E469847AE
:106E8000044678B12B68324601465B69284698472C
:106E90002046AD6900F0DCF83146A847204600F0F6
:106EA000FCF8012070BD2DE9F041036815465F6ACA
:106EB0001346002204460E46B84701280FD1002091
:106EC000BDE8F08129462046FFF7D4FF0028F6D020
:106ED000236800225F6A31462B462046B8470228C5
:106EE000F0D023682A4631462046BDE8F0411B69B0
:106EF000184782B0F8B50793036805460F46164653
:106F00009847044600B9FEE7002307AAC36000F1D2
:106F10001003C0E90057866007CA83E807006B6862
:106F200020469847054640B92046E2F7FFF92C462F
:106F30002046BDE8F84002B0704704F11C0002F0A2
:106F4000ADFBF5E72DE9F0410E469046054600B948
:106F5000FEE701B9FEE700F11C07384602F0A0FB8E
:106F6000EC682CB9384602F09DFB2046BDE8F08164
:106F70002B68424631462846DB689847044600287D
:106F8000F0D000F06AF8EDE7F8B5064615460C4675
:106F900001B9FEE700F11C07384602F081FB2046EC
:106FA000294600F063F8204600F04AF860B9204610
:106FB00000F04AF840B12046B66900F049F8294689
:106FC000B047204600F069F83846BDE8F84002F0C6
:106FD00069BB2DE9F0410E469046054600B9FEE733
:106FE00001B9FEE700F11C07384602F059FBAC6816
:106FF0002CB9384602F056FB2046BDE8F0814246E7
:1070000031462846FFF74FFF04460028F1D000F034
:1070100024F8EEE78068003818BF0120704700B1FF
:107020000162704700B9FEE743680133436070476F
:1070300000B9FEE74368013B23EAE373436070470E
:1070400000B9FEE74068704700B9FEE7007B704773
:1070500000B9FEE78368C01A704708B500B9FEE7BB
:10706000FFF7E0FFBDE80840FFF7F2BF00B9FEE719
:1070700043680BB1FFF7DCBF704700B9FEE7084477
:1070800070471030704700B9FEE701B9FEE70023F2
:107090000160826043600373704708B500B9FEE782
:1070A000FFF7D6FFBDE80840E2F740B900B9FEE7B8
:1070B0000368DB69184738B51446054600B9FEE792
:1070C00049B98368EA6814446018984294BF002064
:1070D0000120400038BDC36B08469847AB680146A5
:1070E0008342EFD20120F5E7012070470068704726
:1070F000F8B5054600B9FEE700F13007384601F063
:107100003EFB044610B906463046F8BD2368696860
:107110001869FFF7B2FF0646FFF792FF0028F3D089
:107120002146384601F032FBEBE72DE9F0410F46EE
:10713000054600B9FEE700F13006304601F01CFBC1
:10714000044648B905F1240001F00FFE304601F075
:107150005FFBEC60BDE8F08123686968D3F81080BC
:107160004046FFF78AFFFFF76BFF18B939464046E4
:10717000AB6998472146304601F004FBE0E72DE972
:10718000F0419046044600B9FEE701B9FEE700F180
:107190002407384601F0FFFC054628B3066941463E
:1071A0003046A3699847E36B30469847E3686168C7
:1071B0001B1AE3603046FFF760FF0646E26A2B6960
:1071C0002946134453F8048C384601F080FD3046BC
:1071D000FFF763FF04F13000414601F08DFA4046AD
:1071E000BDE8F041E2F7A2B8BDE8F081F8B5044689
:1071F00000B9FEE701B9FEE70846FFF729FF04F1F1
:10720000240701460546384601F0C5FC0146A8B1F1
:10721000E26A03693846134453F8046C01F057FDE1
:10722000314604F1300001F067FA3046E2F77EF8AB
:10723000E36B28469847E3681B1AE360F8BD2DE925
:10724000F0410E46054600B9FEE701B9FEE700F140
:107250003007384601F090FA48B9314605F124006C
:1072600001F099FC044688B92046BDE8F081036826
:107270006968D3F810804046FFF7FFFE31460446A8
:107280002B69404698470028E7D1EDE7EA6A036991
:107290003846134453F8046C01F06EFA3146024646
:1072A000384601F082FA69682069BDE8F041FFF7CD
:1072B000E4BE10B54020E2F71FF8044600B9FEE72F
:1072C0004022002102F0C0FD204610BD2DE9F3410F
:1072D0000E46044600B9FEE701B9FEE700F12408B6
:1072E000404601F06DFC0090B0B105696168284628
:1072F000FFF7C3FE314662680746284602F0AFFC3E
:1073000004F1300001F098F905460190A8B9404613
:10731000009901F020FD0095009D55B16168286934
:10732000FFF7ABFEE36B054630469847E36803443E
:10733000E360284602B0BDE8F0816946042202F00D
:107340008EFC0422009BE06A1B6904380DEB0201ED
:10735000184402F084FC214638466268FFF793FE29
:10736000DAE708B502460B46127A1B7A40689A4261
:1073700049680ED1012A08D102F0C3FD002801D1CD
:10738000002008BD06DD0120FBE7002AF8D1884275
:10739000F6D0F8D84FF0FF30F3E738B5C5680446AB
:1073A00010212846F5F7D9FE10B12846F5F703FE5F
:1073B000237A012B04D16068BDE83840E1F7B6BFFD
:1073C00038BD08B502460B4612791B7900689A420F
:1073D00009680ED1012A08D102F093FD002801D1DD
:1073E000002008BD06DD0120FBE7002AF8D1884215
:1073F000F6D0F8D84FF0FF30F3E70379012B02D134
:107400000068E1F793BF704713B54FF480630093B2
:10741000002304461946026B406B01F0F7FA626ADA
:10742000E36A9B1A584302EBA02002B010BDF7B5E7
:107430001F464FF48063009300230D461646044612
:107440001946026B406B01F0E1FA089B324600934B
:1074500029463B4601F0DFF9626AE36A9B1A58430A
:1074600002EBA02003B0F0BD002816DA6423891ACD
:107470000029B8BF49420A225943C0F30903B1FBAE
:10748000F3F1C0F309535343994228BF1946C0F39F
:1074900089205043884238BF0846704770B5456A16
:1074A000C66A04463246006B2946FFF7DDFF3246C6
:1074B00029462063E06BFFF7D7FF32462946E06399
:1074C000A06BFFF7D1FF3246A0632946206CFFF77F
:1074D000CBFF206470BD30B542F2107542F2F674F5
:1074E000A84294BF03462346A94294BF08462046BB
:1074F000AA4298BF14460A220533B3FBF2F30530C3
:10750000B0FBF2F0053403F1004303EB8023B4FB3E
:10751000F2F003EB005030BD07B500224FF480635A
:107520001146009340F25123FFF781FF03B05DF84D
:1075300004FBD0E90C329A42ACBFC06A406A704783
:1075400007B5B0F94E300093B0F94C30B0F94A208D
:10755000B0F94810FFF76BFF03B05DF804FB016062
:10756000704741607047016370474942416370470B
:107570004FF000434162C0E90A3270470162704730
:10758000C16070470161704741617047C1637047D6
:1075900081637047416470470164704790F85430CC
:1075A00061F3C30380F854307047C1617047A0F89D
:1075B0004C30BDF90030A0F84810A0F84A20A0F8DF
:1075C0004E30704730B50568836840685B1B03EB3D
:1075D000D37300EB630005EB63055C104B680A682E
:1075E0001B1A5B43521B644302FB0232944234BFBA
:1075F0000020012030BD8360009BC0E90012C36001
:107600007047036819440139816070474368194421
:107610000139C1607047836802689A1AC36840687C
:10762000181A013002FB0000704703685B1A036000
:1076300083680B44836043689B1A4360C3681344A8
:10764000C360704703680B44036083680B44836026
:10765000436813444360C3681344C360704770B504
:1076600015680B684C689D42B8BF1D4653688E680C
:10767000A342B8BF23469468C968D268B442A8BF81
:1076800034468A42A8BF0A46A5420560436084602A
:10769000C26004DC9342CCBF0020012070BD0020FA
:1076A000FCE710B514680B689C42D4BF046003600B
:1076B00054684B689C42D4BF4460436094688B68B4
:1076C000D2689C42ACBF84608360CB689A42ACBFF6
:1076D000C260C36010BD2DE9F04F85B00C6805682D
:1076E0000E46AC4260DBD0F8088044455CDC4C6858
:1076F0004768BC4258DBD0F80C904C4554DC002A5B
:1077000003DC012005B0BDE8F08FA8EB0504A9EB70
:10771000070001340130641040108442A8BF0446C1
:107720009442A8BF1446009500226846254407EB02
:10773000040ACDE90175CDF80CA0FFF7CCFF024695
:1077400030B12C44029431466846FFF73BFFD9E73D
:1077500031466846A9EB040BCDF804B0CDF80C9087
:10776000FFF7B9FF024628B125440295ABEB0404AC
:107770000194E8E731466846A8EB04050095CDF88A
:107780000880FFF7A8FF024610B12D1B0095EDE71A
:10779000314668460197CDF80CA0FFF79CFF002802
:1077A000AFD02D1B0095CEE70020ABE702688B68B9
:1077B0009A420EDC82680B689A420ADB4268CB6808
:1077C0009A4206DCC0684B689842B4BF0020012092
:1077D0007047002070472DE9F34107680B680C469D
:1077E0009F42154603DA002002B0BDE8F0814368ED
:1077F00049688B42F7DB8668A1688E42F3DCD0F8DB
:107800000C80E1688845EEDCFAB169462046CDE996
:107810000073FFF760FF0028E5D02A46694620463E
:107820000096FFF758FF0028DDD02A46694620461B
:10783000CDE90078FFF74FFF0028D4D02A466946EB
:1078400020460096FFF747FFCEE70120CCE72DE961
:10785000F0410C460546114620461646FFF7A6FFA6
:10786000002862D000222046FFF7B5FF00285FD134
:1078700063687168D4F808C0D4F800E09942E268FF
:10788000C4BFC5E900E3C5E902C1A2EB0302616818
:10789000F368C8BF0120591A521A002AACEB0E0730
:1078A00013DDE1688B4210DAD4F808E0216800F1BA
:1078B000010C4FEA001805EB001045F80810C0E96C
:1078C000013E1344C3604FFA8CF073686168F2683C
:1078D0009942B8BF1946E368D4F800C09342A8BFE4
:1078E0001346326862450EDD8B420CDD00F1010E5D
:1078F0004FEA001805EB001045F808C0C0E9011276
:10790000C3604FFA8EF0B2682468141B3C1B002C35
:1079100009DD0701EA51461C224405EB0010C0E9CD
:107920000223416070B2BDE8F0814FF0FF30FAE70A
:107930000020F8E72DE9F34186680B680C469E426B
:10794000154634DBD0F80C804B6898452FDB076870
:107950008B689F422BDC4368C9688B4227DC1AB9CD
:10796000002002B0BDE8F08169462046CDE90073F1
:10797000FFF7B1FE0028F3D12A466946204600965B
:10798000FFF7A9FE0028EBD12A4669462046CDE93B
:107990000078FFF7A0FE0028E2D12A46694620467B
:1079A0000096FFF798FE80F00100C0B2D9E70120F1
:1079B000D7E72DE9F74FD1F80090D1F80C80D1F836
:1079C00004A001938B68A8EB0A04A3EB090E023A0A
:1079D0000EF1010C671CD0E90065132A00F2B1809A
:1079E000DFE802F01F3B40455358630A686C7A8316
:1079F00087959A9DA0A3A7AB83689B1B013303EBDC
:107A0000D3720CEBDC735B10C3EB6203C26807EB51
:107A1000D774521B013202EBD2726410C4EB6204C1
:107A20000AE083689B1B013303EBD3720CEBDC731E
:107A30005B10C3EB62030024019A334413440C9A95
:107A40002C4414440B604C6063443C44013B013CB7
:107A50008B60CC6003B0BDE8F08F83689B1BA3EB09
:107A60000E03E8E7C3685B1B1C1B0023E4E7836885
:107A70009B1B013303EBD3720CEBDC735B10C3EB8A
:107A80006203C268521B141BD6E783689B1BA3EBDF
:107A90000E03F6E7C36807EBD7745B1B013303EBF8
:107AA000D3736410C4EB6304DFE783689B1BA3EB11
:107AB0000E03ABE76FEA08045444D6E76FEA080404
:107AC000836854449B1B013303EBD3720CEBDC73D0
:107AD0005B10C3EB6203AFE76FEA0808836808EB4B
:107AE0000A049B1BA3EB0E03A6E7C468641B0134C6
:107AF000BBE783689B1B013303EBD3720CEBDC7396
:107B00005B10C3EB6203C468641B013494E78368B1
:107B10009B1BA3EB0E03F6E7DB434B448BE7DB43F6
:107B20004B4473E7DB434B44ABE783689B1B013358
:107B300081E783689B1B013368E783689B1B0133E4
:107B40009FE70024234677E72DE9F04F85B01F46D5
:107B50009DF8403081468B46DDF83CA0019312B978
:107B6000B7F5807F09D04E46484600245C4500F1B9
:107B7000080009D192BB14462BE00E9BB3F5807F21
:107B8000F1D105B0BDE8F08FDAF8001050F8083CEC
:107B900001345B1A40F8083CDAF8041050F8043C51
:107BA0005B1A40F8043CE1E756F8083C013403FB5B
:107BB00007F2DAF8003003EB222346F8083C0E9A6D
:107BC00056F8043C5A43DAF8043003EB222346F813
:107BD000043C5C4506F10806E6D1D2E7B2F5616FD8
:107BE00052DDA2F561620A2392FBF3F86FF00901FE
:107BF0000FFA88F001FB0824E0F756FC08F10105B4
:107C0000039028B2E0F750FC054608F15A0000B294
:107C1000E0F74AFC029008F15B0000B2E0F744FC98
:107C20000A23C4F10A0C654344430399029A01FBF9
:107C30000C5502FB0C4495FBF3F594FBF3F44FF069
:107C4000000C6D116411DC459BD0DAE90008B7F532
:107C5000807F59F83C2073681BD10E99B1F5807F65
:107C600017D102FB04FE03FB15EE634302FB053351
:107C700000EBAE2008EBA32149F83C00083646F89B
:107C8000041C0CF1010CDEE7002AB8BF02F56162AA
:107C9000A9E7019971B17A430E9902FB04FE4B43A7
:107CA00003FB15EE634302FB053300EBAE4008EB2C
:107CB000A341E1E702FB04FE03FB15EE634307FB70
:107CC0000EFE02FB05330E9A00EBAE405343EEE787
:107CD0001FB59DF81C400294069CCDE90034134664
:107CE0000A460121FFF730FF04B010BD8368006829
:107CF000181A01307047C3684068181A013070477D
:107D0000D1E90012C0E900127047D1E90012C0E9C0
:107D100000127047C0E90012704730B50246D0E942
:107D200000540B46D1E9000182E80300C3E9005486
:107D300030BD00F0C043B3F1005F12D16FF060427C
:107D400020F0C04393420CD06420B3F1805FA2BF07
:107D5000C3F17F6303F57F2303F6FF734B4393FB6C
:107D6000F0F0704710B500230446C0E90131C2604D
:107D700002FB01F0E1F7C0FA206000B9FEE710BD98
:107D800010B50446006818B1E1F7D0FA002323606B
:107D90000023C4E9013310BD38B50D46C16804465F
:107DA00069430068E1F7CCFA00B9FEE76368206038
:107DB000AB42A56088BF656038BDD0E90113B1EB67
:107DC000530F01D8FFF7E8BF704738B50368044682
:107DD0000D4603B9FEE7D0E90113994202D10431FF
:107DE000FFF7DAFFD4E90030E268294600FB0230F1
:107DF00001F035FF636801200133636038BD4368DB
:107E00008B4206D9036803B9FEE7C06800FB013066
:107E100070470020704738B5426804468A420D46D4
:107E200015D9531E8B4204D14360FFF7C6FF0120D2
:107E300038BDFFF7E4FF521BE168013A4A430144B1
:107E400002F02EF863682046013B6360EDE70020F6
:107E5000EEE7406870470021FFF7D1BF70B5C468F6
:107E6000D4E90056E0F78AFD2046E1F75FFA304694
:107E70002B46BDE870401847C31FDBB20E2B9DBFD9
:107E800047F2FF20D84000F00100002070471FB5E6
:107E900000230246C0B2C2F3072460F3070364F371
:107EA0000F23C2F3074262F3174361F31F631846BF
:107EB00004B010BD82B0030A420902F4FC6203F46C
:107EC00078431343C0F3C400184480B202B0704733
:107ED00082B0034600F47F02C0B200F17F4010443C
:107EE00003F47F43184402B0704708B5E0F762FA24
:107EF0000730C0F3C70008BD82B000F47F0313FA57
:107F000080F002B0704707B5FFF7F6FF024608465B
:107F1000FFF7F2FF131A5842584103B05DF804FB13
:107F200082B0431A5842584102B0704782B00346AB
:107F30000020DAB262F30700C3F3072262F30F20D6
:107F4000C3F3074363F3174002B0704782B00023C6
:107F500062F3070361F30F2360F31743184602B07F
:107F6000704782B04FF6FF730020DAB262F3070069
:107F70001B0A63F30F2040F47F0002B0704782B009
:107F8000002002B070471FB50446FFF7F8FF0A460D
:107F90002146C0F307238DF80D30C0F307438DF859
:107FA0000C008DF80E30039804B0BDE8104000F0CE
:107FB000A0B8C178FF2912D011B9042201F044BF42
:107FC000827812FB01F212128270427812FB01F2E7
:107FD00012124270027812FB01F212120270704704
:107FE00010B4FF290A461BD021B902225DF8044BC8
:107FF00001F02ABF01880378C1F3451103F01F0384
:1080000011FB02F113FB02F309121B1243EA4113A5
:108010004178C90811FB02F1091243EAC12101802C
:108020005DF8044B704782B0C0F30743C0F30722EA
:1080300003EB830103EB410302EB8201C1EB01116E
:1080400002EB4102C3EBC303C0B21344C0EBC00058
:1080500003EB8000C0F3072002B07047C0F3451265
:10806000C0F3C42302EBC20101EB011103EB830354
:1080700000F01F0002EB8102C3EBC313C0EBC00092
:10808000134400EB40101844C0F307207047837876
:1080900003EB830203EB42034278C3EBC30302EB1F
:1080A0008201C1EB011102EB410213440278C2EBE1
:1080B000C20203EB8200C0F30720704782B0C0F316
:1080C0000743C0F3072203EB830103EB410302EBF9
:1080D0008201C1EB011102EB4102C3EBC303C0B249
:1080E0001344C0EBC00003EB8000C0F3072002B0D4
:1080F0007047F0B585B015460746844648F28106BC
:10810000C2F1FF02C1F307445443C0F3074000FB30
:1081100005440020C1F30723C9B253434A43FFB2C9
:1081200007FB0522CCF3072C0CFB0533724373438A
:108130007443C2F3C75262F30700C3F3C75363F338
:108140000F20C4F3C75464F3174005B0F0BDF0B579
:1081500085B0B0F17D4F0091C2B2C0F30726C0F3E5
:1081600007454FEA10674FEA11611BD2022F9DF8B5
:1081700000309DF801009DF802401ED9C7F1FF0CA8
:108180000CFB04F40CFB00F00CFB03F305FB0744B1
:1081900007FB060007FB0233C4F30725C0F30726DD
:1081A000C3F30722002062F3070066F30F2065F394
:1081B000174061F31F6005B0F0BD1A46064625461C
:1081C000F0E782B00346C0F3074202EB4202C0B2BE
:1081D00002EB8002C3F307201044C0F3C70002B0D3
:1081E0007047016070472DE9F0410D46174606467D
:1081F00010B90120BDE8F081FFF72DFE044630469E
:10820000FFF727FE00268046043C4645F1D054F88F
:10821000042F13680BB90136F7E79368C3F3C03135
:10822000B942F8D1C3F30E0313B129899942F2D1AF
:1082300053682846EB6023681B6898472B7E13F031
:108240000200D6D1DB07E6D5D4E7F7B504460C200B
:108250000F4616461D46E1F74FF8019000B9FEE7BC
:10826000C0E9015607602046FFF7F3FD20B904225C
:1082700001212046FFF776FD204601A9FFF7A5FD65
:10828000019803B0F0BD00B9FEE7FFF7E2BD08B505
:1082900000B9FEE7FFF7B3FD00B1006808BD38B5CF
:1082A0000D46044600B9FEE7FFF7F1FFE1F73EF89F
:1082B00029462046FFF7AFFD003818BF012038BD22
:1082C000F8B5044600B9FEE7FFF7C3FD06462046B1
:1082D000FFF7C1FD00250746B54204DB2046BDE897
:1082E000F840FFF74DBD57F82500E1F71FF80135BD
:1082F000F2E700687047406870470089C0F30E00DD
:10830000704700697047C068704738B504464068D8
:10831000C0B10369C3B121689847636805465A68CC
:1083200052B1A36843B1013203D0D86808B1E0F775
:10833000FDFFA068E0F7FAFF0023C4E90033A36063
:10834000284638BD0B25FBE70925F9E72DE9F04F55
:1083500087B004468B461546994613B10023C9F8E9
:1083600000306068002800F0C780D0F804804669BB
:10837000B8F1000F22D0002E00F0C180D0F81CA070
:10838000BAF1000F00F0BB800023A2680493966846
:10839000D2E900C16645D76826D20023324621685B
:1083A000D047A84580F08280606804AB00935A46AD
:1083B0002B4646692168B04780465AE0002E00F0FF
:1083C0009E8004AB0093CDF810802B465A4621685E
:1083D000B0478046B9F1000F02D0049BC9F80030C5
:1083E000404607B0BDE8F08F8E42D6D88A1B0131D7
:1083F000531CA1EB0C01C91AB8F1FF3F0393394498
:1084000002D19D4203D91546039BAB420CD32A46A9
:10841000584601F024FC0495A268049993684FF033
:1084200000080B449360D5E75846039A01F017FC07
:10843000D4E901035A68D0F81CA000232168013256
:10844000D04700230593039B6068A5EB030A9B4478
:10845000D04505AB009310D253465A464769216870
:10846000B8478046059B039E1E44AE4294BF0496C7
:108470000495B8F1000FADD1CEE743693A461E46E8
:1084800021684346B047A2688046536801331360B1
:108490000598824528BF8246411E0B4453603946E9
:1084A00058461FFA8AF201F0DAFBDBE747B940468B
:1084B000A768E0F721FFA368F860DF6807B9FEE767
:1084C00000236068059305AB00933A464346216854
:1084D000D0F814A0D047A16880460E60059A58468F
:1084E000AA4202F1FF3328BF2A4633444B60394683
:1084F000049201F0B4FBBCE74FF00B0870E74FF0BB
:1085000009086DE737B5044640681346002830D0A7
:108510004268C56922B10DB1026A52B909200EE064
:10852000002DFBD00A46AC46216803B0BDE83040C0
:108530006047012B08D0022B0BD013B1002003B0F1
:1085400030BDA3689960F9E7A26893680B44936013
:10855000F4E70A462168A8470028F0D1606821683E
:10856000036A01AA98470028E9D1A368019A9A6092
:10857000E5E70B20E3E72DE9F041064690460C467F
:10858000002942D0087878B14B783A2B14BF4F1CA1
:108590008F1CDFF75DFF0546002838D083682BB9B4
:1085A000EB684BB9092005E00F46F2E79847002831
:1085B000F6D10120BDE8F0816A687560013206D10C
:1085C00036601020E0F7A0FEB06068B9FEE74246D2
:1085D000394628469847431E03331AD86B683060E3
:1085E000002BEED10020E5E76B68013307D163680B
:1085F000C360002303608360A3684360F2E74FF029
:10860000FF3303606FF00103F7E70B20D2E703208D
:10861000D0E70C20CEE709B10368CA50704711B10A
:10862000036819444A6070470023033121F00301B5
:10863000C0E901330160704738B50446006808306E
:10864000E0F75AFE054680B1014600222046FFF7BA
:10865000E2FF6268FFF7E3FF616811B12A46FFF7A6
:10866000DAFFA368656003B9A560284638BDF8B590
:108670000E46054668B161B14368994203D1BDE831
:10868000F840FFF7D9BF00680830E0F735FE044630
:1086900010B900242046F8BD2B680246F75828463A
:1086A0003946FFF7BCFF3A462146FFF7B4FF2246A2
:1086B0003146FFF7B0FF32462146FFF7B0FFE9E74A
:1086C00038B5054600680830E0F716FE044688B164
:1086D000014600222846FFF7A2FF2146AA68FFF7BD
:1086E0009AFFA96811B12246FFF799FF6B68AC6049
:1086F00003B96C60204638BD38B50B4640B1D0E9AF
:108700000014A3420AD10B445968416009B9816041
:1087100038BD0022BDE83840FFF77DBF85685C5852
:10872000AB4209D184600CB94460F1E72146BDE851
:1087300038400022FFF773BF0B445D6821462A468C
:10874000FFF76DFF22462946E4E7F8B50E460546D9
:1087500008B1446804B9F8BD2B6823445F6846B982
:1087600028462146FFF7C8FF2046E0F7DFFD3C46DC
:10877000F0E72046B047FAE700B14068704700B123
:108780008068704703681944486870470368C85890
:108790007047034640B14268002002B9704719682B
:1087A00001300A445268F8E7704770B591420C46B0
:1087B00015461BD0DAB10368D658A64216D021461A
:1087C000FFF79AFF22463146FFF729FF324621463E
:1087D000FFF721FF22462946FFF71DFF2A462146C3
:1087E000FFF71DFF05B9846006B9446070BD08B18C
:1087F0008668E2E70646E0E730B1436833B980684F
:10880000B0FA80F04009704701207047002070479F
:108810000021FFF79ABF2DE9F74F0546002800F029
:108820008680B0F5806F00F082805E1A0C9B01EBB1
:1088300041089B1A06EB460603EB430302EB420793
:10884000DA1BA6EB0809C6F58066009206FB00F26B
:1088500009EBA22C00FB0CFC08EBAC2C00FB0CFC85
:10886000C3F58063C0EBAC2C01930CF10103022B28
:1088700061D904464FF0080A4FEA490B02EB420265
:108880000BEBA222624308EBA222531C022B0FD94E
:108890004FEAEC718902D3174FEA8C2041EA9C51D0
:1088A000EFF772FC20B1BAF1010AA4EB000424D165
:1088B000002D42DBB5F5806F41DC2C464FF4806122
:1088C000002204FB06F309EBA323634308EBA32375
:1088D00063439812C5EBA3230133022B1DD98542B4
:1088E000CCBF224621468C1A04EBD47402EB6404FC
:1088F000A24212D09142E4DC0FE004FB06F209EB45
:10890000A22C04FB0CFC08EBAC2C04FB0CFCC5EB10
:10891000AC2C0CF10103022BB0D8019B009A6343ED
:1089200002EBA323634307EBA3276743BD1228464B
:1089300003B0BDE8F08F0446EFE70024EDE74FF405
:108940008064EAE70028B8BF01234FF02D02B4BFCE
:10895000404200230029BEBF49420233DBB28842B5
:108960008BBF51435043B1FBF0F1B0FBF1F188BF35
:108970001033CAB288BFDBB2162A16D92C2A1FD8E8
:10898000292A1FD8252A1FD8202A8CBF032004207B
:10899000DA06084448BFC0F15A0003F001029B0701
:1089A00017D59AB1B43080B27047012A08D9052A88
:1089B00008D9092A08D90F2A34BF03200420E7E781
:1089C0000020E5E70120E3E70220E1E7C0F1B40081
:1089D000E9E7002AE7D0C0F5B470E4E730B5034614
:1089E0000C460120002102B930BDD50741BF00FB74
:1089F00004F503FB0155A0FB0301491903FB04F532
:108A0000A3FB0334521004EB4504ECE710B58A4293
:108A100004461846029B04DBA2420EDDA14204DBA1
:108A200010BDA24209DAA142FADD1B1A641A5C43A6
:108A3000521A94FBF2F42044F2E71846F0E75A3059
:108A400000B2DFF731BD4B689A684A6002B111602D
:108A50000A681A601AB9036099600B6070479068E1
:108A600088420CBF93605360F6E78B685A688A604F
:108A700002B111600A681A601AB9036059600B608C
:108A80007047506888420CBF53609360F6E738B572
:108A90000546144611B10B7B012B39D10B462968D1
:108AA0008B4234D06168994235D1A1680B7B3BB9C8
:108AB000012228460A7321462373FFF7D6FFA168D7
:108AC000D1E9012312B1107B012809D113B1187B20
:108AD000012805D100230B73236821461C46DAE7E1
:108AE00013B11B7B012B07D10123137300232846ED
:108AF0000B73FFF7A8FFA168237B28460B730123A4
:108B000023738A6821461373FFF7AFFF296809B101
:108B100001230B7338BD0B7B3BB9012228460A7336
:108B200021462373FFF78FFF61684B6813B11A7BEF
:108B3000012A11D18A68002ACCD0107B0128C9D023
:108B400013B11B7B012B07D101231373002328468C
:108B50000B73FFF78AFF6168237B28460B730123A1
:108B600023734A6821461373FFF76DFFCEE770B594
:108B70000E461546044600B9FEE701B9FEE702B904
:108B8000FEE70C22002101F05FF900230120C4E977
:108B90000036A56070BD70B50E46054600B9FEE70B
:108BA00004680CB9204670BD30466B68216998474F
:108BB0000028F7D0D4E90132A8BF13461C46F0E7DD
:108BC0002DE9F84F0F46054600B9FEE7FFF7E3FF32
:108BD0000446B0B91420E0F797FB044600B9FEE75D
:108BE000A868E0F791FB8046206100B9FEE700230A
:108BF00023732E68C4E9013336B901232C60266043
:108C000023732046BDE8F88F27616B6831692069BE
:108C10009847D6E9013213EA200338BF1346BBB99F
:108C2000237338466B68316926609847002811DA4B
:108C3000746027464FF001094FF0000A396809B106
:108C40000B7B4BB101222B681A73C4F81080D8E754
:108C50001E46DAE7B460ECE70E68736899421ED1ED
:108C6000B3684BB11A7B3AB901221A7381F80C90A0
:108C700086F80CA03746E1E7D1F808B0BB4504D12F
:108C80002846FFF7F2FE0F46594681F80C90284619
:108C9000314686F80CA0FFF7D6FE3E46EAE723B140
:108CA0001A7B12B983F80C90E0E7D1F804B05F4565
:108CB00004D12846FFF7C7FE0F46594681F80C90AD
:108CC0002846314686F80CA0FFF7CFFEE5E7F8B559
:108CD0000C46D1E901312268257B1BB321B30B4639
:108CE00049680029FBD1CAB15168A1420CBF536049
:108CF00093601A68996894421F7B11D001B10A6091
:108D0000A66851609E60336026681D736568012FF8
:108D10001E605D602B6018D1A8B9FEE70360E8E72C
:108D20001A46F1E711B10B4619461A6042B1536871
:108D3000A3420CBF51609160012D06D118B9FEE726
:108D4000012D016001D1FFF7A2FE25692046E0F761
:108D5000EDFA2846F8BD08B500B9FEE7FFF7B7FF02
:108D600010B1E0F7E3FA012008BD70B5054600B97F
:108D7000FEE704680CB92C6070BD26466468002CC0
:108D8000FBD1B468002CF8D1346834B16368B342C5
:108D90004FF000030CBF6360A3603069E0F7C6FAD0
:108DA0003046E0F7C3FAE5E70C22002101F04CB8A9
:108DB00010B5037A0446FF2B02D00068E0F7B6FA3C
:108DC0002046BDE810400C22002101F03DB8F8B566
:108DD000037A0446581EC2B2FD2A0E4630D82768D0
:108DE00007EB83052A462B4412F8011BB14225D11B
:108DF00000EB8000E0F780FA10B300221146237ADE
:108E00002060013BDBB22372013D00EB830E15F8BD
:108E100001CFB44508D057F8223040F8213095F8FA
:108E200000C00EF801C0013194F808C00132944529
:108E3000EDD23846E0F77AFA0120F8BD9A42D3D154
:108E40000020FAE773B50D46017A0446FF29019226
:108E500037D005B9FEE7006828B101EB81024B1E4F
:108E600002445E1C26D10131C9B201EB8101E0F759
:108E700067FA30B3237A206000EB8302111D013BB7
:108E800023D2237A0133DBB25A1E237202EB83030F
:108E9000C554237AAD08019A03F18043013B1F2D8D
:108EA00040F8232028BF1F2501226368AA401343EE
:108EB000636006E012F8016DAE4204D1019A40F8F9
:108EC000232002B070BD013BCBE7D65CCE54D6E781
:108ED00070B5047A0368FF2C0ED0002003EB8405E4
:108EE00084420ED800200BE0814203F1080303D135
:108EF00063680120136003E018781C460028F3D152
:108F000070BD15F8016BB14202D153F82030F0E783
:108F10000130E5E7007AB0FA80F04009704782B08E
:108F20000A46012102B0FFF78DBF82B00A46022136
:108F300002B0FFF787BF82B00A46072102B0FFF7F1
:108F400081BF82B00A46032102B0FFF77BBF82B027
:108F50000A46682102B0FFF775BF82B00A46692150
:108F600002B0FFF76FBF82B00A46102102B0FFF7D0
:108F700069BF82B00A46112102B0FFF763BF82B019
:108F80000A46122102B0FFF75DBF82B00A461321E4
:108F900002B0FFF757BF82B00A46142102B0FFF7B4
:108FA00051BF82B00A46152102B0FFF74BBF84B013
:108FB0000023ADF80C10090C8DF80E101C218DF853
:108FC0000F30039A04B0FFF73DBF82B00A461D215F
:108FD00002B0FFF737BF84B00023ADF80C10090CC6
:108FE0008DF80E1023218DF80F30039A04B0FFF78F
:108FF00029BF82B00A46282102B0FFF723BF84B000
:109000000023ADF80C10090C8DF80E1031218DF8ED
:109010000F30039A04B0FFF715BF82B00A46322121
:1090200002B0FFF70FBF82B00A46302102B0FFF74F
:1090300009BF82B00A46342102B0FFF703BF82B0F5
:109040000A46352102B0FFF7FDBE82B00A4638213C
:1090500002B0FFF7F7BE84B00023ADF80C10090C86
:109060008DF80E1039218DF80F30039A04B0FFF7F8
:10907000E9BE82B00A463A2102B0FFF7E3BE82B0F1
:109080000A463B2102B0FFF7DDBE82B00A463C2112
:1090900002B0FFF7D7BE82B00A46412102B0FFF707
:1090A000D1BE82B00A46422102B0FFF7CBBE84B0E7
:1090B0000023ADF80C10090C8DF80E103D218DF831
:1090C0000F30039A04B0FFF7BDBE82B00A463E21BE
:1090D00002B0FFF7B7BE82B00A46482102B0FFF7E0
:1090E000B1BE84B00023ADF80C10090C8DF80E1041
:1090F0004C218DF80F30039A04B0FFF7A3BE82B065
:109100000A46502102B0FFF79DBE82B00A465121A7
:1091100002B0FFF797BE84B00023ADF80C10090C25
:109120008DF80E1052218DF80F30039A04B0FFF71E
:1091300089BE84B00023ADF80C10090C8DF80E1018
:1091400058218DF80F30039A04B0FFF77BBE82B030
:109150000A465A2102B0FFF775BE82B00A465C216A
:1091600002B0FFF76FBE82B00A465E2102B0FFF781
:1091700069BE82B00A460C2102B0FFF763BE82B01E
:109180000A462D2102B0FFF75DBE82B00A4661217A
:1091900002B0FFF757BE82B00A46622102B0FFF765
:1091A00051BE82B00A46642102B0FFF74BBE82B0C6
:1091B0000A46662102B0FFF745BE82B00A46742116
:1091C00002B0FFF73FBE90F900200378002A0FDAC3
:1091D00003F0E002C02A0DD003F0F002E02A0BD029
:1091E00003F0F800A0F1F0035842584180007047A6
:1091F00001207047022070470320704773B5002399
:109200000246019301B901A90B68D556D05C002D27
:1092100003F1010402DB0C6002B070BD00F0E00558
:10922000C02D0ED10C60125D02F0C004802C4CD118
:10923000800100F4F86002F03F02104402330B603A
:10924000EAE700F0F005E02D17D10C60145D04F0A2
:10925000C005802D39D19D1C0D60525D02F0C00506
:10926000802D32D1000380B202F03F02A4011044ED
:1092700004F47C6420440333E1E700F0F805F02DAA
:109280000C6022D1145D04F0C005802D1DD19D1C01
:109290000D60555D05F0C006802E16D1DE1C0E60F7
:1092A000925D02F0C006802E0FD180042403AD0130
:1092B00000F4E01004F47C3405F47C6502F03F0215
:1092C0000443154428190433B9E70020A4E770B516
:1092D0000024054626468E4202D02B5D28190BB984
:1092E000204670BDFFF76FFF012838BF012001360F
:1092F00054FA80F4EFE773B5002406460D46019456
:10930000019BAB4202D3204602B070BD304601A99A
:10931000FFF774FF0134F3E737B5002405460194E5
:10932000019BEB5C13B9204603B030BD284601A970
:10933000FFF764FF0134F3E718B3A0F59C43B3F5DE
:10934000A44F1DD300F17F4303F1FF135D2B17D909
:10935000A0F54053FF2B13D9A0F53A537F2B0FD91B
:10936000A0F547532F2B0BD9A0F57E40A0F1100399
:109370000F2B05D930381F288CBF002001207047E3
:109380000120704782B07F2815D9B0F5006F14D244
:109390000021C0F3871300F03F0043F0C00340F00A
:1093A000800200208DF804308DF805208DF806101D
:1093B0008DF80700019802B07047B0F5803F0CD2DD
:1093C000C0F30733C0F3851200F03F0043F0E00321
:1093D00042F0800240F08001E3E7B0F5881F10D230
:1093E000C0F38743C0F30532C0F3851100F03F009E
:1093F00043F0F00342F0800241F0800140F0800031
:10940000D0E70020D7E773B5042506460B68013B7B
:109410000B600C683019FFF7D6FE30B1304601A959
:109420000194FFF7EBFE02B070BD2CB1013D013C91
:1094300015F0FF050C60ECD10020F4E72DE9F041B8
:10944000884617460546F0B1EAB100F04BFD0446E8
:10945000384600F047FD0646A8B104444146284678
:10946000FFF735FF2B19311874425A1B914206D968
:10947000324639462844BDE8F04100F0F0BB1A5DA1
:1094800003F80129F1E7BDE8F081F8B50C4617466D
:10949000054680B100F026FD214606462846FFF726
:1094A00016FF2C1839462046FFF711FF2346361ABF
:1094B0005A1B964200D2F8BD1A5C03F8012BF7E75D
:1094C000F7B50B4601910C460021024607460846B7
:1094D000DFF704FF461C3046DFF70EFF054600B9F4
:1094E000FEE723463A463146DFF7F8FE284603B04A
:1094F000F0BDF8B50F461946064615461C46FFF75F
:109500007DFE386020B1206800213044FFF776FEF0
:109510002860F8BD2DE9FF410F4690461E460546DE
:1095200020B90024204604B0BDE8F081002AF8D01C
:109530000378002BF5D0002401940029F1D0019B81
:10954000BB4203D3002CC8BFA41BEBE7284603AAE9
:1095500002A901ABFFF7CDFFDDE902124046FDF79E
:109560005AFA0028EBD004443444E8E72DE9F04FE0
:1095700085B00025044617468846C0E900559DF889
:1095800040A0039319B312B31AF0010F0F9B18BF39
:109590006FF0604310460F93FDF772FA06461FFA0C
:1095A00080FB18F8053008EB05099BB95DB119F887
:1095B000013C0A2B01D00D2B05D10E9B13FA86F22C
:1095C00063681344636063682BBBB6B2666005B022
:1095D000BDE8F08F00233946039A009348460F9B5D
:1095E000CDF804A0DFF78EF863680E9A01469A184A
:1095F00012EB0B0F0544EAD40E9A5B4413446360EC
:109600003A46039B4846FFF785FF23688342ACBF79
:1096100023602060C5E70E9A9B1A6360D7E700B904
:10962000FEE7037D43F001030375704700B9FEE7D1
:10963000037D6FF300030375DFF75CB910B50446D3
:1096400000B9FEE7E2F7EAF92368C01A0138606062
:1096500010BDC06870472DE9F04780460F4614469C
:109660009946089D0CB9264612E04FEA540A09FBB8
:109670000A7640463146A847002808DDE44304F056
:109680000104AAEB040A06EB09075446EAE7FCD1F9
:109690003046BDE8F087704770477047012070473B
:1096A000012070470120704738B504460D4620223E
:1096B000002100F0C9FB0322237B204662F3030351
:1096C000C4E9045523731421BDE83840FEF7ACBF4C
:1096D000037B03F00F03032B0CBF006900207047CE
:1096E00010B5044600B9FEE700682146037E43F04A
:1096F00001030376FFF700F8237CDB0702D5E0685F
:10970000DFF714FE2046BDE81040DFF70FBE08B5B6
:10971000FEF7F9FDBDE80840FFF7E2BF00B9FEE73C
:109720008068704738B5054600B9FEE7FFF724F8B2
:10973000014660B92B7E28466FF300032B76FFF7B6
:109740001BF8044658B92B7EDB07F3D438BD0B7CDD
:1097500028466FF341030B74FFF714F8E8E76368DA
:1097600063B1227C910709D42946204698472B7E75
:10977000DA07DFD4237C43F0020323742146284612
:10978000FFF700F8DDE7027B02F00F02032A04D1A5
:109790000269C0E90412FFF7C5BF704738B5054636
:1097A000FEF7A9FD04462846FEF7A7FD2638172830
:1097B0001AD8DFE800F06F191919191919191919B0
:1097C0001919191919190C1A293449574957D4F874
:1097D0003C0300F0D0FED4F840330344C4F84033D7
:1097E000E2F71CF9C4F83C0338BDD4F83C0300F0A0
:1097F000C2FED4F844330344C4F84433D4F84833A5
:109800000133C4F84833EFE794F86C3343F00103B5
:1098100084F86C33E2F702F9C4F84C03E4E794F8F7
:109820006C33D4F84C036FF3000384F86C3300F00E
:10983000A2FED4F850330344C4F85033D4F8543360
:109840000133C4F85433CFE794F86C33DA0704D506
:10985000E2F7E4F8C4F85803C6E7E2F7DFF8C4F823
:109860006003C1E794F86C33DB0709D5D4F85803DB
:1098700000F081FED4F85C330344C4F85C33B3E7F2
:10988000D4F8600300F077FED4F864330344C4F8DE
:109890006433A9E7D4F83403DFF770F804F54570B2
:1098A000BDE83840DFF778B92DE9F843FFF7D1FE7E
:1098B000D0F88C3304460133C0F88C3300F54E7574
:1098C000D0F8680300F057FE06460020D9F71AFCCE
:1098D000D4F84033016833B14FF47A72D4F8483386
:1098E0005343B3FBF6F34FF47A72B2FBF1F29A42B0
:1098F00094BFC4F87023C4F87033DFF70FF9D4F8BD
:109900004833C0F16400C4F874031BB1D4F8442395
:10991000B2FBF3F3C4F87833D4F85433002B40D0BF
:10992000D4F85C13D4F864230A44B2FBF3F2C4F80D
:109930008023D4F85023521AB2FBF3F3D4F88C23CB
:10994000C4F87C33D4F88433511E03FB0100B0FB10
:10995000F2F0D4F87033C4F88403D4F8880300FB21
:109960000133B3FBF2F32946C4F8883304F545709C
:10997000FFF709FFD4E9E187D4F83C93D4F88C636E
:1099800058220021284600F05FFAC4E9E187C4F8B4
:109990003C93C4F88C63E2F741F8C4F86803BDE86F
:1099A000F883C4F88033C9E770479A4238BF8854B7
:1099B000704770472DE9F74F1746DDE90C5499467B
:1099C000DDE9116313F0020280468B46DDE90F1AD0
:1099D0009DF8380000921DD103F0010C3EB1BCF19E
:1099E000000F04D010B913F00C0F00D0013E4FF05F
:1099F000300E02E005F804E00134544501D2202C79
:109A0000F8D1BCF1000F05D04FF0300CA64201D9BF
:109A1000202C18D1DA0613D55A052ED4BCB15445E2
:109A200001D0B44229D1621E11D0102943D1990628
:109A3000A4F102047ED4782129553021541CA95464
:109A4000202C25D00CE005F804C00134DEE71029F5
:109A50000DD1990635D478222A70302202246A70FA
:109A6000C8B32D222A55013413E06222F4E70229FB
:109A7000FBD0302201242A70F2E7102923D19A0664
:109A800056D4202C04D07821621C2955202AD4D108
:109A900020249B0738D03A4625441444A24237D1AB
:109AA000009B23B1D51BAE4207EB050439D82046F5
:109AB00003B0BDE8F08F0229BFD16221A954013261
:109AC000E4E75822C8E7022903D1202CE0D022463F
:109AD000F3E72246DAE7590701D52B22C2E71A0736
:109AE000D7D52022BEE74B4659462020C0470AF171
:109AF000010A019B564503EB0A02F4D8321BB4421B
:109B000088BF00223A44C7E73B1BA2460193F0E717
:109B100002F1010A4B46594615F8010DC04752465D
:109B2000BCE74B46224659462020C0470135BAE7DC
:109B3000202CADD05821621CA7E72DE9F04391B04D
:109B4000189D1A9F1D9E2DB926F0100416F4806FE3
:109B5000264622D116F0200F14BF4FF0410E4FF0D1
:109B6000610EAC4600250DF12008AEF10A0EBCFBDB
:109B7000F7F907FB19C95FFA89F4B9F1090F94BF26
:109B800030347444E4B2BC4508F8014B05F10105DA
:109B9000BCFBF7F401D3202D10D11C9C0696059434
:109BA0001B9CCDE903749DF86440CDE9015408ACD9
:109BB0000094FFF7FFFE11B0BDE8F083A446D6E79E
:109BC0002DE9F04F95B0CDE90A23DDE91E76DDE9F8
:109BD000229B57EA0603CDE90801269C05D124F013
:109BE000100314F4806F1C4637D114F0200F14BFFB
:109BF0004123612300250DF1300AA3F10A08314603
:109C00004A465B463846EEF70FFBD2B2092A94BFAC
:109C1000303242444F45D2B276EB0B0605F10105D6
:109C20000AF8012B01D3202D14D1259B069405930E
:109C3000249BDDE90801CDE903939DF88030CDE94F
:109C400001530CAB0093DDE90A23FFF7B3FE15B017
:109C5000BDE8F08F07460E46D1E70025E5E770B571
:109C60000F2A0AD8034601390244934200D170BD3D
:109C700011F8014F03F8014BF7E700F0030301F07F
:109C80000306B34204460D4600F09980154601F1E3
:109C90002003202D13F8206C04F1200403F120038D
:109CA0000DD8531E23F01F03C418013B0B4402447C
:109CB00013F8011F04F8011B9442F9D1D7E704F807
:109CC000206C13F83F6C203D04F81F6C13F83E6CB9
:109CD00004F81E6C13F83D6C04F81D6C13F83C6C12
:109CE00004F81C6C13F83B6C04F81B6C13F83A6C0A
:109CF00004F81A6C13F8396C04F8196C13F8386C02
:109D000004F8186C13F8376C04F8176C13F8366CF9
:109D100004F8166C13F8356C04F8156C13F8346CF1
:109D200004F8146C13F8336C04F8136C13F8326CE9
:109D300004F8126C13F8316C04F8116C13F8306CE1
:109D400004F8106C13F82F6C04F80F6C13F82E6CD9
:109D500004F80E6C13F82D6C04F80D6C13F82C6CD1
:109D600004F80C6C13F82B6C04F80B6C13F82A6CC9
:109D700004F80A6C13F8296C04F8096C13F8286CC1
:109D800004F8086C13F8276C04F8076C13F8266CB9
:109D900004F8066C13F8256C04F8056C13F8246CB1
:109DA00004F8046C13F8236C04F8036C13F8226CA9
:109DB00004F8026C13F8216C04F8016C69E7EBB14C
:109DC000C3F10403C418034615F8011B013A03F854
:109DD000011BA342294601D0002AF5D1202A01F116
:109DE000200503F120040BD801391A4493423FF4B3
:109DF0003EAF11F8014F03F8014BF7E70346EDE7DB
:109E000055F8203C294644F8203C55F81C3C203AA3
:109E100044F81C3C55F8183C44F8183C55F8143CE0
:109E200044F8143C55F8103C44F8103C55F80C3CF0
:109E300044F80C3C55F8083C44F8083C55F8043C00
:109E400044F8043C2346C9E710B510F003030BD0D7
:109E5000C3F1040342B1034400F8011B984202F12C
:109E6000FF3201D0002AF7D101EB012303EB0143BC
:109E700003EB0163202A00F1200403D8024490423E
:109E80000BD110BD204644E9083344E9063344E9C8
:109E9000043344E90233203AECE700F8011BEEE713
:109EA00010B4884202D38B18834203D25DF8044B6E
:109EB000FFF7D5BE884207D8421E8B420AD011F860
:109EC000014B02F8014FF8E7531E194403449A1A54
:109ED000934202D15DF8044B704711F8014903F831
:109EE0000149F5E7034600201A5C02B970470130CA
:109EF000FAE7421E11F8013B02F8013F002BF9D1AD
:109F00007047431E013913F8012F11F8010F0AB1F0
:109F10008242F8D0101A704770B50646FFF7E2FF8C
:109F2000451C2846DFF7E8F9044618B12A463146B1
:109F3000FFF795FE204670BD4368032B00D8FEE76F
:109F400023F0030318440430704708B50246FFF7B6
:109F5000F3FF026008BD38B5431803F10C021C1D65
:109F60000F3323F003039A4200D0FEE7436823F047
:109F700003035A1A151F0A449A4200D0FEE7636889
:109F800003F003032B43636023F003030B2B00D880
:109F9000FEE7436803F003030B4343602046FFF7EB
:109FA000D4FF436843F0020343606368204643F0F4
:109FB0000103636038BD034668B14A1E11EA02001E
:109FC00000D0FEE7134449420B40B3F5803F03D273
:109FD0000C2B38BF0C231846704770B5CD6805B9F7
:109FE000FEE78C6804B9FEE7E560AC6003EB421560
:109FF00000EB8505EE6B8E4211D1A042EC630ED1D1
:10A00000012100EB82056C6901FA03F324EA0303E2
:10A010006B6123B90369914023EA0103036170BDB9
:10A0200010B57F2889BFB0FA80F30023C3F11A046A
:10A03000E04092BF801080F02000C3F119030B6054
:10A04000106010BD73B50446486801AA0D4620F0A3
:10A0500003006946FFF7E4FFDDE9002606EB421343
:10A0600004EB8303D96B01B9FEE7C5E90214CD60A7
:10A0700005F10B0105F1080021F00301884200D031
:10A08000FEE7DD630123216903FA02F00143216148
:10A0900004EB82046269B3401A43626102B070BD8E
:10A0A00038B505460C4641B302B9FEE74B68D907FF
:10A0B00000D4FEE723F0030302F110018B420ED31C
:10A0C00011462046FFF747FF01462046FFF73DFFB8
:10A0D0004B68284643F002034B60FFF7B3FF20466E
:10A0E000FFF72AFF4368083423F00203436054F863
:10A0F000043C23F0010344F8043C204638BD37B546
:10A1000005460C46486801AA694620F00300FFF79F
:10A1100087FFDDE900232146284603B0BDE8304033
:10A12000FFF75BBF73B5002304460D46CDE900334E
:10A1300019B90026304602B070BD7F2981BFB1FA3F
:10A1400081F30120C3F11A0398408ABF00F1FF3068
:10A150000846401801AA6946FFF762FF009A092ADB
:10A16000E7DC4FF0FF31019B04EB8200406901FA0C
:10A1700003F303400FD1013201FA02F322691A40BE
:10A18000D7D092FAA2F2B2FA82F204EB82035B69B0
:10A19000009203B9FEE793FAA3F3B3FA83F303EB58
:10A1A000421204EB8202D66B0193002EC1D072687A
:10A1B00022F00302954200D9FEE731462046009A7C
:10A1C000FFF70BFFB6E738B502460846FFF7B4FEC7
:10A1D0000C46054600B9FEE74368DB0714D54B681B
:10A1E000032B00D8FEE701461046FFF788FF6268A0
:10A1F000032A00D8FEE76B68043223F003031344FC
:10A2000020466360FFF7A1FE204638BD18B150F824
:10A21000040C20F00300704738B5083A11F003032E
:10A220000C4622F0030215D14FF6F471A2F10C0591
:10A230008D4211D8254655F8043942F001026A6072
:10A240002946FFF7FFFE2846FFF77FFE0223436003
:10A25000204638BD0024FBE71C46F9E730B510F076
:10A26000030113D10246C0E9020000F1380342F8AD
:10A27000101F00F5A76442F8041F03F1800543F89E
:10A28000040FAB42FBD19C42F5D130BD0020FCE76E
:10A2900070B50E460546FFF7E1FF0446A6F23C52B4
:10A2A00005F23C51FFF7B8FF204670BD00F23C506C
:10A2B000704738B5044608460421FFF77CFE054682
:10A2C00001462046FFF72EFF2A4601462046BDE8FC
:10A2D0003840FFF7E5BEF8B506460C46002939D0F0
:10A2E00051F8047CF90700D5FEE7A4F108052846DB
:10A2F000FFF72BFE436843F00203436054F8043C2D
:10A3000043F0010244F8042C9A0719D554F8085C6C
:10A3100005B9FEE76B68DB0700D4FEE72946304647
:10A32000FFF7EDFE6A68032A00D8FEE754F8043C04
:10A33000284623F00303134404336B60FFF705FE44
:10A3400029463046FFF73FFF01463046FFF77AFEC9
:10A350003846F8BD0F46FBE72DE9F84F064615468F
:10A360000C4631B152B9FFF7B6FF00273846BDE8B9
:10A37000F88F1146BDE8F84FFFF79BBFA1F1080920
:10A380004846FFF7D9FD51F804BCD0F804800421F9
:10A390001046FFF710FE2BF0030A5545074601D97A
:10A3A0000028E2D01BF0010F00D0FEE7BA452DD205
:10A3B00018F0010F06D028F003080AF104039844AE
:10A3C000B84512D229463046FFF773FF07460028EA
:10A3D000CCD055452A46214628BF5246FFF73FFCC0
:10A3E00021463046FFF777FFC0E749463046FFF782
:10A3F000EAFE4846FFF7A0FD436823F002034360EE
:10A4000054F8043C23F0010344F8043C54F8043CA1
:10A41000DA0700D5FEE723F0030307F110029342A9
:10A420000FD339464846FFF796FD4368014623F0AF
:10A43000020343603046FFF7C6FE01463046FFF791
:10A4400001FE274692E738B504460D46FEF7A3FD08
:10A4500029462046BDE83840FEF7A3BD38B504467E
:10A460000D46FEF780FD29462046BDE83840FEF740
:10A4700080BD84B00846114604B0FDF784BD38B5F0
:10A4800004460D46FEF77BFD29462046BDE83840D0
:10A49000FEF77BBD38B504460D46FEF770FD294634
:10A4A0002046FEF772FD29462046FEF75CFD294650
:10A4B0002046BDE83840FEF75CBD70B504464068F4
:10A4C0000D4608B1FFF7F9FF236823B1294620465E
:10A4D000BDE87040184770BD70B50E68054633681A
:10A4E0000C4633B196F82220D20602D50B60FFF756
:10A4F000F3FF214628462660BDE87040FFF7DDBF28
:10A5000008B528B1D7F72CFCBDE80840D8F7D2BD74
:10A51000D8F7BAFAF8E738B50546FFF7F1FF044671
:10A5200040B12846D7F748FA29462046BDE83840CA
:10A53000FFF7D2BF38BD07B5FFF7E2FF28B91120FA
:10A5400003B05DF804EBDDF7F1BF03690020ADF85F
:10A5500004301B0C8DF806309DF8043063F30700BF
:10A560009DF8053063F30F209DF8063063F3174024
:10A5700003B05DF804FB10B50446E1F74FFA001B89
:10A5800010BD70B5034693F84C20C06A12F0060265
:10A5900002D15B6B184470BD042A01D11B6BF9E733
:10A5A000022AF8D1D3E90E24D3E90C51A242C8BF44
:10A5B00004F5B47413198D4203EBD373D4BF0E4664
:10A5C00001F5B476B5EB630F4FEA630201DA284474
:10A5D000E1E79642CCBF40188018DCE710B5D0E91F
:10A5E0000E431B1B002B16DBB3F5B47F16DA8B4230
:10A5F00017DBB1EB630FB4BF012300230122DB00A3
:10A6000043EA021390F84C2022F01802134380F81A
:10A610004C30012010BD03F5B473E3E7A3F5B47328
:10A62000E2E7C3F5B474944207DC0123E6E70123B3
:10A630000022E4E700231A46E1E7C1F5B47494422E
:10A64000F5DD13448B42F5DA0020E3E707B550222D
:10A65000F1F701FA03B05DF804FB07B51222F1F738
:10A66000FAF903B05DF804FB07B51322F1F7F3F92B
:10A6700003B05DF804FB07B51022F1F7ECF903B065
:10A680005DF804FB07B51122F1F7E5F903B05DF8B9
:10A6900004FB2DE9F84F0F46002104469046FFF7D2
:10A6A000DCFF002106462046FFF7DEFF0021824640
:10A6B0002046FFF7E0FF002105462046FFF7E2FFB6
:10A6C00081462046F0F7A0F8A0EB060B2046F0F7F5
:10A6D0009EF8401BA0EB0900ABEB0A0B834520461C
:10A6E00013DAF0F791F8831BA3EB0A03626903EB1B
:10A6F000D3735B101A4432443A60A2691A442A4464
:10A700007A60C8F80030BDE8F88FF0F780F8431B96
:10A71000A3EB0903EAE72DE9F74F8B464FF400312D
:10A72000914605469846FFF791FF00EBD0704FEA3F
:10A73000600AA9EB60092846FFF723FFB5F85C30F3
:10A74000C618B6B206F15A0000B2DDF7ADFE0446F7
:10A7500030B2DDF7A9FE4FF4403101902846FFF7F3
:10A760007CFF4FF4403107462846FFF77DFF4FF44A
:10A77000403100902846FFF77EFF4FF440310646F7
:10A780002846FFF77FFF09FB04F1019BDBF800403F
:10A79000009A09FB03F304EBE134E71B1444DBF8F4
:10A7A0000420A7EB0A0702EBE332961B0244544451
:10A7B000A6EB0A065244C8F80070C8F80840C8F86A
:10A7C0000460C8F80C2003B0BDE8F08F2DE9F0411B
:10A7D0008CB007460E4615469846F0F76BFA0028EF
:10A7E0003CD0AE423AD0FC6AB6F5B47FC8BFA6F5FD
:10A7F000B476B5F5B47F2644C8BFA5F5B4752C442E
:10A80000B6F5B47F05AA3846C8BFA6F5B47606A942
:10A81000B4F5B47FC8BFA4F5B474FFF73AFF41465E
:10A820003846FFF713FF4146054651223846F1F7F7
:10A8300012F90890003818BF01200DF12008CDE969
:10A840000208DDE906013346CDE90045BDF81420D4
:10A85000D8F71AFE41463846F0F76DF90CB0BDE85E
:10A86000F08173B53C224FF440310546F1F7F3F81F
:10A87000422204464FF4403101902846F1F7EBF8AC
:10A8800040224FF44031019004442846F1F7E3F8A8
:10A89000002801904FF040024FF4403128462BDD54
:10A8A000F1F7D9F80346019041224FF44031284690
:10A8B0001C44F1F7D0F8002801904FF041024FF40A
:10A8C000403128461DDDF1F7C6F8034601903822D5
:10A8D0004FF4403128461C44F1F7BDF83B220646B0
:10A8E00001904FF440312846F1F7B5F83044A042CA
:10A8F000B8BF204602B070BDF1F7ADF801904342F9
:10A90000D2E7F1F7A8F801904342E0E710B588B02C
:10A91000044601AA02A9FFF7BCFE019A204604AB37
:10A9200002A9FFF7F8FE2046FFF79BFF021E03DD9A
:10A93000114604A8FCF779FE204604A9F0F7FBF8BD
:10A9400008B010BD38B50D46B1F5B47FC8BFA1F54C
:10A95000B475D0E90C135A1B5B1A48BF03F5B473E6
:10A96000002AB8BF02F5B4720446D01A0028B8BF56
:10A970004042B4280BDD2046F0F708F92046FFF7E7
:10A98000C5FF20462563BDE83840FFF7BFBF9342AF
:10A9900006DD4FF400332A462046FFF717FFEDE7A8
:10A9A000ECDA0A464FF400332946F5E738B50D4690
:10A9B000B1F5B47FC8BFA1F5B475D0E90C31EA1A7E
:10A9C000CB1A48BF03F5B473002AB8BF02F5B472BE
:10A9D0000446D01A0028B8BF4042B4280BDD2046F8
:10A9E000F0F7D4F82046FFF791FF20466563BDE8F5
:10A9F0003840FFF78BBF934207DD0A464FF4003320
:10AA000029462046FFF7E2FEECE7EBDA4FF400338D
:10AA10002A46F6E738B504460D461146FFF7C6FF4D
:10AA200029462046BDE83840FFF78CBFF7B50446FD
:10AA3000006C10F5004F36D0D4E90E3594F84C2058
:10AA4000AB42C2F34102C8BF05F5B475012A0BD071
:10AA5000022A35D03ABB0095D4E91112FDF7D6FF92
:10AA6000A16B0546024634E0D4E911C20CEB0207A3
:10AA700007EBD7775E1906EBD676B0EB670F4FEA98
:10AA800066064FEA670110DA0A4600966146FDF74E
:10AA9000BDFF014605462046FFF754FF31462046DC
:10AAA000FFF784FFA56503B0F0BD33460095FDF7C1
:10AAB000ADFF054631462046FFF744FF2946EEE745
:10AAC0000093D4E911122B46FDF7A0FF054601467D
:10AAD000E26B2046FFF79EFFE4E738B50D46B1F57F
:10AAE000B47FC8BFA1F5B475D0E90E135A1B5B1A29
:10AAF00048BF03F5B473002AB8BF02F5B472044628
:10AB0000D01A0028B8BF4042B42808DD2046F0F72C
:10AB10003DF82046A563BDE83840FFF787BF934264
:10AB200005DD00232A462046FFF750FEF1E7F0DA64
:10AB30000A4600232946F6E738B50D46B1F5B47F3D
:10AB4000C8BFA1F5B475D0E90E31EA1ACB1A48BFD7
:10AB500003F5B473002AB8BF02F5B4720446D01AE4
:10AB60000028B8BF4042B42808DD2046F0F70EF8B0
:10AB70002046E563BDE83840FFF758BF934206DD45
:10AB80000A46002329462046FFF720FEF0E7EFDAC9
:10AB900000232A46F7E738B504460D461146FFF76D
:10ABA000CBFF29462046BDE83840FFF796BF002975
:10ABB00005DBB1F5B47F05DAC162EFF7E7BF01F558
:10ABC000B471F4E7A1F5B471F3E710B4026C8A42F2
:10ABD0000ED0846CA142A8BF2146446CA142B8BFEC
:10ABE00021468A4204D05DF8044B0164FFF71EBF82
:10ABF0005DF8044B704710B50C46002104F150007D
:10AC0000DDF75AFB04F160000021BDE81040DDF7DC
:10AC100053BB4FF0FF3203681868DA6000F150024E
:10AC2000934203D19B68C362EFF7B0BF00F16002AB
:10AC3000934204BF9B688363F6E7C1600068EFF747
:10AC4000A5BF73B5C66A8E4215D0436B9942A8BFA3
:10AC50001946036B0D46816B9942B8BF1946A9424C
:10AC6000B8BF29468E4206D0009200F1500300F191
:10AC70002C02E1F7F7F902B070BD38B50025642366
:10AC8000C1E90C534FF0FF330C46C1E91731CB66D5
:10AC900091F87030204623F03F0381F87030C1E90D
:10ACA0001055C1E91415C1E919558D63CD62CD6305
:10ACB0008D6481F84C508D650821EEF7B7FB204676
:10ACC0001021EEF7B3FB2A4629462046BDE838405E
:10ACD000FFF7B7BF13B590F8703003F00703022BEE
:10ACE00015D1436B9942A8BF1946036B9942B8BF6F
:10ACF0001946C36A9942A8BF1946836B8B4206D096
:10AD0000009200F1600300F13802E1F7ABF902B004
:10AD100010BDC36D013314BF806DC06A704790F8D9
:10AD2000703003F00703022B01D0006B7047C36E35
:10AD3000013314BF806E806B704790F8700000F094
:10AD40000700704790F8703003F00703012B0AD119
:10AD5000036B002B07DA426B002A04DD806BC31AF9
:10AD60005842584170470020704710B50C461021DA
:10AD70002046EEF75BFB2046BDE810404FF48061B3
:10AD8000EEF7A3BD10B50C46086BDEF7CFFA606B8B
:10AD9000DEF7CCFA0023C4E90C3310BD07B5152249
:10ADA0000021F0F758FE03B05DF804FB2DE9F04FE9
:10ADB0008FB00446039106A9EFF7E4FC2046EFF7B5
:10ADC00023FD05902046EFF722FD1222002102907C
:10ADD0002046F0F740FE1322834600210A902046C9
:10ADE000F0F739FE1022804600210A902046F0F745
:10ADF00032FE1122814600210A902046F0F72BFEF8
:10AE00001422824600210A902046F0F724FE0746CD
:10AE10000A902046FFF7C2FF5B4607EBD77500EBB1
:10AE2000D0766D1007F00107013576103D440136EC
:10AE300000F0010006440D2DA8BF0D250D2EA8BF62
:10AE40000D26B8F10D0FA8BF4FF00D08B9F10D0F89
:10AE5000A8BF4FF00D09BAF10D0FA8BF4FF00D0AB2
:10AE60000D2BA8BF0D2300270493059B0195A3EB91
:10AE70000803023B0593A36BBB4209D84FF6FF734F
:10AE8000A26BBA4208BF1F4638460FB0BDE8F08F2C
:10AE9000216B3B01CB5801EB07129B45D2E901C066
:10AEA000D168A8BF049D069AACBFA2EB050EA2EB29
:10AEB000060E7344E145B8BF019D0A93079BB8BFD6
:10AEC000A3EB050E059DA8BFA3EB090E8542D4BFD9
:10AED000424492191044029AF444A2EB0A02023A44
:10AEE0008A42CABF019A53449B1819440C900D9191
:10AEF000002203990AA8CDF82CC0FCF7ECFB00282F
:10AF0000BCD10137B7E7F0B58BB04FF6FF7399426C
:10AF100004460D4650D0836B8B424DD90A01016B1C
:10AF20008A5801EB051302925A6806A903929A689F
:10AF3000DB6804920593EFF725FC142200212046DC
:10AF4000F0F789FD064601902046FFF727FF0746E8
:10AF50002046D6F705FFD7F7C7FD0A2390FBF3F28B
:10AF600096423346B8BF134697423846B8BF10469C
:10AF7000069E029AF11A0A4407990292039A0F1A3E
:10AF80003A440392049A33441A44059B0844034408
:10AF90000593236C04929D420AD1636B33F81530FC
:10AFA0005B0505D502A8FCF7A6FE039B1B1A0393BD
:10AFB000204602A9EFF7BFFD0BB0F0BD09B1E1F7E4
:10AFC0006BBB704710B50446826B406B5200FEF7B6
:10AFD00046FE2046E16ABDE81040FFF7EFBF38B5F6
:10AFE000836B04468B420D4603D84FF6FF7399429C
:10AFF0000AD12046216CFFF786FF294620462564AA
:10B00000BDE83840FFF77FBF38BD70B51546826B8D
:10B0100004468A420FD9466B36F8112022EA05020F
:10B0200026F81120FFF76FFF6B0504D52046BDE819
:10B030007040EFF7F7B870BD70B5002405460E46B6
:10B04000AB6BA34200D870BD214632462846FFF7BD
:10B05000DCFF0134F4E770B5836B04468B420D4688
:10B0600016461AD990F84430D90705D5F20503D50C
:10B070004FF48071FFF7E0FF626B294632F815301C
:10B080002046334322F81530FFF73DFF730504D502
:10B090002046BDE87040EFF7C5B870BD70B500241C
:10B0A00005460E46AB6BA34200D870BD2146324622
:10B0B0002846FFF7D0FF0134F4E7006C7047836B3C
:10B0C0008B4207D9436B33F811309A430CBF0120F0
:10B0D000002070470020704770B54FF4807204461E
:10B0E000FFF7EDFF06460D4620464FF48071FFF74F
:10B0F000A3FF3EB129462046BDE870404FF4807260
:10B10000FFF7A9BF70BD4B1E19D5013801F10B0324
:10B11000012B1CD1820718D16421B0FBF1F201FB95
:10B12000120242B94FF4C873B0FBF3F203FB1200F2
:10B13000B0FA80F35B0903F11C00C0B270470B2B1F
:10B14000C4BF0130A1F10D03E2E70023F3E70722BA
:10B1500093FBF2F2C2EBC2029B1A03F0010048BF5C
:10B160004042C0F11F00E8E7F8B50446FDF7C1F81A
:10B1700005462046FDF7C5F8C36C07465B68B3F586
:10B18000A02F40F08180F2F774FA06463846F2F7B5
:10B1900089FA044696B3FB6C9F68062F4CDD40226B
:10B1A00039462846FFF78BFF00286ED016B10023E2
:10B1B00086F8203044BB4FF4004239462846FFF75A
:10B1C0007EFF002845D0002E6AD06623284686F8E8
:10B1D0002030FFF7B0F9C0F3072386F82100C0F351
:10B1E000074086F8230086F822302846FFF765FFDF
:10B1F000B8422ED1B22386F820302AE0002843D06E
:10B20000FB6C9F68062FCADC00234FF400423946CE
:10B21000284684F82830FFF752FFD0B12846FFF7C0
:10B220008AF9C0F3072384F82000C0F3074084F8AC
:10B23000213084F82200C6E7002386F82030002859
:10B24000E2D14FF4004239462846FFF738FF002884
:10B25000BBD14FF4804239462846FFF730FF98B102
:10B2600094B1FF23284684F82830FFF764F9C0F32F
:10B27000072384F82130636A84F820000133C0F387
:10B28000074084F822006362F8BD4FF4004239465B
:10B290002846FFF714FF0028DBD0002C93D0BDE731
:10B2A0002846FFF70AFFD4E7022994BF01230023B1
:10B2B0004FF4C872A0EB0303B3FBF2F203F10100F9
:10B2C00000EB930010444FF06402B3FBF2F3A0EBE9
:10B2D000030094BF0C23002319440C23C1EB41113C
:10B2E0003E39B1FBF3F107230844B0FBF3F3C3EBA2
:10B2F000C303C01AC0B2704770B504464FF4404152
:10B30000C06AFFF799FE94F93610A08EFFF7CCFFC4
:10B31000A36B054663BBD4E90C23534033F07F4352
:10B3200028D194F93330E06AE9184FF48042BDE83F
:10B3300070400631FFF78FBEA26B32F8261002EB89
:10B340008603A28E91420ED193F9021094F9362011
:10B35000914208D193F903104FF400422944E06A66
:10B360000631FFF778FE0136E36BB342E4D8D2E74B
:10B370000026F9E770BD3430704770B5FCF7B9FFAF
:10B380000546F1F723F8FFF7F6FF002104462846AB
:10B39000F1F71FF80646E2F7A1FD64214378027831
:10B3A000303B4B434FF47A71303A01FB02330A21B0
:10B3B0008278303A01FB0233C2782188303A134454
:10B3C0003046591A00F087FF01212846F1F701F8AD
:10B3D00094F90210BDE87040013900F07CBF38B527
:10B3E0000546FCF786FF04462846FCF78CFF054619
:10B3F000204600F086FF04462846FFF7BCFF621C8B
:10B40000018852B22846BDE83840E1F787BEF8B55A
:10B410000446FCF76EFF05462046FCF774FF044621
:10B42000284600F06EFF07462046FFF7A4FF0646B9
:10B430002846E2F753FD034602784178642030390C
:10B4400041434FF47A70303A00FB02110A209A7897
:10B45000DB78303A00FB0211303B1944C91B20460F
:10B4600096F9022089B2BDE8F840E1F757BE07B56A
:10B470000122F0F7F0FA03B05DF804FB07B51522DE
:10B48000F0F7E9FA03B05DF804FB70B50D4601F181
:10B490002C062B6B304653B9FDF7BAF905F1380687
:10B4A000EB6B3046E3B9BDE87040FDF7B1B9FDF78D
:10B4B00063F904460028ECD0037C5A0702D44068A4
:10B4C000DDF734FF237C9B0702D42068DDF72EFFD5
:10B4D00030462146FDF710F92046DDF727FFD8E773
:10B4E000FDF74AF9044601463046FDF705F92046C6
:10B4F000DDF71CFFD4E710B50C46142104F12C0035
:10B50000FDF792F8182104F13800FDF78DF80022BC
:10B510006423C4E91122C4E91333C4E91522C4E940
:10B5200017336FF0004203230521C4E919230A23CE
:10B53000C4E91B1394F8743023F00F0343F00103A4
:10B5400084F8743010BD07B530220021F0F783FA7B
:10B5500003B05DF804FB07B512220021F0F77BFA77
:10B5600003B05DF804FB2DE9F04385B0036F04469A
:10B570008B420E4667D9EFF74DF905462046D5F7C1
:10B580001DFE94F8743007461A0705D4204605B00E
:10B59000BDE8F043EFF7FABA03F00703012B55D1EA
:10B5A0002046FFF7D0FF80462046FFF7D4FF6369AF
:10B5B0004822034403EB08004FF4A021C71B204698
:10B5C000F0F749FA4FF40031804600902046FFF72B
:10B5D0004EFFA369226A00EB08015B1A1144039134
:10B5E000216F814601398E42019313D205FB06F388
:10B5F000B3FBF1F22B44B3FBF1F3A2EB080243449B
:10B60000121A03443A443B4469462046009202938E
:10B61000EFF791FABEB1731E6B43226F013AB3FB91
:10B62000F2F3A3EB0803A3EB09033B44009305FBF0
:10B6300006F3B3FBF2F343444B443B4402936946A5
:10B640002046EFF778FA05B0BDE8F083022B9DD1D4
:10B6500000212046FFF712FF236F80460544204655
:10B66000B5FBF3F5FFF76FFF636905FB06F9C61835
:10B670002046FFF770FF0644694620464E44EFF728
:10B6800081F8F31B1D44A3EB080302950093D6E752
:10B6900007B510220021F0F7DEF903B05DF804FBD6
:10B6A0002DE9F04FCDB000F1140B01F1180510AEEB
:10B6B00004468A462A4659463046FBF7D0FF002802
:10B6C00000F09F8095E80F0014AF87E80F00DAF8CC
:10B6D00020300D900C9396E80F0085E80F00236F43
:10B6E000012B40F28E802046FFF72DFF07462046B3
:10B6F000FFF731FF06462046FFF7CAFF02902046BB
:10B70000EFF788F808902046EFF794F86369049003
:10B7100020460393D5F752FDA36905902046069372
:10B72000EFF745FC2A468046594618A8FBF797FFD5
:10B73000002866D020A8F1F703FF4FF4A02120AA2B
:10B740002046EEF74CFC30A8D8F7CEFD30AA4FF4D7
:10B7500000312046EEF7BCF94FF400312046FFF7E8
:10B7600086FE00EBD0704FEA600902224FF40031F0
:10B770002046F0F770F91C9000EBD0704310019355
:10B78000019A2C9B4A45A8BF4A4603EBD371B2EB02
:10B79000610FC8BF9DF8BD203E44C4BF42F01002F7
:10B7A0008DF8BD20012B08BF9DF8BD30069A04BF5F
:10B7B00043F010038DF8BD30039B1E44059BF31A24
:10B7C0000993029B3B441344A3EB08030B93236FA1
:10B7D0000A9304F12C0318460793FCF7DAFF0138AB
:10B7E000229032900798FCF7CAFF06460C9B4B4408
:10B7F00001330F9346B90AF1180414AB0FCB84E858
:10B800000F004DB0BDE8F08F337C13F001030BD077
:10B81000229B013B2293329B013B32933146079896
:10B82000FCF7B4FF0646E5E7B2683189ADF8AC2015
:10B83000120C8DF8AE20B27A23938DF8E32094F8A1
:10B84000742033931207099A58BFF36827922992FC
:10B85000327CADF8E110C2F30012716804EB820291
:10B86000506C51F8235004992D1A4D43D26C0C930F
:10B87000121A95FBF2F50B9A4D1B154400229046C7
:10B8800006920D9A2A95A2EB090202950E92226F5A
:10B89000424522D80A990898814227DA424525D1A3
:10B8A000726852F823206FF000439A421ED0299B01
:10B8B0005046A3EB09024B441C921E93019A2A9B0B
:10B8C00030A99A1A1D92019A13441F931CAA08F1D9
:10B8D000FF333393F1F7ECFE08E029980F99DDF878
:10B8E000A8E088422790CDF8A0E006DD329B013B1E
:10B8F0003293229B013B229390E7069F511EB7FB98
:10B90000F1F1099F96F810B039440C9FCBF3001B5E
:10B910004744B7FBF2FC02FB1C72D6F804C0299125
:10B9200004EB8B0B03910592DBF844105CF82220AA
:10B93000049F521A7A43DBF84CB0ABEB010B92FB3D
:10B94000FBF7049A0399D71B0B9A17440E9A2A9770
:10B95000013A914231DBB8F1000F2ED00A9A0899D2
:10B960004FEA830B8A4230DB5CF823206FF0004300
:10B970009A4222D0059A5CF822209A421DD0029B5E
:10B98000BD42B8BF3D46BB42A8BF3B460293039BA6
:10B99000984212D0591E029B29919D4208BF013541
:10B9A0002A953D46029B2791504620A92893F1F7FE
:10B9B000E1FD299B029701332993069B089A08F120
:10B9C000010813440693059B61E7A0EB09021C9252
:10B9D000019A4844AEEB02021D92019A1E907244F5
:10B9E0001F925CF823206FF000439A420AD0059A18
:10B9F0005CF822209A4205D0504620A9CDF88C80D0
:10BA0000F1F7B8FDB9F1000FD7D0019B002BD4D0CE
:10BA1000736853F80B206FF000439A42CDD008F1C1
:10BA2000FF3350461CAA30A93393F1F741FEC4E717
:10BA30002DE9F04F87B0894617461E46044600B9E7
:10BA4000FEE701B9FEE7036F934205D8002030609E
:10BA5000706007B0BDE8F08FEEF7DCFE05462046CB
:10BA6000EEF7E8FE94F87430029003F00703012B20
:10BA700044D17D43236F013BB5FBF3F53560204690
:10BA8000FFF761FD05462046FFF765FD3368284452
:10BA9000034433602046D5F791FB336899F81020B2
:10BAA0001B1A336094F87430C2F300121B074CBFAA
:10BAB0000023D9F80C3004EB82021F44236F516C31
:10BAC000B7FBF3F003FB1077D9F80430029853F872
:10BAD0002730D26C5B1A4343521A93FBF2F3C31A1A
:10BAE00073602046FFF7D4FD736805442B447360F0
:10BAF0002046EFF75CFA7368181AA9E7032B11D1F7
:10BB000099F81010D9F80000C1F3C001009504EBBA
:10BB10008101CA6D0023496D50F82700FCF776FFBC
:10BB20003060ACE7022BAAD104F12C0B5846FCF78D
:10BB300030FE4FF4A02182462046FFF79FFC0021F3
:10BB400004902046FFF79AFC236F0390591E01FBD7
:10BB50001058B8FBF3F8A5EB08037B43B3FBF1F3F4
:10BB600058463360FCF70BFE00230146B9B9039A2F
:10BB7000216F15447D43049AB5FBF1F50AF1FF31BD
:10BB800003FB08F302FB1188B3FBFAF3B8FBFAF8E6
:10BB90002B4408EBD87803EB680333606FE78945E3
:10BBA000E5D0013358460593FCF7F0FD059B0146AF
:10BBB000DCE72DE9F04FE7B000F138030546184601
:10BBC0008A460093FCF718FE002849D10AF11806AE
:10BBD00002AC3146204605F11402FBF740FD002877
:10BBE0003ED096E80F0006AF87E80F0094E80F00FC
:10BBF00086E80F000EA8F1F7A3FC4FF4C0210EAAAF
:10BC00002846EEF7ECF92EA8D8F76EFB2EAA4FF4D3
:10BC1000C0212846EDF75CFF4FF4C0212846FFF70E
:10BC200026FC00EBD0704FF4C0214FEA6008284694
:10BC3000FFF71DFC00EBD0704FEA60090098FCF79D
:10BC40009EFDB9F1000318BF0123B8F1000F08BF32
:10BC500000230446019334B906AB0FCB86E80F00EE
:10BC600067B0BDE8F08F40220EA91EA8FDF7F7FFD0
:10BC700070222EA94AA8FDF7F2FFE368A289ADF869
:10BC8000A4301B0C8DF8A630A37BADF849218DF8AC
:10BC90004B31637DDA075AD5D4E900376A69A9695F
:10BCA00002EB030B0F44ABEB08010A9108EB0B010D
:10BCB0000C91A7EB09010B9109EB07010D91217D77
:10BCC0008B0719D011F0010F08BF5A468807CDE93C
:10BCD000252754BF5A46EA695046CDE92727002256
:10BCE0001EA921924D92F1F745FC019B23B15046CC
:10BCF0000AAA4AA9F1F7DCFC227D12F00C0F1AD037
:10BD0000510754BF3946A96913074FF0010348BFD3
:10BD10002F6ACDE9261B50461EA921934D93CDF8DD
:10BD200094B02897F1F726FC019B23B150460AAA4C
:10BD30004AA9F1F7BDFC109B01331093309B0133EE
:10BD4000309321460098FCF721FD044683E76FF00D
:10BD50000043A2689A42F4D00AAB28462169FFF753
:10BD600067FEDDE90A3799E738B591F830300C46BF
:10BD700013F0010503D1C86ADDF7D8FAE56238BDD2
:10BD80002DE9F04FCBB00546FCF7B3FA0446284640
:10BD9000EEF71DFB5A22002104902046EFF75BFED0
:10BDA00005902E90FAF76CFE27220021804620464F
:10BDB000EFF751FE302200212E90C7B22046EFF758
:10BDC0004AFE102205462E9000212046EFF743FE42
:10BDD000012F2E9000EB050B40F0B38013220021C1
:10BDE0002046EFF738FE05462E901522002120460A
:10BDF000EFF731FE12224FF400312E900646204616
:10BE0000EFF729FE13224FF400312E908246204690
:10BE1000EFF721FE10224FF400312E90814620468C
:10BE2000EFF719FE11224FF4003106902E902046B4
:10BE3000EFF711FE68224FF400312E900990204652
:10BE4000EFF709FE69224FF4003107902E9020464B
:10BE5000EFF701FE08902E902EA8D8F745FA4FF480
:10BE6000003120462EAAEDF733FE012F099B70D139
:10BE7000E269521B0F92A2EB0802A2EB0A02A2EBAC
:10BE8000090201320D92A1690698594401EB08029A
:10BE900002440D981A44CDE911010E910F99013A0F
:10BEA000CDE91312109211A8DDE90712FBF7BDFBD3
:10BEB000049811AA2EA9F1F7FBFB5C220021204671
:10BEC000EFF7C9FD5B228146002119902046EFF76C
:10BED000C2FD00256FF06042CDE90125CDF800904C
:10BEE0000346059AE16A19900BA8FDF73FFB19A8D4
:10BEF000D7F72EFF19AA29462046EDF7AEFFE36AD1
:10BF00000DA82093FBF7F7FEA0EB080000EBD07024
:10BF1000012F0B9A4FEA600024D10D9B9B1B1793B6
:10BF20009B1A1593A3690C9A5B4403441A44189214
:10BF3000049815AA19A91693F1F7D7FA4BB0BDE8E2
:10BF4000F08F122200212046EFF785FD2E90054448
:10BF50004BE7626915440D95454455444D44013DF8
:10BF60000F9590E70F9B1E44324415961792D9E720
:10BF70000022CB6ADA627047C06A10B10021F0F784
:10BF800028BA704773B50446FFF7F6FF064618B3A4
:10BF9000EEF73DFC05462046EEF74CFC85421BDDE6
:10BFA0005A2200213046EFF756FD0190FAF768FD5E
:10BFB0005C22054600213046EFF74DFD216C05441B
:10BFC00001900022E06A6943D5F76AFAE06A02B09C
:10BFD000BDE87040EEF7DABD02B070BD10B50C469A
:10BFE0004FF480612046EDF721FA20460421EDF759
:10BFF0001DFA20464FF40031EDF767FC2046012181
:10C00000EDF763FC2046BDE81040E3F7D9B938B539
:10C01000C86A0C4618B1F0F73CFA0023E36294F8C2
:10C020004C3013F0100503D1A06BDDF77FF9A56349
:10C0300038BD2DE9F047A2B014464FF6FF72944286
:10C0400006460F4661D0C56A0DA8B5F82880984508
:10C050001FBF2B8595F82A3043F0080385F82A3056
:10C06000D7F776FE4FF4802128460DAAEDF7F5FEAE
:10C070005C224FF480212846EFF7EDFC09901B90DD
:10C080003046FFF779FF064600283ED01598FAF7AC
:10C09000F7FC1B99B3690A1804FB023201EBD17358
:10C0A000A2EB630202926B6902440A44013A0193D3
:10C0B00007F11804EB690DF1140A04922146504669
:10C0C00001AA0393FBF7CBFAB8B194E80F000DF186
:10C0D000240989E80F009AE80F0084E80F00304631
:10C0E00000F019FF06F1140214900DA93846F1F77B
:10C0F000FCF999E80F0084E80F0095F82A30A5F8BC
:10C1000028806FF3C30385F82A3022B0BDE8F0879A
:10C110002DE9F047A0B092464FF6FF7292450546D2
:10C120000E464AD0C46A5A22278D4FF480219F427E
:10C130001CBF238594F82A3020461CBF43F0080317
:10C1400084F82A30EFF787FC4FF480215C22814687
:10C1500004902046EFF77FFC804604904846FAF7AB
:10C160008FFC81462846FFF707FF826909EB080329
:10C170000AFB032208EBD873A2EB630201924A4444
:10C18000EB6A4244013A03925A69DB6904A80293BC
:10C190000092D8F7A9F84FF48021204604AAEDF7C1
:10C1A00097FC6A46304604A9F1F782FA94F82A30DF
:10C1B00027856FF3C30384F82A3020B0BDE8F087E9
:10C1C000F7B506460D46FFF7D7FE0446C8B18369AA
:10C1D0005A220021ED1AEFF73EFC0190FAF750FCCD
:10C1E0005C22074600212046EFF735FC00EBD073B8
:10C1F00005EB6305074495FBF7F0F36B834200D82A
:10C20000581E03B0F0BDF8B504460D4601B9FEE76F
:10C2100000230139C363E26B11F8013F0132B3B966
:10C220002846C4E90F236364FDF75CFE471CA06B3E
:10C2300038B194F84C3013F0100602D1DDF776F8DF
:10C24000A6633846DDF758F8A06320B9FEE70A2B4D
:10C2500008BFE263DFE72946FDF74BFE94F84C3058
:10C2600020466FF3041384F84C30EEF78FFCE06A3D
:10C2700018B1BDE8F840EEF789BCF8BD38B5044602
:10C280000D4601B9FEE700230139C363E26B11F8E3
:10C29000013F0132D3B9C4E90F23636494F84C30F1
:10C2A000DB0603D4A06B08B1DDF740F894F84C30FE
:10C2B000204643F0100384F84C30A563EEF766FC8B
:10C2C000E06A38B1BDE83840EEF760BC0A2B08BF21
:10C2D000E263DBE738BD10B5036C04468B420FD038
:10C2E000C36B8B4298BF03F1FF31C36AC0E91011E1
:10C2F0000BB1FFF747FE2046BDE81040EEF746BC05
:10C3000010BD006C7047F8B50446806B0D461646AC
:10C3100060B1FDF7E7FD00231946814202D0626C4F
:10C320009A4205D1002306F1FF3C0AE00870F8BDEF
:10C33000A26B525C01310A2A08BF0133EDE7EA54CF
:10C340000133CA18824207D2A76BBA5C0A2A03D00B
:10C35000002EF4D09C45F2D80022EA54E7E72DE9FC
:10C36000F04FDDB00546FBF7C4FF04462846EEF764
:10C370002EF83022002183462046EFF76CFB122274
:10C38000054600213C902046EFF765FB1322431938
:10C3900000213C9020460593EFF75DFB3C9000EBBD
:10C3A00005090CA8D7F7D4FC4FF4003120460CAA9D
:10C3B000EDF753FD276B2FB9802220463CA9FFF7EC
:10C3C000A2FF3CAF27220021204694F84C60EFF7F3
:10C3D00042FBC5B2012D219004D006F00F06731E5A
:10C3E0005D425D41606B002833D0F0F7CFFE02283C
:10C3F00080466BD19DF87B30149A02936FF06043B6
:10C4000001931A9B21A80093616B1B9BFDF7AEF86B
:10C41000DDE921A62046A36909933344013B0B9330
:10C4200050F8143F08935344013B0A93002D5BD00E
:10C43000002307220093059B08A9FBF7BAFAB8F17D
:10C44000020F56D1636B584608AA0CA91393F1F753
:10C450004CF821A8D7F77CFC0021204621AAEDF753
:10C46000FCFC9DF8CF30299A02936FF06043019352
:10C470002F9B06A800933946309BFDF777F8636938
:10C48000069A08931344013B079A0A93A36904F19F
:10C49000140009931344013B0B93636B002B4BD1A6
:10C4A0000922009308A9FBF784FA236B28972BB97C
:10C4B0009DF8D03043F040038DF8D030584608AA9C
:10C4C00021A9F1F712F85DB0BDE8F08F606B21A9EA
:10C4D000F1F742FB012815BF4FF0FF36BDF888A0E9
:10C4E000B246BDF88A6095E708220095C9F10003BD
:10C4F000A2E721A8D7F79EFB06EBD676204621AA15
:10C500004FF400310AEBDA7AEDF70CFD72104FEAC6
:10C510006A0131A8FBF7FEFB6E224FF40031204682
:10C52000EFF799FA636B06902C9008AA584621A958
:10C530002893F0F7F6FE8CE72DB100230822009334
:10C54000C9F10003AEE70722059B0095AAE72DE994
:10C55000FF4104460121ECF7A6FF2046E56AEFF70C
:10C560002DFF01462846EFF7C9FF4FF0FF31E06A83
:10C57000F0F734F80121E06AECF758FF002223219C
:10C580002046EDF78CFE2046FFF7F6FC0646A16B31
:10C5900000F0A1FC6FF04041E06AEEF78AF8304607
:10C5A000D4F792FBE06AEEF72FF905462046EEF746
:10C5B0002BF9854210DC4FF4887394F84C2002F07C
:10C5C0000F02D340DB0707D52046E56AEEF71CF9DA
:10C5D00001462846EEF76DF83046EEF718F930229E
:10C5E00005460021E06AEFF736FA10228046002166
:10C5F0000390E06AEFF72FFA112200EB080703908F
:10C600000021E06AEFF727FA3D4400EB08031D44E0
:10C6100094F84C30039003F00F07082F67D1236A7A
:10C6200005EB0308D6F730FAD6F74EFA804564DDFD
:10C63000D4F81880D6F728FAD6F746FA236AC01A33
:10C6400080454CDD0427A369013BAB42A8BF2B46C4
:10C65000E06A1946EEF744F82046FFF793FC082FEE
:10C660005FD100230D2221460093E06AD4F74AFBF4
:10C67000E06AD4F729FB94F84C3003F00F03013B38
:10C68000012B19D8E06AEEF799F80746E06AEEF751
:10C69000A8F80546D6F7F8F9D6F716FAA8420BDC43
:10C6A000D4F82C80D6F7F0F9D6F70EFA2D1A791BAC
:10C6B00040460139EDF7DBFF0021A26B3046EFF772
:10C6C00020FB0023022801461A4602D0032818BF87
:10C6D0000121304604B0BDE8F041EEF745B8D6F789
:10C6E000D3F9D6F7F1F9236AC31A013BADE7042F5A
:10C6F00003D1D4F81880A84501DB2B46A5E7D6F76F
:10C70000C3F9D6F7E1F9236AC01A804507DAD6F7EC
:10C71000BBF9D6F7D9F9236A0827C31A95E7A369A5
:10C7200093E7042FE06A04D100230A2200932146F4
:10C730009CE7012F03D1002310220093F7E7022F7B
:10C7400096D1002313220093F1E710B5012104468E
:10C75000ECF7BFFE4FF6FF73E06A0121A364EDF72B
:10C76000B4F82046BDE8104000222421EDF797BD23
:10C7700008B50121C06AECF7BAFE80F00100C0B232
:10C7800008BD37B50446D9F7ADFD0546FAF7B7F948
:10C7900050BB2046FFF7ECFF00B32046FFF7D5FF64
:10C7A000D4E910329A420BD020212046636401AABA
:10C7B0000193EDF774FD01281ED12046EEF7E6F94E
:10C7C0002846FAF775F9042816D12046ECF79DFEA5
:10C7D000002103B0BDE83040ECF74BBB204603B06E
:10C7E000BDE83040FFF7B3BE2046636C236403B05E
:10C7F000BDE83040EEF7CAB903B030BD10B591F8CE
:10C8000058300C4603F00303013B012B0AD8C86AD9
:10C81000DCF78CFD0023E36294F8583043F0030307
:10C8200084F8583010BD38B504460D46C16B006D14
:10C83000FBF77FFA216C2860606DFBF77AFA68607D
:10C8400038BD2DE9F0438BB0044690468946D4F7B5
:10C850003BFA2046EDF7D8FF05462046EDF7D7FF17
:10C86000064604AF39462046FFF7DDFF0297B4F8CD
:10C870004C3032460193B4F8483029460093636C3B
:10C8800006A8F0F790FC6269069B511E0B440693C4
:10C89000A3690799581E0144079108990132114470
:10C8A000099A01331A442046089106A90992EEF725
:10C8B00042F9C4E912982046D5F752FA8046002181
:10C8C000D6F700FC2046EDF7ADFC40460121D6F737
:10C8D000F9FB0297B4F84C3032460193B4F8483073
:10C8E00029460093636C06A8F0F75DFC6269069B1D
:10C8F000511E0B440693A3690799581E01440791E2
:10C90000089901321144099A013308911A442046CA
:10C9100006A90992EEF70FF90BB0BDE8F0832DE9F7
:10C92000F0418AB090F85930044603F00F030A2B07
:10C930000D466DD8B5F5616F64DA002D65DB636C6B
:10C94000AB425CD02046D4F7BFF92046EDF75CFF40
:10C9500006462046EDF75BFF804604AF3946204689
:10C96000FFF761FF0297B4F84C3042460193B4F8E8
:10C97000483031460093636C06A8F0F714FC6169F7
:10C98000069BA2690B440693079B2046134407931A
:10C99000089B0B440893099B06A913440993EEF7DF
:10C9A000CAF865642046D5F7DBF905460021D6F7BD
:10C9B00089FB2046EDF736FC01212846D6F782FB9D
:10C9C0000297B4F84C3042460193B4F848303146EF
:10C9D0000093636C06A8F0F7E6FB6169069BA26909
:10C9E0000B440693079B204613440793089B0B4474
:10C9F0000893099B06A913440993EEF79CF80AB023
:10CA0000BDE8F081A5F5616594E705F5616594E7FA
:10CA1000002594E72DE9F0418AB090F85930154689
:10CA200003F00F030A2B88BF00250E4688BF2E4651
:10CA3000036D0446B34202D1436DAB4266D020463B
:10CA4000D4F742F92046EDF7DFFE07462046EDF722
:10CA5000DEFE804604A92046FFF7E5FE04AB029304
:10CA6000B4F84C3042460193B4F84830394600934C
:10CA7000636C06A8F0F797FB6169069BA2690B44FB
:10CA80000693079B204613440793089B0B44089387
:10CA9000099B06A913440993EEF74DF82A4631463F
:10CAA00004F15000FBF736F92046D5F759F9054651
:10CAB0000021D6F707FB2046EDF7B4FB01212846FD
:10CAC000D6F700FB204604A9FFF7ADFE04AB0293A6
:10CAD000B4F84C3042460193B4F8483039460093DC
:10CAE000636C06A8F0F75FFB6169069BA2690B44C3
:10CAF0000693079B204613440793089B0B44089317
:10CB0000099B06A913440993EEF715F80AB0BDE88E
:10CB1000F08138B590F85930044603F00F030B2B21
:10CB20001FD10021FFF7FBFE002220461146FFF730
:10CB300071FFE36B1BB3236C0BB32046EDF764FE70
:10CB4000E36B0502204695FBF3F5EDF760FE226CE2
:10CB5000000290FBF2F229462046BDE83840FFF77C
:10CB600070BE0C2B0BD10021FFF7D9FE002220460E
:10CB70001146FFF74FFF4FF480721146ECE738BDC6
:10CB80002DE9F0418AB00E460446EDF7FFFF30462E
:10CB9000F0F7FCFA0328054614D194F8583003F056
:10CBA0000303013B012B02D8E06ADCF7BFFB002343
:10CBB000E36294F8583043F0030384F858300AB025
:10CBC000BDE8F081304607A9F0F7C6FF0128F6D18D
:10CBD000B5BB94F8583003F00303013B012B02D896
:10CBE000E06ADCF7A3FBE662BDF820309DF81D008B
:10CBF000E363BDF822308000236494F8583000F0DD
:10CC00007C0005F0030523F07F032843184384F8D4
:10CC100058002046EDF741FE2046FFF77AFF636C8F
:10CC20003BB9A36CB3F5807F03D1E36CB3F5807F90
:10CC300002D02046EDF7F6FA2046EDF7A7FFBEE753
:10CC40006B1EDBB2012BCFD8E76AB7420BD094F84A
:10CC50005830304603F00303013B012B2CD9FDF77C
:10CC60005BF960B3E062022DBED15A22002120465A
:10CC7000EEF7F1FE5B220746002105902046EEF715
:10CC8000EAFE5C228046002105902046EEF7E3FE96
:10CC90006FF0604300220590CDE9013200904346D9
:10CCA0003A46314605A8FCF761FC059BADF82030FB
:10CCB000069BADF8223097E7FDF72EF900B9FEE7A5
:10CCC000E062002FCFD03846DCF730FBCBE710B561
:10CCD00090F85C3004469B0603D5006B08B1DCF786
:10CCE00025FB94F85C306FF3451384F85C30002327
:10CCF000236310BD10B50C460846FFF7E8FF94F813
:10CD00005C301B0702D4E06ADCF710FB0023E3620F
:10CD100010BD8165EDF73ABF4165EDF737BF70B5DE
:10CD20000C46022C054619461046DDE90423069EF2
:10CD300010D1FCF7EFFB04463046FAF7D7FF04EBBF
:10CD4000D4742B6800EBD0706410C4EB60042344EF
:10CD50002B6070BD032CFCD1FCF7DCFB0446304695
:10CD6000FAF7C4FF2B68001B0344F1E7022A02D044
:10CD7000032A0ED07047436B002BDCBF4B6B436321
:10CD80004B6C43640B6C03640B6903618B6B8363B3
:10CD90007047436B002BDCBF4B6B43634B6C4364AE
:10CDA0000B6C03640B690361704707B55C220021BB
:10CDB000EEF751FE03B05DF804FB07B55B220021DE
:10CDC000EEF749FE03B05DF804FB07B55A220021D7
:10CDD000EEF741FE03B05DF804FB37B501220021F8
:10CDE00090F85C400546EEF736FE6FF040439842FF
:10CDF000C4F3001401900ED1052200212846EEF75D
:10CE00002AFE6FF06043984205D195F82B301B073E
:10CE100058BF44F00204204603B030BDF8B50D46BB
:10CE20000446EDF7B3FE05B9E56A2846FDF75AF862
:10CE3000461CE06AA8420FD194F85C301B0714D45A
:10CE400031462846DCF77CFA28B1E0622046BDE88E
:10CE5000F840E1F79DBEFEE738B194F85C3013F07E
:10CE6000080702D1DCF762FAE7623046DCF744FAE1
:10CE7000E06200B9FEE72946FDF73BF894F85C3024
:10CE80006FF3C30384F85C30E0E70EB477B5079E18
:10CE9000044606B9FEE7EDF779FEE06A38B194F88A
:10CEA0005C3013F0080502D1DCF740FAE56208A90E
:10CEB00030460191FCF704FB94F85C30E0626FF3BC
:10CEC000C303204684F85C30E1F762FE03B0BDE89E
:10CED000704003B0704770B590F85C30044613F0B2
:10CEE00008060D4604D1C06A10B1DCF71FFAE662ED
:10CEF00035B194F85C30E56243F0080384F85C30A7
:10CF00002046BDE87040E1F743BE4164EDF73EBE08
:10CF10008164EDF73BBEC06A704701B9FEE7E1F7F7
:10CF20007DBD2DE9F04F91B006468A4601B9FEE776
:10CF30000CA9EDF78FFCF36A0CA80393FAF7D6FE61
:10CF400005900CA8FAF7D7FE06903046FFF73DFF94
:10CF500080463046FFF729FF04463046FFF72DFF95
:10CF600007464046F9F78CFD81463046FFF735FF0E
:10CF70000025834604EB09030793039B2B4402938C
:10CF8000039B5B5DA3BB2C4600213046F26AEEF7A3
:10CF9000B8FE022850D13B464246611B0298FCF77E
:10CFA000B9FA06460CA8FAF7A1FE06EBD67600EB16
:10CFB000D0707610C6EB600600230995CDE90A33E0
:10CFC000002C62D1A146DDE90A124046F9F723FDA3
:10CFD000DAF80020A9EB07039A4259DBC3190133A1
:10CFE0004B449A42CCBF0020012011B0BDE8F08F25
:10CFF000079B4B440493049A069B934209DA96F8E4
:10D000005C3003F00703012B04BF4BF004035FFA0D
:10D0100083FB00233A4600934146059B0298CDF8D6
:10D0200004B0DBF76FFBDAF804302C184B45ABDDAE
:10D030002546DDF81090A0E703280BD13B46424679
:10D04000611B0298FCF766FA06460CA8FAF74EFE3A
:10D05000861BB1E70026AFE7099DB1463E18099B44
:10D060009C42B0D309AB03980BAA0AA9FCF741FA7A
:10D07000DDE90A124046F9F7CEFCDAF80030304418
:10D080008342E9DAB14609959DE79946013CE6E716
:10D090000020AAE7406C7047806C704710B50846C6
:10D0A0000C46FDF748FAC0F3072384F82D30FF2320
:10D0B00084F82C0084F82F30C0F3074084F82E0049
:10D0C00010BD00F0C043B3F1005F17D16FF06042B4
:10D0D00020F0C043934211D06420B3F1805FA2BF1F
:10D0E000C3F17F6303F57F2303F6FF734B4393FB89
:10D0F000F0F08842A8BF084620EAE070704700239D
:10D10000C1E90B3391F83430084623F0030381F86A
:10D1100034300221ECF78AB901F15C00FBF778BBEF
:10D1200010B50C4601212046F9F7AFFD2046BDE8B9
:10D1300010400221ECF77AB910B50C4600212046C8
:10D14000F9F7A3FD0223204600211A46F9F7A9FDAD
:10D150002046BDE810400221ECF768B910B5FBF796
:10D16000D2F8436B04464BB1006C38B1D96A99B11F
:10D17000FFF754FE0121206CECF758F9A36CA3B122
:10D18000606D90B1D96A59B1FFF748FE606D012119
:10D19000BDE81040ECF74AB90121ECF796FBEDE74A
:10D1A0000121BDE81040ECF790BB10BD10B591F81F
:10D1B00030300C461BB9C86A08B1DCF7B7F8002359
:10D1C000E36284F8303010BD10B508460C46EFF726
:10D1D000FDF8C16A2046EFF791F920460121F9F7E1
:10D1E00054FD0223204600211A46F9F75AFD204635
:10D1F000BDE810404FF48041ECF767BB10B5044622
:10D20000806B78B3636B6BB394F86A10C1F3410120
:10D21000012906D002291ED051B9EFF7DFF901210B
:10D2200003E00021EFF7DAF90021606BF9F751FD17
:10D23000A06BD3F785FA606BD3F782FAA06BD3F7B4
:10D2400043FDA06BEDF7F6FA012130B9A06BBDE804
:10D250001040ECF73ABB0121DFE7A06BBDE81040BE
:10D26000ECF7E4B810BD036D8B4209D0C36B8B4261
:10D2700008D190F8690001288CBF00200120704778
:10D28000012070470020704710B504465C30FBF762
:10D29000BFFA002384F8683010BD38B50446406BEF
:10D2A0000D4610B1E16AEFF729F9002D3ED004F1E7
:10D2B0005C00FBF7C1F900B9FEE7056094F868303F
:10D2C00028460133216B84F86830EFF717F9A06D19
:10D2D000656320B1A36C012163B3ECF7E4F8A36CA0
:10D2E00093B394F86A30D9070AD51A074FF00101B1
:10D2F000206D22D5ECF79AF80221206DECF7E5FAC3
:10D3000094F868300121012BE06B27D9ECF78EF8F7
:10D310000221E06BECF7D9FA204600222021ECF73D
:10D32000BEFF2046BDE83840FFF768BF2046FFF744
:10D33000ABFFCCE7ECF7CDF8D1E7ECF7C6FA02216A
:10D34000206DECF773F8DBE794F868300121012BCE
:10D35000E06BDBD894F86A301B07D7D4ECF7B5FA4A
:10D360000221E06BECF762F8D6E7F8B50446FAF76D
:10D37000C4FF072840D12046FAF7BBFF05462046E8
:10D38000FAF7C1FFC36B04469D4202D0036D9D4274
:10D3900032D194F868302946204684F86930FFF786
:10D3A00062FF48BB04F15C073846FBF7E5F901462C
:10D3B00006463846FBF7E6F90546E8B131463846F9
:10D3C000FBF79AF93046DBF7B1FF94F8683029464D
:10D3D000013B384684F86830FBF78EF994F86830E2
:10D3E0002046013B84F868302968FFF756FF28463D
:10D3F000BDE8F840DBF79ABFF8BDEDF738B907B5DF
:10D400005A22EEF728FB03B05DF804FB0021EEF78B
:10D41000E0BF07B55C220021EEF71DFB03B05DF80D
:10D4200004FBF0B585B00E4600210546FFF7E7FF87
:10D430004FF4802104462846FFF7E1FF07462046C7
:10D44000F9F71EFB04463846F9F71AFB074628464B
:10D45000FFF7DFFFE31903EBD37300EB6307284605
:10D46000AC69EDF7D4F900EBD07004EB600307EB87
:10D47000D772A3EB620373603B44F36069462846AE
:10D48000EDF780F9009B3360029BB36005B0F0BDFF
:10D49000F8B590F83C30044603F00303012B34D177
:10D4A000826BC16A036BB1FBF2F1B3FBF1F5520879
:10D4B0004A4301FB15331344B3FBF1F5036301FB4E
:10D4C0001533134400214363FFF799FF05462046B7
:10D4D000FFF79FFF06462846F9F7D2FA074620468F
:10D4E000EDF7A8F905462046FFF790FF07EBD77345
:10D4F000216B05EBD5755B10C3EB65033E4401FB67
:10D500001631BDE8F840EDF7B2B8F8BD08B50068CF
:10D51000EEF75CFFBDE80840FFF7BABF2DE9F74F13
:10D5200004460E461546FFF771FF00230746C4E97F
:10D530000C33E362721EE36A12F8018F0133B8F113
:10D54000000F13D1E36294F83C30A5B965F30103F1
:10D550003146384684F83C30FFF760FC3846236B90
:10D56000636303B0BDE8F04FECF75CBEB8F10A0F9F
:10D5700008BFE362DFE7012262F30103414684F85A
:10D580003C302046FFF73BFFD4F82C90F9F778FAAF
:10D590005B22414605462046EEF75DFA4FF47A736A
:10D5A000054409FB05F593FBF5F30F2BA8BF0F23EB
:10D5B000032BB8BF0323DA0758BF0133A3633046F8
:10D5C000FCF790FCA56B00F1010900FB0555012D4E
:10D5D00038BF01252846DBF78FFE4FF0000A804652
:10D5E000A26B09EB000B924515D30023454441463D
:10D5F00005F8013C3846FFF711FC4046DBF796FE84
:10D60000A36BE16A5A084A434B4320462263E36214
:10D61000FFF73EFFA2E73146FCF76BFC0A235846B2
:10D620000AF1010A0BF8013CDAE72DE9F04FB5B039
:10D630000546FAF762FE06462846FAF75AFE1A2E03
:10D64000044618D12846ECF7C2FE054614A9204628
:10D65000FFF7E7FE18A8D6F747FE4FF480212046D3
:10D6600018AAECF735FA284614AA18A9F0F720F8FA
:10D6700035B0BDE8F08F1D2EFAD12846ECF7A7FE95
:10D68000814618A8D6F764FB18AA4FF480212046DB
:10D69000ECF7E3FB09F11805204608A90DF1300865
:10D6A000FFF7BFFE2946404608AAF9F7D8FF002831
:10D6B000DED02046FFF7AAFE0746FFF72CFCDDE987
:10D6C000266B05902046DDF880A0EDF79DF801223D
:10D6D0005B46CDE9010205995246009606A8FBF784
:10D6E00045FF2046EDF793F8002106462046FFF758
:10D6F00086FEC368BA6903EBD37302EB6302A369C6
:10D70000834606EBD67603EB660338464FEA660A95
:10D71000D61AEDF77CF8DBF80C30A269C01A0028A5
:10D72000C4BFB60396FBF0F6209B9244DB68079AD1
:10D730000021D21A724303EBD3730AEBA2362046C0
:10D740003022A6EB6306EEF786F91222834600210B
:10D7500014902046EEF77FF98246132200211490A0
:10D760002046EEF778F963699A440AEB0B03CDE99A
:10D770001036E36914AC1B1AA3EB0B031293079B3F
:10D78000334413939DF8AB3043F001038DF8AB3075
:10D7900095E80F0084E80F0098E80F0085E80F0077
:10D7A0003846FFF7B8FB10AA1F9018A94846EFF7B4
:10D7B0009CFE94E80F0085E80F0059E72DE9FF4132
:10D7C0004FF4807804460E46454600278CB94FF446
:10D7D000803202AB0093304692FBF8F3019492FB47
:10D7E000F5F27942CDE90244FAF772FA04B0BDE8E5
:10D7F000F0816E2200212046EEF72DF90290384488
:10D800006C22002107B22046EEF725F96D2205466D
:10D81000002102902046EEF71EF9012DB8BF012528
:10D8200001280290B8BF012008FB00F008FB05F5B5
:10D830004FEA20282046EEF7C9FD2D120446C5E721
:10D8400070B586B00546FFF7E1FD0446E8B14FF438
:10D8500080212846FFF7D3FD5B224FF48021064646
:10D860002846EEF7F8F8054604902046FFF753FBEC
:10D8700000236FF060420146CDE90123009304A824
:10D880002B463246FBF772FE049806B070BDF0B42A
:10D8900090F83C400B4604F00304012C1146C26A88
:10D8A00016D1846BB2FBF4F4A34211D2056BB5FB25
:10D8B000F4F76743ED1BEE1A1FFA86FC36B2002E12
:10D8C000CCBF66467642B6EB540F0AD81C46E31925
:10D8D000934228BF02F1FF33C0E90C33F0BCE2F7FA
:10D8E00017BA9D428CBFE4181C1BF0E72DE9F04FDE
:10D8F00085B000240646B0F84870036CC7F30E07E5
:10D90000D0F844A0039307F1FF3B00F12C09BC427F
:10D9100002D305B0BDE8F08FB36C5A46C3F3CE33E3
:10D92000B4FBF3F503FB154500212046039BCDF81E
:10D9300000A0FBF76BF8B5FA85F5804648466D09FF
:10D94000FAF71DFF014608B90134E0E7CB6843450B
:10D9500007DC0B69434504DB4B69FF2B05D14C61A8
:10D96000CD614846FAF712FFECE7A3421CBF8C6179
:10D970000D62F6E707B54C22EEF76DF8034600207E
:10D98000DAB262F30700C3F3072262F30F20C3F396
:10D99000074363F3174003B05DF804FB07B5132298
:10D9A000EEF759F803B05DF804FB07B51222EEF765
:10D9B00052F803B05DF804FB07B51022EEF74BF800
:10D9C00003B05DF804FB07B51122EEF744F803B08D
:10D9D0005DF804FB2DE9F84F0F4600210446904600
:10D9E000FFF7E3FF002106462046FFF7D7FF00219F
:10D9F00082462046FFF7E0FF002105462046FFF75C
:10DA0000E2FF81462046ECF7FFFEA0EB060B204626
:10DA1000ECF7FDFE401BA0EB0900ABEB0A0B8345C6
:10DA2000204611DAECF7F0FE831BA3EB0A036269D0
:10DA30005B081A4432443A60A2691A442A447A6064
:10DA4000C8F80030BDE8F88FECF7E1FE431BA3EB0C
:10DA50000903ECE7F0B587B015461C4600226FF0CD
:10DA600060430646CDE901328B6B04A80093CB6B73
:10DA7000D1E90712FBF77AFD96F83C30012B1DD84F
:10DA80002B68049A3046A3EB520103EB520321604A
:10DA90006D684FF40031A36007D1FFF794FF059B39
:10DAA000284460600344E36006E0FFF785FF059BC0
:10DAB0002D1AE560ED1A656007B0F0BD082B23D084
:10DAC00020D8022B01D0042BF6D16A680599022BCD
:10DAD000A2EB510002EB51022F686060E26021D19D
:10DAE000049B4FF400313046FF1AFFF75EFF3F1AE8
:10DAF0004FF40031304627602D68FFF756FF2D1A8E
:10DB0000A560D9E7102BD7D1286804996A68059BCE
:10DB1000A0EB5100A2EB5302014420606260A160BF
:10DB20001344C0E74FF400313046FFF737FF2D684C
:10DB3000049B384420604FF4003130461D44FFF709
:10DB40002DFF0544DCE770B50C4601F12C06236B74
:10DB500030461BB9BDE87040FAF75ABEFAF70CFE22
:10DB6000054601463046FAF7C7FD2846DBF7DEFBDF
:10DB7000EDE7F7B506460C461D461746002A3ED08F
:10DB80006A4648213846FBF7A3F901281AD10098C4
:10DB900020636A464C213846FBF79AF9012818D1D0
:10DBA000009BA3851B0C84F82E306A464D21384615
:10DBB000FBF78EF901281BD19DF8000084F83C008A
:10DBC00003B0F0BD482229463046EDF744FF0190EE
:10DBD000DEE729463046FFF7CDFEC0F3072384F881
:10DBE0002C00C0F3074084F82D3084F82E00DCE7C9
:10DBF0004D2229463046EDF72EFFC0B2DEE719462A
:10DC0000FFF7B8FEC0F3072384F82C00C0F30740E9
:10DC10004D22294684F82D3084F82E003046EDF749
:10DC20001AFF4822019084F83C0029463046EDF75F
:10DC300012FF2063C4E72DE9F04FADB0044608465B
:10DC4000ECF7C5FBB4F848300646C3F30E03012BCE
:10DC50000DD994F83C30022B00F0A480082B0BD097
:10DC600008D8012B40F29E80042B00F09B802DB041
:10DC7000BDE8F08F102BFAD10CA8EFF79CF808AF95
:10DC8000002120460CAAECF711FA3946204604AAD6
:10DC9000FFF7A0FED4E914231A440092D4E910122D
:10DCA0000846FAF7B3FED4E914231A440092D4E9E3
:10DCB000101205461046FAF7A9FE024697E803003F
:10DCC00017AB83E80300049B30460CA904F12C0B2E
:10DCD000CDE91552ADF86430EFF784F85846FAF7FD
:10DCE0004EFD05460028C2D01CA8EFF764F80DF1E0
:10DCF000280A002120461CAAECF7D8F951462046F4
:10DD000005AAFFF767FED4E914231A440092D4E968
:10DD10001012E868FAF77AFED4E914231A44009244
:10DD20008146D4E910122869FAF770FE2F68804600
:10DD3000002F00F015815021384606AAFBF7C8F8DD
:10DD4000012840F0EF80069824905221384606AA18
:10DD5000FBF7BEF8012840F0EC80069BADF88C3054
:10DD60001B0C8DF88E305321384606AAFBF7B0F80D
:10DD7000012840F0ED809DF818008DF8AC0027AB2D
:10DD80009AE8030083E80300059B30461CA9CDE90F
:10DD90002598ADF8A430EFF725F829465846FAF74C
:10DDA000F5FC9EE70CA8EFF7CBFB002120460CAA60
:10DDB000ECF715F9302200212046EDF74CFE00214A
:10DDC00080461C902046FFF7F7FD002100EB080578
:10DDD0002046FFF7F8FD002100EB08072046FFF77B
:10DDE000E4FD002181462046FFF7D8FDD4E917C2A3
:10DDF00094F83C3000EB080E022B60D1E3691899CF
:10DE000003EB5103A3EB0E03013BA16908930A93B3
:10DE1000236A0D44DB1BA5EB5C0503EB520309955C
:10DE20000B9302AD284608A9F9F76FFF95E80300A8
:10DE300013AB83E8030028460AA9F9F766FF95E8C3
:10DE4000030015AB83E8030004F12C0930460CA94C
:10DE5000EFF790FB4846FAF792FC054600283FF49E
:10DE600006AF1CA8EFF76CFB002120461CAAECF7BC
:10DE7000B6F8AB6A6F6A4FEA530894F83C307F08F3
:10DE8000022B01D0042B45D12B6BDDF820A01F44C1
:10DE9000AB6BA3EB080BD046002320462A681CA9D5
:10DEA000FFF767FE30461CA9CDE923A7CDE9258BF6
:10DEB000EFF760FB29464846FAF768FCCDE7042BEC
:10DEC00009EB080005D16369189903EB510303447A
:10DED0009AE7012B0DD0A3B100239E46E169099377
:10DEE000091A0B9301EB5201AEEB5C0308930A9104
:10DEF00097E7636918999E44A36903EB51032B4488
:10DF0000ECE76369189900EB030E236A03EB5103F6
:10DF1000DB1BE3E7EB6AA3EB070A099F6B6BBB46CE
:10DF20009844B9E7482200212046EDF794FD079078
:10DF30000AE700212046FFF71DFDC0F307238DF8F7
:10DF40008C00C0F307408DF88D308DF88E000AE705
:10DF50004D2200212046EDF77EFD0790C0B20CE770
:10DF600039462046FFF706FDC0F307238DF88C00E5
:10DF7000C0F307404D2239468DF88E0020468DF8BB
:10DF80008D30EDF768FD482207908DF8AC003946DA
:10DF90002046EDF760FD07902490F0E62DE9F04F64
:10DFA000A1B00446924610A80F469946DDF8A8B0E5
:10DFB000EFF7C6FA10AA00212046ECF710F803226A
:10DFC000BAF1000F15D04FF400312046EDF743FDB4
:10DFD000002680460C9094F83C30022B67D0082B2A
:10DFE00012D00FD8012B62D9042B60D021B0BDE82C
:10DFF000F08F4FF4A0212046EDF72DFDD0460646C8
:10E000000C90E8E7102BF1D10CA92046ECF722FC8C
:10E010000CA8F9F76BFE05460CA8F9F76CFE43084F
:10E02000B3EB550F0CA840F20981F9F75FFE0A2502
:10E03000236D0C9A5F43B4F848306F43C3F30E036B
:10E04000013BB7FBF3F7636D0D9905FB03771C9B51
:10E05000400801440244C01A94F83C30BAF1000F61
:10E0600018BF46460025082B4FF480730A920AAC6D
:10E070000244C9E900210CBF861B36181A464846DF
:10E080000B91019539460094F9F722FE0A9B394617
:10E090003344CBF800300B9B5846CBF804304FF498
:10E0A0008073CDE900451A46F9F712FE9EE730224B
:10E0B00000212046EDF7CFFC002105460C902046BC
:10E0C000FFF77AFC0021431920460293FFF77BFCFF
:10E0D0000021431920460393FFF760FC00214319F8
:10E0E00020460493FFF761FC4FF4A021431920461A
:10E0F0000993FFF753FC4FF4A02107902046FFF748
:10E1000054FC4FF4A02105902046FFF755FC4FF436
:10E11000A02106902046FFF756FC089094F83C009A
:10E120001C9A0228099B37D1E569069905EB52052F
:10E13000049AAD1A029A5118A2690A44BAF1000F62
:10E1400018BF4646B4F848800228C8F30E0808F104
:10E15000FF3838D1474516D0089A039B1344226AEA
:10E16000D21A87B120460492ECF751FBDDE9023266
:10E170001344069A1344089A1344C01A784390FB38
:10E18000F8F0049A121A013DC9E90052AD1BCBF810
:10E190000050CBF8042029E7042865694FEA520CA7
:10E1A0001FD1029A069965445118A2691D440A4478
:10E1B000B4F84810BAF1000F28D0C8F10006C1F336
:10E1C0000E0808F1FF380428C4D0474520D105992E
:10E1D000E5690B44ED1AC9E90052CBF8005032440E
:10E1E000D7E7012807D10799049A0A441544A26980
:10E1F00002996244A1E7059A216A9A1815440CEB2A
:10E2000001020399521A0028D2D097E77642D6E746
:10E21000002FE0D02046CDE90232ECF7F5FA029B60
:10E22000049A1A441346079A1344059A1344C01AD1
:10E23000784390FBF8F0039A0544CCE7F9F75BFDCF
:10E24000F5E62DE9F04FA9B0B0F848900446C9F3BF
:10E250000E09B9F1010F40F28E8090F83C30102B7E
:10E2600000F08980082B00F08680002608A8EFF7D0
:10E2700067F94FF4003108AA2046EBF7B0FE18A862
:10E28000EFF75EF94FF4A021204618AAEBF7A7FE9E
:10E2900009F1FF330393A36C0021C3F3CE33B6FB24
:10E2A000F3F703FB1767636C30460093236C039A04
:10E2B000FAF7ACFBB7FA87FB04F12C0A804650460C
:10E2C0004FEA5B1BFAF75BFA054668B1EB6843451A
:10E2D0002DDC2B6943452ADB27BB4FF400336A68EA
:10E2E00008A92046FFF745FC06AB5A463146009385
:10E2F000204604ABFFF752FEB4F84820149B249943
:10E30000C2F30E0227B3B2422BD10B4694F83C2045
:10E31000082A26D0102A24D0022A01D0042A31D17A
:10E32000E3651EE04FF4A023AA6818A9D9E72046A8
:10E3300008AA4FF40031EBF752FE20464FF4A0211B
:10E3400018AAEBF74CFE29465046FAF71FFABBE72E
:10E35000B242DBD02EB994F83C20082A01D0102A12
:10E360000CD15046FAF70BFA05465FFA86FB5DB909
:10E370000136B1458FD829B0BDE8F08F022A01D00F
:10E38000042ACDD12366ECE7EB6898450ADB2B69BC
:10E39000984507DCF7B94FF400336A6808A92046AE
:10E3A000FFF7E7FB6B699B451DD1EB69BBB1149B84
:10E3B000059AD9072A6306D594F83C20022A01D091
:10E3C000042A0ED101336B6229465046FAF7DEF972
:10E3D0000546CCE74FF4A023AA6818A9DFE7249BE1
:10E3E000E6E7013BEFE7AB699B45EDD12B6A6BB1EB
:10E3F000149B059AAA63DA0706D594F83C20022AF2
:10E4000001D0042A04D1013BAB62DDE7249BF0E795
:10E410000133F9E738B50546ECF7F6F90446284626
:10E42000ECF7F5F98442B4BF0020012038BD38B5BF
:10E4300000250C4691F8A030204623F0030381F814
:10E44000A030C1F89C504FF48071EAF7EFFF102123
:10E450002046EAF7EBFF4FF480612046EBF735FAF0
:10E460002846D4F741FB1D280CDD2846D4F73CFB99
:10E47000142300F10A0191FBF3F12046BDE8384076
:10E48000ECF72FBC0121F8E72DE9F3470C460546D0
:10E490005110002B4CD023685B1A23601344013BBE
:10E4A000A36083696360036AE36012224FF4403122
:10E4B0002846EDF7D0FA1322019007464FF4403179
:10E4C0002846EDF7C8FA1022824601904FF44031F9
:10E4D0002846EDF7C0FA1122019080464FF44031F2
:10E4E0002846EDF7B8FA6822814601904FF4403192
:10E4F0002846EDF7B0FA6922064601904FF4403104
:10E500002846EDF7A8FA034622683744D21B22605A
:10E51000A26856443244A26062688044A2EB0802BA
:10E520006260E2684B441A44E26002B0BDE8F087E2
:10E5300063685B1A63601344013BE36043692360D3
:10E54000C369A360B1E708B5FCF7F7FB012803D066
:10E55000831E58425841400008BD2DE9F04F87B056
:10E560000F460446D7F7BEFE0646F8F7A1FA012883
:10E5700040F0A3803046F8F7C2FA002840F09D80B2
:10E58000304602A9F8F79EFA0322204602A9ECF7CA
:10E590000DFA2046FFF73EFF05468FB194F8A030F4
:10E5A000DB070DD4002800F08B80D4F89420029B68
:10E5B0009B1A002B96F82420B8BF5B4293427CDB69
:10E5C000D4F89C8004F13806B8F1000F0ED1204633
:10E5D000FFF7B9FF94F8A030012843F0010384F855
:10E5E000A03071D804F12C03C4F89C302722D4E960
:10E5F0000C3700212046FF1AEDF72DFA5FFA80F85C
:10E6000004902046FFF706FFB8F1010F0CBF8046CB
:10E610004FF0000894F84C90002D00F0DB8012229F
:10E6200000212046EDF717FA0021824613220490BC
:10E630002046EDF710FA834604902046ECF7E4F804
:10E64000C14514BFE1696169029BA0EB0A0214BFD6
:10E65000A1EB0B018A44A2EB0B0214BFCB1AA3EB74
:10E660000A0342B102EBD271491007FB031393FB7B
:10E67000F2F2236B1344D4F89C20D4E90C10B2427C
:10E680000CBFE06AA16B8342A8BF03468B42B8BFB0
:10E690000B461168994210D01360002D00F0C48021
:10E6A0004FF400712046EAF7C1FE2046ECF76EFAFF
:10E6B000002220212046EBF7F2FD07B0BDE8F08FE5
:10E6C000D4F89820039B73E702288FD1D7F70AFE6E
:10E6D00004A9F8F7F7F90322204604A9ECF766F934
:10E6E000272241462046EDF7B6F90190C7B22046F1
:10E6F000FFF790FE012F94F84C301DD1F8B9059921
:10E70000002B57D1D4F888309942FFF66BAFD4F87C
:10E71000803099424BDCA26FD4F88000D4F8883066
:10E72000801A00EBD07002EB6002521A002AD4F873
:10E730009000B8BF52421CE00028E0D047469F42FC
:10E7400004992CD1D4F88C308B42FFF64BAF636F19
:10E750008B422CDC626FE06FD4F88430801A00EBBF
:10E76000D07002EB6002521A002AD4F88C00B8BFB5
:10E770005242C01A00EBD07003EB60035B1A002B0F
:10E78000B8BF5B429A421EDD04F12C03C4F89C30F2
:10E7900094F8A0306FF3410384F8A03026E7D4F852
:10E7A00084308B423FF71EAFE36F8B42D2DAC4F85E
:10E7B0009C601BE7D4F8903099423FF713AFA36FEA
:10E7C0009942F4DBA7E794F8A030C4F89C6043F0CA
:10E7D0000203E1E7102229462046EDF73CF92946DD
:10E7E0008346112204902046EDF735F982460490C5
:10E7F0002046ECF70CF8C14514BFA169216AA0EBD3
:10E800000A02039BA2EB0B020DBF8A448B44A3EBCD
:10E810000B0AAAEB030A02EBD2735B1007FB0A3365
:10E8200093FBF2F3226B25E74FF480713AE72DE971
:10E83000F047BCB00546F9F75CFD04462846EBF707
:10E84000C6FD2722002181462046EDF704F92090DD
:10E85000C5B22046FFF7DEFD012D074694F84C8037
:10E86000204622D177B1FCF76DFA06462046EBF739
:10E87000CEFF824606B3E36A002B1DDAA8451DD100
:10E88000E36B1CE0FCF75EFA06462046EBF7BCFFA4
:10E890008246002E3ED0E36A002B3BDAB8F1000F2F
:10E8A0003BD1A36C002501930AE0FCF74BFA064626
:10E8B000002FEAD00025D9E7A845E1D1636C009389
:10E8C00004A8D5F711FD4FF44031204604AAEBF718
:10E8D000FFF83B46524669462046FFF7D5FD009BB0
:10E8E0002046C4F88430019B04F18406C4F88830C3
:10E8F000029BC4F88C30039BC4F89030FFF723FED2
:10E9000002280CD03246484604A9EEF7D1FE3CB0AE
:10E91000BDE8F087B8F1000FC3D1236CC2E77022C5
:10E9200004A920A8FBF79BF93246484604A9EEF754
:10E93000BFFEDFB1A8450CBFE36B636C00933B46A1
:10E94000524669462046FFF79FFD009B7022636791
:10E95000019B20A9A367029B04A8E367039BC4F85B
:10E960008030FBF77CF904F17402CCE7A8450CBFBA
:10E97000A36C236C0193E2E70A21D0F8803093FB6B
:10E98000F1F3012BB8BF0123C0F88030E2F73EB9A4
:10E990000A23D0F88020816F5A43C36F002BB8BF81
:10E9A0005B428B42B8BF0B469342A8BFC0F88020A1
:10E9B000E2F72CB9426FD0F88010002A13DA53180E
:10E9C000002B10DD5B420B44816F8B4206DD90F81B
:10E9D0008530DB0709D5914209D1C36F934208D036
:10E9E0004367E2F713B91346EDE70B46F6E70B462C
:10E9F000F6E77047426FD0F88010002A12DD8A4295
:10EA000010DA8B1A5B1AC16F8B4206DA90F88530E8
:10EA1000DB0709D5914209D1836F934208D0436740
:10EA2000E2F7F4B81346EDE70B46F6E70B46F6E7D8
:10EA30007047FBF787BFFBF7B9BF10B50C46022143
:10EA40002046EAF7F3FC2046BDE81040C8224FF408
:10EA50007A71E2F733BA4FF0FF330068C362ECF724
:10EA600095B8C162ECF792B808460021D9F724BCEA
:10EA700010B54FF0FF330C46CB6220461021EAF769
:10EA8000D5FC20460821EAF720FF2046BDE81040CB
:10EA90004FF48061EAF719BF2DE9F041C0B0054697
:10EAA000F9F727FC04462846EBF791FC0646694631
:10EAB0002046EBF7CFFE08A8D5F716FC4FF400313F
:10EAC000204608AAEBF704F86A4608A93046EEF794
:10EAD000EFFD2046EBF79BFE074604F11400F9F723
:10EAE00005F9E26AA0EB0708531C5AD043465A4383
:10EAF00048BFFF321512272200212046ECF7ABFF5A
:10EB0000D4E905322490C0B2012808BFA8EB05055E
:10EB1000012F1D443B46B8BF01230592226A013BE9
:10EB20002B4407924FF4403112222046069304955D
:10EB3000ECF791FF1322804624904FF44031204699
:10EB4000ECF789FF1022074624904FF4403120460D
:10EB5000ECF781FF05464FF4403124901122204606
:10EB6000ECF779FF049A2490A2EB08020492069A2B
:10EB70003A440692059A521B0592079A024424A829
:10EB80000792D5F7B1FB204624AA4FF44031EAF7AB
:10EB90009FFF304604AA24A9EEF78AFD40B0BDE8E5
:10EBA000F0812046EAF7AFFC10F0010F14BF454694
:10EBB0000025A0E707B51222ECF74DFF03B05DF882
:10EBC00004FB07B51322ECF746FF03B05DF804FB26
:10EBD00007B51022ECF73FFF03B05DF804FB2DE909
:10EBE000F04F8BB0074610468A4690460593F7F7DC
:10EBF00047FF179B0025C418189B1C44FB6A03FBA6
:10EC00000AFADDE915235646D3180793FA6A02EB90
:10EC10000A03B34203D820460BB0BDE8F08F7B6BEC
:10EC200053F8261003EB8600002947D0A946D7F8F1
:10EC30003CC0013A5CF825300692069A4A4504D950
:10EC400050F804BBBBF1000F1CD10A7812F002028D
:10EC500024D10292079A08319B1A0193149B4246D1
:10EC6000009308A8059BFAF781FC179A099BA9EB6A
:10EC700005051344189A2E4413449C42B8BF1C4601
:10EC80004D461BE09BF800B009F1010E1BF0010F8F
:10EC9000DBD05CF82E20F1461344CEE74046F7F770
:10ECA000EFFE179B1844189B1844A04206DD40460F
:10ECB000F7F7E6FE179BC418189B1C440136013574
:10ECC000A4E7F8B500250C462F46D4E90B32534390
:10ECD000AB42606B0CD808B1DAF728FBA06B08B127
:10ECE000DAF724FBE06BB0B1BDE8F840DAF71EBB01
:10ECF00050F82530AE0063B1586820B1DAF716FB42
:10ED0000636B9B595F60636B9859DAF70FFB636B1A
:10ED10009F510135D9E7F8BD10B501230420C1E9A1
:10ED20000B330C46DAF7E8FAE063206B8000DAF781
:10ED3000E3FA8223E26BA06313600360D4E90B3132
:10ED40005943606B8900DAF7FBFA002360630360C4
:10ED500010BD2DE9F3411C46002305460E4698469A
:10ED60009045236039D1272200212846ECF773FE15
:10ED70000190C0B20128284636D1ECF70EF923687D
:10ED8000034423602846EBF73FFD23680021C71AA0
:10ED90002846FFF716FFEB6B381AA06053F82830AF
:10EDA000C01A206000231F46B74263602FD10021A4
:10EDB0002846FFF70DFF6368034463602846ECF7BD
:10EDC000F1F86368181AAB6B606053F82730184489
:10EDD0000138E06002B0BDE8F081E96B51F828101D
:10EDE00008F101080B44BBE7ECF7D7F823680021D2
:10EDF0001B1A23602846FFF7DDFE23681844EB6BDF
:10EE0000206053F8283018440138A060CAE7AA6B84
:10EE100052F8272001371344C6E730B585B0D0E952
:10EE200010216B460446FFF794FF0099002911DA80
:10EE30000123002249422046ECF7F3F8019A002A08
:10EE400015DA012352420021204605B0BDE83040CA
:10EE5000ECF7E7B82046029DEBF7D6FC8542EDDDE6
:10EE60002046EBF7D1FC01230022411BE3E72046BB
:10EE7000039DEBF7CCFC854205DD2046EBF7C7FC94
:10EE80000123421BDFE705B030BD2DE9F04F8DB007
:10EE90004FF4A0210446FFF78DFE4FF4A021079008
:10EEA0002046FFF78EFE4FF4A02108902046FFF782
:10EEB0008FFE11224FF4A02183462046ECF7CBFDB4
:10EEC0005B224FF4A0210B9005462046ECF7C3FDD2
:10EED0005C224FF4A0210B9006462046ECF7BBFDC8
:10EEE0005A224FF4A0210B9007462046ECF7B3FDC1
:10EEF00006224FF4A0210B9080462046ECF7ABFD94
:10EF00004FF4A0210B90814607222046ECF7A3FD89
:10EF1000002182460B90236B994208D32046EBF7E1
:10EF2000BCFC20460DB0BDE8F04FEBF72FBE089BB0
:10EF300042460293079B2046CDE90073CDE903B515
:10EF400033460991FFF74BFE5045A8BF504609993B
:10EF5000A36B4845ACBF43F8210043F82190013131
:10EF6000D9E70121EDF735BA0021EDF732BA7FB5C7
:10EF70000546F9F7BEF904462846F9F7BEF90646F4
:10EF80002046EDF723FA302E054606D10022C16A4D
:10EF900004B0BDE87040E2F7A9BC0B2E37D1D7F71B
:10EFA000A1F910B1037A012B31D0204602A9D2F782
:10EFB000B3F995F83030204613F00C0F29D0EBF759
:10EFC00029FC2722044600212846ECF744FD029B39
:10EFD000E20F0190C0B2224401280CBFC3EB6203D0
:10EFE00003EB620393FBF4F4EE6AD7F77BF924EAB0
:10EFF000E474024600B1012221462846E2F776FC7D
:10F00000B44204D0002220212846EBF748F904B08E
:10F0100070BDEBF70FFC039C00EBD07304EB6304B3
:10F0200094FBF0F4E0E7704710B5486B0C4618B15C
:10F03000DAF77CF900236363A06B18B1DAF776F98D
:10F040000023A363206B18B1DAF770F90023236360
:10F0500010BD7FB590F8642002F001048C4218D0F6
:10F06000003918BF0121C46A61F3000280F86420EE
:10F070006269036DC56D13440093A369D0E9151649
:10F080001944019132442B44694602920393EBF7F1
:10F0900052FD04B070BD07B55A220021ECF7DBFC2D
:10F0A00003B05DF804FB70B50546F9F726F9044690
:10F0B0002846F9F71EF90646EDF788F92E3CA4B26A
:10F0C000012C05460BD830460021FDF7A7FE284647
:10F0D000E2F7CEFC2846BDE87040E2F789BC70BD7F
:10F0E00090F8643061F3410380F86430704770B584
:10F0F00090F870300446C3F3C0028A420D462BD00C
:10F1000061F3C30380F870306420D1B1D9F710F9EE
:10F110006FF040410646E06AEBF7CBFA0022314639
:10F12000E06AEDF792F88DB16FF040412046EBF7C1
:10F13000D7FA00232046BDE870401A461946EBF77F
:10F14000CDBFD9F7F5F82E460146E4E72A4602215D
:10F150002046EDF724F8ECE770BD0164704790F8A5
:10F1600070305B0702D4C06AFDF7D5BE406B7047B4
:10F17000C06C70470068E2F73FBE90F87000C0F3C3
:10F18000C000704738B50446C06AFDF783FF4FF6EC
:10F19000FF73984205460BD0E06A4FF6FF71FDF70A
:10F1A000B4FEE06A4FF6FF71BDE83840FDF7B0BE2F
:10F1B000E06AFDF771FFA842EED138BD73B5C36CAC
:10F1C0000446002B40D07F2301A9ADF80430E2F7BC
:10F1D000F5FE0128054637D1E06AFDF79CFE06469C
:10F1E000E16C2A460139FAF750F93146E06AFDF739
:10F1F00015FE2046FFF7C6FF236B3BB1E06AFDF723
:10F200008AFE037813B92046EBF7C0FC94F87030FF
:10F21000E16C5B070ED501390122606BFAF735F915
:10F22000656B2846FAF75EFE411C2846DAF788F837
:10F2300060B16063E16C20460139E2F70BFD00220A
:10F2400020212046EBF72BF802B070BDFEE738B561
:10F250000446C56C691CE2F7FDFCE36C9D4204D0DA
:10F260002046BDE83840FFF7A9BF38BD38B590F853
:10F2700070300446C3F380028A420D4627D061F302
:10F28000820380F87030B9B1C06AFDF744FE0546CC
:10F29000606BDAF74BF82846FAF73EFE606300B978
:10F2A000FEE72046E2F7A8FD2046FFF76BFF204669
:10F2B000BDE83840E2F7DCBBFFF764FF616BE06A52
:10F2C000FDF7ACFD606BDAF731F86563EFE738BD49
:10F2D000C16C0131E2F7BEBCC16C11B10139E2F77A
:10F2E000B9BC704730B585B00446C16C02AAC06A8B
:10F2F000E0F7D8F85C2200212046ECF7ACFB05468D
:10F300002046FFF7C8FEF7F7BBFB039B054401351A
:10F310001D44A36CE06A03950293EBF778FA8542EB
:10F320000ADA012202A9E06AFDF7F7FDA56C0146A1
:10F330002046E2F78FFCA56405B030BD30B585B03E
:10F340000446C16C02AAC06AE0F7ACF85C22002156
:10F350002046ECF780FB05462046FFF79CFEF7F7BA
:10F360008FFB039B284401381B1A0393A36C0122D3
:10F3700002A9E06A0293FDF7D0FD01462046A56C84
:10F38000E2F768FCA56405B030BD2DE9F7430446FB
:10F39000F8F7B3FF05462046F8F7ABFF0B2D044600
:10F3A00045D1D6F79FFF10B1037A012B3FD02046FD
:10F3B000EBF730FA06462046EBF73CFA694607467B
:10F3C0002046D1F7A9FF009D06EBD67305EB630538
:10F3D00095FBF6F57543019E07EBD77306EB6306C5
:10F3E00096FBF7F64FF000087E432046EDF724F831
:10F3F000404501D80F2516E041462046ECF7E9FFCD
:10F400000746EBF7C8F981463846EBF7D7F94D4583
:10F4100010D186420ED1E76200222021204697F8C3
:10F420002C50EAF73CFF29462046EBF76EFD03B06F
:10F43000BDE8F08308F10108D7E70120DCF7E2BA64
:10F4400010B50020E4F710FF4FF47A73B0FBF3F02F
:10F450000138B0F1807F0BD24FF0E0240F216061C2
:10F460004FF0FF30E7F77EFE0023A36107232361FF
:10F47000D8F786FCE3F70AFA00F061FCBDE810401B
:10F48000E3F77AB908B500F02AFCFFF7D9FF00F0DE
:10F490004AFCE3F7B7F9FAE713460422E6F750BC53
:10F4A00013460422E6F74CBC13460422E6F748BC98
:10F4B00037B5154604468DF80710C8B141780022CB
:10F4C0000078FFF7F1FF002261792079FFF7E8FF6C
:10F4D0002A46A0680DF10701E4F7D2FA054648B9BB
:10F4E000207801226178FFF7DFFF284603B030BDA6
:10F4F0000120FBE70220F9E737B5154604468DF8F1
:10F500000710C8B1417800220078FFF7CDFF012233
:10F5100061792079FFF7C4FF2A46A0680DF1070141
:10F52000E4F7AEFA054648B9207801226178FFF782
:10F53000BBFF284603B030BD0120FBE70220F9E7FE
:10F54000F8B50F4616462B21012204461D46FFF74B
:10F55000AFFF014608B10220F8BD01222046FFF7A7
:10F56000CBFF0028F7D1394601222046FFF7C4FF20
:10F5700001460028EFD101222046FFF7BDFF0028F9
:10F58000E9D1012231462046FFF7B6FF0028E2D13B
:10F590002A2101222046FFF78BFF01460028DAD1FD
:10F5A00001222046FFF7A8FF0028D4D129460122D6
:10F5B0002046FFF7A1FF01460028CCD101222046BA
:10F5C000FFF79AFF0028C6D1012220469DF81810A7
:10F5D000FFF792FF0028BED101222C212046FFF721
:10F5E00067FF003818BF01204000B5E710B504469A
:10F5F00010B90124204610BDC17800228078FFF7A1
:10F600004BFF3220E8F710FC0122E178A078FFF7E9
:10F6100043FFC820E8F708FC012220461146FFF707
:10F6200047FF0028E5D1C820E8F7FEFB01221121A1
:10F630002046FFF73DFF0028DBD17820E8F7F4FBF8
:10F64000012213212046FFF733FF0028D1D10122E8
:10F6500020212046FFF72CFF0028CAD101222621B5
:10F660002046FFF725FF0028C3D1012208212046AC
:10F67000FFF742FF0028BCD1012234212046FFF7CA
:10F6800017FF0028B5D1012238212046FFF710FFCF
:10F690000028AED10122B1212046FFF709FF002842
:10F6A000A7D1012220461146FFF726FF0028A0D14E
:10F6B00001222C212046FFF71FFF002899D10122AB
:10F6C0002D212046FFF718FF002892D10122C521E5
:10F6D0002046FFF7EDFE00288BD101220E212046A7
:10F6E000FFF70AFF002884D10122C3212046FFF73B
:10F6F000DFFE00287FF47DAF01228A212046FFF73C
:10F70000FBFE00287FF475AF01222A212046FFF777
:10F71000F3FE00287FF46DAF012236212046FFF76B
:10F72000C7FE00287FF465AF012208212046FFF7BD
:10F73000E3FE00287FF45DAF01223A212046FFF767
:10F74000B7FE00287FF455AF012205212046FFF7C0
:10F75000D3FE00287FF44DAF204601222921FFF778
:10F76000A7FE044600287FF444AFC820E8F75CFBFE
:10F7700040E77047704770477047704708B5E3F738
:10F78000BFF900F0D6F9BDE80840E3F7ADB970471E
:10F7900008B5E3F725FBE3F7D9FBE3F79BF9BDE8F1
:10F7A000084000F051B808B500F010F800F00AF871
:10F7B000BDE80840E3F722B97047704770477047CB
:10F7C00070477047E3F72CB9E3F77EB90F20704715
:10F7D00070B5002506462C46052C20D8DFE804F03D
:10F7E00003070B0F13175B210820E3F75FFB0C21C6
:10F7F0000820E3F75BFBD1210820E3F757FB8021CA
:10F800000820E3F753FB00210820E3F74FFB6C1CB3
:10F810002946E4B208202546E3F748FB0624A4F174
:10F820000E03012B05D85A210820E3F73FFB0134D2
:10F83000D2E7102C05D1BDE870405D210820E3F728
:10F8400035BBB31F195DEFE708B5082000F025F8B8
:10F85000BDE80840082000F02BB807B5012320F0D0
:10F860007F4040EA8170019068460093FFF7B0FF47
:10F8700003B05DF804FBFEE700239A4200D1704715
:10F8800010B550F8234041F8234001339A42F8D193
:10F8900010BDFEE70023036070474FF06042012374
:10F8A000D2F8001E83400B430020C2F8003E704790
:10F8B0004FF060410122D1F8003E824023EA02036A
:10F8C0000020C1F8003E704710B588B00C460E9974
:10F8D000009207910D99024606919DF8301005910E
:10F8E0000B9904919DF8281003910021CDE9013175
:10F8F00008462346E3F70CFC08B010BD10B588B0ED
:10F9000004460E98009207900D98224606909DF8A6
:10F91000300005900B9804909DF82800039000207B
:10F92000CDE901300B460121E3F7F2FB08B010BD31
:10F93000F0B585B00446857A90F808E0477AC27A37
:10F9400090F80CC0467BE37B807B8DF8085084F8F0
:10F9500044200D4684F845308DF800E08DF801C054
:10F960008DF804708DF805608DF809008DF80C2075
:10F970008DF80D30002938D0257FE5B92A460421BD
:10F980006846E3F7FFFA2A46012101A8E3F7FAFAED
:10F99000A37F0421012B94BF2A46012202A8E3F78A
:10F9A000F1FAE37F23B90122042103A8E3F7EAFA7D
:10F9B000002005B0F0BD002201216846E3F7E2FA1D
:10F9C000042100220DEB0100E3F7DCFAA37F022102
:10F9D000012B94BF0022012202A8E3F7D3FAE37FB0
:10F9E000002BE5D101220221DFE70A466846022109
:10F9F000E3F7C8FA2A46022101A8E3F7C3FAA37F76
:10FA00000221012B94BF2A46012202A8E3F7BAFA89
:10FA1000E27F002ACCD11146C7E710B50446002189
:10FA2000E5F7FAFC2046BDE810400521E5F7F4BCF7
:10FA300010B504462320E7F751FB30B994F8543051
:10FA4000002BFBD005E0E3F733FD94F85430002B96
:10FA5000F9D010BD70B5054614460E4600F0EBFE19
:10FA60002B685C4034405C402C60BDE8704000F086
:10FA7000DDBE08B500F0E6FABDE808400021E4F775
:10FA8000A1BB0029CCBF01210021E4F79BBB0221CF
:10FA90004FF42070E5F758B870477047436D0B423C
:10FAA000FCD1704708B54368DA0714D58368DB07D3
:10FAB00002D50369D90707D50A2350218363FFF7CD
:10FAC000EDFF836C9A07FCD1012200F500535A60C8
:10FAD00043689B07FCD408BD836C5B06FCD541647E
:10FAE0007047836C5A06FCD54164836C1B06FCD5B9
:10FAF000C06B80B2704770B5054614460E4600F0E4
:10FB00009AFE2B685C4034405C402C60BDE870403D
:10FB100000F08CBE70B5054614460E4600F08BFE14
:10FB20002B685C4034405C402C60BDE8704000F0C5
:10FB30007DBE00F000B800207047E7F7D1B8D0F8DC
:10FB4000A0301B689A6C120643BFDB6B00200B7061
:10FB50001B20704738B50446D0F8A0301D68AB6C48
:10FB60005906FCD5002394F8A9101A4694F8A80069
:10FB7000E6F7E6F8002394F8AB101A4694F8AA00CA
:10FB8000E6F7DEF894F8B030DA0707D5002394F8EA
:10FB9000AD101A4694F8AC00E6F7D2F894F8B030FD
:10FBA0009B0707D5002394F8AF101A4694F8AE00CF
:10FBB000E6F7C6F8042205F50053002128461A6529
:10FBC000E5F72AFCD4F8A40000F051FE002038BD6F
:10FBD00008B5D0F8A0301868FFF77EFF002008BDF8
:10FBE000FEE780F89510704790F89500704737B59C
:10FBF00092F85430144633B1936D0BB1D06D9847E1
:10FC0000002384F8543094F896301BB32046E7F76D
:10FC10004DFCF8B1236E132120465B6898471025F0
:10FC2000236E20461B680DF10701984778B99DF8AF
:10FC3000073003F0FD02112A05D1A3F1110253424E
:10FC4000534184F89C30013D15F0FF05E8D1204672
:10FC5000E7F7BCFC002084F8540003B030BD70B559
:10FC600090F8943005460C46C3B10B69B3F5006FAC
:10FC700016D800F0E9FD95F88C30064665614BB169
:10FC8000214605F19000E3F789F8304600F0D7FDF2
:10FC9000002070BD2046E7F75FFCF6E70E20F8E78E
:10FCA0002120F6E738B548B10024056800F0CCFD06
:10FCB000C5E9164400F0C3FD204638BD2220FCE70C
:10FCC0007047704708B5FFF759FDFFF761FDFFF773
:10FCD0006AFDFFF771FDBDE80840FFF76EBD08B58E
:10FCE000FFF7EEFFE7F768FAE7F76EF9FFF725FF92
:10FCF000E7F780F9E8F75EF8FFF7E3FF00F007F8B1
:10FD0000FFF745FDBDE80840FFF7DCBF704708B5C9
:10FD1000FFF730FDFFF72FFDFFF72EFDFFF72DFD5D
:10FD2000FFF7F4FF08BD08B5FFF748FDFFF747FDF3
:10FD3000FFF746FDBDE80840FFF743BD704708B533
:10FD4000E8F7CEF9BDE808400120E8F7FBB9024426
:10FD50000346934200D1704703F8011BF9E770474F
:10FD600070470A44431E914200D1704710B511F804
:10FD7000014B914203F8014FF9D110BD2DE9F04735
:10FD80001F468E6882460C46BE4290460B682DD8B0
:10FD9000B1F90C2012F4906F26D06569096905EB62
:10FDA0004505A3EB01097B1C05EBD5754B446D1094
:10FDB0009D4238BF1D46530527D52946E8F786FCE6
:10FDC000064660B34A462169FFF7CBFFA38923F4B7
:10FDD000906343F08003A38126614E446561A5EBE7
:10FDE000090526603E46A560BE4200D93E46324621
:10FDF0004146206800F08FF8A36800209B1BA36099
:10FE0000236833442360BDE8F0872A4600F0ABF84E
:10FE100006460028E0D121695046E8F7EBFB0C23A9
:10FE20004FF0FF30CAF80030A38943F04003A381AC
:10FE3000E9E72DE9F047164698468A6807460B69B8
:10FE40000C46DDF820909342B8BF1346336091F81A
:10FE500043200AB1013333602368990642BF3368F7
:10FE600002333360256815F0060506D104F1190A3E
:10FE7000E36832689B1AAB422BDC94F8433022686B
:10FE8000003B18BF0123920630D404F143024146DF
:10FE90003846C847013023D023681A3454F80A2C56
:10FEA00003F00603042B0ABF54F80E5C00253368E8
:10FEB0004FF0000608BFED1A54F8123C08BF25EABF
:10FEC000E5759342C4BF9B1AED18B5421AD10020C4
:10FED00008E00123524641463846C847013003D165
:10FEE0004FF0FF30BDE8F0870135C1E7E1185A1C3B
:10FEF00030200233224481F8430094F8451082F800
:10FF00004310C2E70123224641463846C847013024
:10FF1000E6D00136D9E7884210B501EB020402D9D8
:10FF20008442234607D8431EA14208D011F8012B72
:10FF300003F8012FF8E7024401468A4200D110BDC0
:10FF400013F8014D02F8014DF7E7C9B20346024428
:10FF500010B59342184601D1002003E00478013324
:10FF60008C42F6D110BD2DE9F041804615460C4675
:10FF700021B91146BDE8F041E8F7A8BB2AB9E8F776
:10FF800039FB00242046BDE8F08100F01AF88542D4
:10FF9000064602D8B5EB500FF4D829464046E8F79C
:10FFA00095FB07460028ECD0B5422A46214628BFDB
:10FFB0003246FFF7D6FE214640463C46E8F71AFB9C
:10FFC000E0E751F8043C181F002BBCBF0B58C018C9
:10FFD00070470000014B1868704700BF9C3C01202F
:10FFE0000A4B1B6F03F00703013B032B03D8DFE829
:10FFF00003F00A030608FEE7054B18687047054B37
:020000040803EF
:10000000FBE7054870470548704700BF0080005077
:100010009C3C0120A43C012080D54302002D3101ED
:1000200008B5FFF7DDFF054B1B6FC3F30333013347
:10003000B0FBF3F0024B186008BD00BF0080005019
:10004000983C01200048704700B4C4040048704741
:10005000002D3101014B1868704700BFA43C0120FE
:100060000048704780D543024FF40022184B5A666F
:100070004FF0B4439868C0F304400C280AD8DFE876
:1000800000F00B0909090909072119091B1D1F00A7
:1000900010487047002070479B6803F04073B3F12D
:1000A000807F11D0B3F1007F10D00B4A002B08BF26
:1000B000104670470948704709487047094870471B
:1000C0000948704709487047094870470948704710
:1000D00000900050405DC60000093D00C0EA2101CB
:1000E00080BA8C010048E801005A62020024F40042
:1000F00080841E0040420F00014B1868704700BF0B
:10010000A03C012008B50A4A127852B107280AD843
:10011000084A02EB00131B7B3BB1E6F779FB00209A
:1001200008BD0548FCE70548FAE70548F8E700BFC1
:10013000EA3B0120DC290120028000F0018000F070
:10014000078000F010B50B4A0C46127862B1072800
:100150000CD859B1084A02EB00131B7B43B1E6F7F8
:1001600073FB2070002010BD0448FCE70448FAE748
:100170000448F8E7EA3B0120DC290120028000F076
:10018000018000F0078000F010B50B4A0C46127891
:1001900062B107280CD859B1084A02EB00131B7B47
:1001A00043B1E6F773FB2060002010BD0448FCE774
:1001B0000448FAE70448F8E7EA3B0120DC2901207B
:1001C000028000F0018000F0078000F010B50446C6
:1001D00020B94FF4D8711248FFF75BFB23782BB19D
:1001E000012B17D0022B18D0032B05D140F2FF733F
:1001F0006278D340DB0704D440F2B3110848FFF71C
:1002000048FB0122637821789A4030235943054BFB
:100210005A5010BD40F2FF13EAE743F6FF73E7E7D9
:10022000C25A030840D00350034B5A68D20702D584
:10023000DA69002AF9D1704700C00A5038B9064B74
:100240005A68D20702D59A6D002AF9D170478C21DD
:100250000248FFF71EBB00BF00C00A50FB5B03084B
:1002600010B9044B5964704740F2C7110248FFF7B8
:1002700010BB00BF00D00A50FB5B030810B9044B51
:100280005964704740F203210248FFF702BB00BFE8
:1002900000E00A50FB5B030810B9044B1964704777
:1002A00040F23F210248FFF7F4BA00BF00E00A50D5
:1002B000FB5B030808B510B9044B186C08BD044873
:1002C00040F27A21FFF7E5FA0020F7E700C00A5074
:1002D000FB5B030838B504460D46FFF7AFFF14B9C2
:1002E0001DB1012D04D0002001E0034BD86C38BDB6
:1002F000014B186DFBE700BF00C00A5070B5064601
:100300000D461446FFF79AFF16B915B1012D03D01B
:1003100070BD034BDC64FBE7014B1C65F8E700BFD5
:1003200000C00A5070B50D4608B3036813F4E07FAF
:1003300003F03F06C3F3821212D0012A12D0022A20
:1003400015D10C4C9B0603D591210B48FFF7A1FA60
:1003500055B104F5805401230020B340236070BDE3
:10036000064CEFE7064CEDE704F50054F3E70E20EA
:10037000F5E700BF6C800050185A030864800050F5
:100380006880005030B50E4C416123688BB9206005
:1003900083600DE0891A9A681D4641616AB113466F
:1003A0005A698A42F6D935B1A860521A83605A61F7
:1003B00030BD0025F4E72060F7E798608260F7E73A
:1003C000682A01200D490B68A0B10022A3B1834225
:1003D00003D1836822B90B6003E01A469B68F5E7F6
:1003E000936083680BB9002070475A6941690A44D9
:1003F0005A61F8E72220704702207047682A0120DE
:1004000038B500F0A7F90025084B094C1A68236895
:10041000C31A2AB123B15169994203D3C91A516150
:10042000206038BD55615B1A9268F2E7682A0120A6
:10043000642A012038B5154D2B682BB35B69A3B135
:10044000134A022014681C4400F0B5FA204600F05C
:1004500095F900230F492A680B7022B1D0888007D4
:100460000AD501230B70002038BD022000F0A3FA4A
:10047000022000F0CDF9ECE79268002AF3D0506931
:100480000344012BEAD9EEE72220EDE7682A012098
:10049000642A0120F93B012070B516469DF814200E
:1004A000C0E903360271049ABDF8183002600022D8
:1004B00004460D468260C380EEB900F04BF9284433
:1004C000A0619DB12E4600F0B6F90546FFF798FFF2
:1004D00031462046FFF756FF104B1B68A34201D15F
:1004E000FFF7A8FF284600F0A1F902E0E368656184
:1004F0007BB9002070BD00F02DF93044A061002DC3
:10050000E0D1E3686561002BDDD020462168984783
:10051000D9E7204621689847EBE700BF682A012009
:1005200038B5044618B300F086F90546FFF768FFB2
:10053000104B1868A04209D02046FFF743FF04463D
:1005400080B1284600F072F9204638BDFFF73AFF27
:1005500004460028F5D1FFF76DFF222802D10220C2
:1005600000F044F9284600F061F90024ECE7222469
:10057000EAE700BF682A012038B50C460546A8B155
:10058000A1B100230B7000F05FF90121084B1B683B
:1005900033B900F054F9002038BD9D4204D12170D8
:1005A0002278002AF9D0F4E79B68F1E72220F3E7EC
:1005B000682A012070B500F047F9064600F0CAF835
:1005C000084B044601201D6800F0E0F918B100F066
:1005D000C1F804460135304600F031F9204629467D
:1005E00070BD00BF702A012038B50021044640F2DA
:1005F000E730054B4FF47A721D680023E5FB0401D8
:10060000E7F712FE38BD00BF6C2A01202DE9F84340
:10061000C207044607D54B4A136801331360FFF73E
:10062000EFFEFFF707FFA30740F18A8000F00CF907
:100630004FF0000805464646FFF7E2FE424F3C6891
:100640000CB16369A3B10022404B012E1A7003D193
:1006500018F0020F18BF1E70FFF7ECFE222802D11F
:10066000022000F0C3F82846BDE8F84300F0E7B8E0
:1006700023465A693AB91A792179914288BF1C46B2
:100680009B68002BF5D1284600F0D9F82569DDB12B
:1006900000F060F8A269A0EB02084FEAE873A845F1
:1006A00073F1000311DB23691344A361E36813B101
:1006B000204621689847B4F8068000F0C5F8013656
:1006C0000546FFF79DFEBAE7A84600F0BDF8814653
:1006D0002046FFF777FE484600F0B1F82369002B6B
:1006E000E4D0B5EB08054FEAE87363EB4303012D53
:1006F00073F1000304DA40F247611548FFF7C9F8C7
:10070000A38B33B1E28B13449BB2B3F57A7F0FD244
:10071000E38300F099F8804629462046FFF732FE31
:10072000A369226940461344A36100F088F8BDE73D
:10073000A3F57A73E383A369013D013BA361E8E775
:10074000BDE8F883702A0120682A0120F83B0120C7
:10075000005F030808B5FFF767FD014B986908BD06
:1007600000C00A5007B5044B01A9187900F077F8CA
:10077000019803B05DF804FB885D0308F8B50446F2
:1007800000F059F80746FFF74FFD154B9D6900F043
:100790000EF906460020FFF78DFD830704D4731B76
:1007A000032B01D8AE420FD10021631B022B98BF4F
:1007B000EC1C0846B4F1FF3F2CBF2246621EFFF737
:1007C0009DFD022000F0F7F8384600F02FF8054BA9
:1007D0001A7822B10121044A916400221A70F8BDEE
:1007E00000C00A50093D012000D00A50830700F0E4
:1007F000010106D50123044A41F002011370034AA6
:1008000093640020FFF73ABD093D012000E00A5043
:10081000830742BF0222014B1A64704700D00A507E
:100820004FF4004070474FF47A70704710B962B6C9
:10083000BFF36F8F7047EFF3108072B6704780F38D
:100840001188BFF36F8F7047EFF31180302383F36C
:10085000118870470123816480F85430704709B1D2
:1008600000F008B8222070470121FFF75BBD00218E
:10087000FFF758BD70B506460D46FFF7E5FF044685
:10088000202E59D8DFE806F0111A581F22255828C3
:100890002B582E58313458373A3D58405843585504
:1008A00058465849584C584F5200FFF799FB0026BC
:1008B00028602046FFF7C3FF304670BD4FF4C0707C
:1008C000E3F7D2FCF3E74FF42070F9E74FF4407000
:1008D000F6E74FF46070F3E74FF40070F0E74FF481
:1008E0008060EDE74FF44060EAE74FF4C060E7E76F
:1008F0004FF4F060E4E74FF4B060E1E74FF4D0600C
:10090000DEE74FF41060DBE74FF4E060D8E74FF428
:10091000A060D5E74FF41860D2E74FF42860CFE726
:100920004FF48070CCE74FF42060C9E74FF4486083
:10093000C6E74FF40860C3E700202126B8E700238C
:100940000B707047F0B587B01F4600230D46164662
:1009500004468DF81730A8B1C3610DF11701FFF7F8
:100960000BFE9DF817207AB9BDF834302946029362
:100970009DF830302046CDE900733346FFF78CFDFB
:1009800007B0F0BD2220FBE70320F9E710B50446CD
:100990000020FFF78FFC012C04D0022C05D1C0F3FE
:1009A000400010BD00F00100FBE70020F9E7002146
:1009B0000846FFF78FBC00F00101830748BF41F0F4
:1009C00002010020FFF74CBC38B5FFF73DFF04469D
:1009D0000020FFF76FFC830700F0010548BF45F0DA
:1009E000020500F003010020FFF756FC2846FFF740
:1009F0000DFE2046BDE83840FFF721BF0000000093
:100A0000F8B500BFF8BC08BC9E467047F8B500BFFB
:100A1000F8BC08BC9E4670476F626A000000000088
:100A2000C18E0108739801081395010800000000A9
:100A3000180A03088200000082000000CA020000B9
:100A400010004000000402041000100040000004E8
:100A500008104000010000E0010000E0010000E09B
:100A6000010000E080808081818282838485868786
:100A7000898A8C8D8F91939597999B9EA0A2A5A70B
:100A8000AAADAFB2B50055AAFF0011223344556696
:100A9000778899AABBCCDDEEFF0000007D610008DD
:100AA000F55F0008000000001000000003000000D7
:100AB00000FF0100C00A0308000000000000000061
:100AC000641D030874180308D0170308D40A030828
:100AD00010000228E40A03082F17030891160308E0
:100AE0003D31000000010000000000000001000096
:100AF00002000000000200000000000000000000F2
:100B000000000000000001000000000000000000E4
:100B10000000000000010A0006FB00000000F4F3E2
:100B2000020B0504F7020B01090207000000000098
:100B30000000000000000D02FE00000000000000A8
:100B400000000000000400F90000000000FC0404A4
:100B50000000FE00FE0200FE00FEFFFC00000000A0
:100B6000FE0000FDFD0000FE00FC00000000000093
:100B7000000000FEFE00FD00FA00E50000FC00049D
:100B8000070000FC02020704FC040000F300000060
:100B90000000000000000000F8000000000000005D
:100BA00000000000000000FAFDF500F7FE00000064
:100BB00000000900F9FEFF0100FC0000FEEF00004C
:100BC000000000000000000000EEFE090000000030
:100BD0000000000000000000F7000000000000001E
:100BE0000000000700020000FC0000000000000000
:100BF00000000000000000000000090201000000E9
:100C000000000000000000000000000000000000E4
:100C100000000000000000000000000000000000D4
:100C200000000000F80000000000000000000000CC
:100C3000000000000000000000000002040207FEA7
:100C4000000004FEF9E102060400FD0008000700B0
:100C50000700EB00FD070007FE0402000001FE0094
:100C600000FC12001200070009030407000000F84E
:100C70000000000001FE0002FCFDFC0200FE00007E
:100C800000F70000000000000000000000F100007C
:100C90000000000000000000000000000001F4005F
:100CA000F200000000FE0016FDFD0202FE00FD0243
:100CB0000000F40000000000000000000000EA0056
:100CC00002000000000000000000000000F2000D23
:100CD0000000F8000700F1EAF1FC070000F1000352
:100CE000FB00FD0000000000000000000000000606
:100CF00007E50000000000000000000000000B00FD
:100D00000200000000000202FDFC00FFFFFE0000E8
:100D1000FE000000FC00FE00FBFC00FAF9F9FC00FC
:100D2000FC00FC00000000FE0000020002FE0001CA
:100D300000000002FE000000FE0202FF000000FCB6
:100D400000FF0000000000010003FE00FD00FC00A9
:100D500000FE00070000FE0000000000FF01FEFE94
:100D60000000FE00FE000000000000000000FFFF89
:100D700000FEFD0000000000010000FE00FEFEFE7F
:100D8000000000000000000000FF00000000FEFD69
:100D900000FD00F9FEF9040000FC02040600FAFF61
:100DA000FD00FFF502FE02F402000001F400F4FE73
:100DB000EDFE00F50004060003000000000000FC4A
:100DC000FD00F9000000FE000000FE000000000031
:100DD000FFFF00FFFD00000000000000FEFE00FE1F
:100DE000FDFE0000FE00000000000000000000000A
:100DF000FEFE00FD00FE00FC020000FD01020200FC
:100E00000000000000FE0000000000020000FE00E4
:100E1000FEFEFD000000000000000200FE000000D9
:100E200000FEFD00FC0007FE01F9000006F5F4F7E6
:100E3000FC0200FEF1FC00FC00FC03FCF200FA00E6
:100E40000001FF02FE000200F9F700F5FBFBFBF9D1
:100E5000FDFA00FCFA01000100FE000000020002A1
:100E60000000000000000000000000FE00FF00FF86
:100E7000FE00FCFBFBFF00F9000000000000FE008C
:100E800000000001FF000000020000000000000060
:100E9000000B00000000000002000000FE00000047
:100EA0000000000000000000FC0002000000000044
:100EB0000000000000000000FE000000FC00000038
:100EC00000F5F9000000FDF50000FE0200FA000048
:100ED0000000000000000000FC0000FC000000001A
:100EE00000000000000000000200FC000000000301
:100EF0000002FCFC00FEFEFD000000000000F90006
:100F0000FE00FDFE00FBFAF9FE00FC00F900000007
:100F100000120000010000FD000200F600000000C9
:100F200000EBFC0707FEF70002FD00F5FFFD02F0F5
:100F3000FE030003F8FDF8F9F70000F3000D0000D0
:100F4000FF000000FFFFFEFAF900EB0000000000C8
:100F50000000000001000000000000000000000090
:100F60000000000000FE00FFFEFD0000FC00FE008F
:100F70000000000000000000000000000000FF0072
:100F8000FC000004FF0300FB02FEFFFAFE00FDFE72
:100F9000FE00FDFC0000FEFFFEFCFD0000FE000266
:100FA000FE00FB000000FC00FC00FCFC0200000056
:100FB0000000000000FC0200FD00FEFDF9FEFEFE48
:100FC000FFFEFDFF0000000000FEFEFE000000002E
:100FD00003FE00FE000000FEFDFEFEFDFE00020915
:100FE000FF00FA00FE0400FEF7FD030000F5FC021E
:100FF000FC0200FEFEF900FD010000FC0000000202
:1010000002FCFC00FCFEFDFEFE00FC01FCFC0700F7
:1010100000000000000000000200000000000000CE
:1010200000000000000000000000000000000000C0
:10103000FC000000000000000000000000000000B4
:1010400000000000000000000000000000000000A0
:10105000000000000000000000000000FE00000092
:101060000000000000000000000000000000000080
:1010700000000000000000000000FEFE0000000074
:101080000000000000000000FD0000FD0000FEFE6A
:1010900000000000FE00000000FF0000000000FE55
:1010A00000000000FD00FC000000F90002FB04004D
:1010B000FEF50000FBFE00F7FAFA0000F6FEF7F777
:1010C000F500FA00020FFD00FBFEFFFEFCFAFCF843
:1010D000F7FBFE0000FE00010000F0FE0705FBF834
:1010E0000001F900F5FEFE04EBFD010000F1FDF446
:1010F000FEF00000F0000D0100FE00000000FFFE09
:10110000F7FE00F100000000F900FE00FFFAF50014
:1011100000FFFDF9FE00FE00000000F6FEF9F9FEFA
:10112000FCFAFEFC00FCFEF9FD00FDFCFEFC0001EB
:1011300000FEF9000400FC00000000030002FC09AE
:1011400000FEFEFD000000000000F900FE00FDFEB4
:1011500000FBFAF9FE00FC0209000000001200008A
:10116000010000FD0002000000000000000000007F
:1011700000000000FEFC0000000000FF000000FE78
:10118000FE0000FCFE0000FC0004FF000000000068
:10119000000100000000030402FE00F9FC0007F952
:1011A000F9FCFC090402EDFE04FE00FE02FEF8005C
:1011B000FE02FDFEF9FE0000070400FA00F4FD0641
:1011C000FDF701FDF9F9FE090200FD00FA00020732
:1011D000FBF8F7FA070001F0FE02FCFEFB00FBF84B
:1011E000FDFDFE0000FBFBFE000705FEF400F4FD24
:1011F00000F8F3FFF9FCF9FA060000FD00FCFE0020
:10120000FEFC0004F9020000F400FEFBFCFEF9FA0B
:10121000F9FB00F9FEFBFCF9FE0000010BFC00F9F4
:10122000FE00FEFCFBFAFAF7FDFC0400FD00F5FDF4
:101230000104F9F8FCF907FE01EBFC04FBFCF800E3
:10124000F9F7FDFEFEFEFBF9FF00000706FEF100C8
:10125000F3FB05F7F1FCF8F7F5F90400000000FDD9
:10126000000002FD0402FC040000F9FF00FF000181
:1012700001FE000000000000FE0000000002070068
:1012800000FD00000000FEFEFD0000000102000065
:1012900000000200FE000900040101FD000400003E
:1012A000000200000000000000000000000700062F
:1012B0000000000000000000000000000000F3003B
:1012C000FE04000700001603FCFC0202FE01F5000C
:1012D000000BF30000000000000000000000F10916
:1012E0001F000000000000000000000000F30000EC
:1012F00000000000000000000000000000000000EE
:101300000000000000000000FC0000FCFE000000E7
:1013100000000000000000000000000000000000CD
:10132000FE00FA0000010000021DFCFE0706FA02A2
:1013300000000202FD0000000000000000000000AC
:10134000E3060000000000000000000000000000B4
:10135000000000FA000000FA00000000FBFF00009F
:1013600000FB00FD00F50000000000000000000090
:1013700000F10000000001000000000000FE00007D
:10138000FC00FD00FA000000FC02FD0000FAFEFB7C
:101390000000FA00FE00F500FE0000EEFCF7FEF88B
:1013A0000000F100FAFF0000000000000000FDFC5A
:1013B000FEFC00000000FB00FB03FE0400FEFBFE41
:1013C000FCFC00FDFFFE02FAFF000000ECFEFD0049
:1013D000FB00FEF5FE0000FEFE000000000200FE25
:1013E000FCFE0400000000000000000000000000FF
:1013F00000000000000000000000000000000000ED
:1014000000000000000000000000000000000300D9
:101410000000000000FB00FE000000FC02000000D5
:10142000FAFEFC0000FA00FE00F500000000EA00F1
:10143000FCF8F50000F100FEFD00000000000000D7
:1014400000FEFDFFFD01000004FD00070BFEFEF99C
:10145000030B0405FA03090306050600000000005B
:101460000000000000000E0BFCFE00FE120A12003D
:101470000000020000080000FC0000000000000066
:101480000000FE000000000000000003000000005B
:10149000EDFDFEF7F50000F1000000000000000087
:1014A000000000000000000000FC00000000000040
:1014B000000000FE0000000000000000030000002B
:1014C00000EDFDFEF7F50000F70000000000000051
:1014D000000000000000000000000000FE0000000E
:1014E000FB0200FE020402F90000FE0200020000FE
:1014F0000000FA00FEFEFC00FEF7000EFE00FBFE00
:1015000000FEFC00FEFAFCFD000000FC00000000F4
:101510000000000000FE00000000000000000300CA
:10152000000000EDFDFEF7F50000F10000000000F6
:10153000000B00000000000000000000FC00F9FDAE
:10154000FE07FEFEF701FF01FEFA000500020102A0
:10155000FBF7FD00F7FCFAF7F700FCFCFDFDFEFED3
:10156000FDFE00FEFF030003FE0007000000000078
:1015700000000000000000FEFEFE0000FA00FF0078
:10158000FC0000000000000000000000F30000006C
:101590000000000000000000FEFE00FD0000000052
:1015A000FE0000FCFE0200FCFCFE00FAFEFBFEFD5D
:1015B00000FC0000000000000000000000F1000737
:1015C0000000FC00000000FD00FE0000FF0000FE27
:1015D00000FB000009FDF9F902020200FA02030211
:1015E000070207FEFA0000F70000F9FA0000FC000D
:1015F000FDFC00FD00FD00FE0300FEF9FE080000FA
:10160000FE00FC000003FB0002FE020000F900FEE9
:10161000FF00FE02FE000000F7FDFB00F90000F5F0
:101620000008FE00FC000100FE00FEF900FE0200C2
:10163000000000FE000002FD010000FDFE00FD00B4
:10164000000000000000000000000000000000009A
:10165000F200050000FE000000000000FEFE000099
:10166000000400050000000000F2F3010A0704F77F
:101670000209000800040000000000000000000053
:10168000000C00000000000000000000000000004E
:1016900000000001020003040502060708090A0908
:1016A0000A0B0C0D0E0F10110C121314151500005F
:1016B0000016171819171919191719191A191919BC
:1016C0001917191719031B1C1D1D1E1F202122236A
:1016D0000024002526272727002726282926262A12
:1016E0002A272A272A2B2C2D2E2E2F2E300000239E
:1016F00009310900000000000000000000000000A7
:1017000000000000000000000000000000000000D9
:1017100000000000000000000000000000000000C9
:1017200000000000000000000000000000000000B9
:101730000001020003040502060708090A090A0B52
:101740000C000D0E0F101112130C141400000015D4
:1017500016171819161A1B1C1D1D1E1F201D1D16DD
:1017600021222303241E2525262728292A2B002C65
:10177000002D2E2F303132332D343435302D2D2E97
:101780002E36373839333A3A3B3A3C290000093D86
:101790000900000000000000000000000000000040
:1017A0000000000000000000000000000000000039
:1017B0000000000000000000000000000000000029
:1017C0000000000000000000000000000000000019
:1017D000200000005F000100000000000000000089
:1017E00000000200B0000000F3F76000F8170308E3
:1017F000000000003E0003000000721F51EF58EF90
:101800005BEF5CEF5DEF61EF63EF65EF69EF6CEF4E
:1018100071EF76EF77EF78EF8EEF93EF98EF9BEF26
:101820009CEF9DEFA1EFA2EFA3EFA4EFB7EFB8EF0E
:10183000BEEFC0EFC1EFC4EFC7EFC8EFC9EFCBEF0A
:10184000E3EFE5EF14F015F017F019F030F037F092
:101850003AF043F06CF074F0ABF03BF190F191F1A1
:1018600092F193F194F1D7F1E3F13DF254F2AAF43D
:1018700012F7F2F700000000000000000000C003B3
:10188000000000000000C003030A00000F008005F4
:10189000050500051C00D0090A0A00004E00B0082A
:1018A000090F00FE9200D00B0C0A0000CE00A00928
:1018B0000A0B00FF0501F002030500050D01B0044D
:1018C000040E01FD2901C004040E00FD4501A00520
:1018D00006060005570120080807000273013003BF
:1018E000030500FE7B01600505030003830130034F
:1018F000030300008801F004070EFFFFB90150093F
:10190000090A0000E6013005040A0000FA01100887
:10191000080A000022020008080A00004A026009C2
:101920000A0A00007C021008080A0000A402A008AD
:10193000090A0000D1026008080A0000F902000943
:10194000090A00002603A008080A00004E0330031D
:10195000030800005A033003030B00FD6B0320084B
:10196000080800018B03200808060002A3032008D2
:1019700008080001C3030008080A0000EB03800EFA
:101980000E0D00FD4604400A0C0AFF008204A00A66
:10199000090A0100AF04200A0A0A0000E104900BC2
:1019A0000A0A010013056009080A01003B05E00866
:1019B000080A01006305D00A0A0A00009505600BB9
:1019C000090A0100C2055004020A0100CC053007D3
:1019D000070AFF00EF05100A0A0A01002106500855
:1019E000080A01004906600D0B0A01008006600B21
:1019F000090A0100AD06C00B0C0A0000E906200A26
:101A0000090A01001607C00B0C0D00FD6407300A1F
:101A1000090A01009107B008090A0000BE07300852
:101A2000090A0000EB07100B090A01001808F00969
:101A30000B0AFF004F08C00F100A00009F08700932
:101A40000A0A0000D10810090B0AFF000809300932
:101A5000090A00003509B004040E01FD5109F00423
:101A6000070EFFFF8209B004040E00FD9E09300836
:101A700007060102B3090007070100FFB709600864
:101A800005020109BC09600808080000DC0990098A
:101A9000080B0100080A000808080000280A90093D
:101AA000090B00005A0A9008080800007A0AF0049E
:101AB000060B00009B0AB009090B00FDCD0A900936
:101AC000080B0100F90AE003020B0100040B0004FB
:101AD000050EFEFD270BA008080B0100530BE003C9
:101AE000020B01005E0BD00E0D080100920B900955
:101AF00008080100B20BE00809080000D60B9009A5
:101B0000080B01FD020C9009090B00FD340CC00507
:101B100005080100480C000707080000640CD00508
:101B2000060A0000820C800908080100A20CD007F8
:101B30000908FF00C60C900C0D080000FA0CC00745
:101B4000080800001A0DD007090BFFFD4C0D5007C7
:101B500007080000680DF004050E00FD8B0D300431
:101B6000020E01FD990DF004050E00FDBC0D2008CC
:101B700008030003C80DE00506050006D70D600444
:101B800004030003DD0D000E0F0FFFFE4E0E000ECE
:101B90000E0B00009B0E000E0E0D00FFF60E000E49
:101BA0000E0B0000430FA0090A0B00007A0F000E75
:101BB0000E0F00FEE30F000E0E0F00FE4C10C00FC4
:101BC000100D00FFB410000E0E0F00FE1D11C00F0F
:101BD000100B00007511000E0E0F00FEDE11000745
:101BE000070C00FF0812800A0B0C00FF4A12C00FFE
:101BF000100E00FEBA12000E0E0B00000713A00913
:101C00000A0F00FE5213400C0A0E01FE9813400CFE
:101C10000D0F00FEFA13400C0D0D00FF4F14400C89
:101C20000D0D00FFA414400C0A0E01FEEA14400C36
:101C30000E0DFFFF4515C008090D00FF8015C008F7
:101C4000090D00FFBB15400C0D0D00FF1016400CD8
:101C50000D0400032A16C00F100B0000821680111D
:101C6000120F00FE0917C00F110FFFFE8917000E9B
:101C70000E0D00FFE417400C0D0800011818400C71
:101C80000D0800014C188011120B0000AF18000E57
:101C90000E0B0000FC18000E0E0F00FE6519000E62
:101CA0000F0FFFFED619400C0D0D00FF2B1A400C34
:101CB0000D0F00FE8D1A400C0D0D00FFE21A400CB6
:101CC0000D0C00FF301B000E0E0B00007D1BC0082A
:101CD0000A0FFFFEC81B400C0D0F00FE2A1C400C13
:101CE0000D0F00FE8C1CC00F100B0000E41C000E3A
:101CF000100FFFFE5C1D800A0B0F00FEAF1D801150
:101D0000120D00FF241E8011120A00007E1E801199
:101D1000120A0000D81E8011120A0000321F801122
:101D2000120A00008C1F8011120A0000E61F8011A9
:101D3000120C00FF5220400C0C0F00FEAC20400C97
:101D40000D0F00FE0E21000E0F0FFFFE7F218011F0
:101D5000120B0000E221800A0B0F00FE3522100E4C
:101D60000F0A00000EA0D90D90C80C80B70A6011B0
:101D70000B80D91F0991F0881F0880F088000000AF
:101D8000000D203C00000F0069002FFFFFFFF7014E
:101D90005C11A610006900C300008800D2009FFFFC
:101DA000FFFFF012C523E22000D203C00000F004C0
:101DB000B0000000700000000E00000000E0000015
:101DC00019EFEA300CD6E6A702F40E00001F80E0FF
:101DD00000006FEF50000016FFE500000E0AF00152
:101DE00000E05F13F85E6EB005CFFE9100000E00BC
:101DF00000000070000008DD3000A7004B02D00496
:101E0000C0007700D01D20004B03D0A7000007DCE6
:101E100034C4CC3000001D2D22D00000A63B00B3FE
:101E20000005C03A00A3001D200D00D000A600044C
:101E3000CC40004DFC300000F718C00001F205D086
:101E40000000BB6E4000005FF3000007E6DB03808C
:101E50002F301DBAA05F0001DF401FB448FEC00351
:101E6000BFFC40B200000000001F01F01F00F000A6
:101E70000003F10B900F404F007D009B00AA00AAC9
:101E8000009B007D004F000F400B9003F15E000EA1
:101E90006008C004F001F300F500E600E600F5017B
:101EA000F304F008C00E605E0000930088A6C2092B
:101EB000FE404DDDB142935000520000045000003E
:101EC00008A0000008A0001FFFFFF30339B3300093
:101ED00008A0000008A0000103F61E60E12C00002D
:101EE0000003FFF90333100003F52E4000000E40FD
:101EF0000004E000009A00000E400004F000009A88
:101F000000000E400003F000009A00000E50000395
:101F1000F000009A00000E500003F00000004CFE9C
:101F200070004FB68F900DB0005F32F40000E74FA5
:101F300020000CA4F20000CA2F40000E70DB000548
:101F4000F204FB68F90004CFE700EFFB44CB00ABE1
:101F500000AB00AB00AB00AB00AB00AB00AB07DFEE
:101F6000EA108E857EC0010006F1000006F0000038
:101F70000D900000CC00001CC00001DB00001DE53E
:101F800044427FFFFFF97FFFFFF024445F90000091
:101F9000BC000009E100003FD81000046DD0000033
:101FA00002F4100002F4BD757DD019DFEA100000C4
:101FB0000DA0000000AC00000007E10000004F4051
:101FC000100002F600F5001DA000F5007FFFFFFFE6
:101FD000F3133333F730000000F500000000F50084
:101FE00009FFFFF00AB444400C8000000E700000AE
:101FF0000FFFFC4003345CF2000000F7100000F714
:102000008E856CF108DFFB30002AEFD5003FD657F4
:10201000400CC0000002F40000004F5BFFA104FE72
:10202000845DD03F80003F30E80003F206F845DCD5
:102030000005DFE9109FFFFFFD9D4444E99C00047B
:10204000F200000BB000002F400000AD000001F6D0
:10205000000008E000000E8000006F1000019EFEEE
:102060009100BE636EC00F60006F00CC202BC002D9
:10207000EFFFE200DC424CD05F20001F55F200026F
:10208000F50ED535DE001AEFEA1003BFEA202FA4C3
:102090004BE18E0000E99D0000DD4F7129FF07FF35
:1020A000FC9E000210AC000002F607658FB00AEF3C
:1020B000D7002E53F50000000000003F52E42E53DD
:1020C000F50000000000002E52F60D21D0010000A6
:1020D00000003100006CF2018ED6000FC300000A30
:1020E000FB40000017EE70000005C3000000001F59
:1020F000FFFFF30333333000000000000000001F37
:10210000FFFFF303333330040000000ED71000004C
:102110005CF92000002AF20003AFB106DE82001C49
:102120006000000000000007DFEA109E746EC0012E
:102130000006F0000009C000008E200006F200003A
:1021400008700000000000000B8000000C900000F0
:10215000006CEFDA4000003DA41016D90001E5093B
:10216000EE98CA900A80BD43AFC0D30F13F2000CA3
:10217000C0693C06D00007C03B4B06D00007C02C0E
:102180003C03F2000CC04A0F10BD439EE3C50A8019
:1021900009EE91CF9001E50000000000003DA41081
:1021A00028000000007CEFD9100000000CF10000B6
:1021B00000003FD700000000B96E00000002F20EE0
:1021C00050000009A007D000001F3000F400007F7D
:1021D000FFFFFB0000E733334F2005F000000C90B9
:1021E0000C90000006F18FFFFEC408E3334BF28E23
:1021F00000001F58E00018F18FFFFFF808E33337A5
:10220000F68E000009C8E000009D8E33347F78FF11
:10221000FFFD700007CFFB4000CF966AF50AE20091
:1022200000301F600000004F200000004F20000021
:10223000001F600000000AE200003001CF966AF53E
:102240000007DFFB408FFFFEA4008E4446CF708E58
:10225000000007F38E000000DA8E0000009D8E0063
:1022600000009D8E000000DA8E000007F38E4446C9
:10227000BF708FFFFEA4008FFFFFF68E4444418E97
:102280000000008E0000008FFFFFC08E3333208ED1
:102290000000008E0000008E4444428FFFFFF98F43
:1022A000FFFFF68E4444418E0000008E0000008E39
:1022B0000000008FFFFFC08E3333208E0000008EA1
:1022C0000000008E0000000007CFFC5000CF966A8F
:1022D000F60AE20000201F600000004F200000000E
:1022E0004F200000B91F600000B90AE30000B900E8
:1022F000CF966AF80007DFFC608E000008E8E00077
:10230000008E8E000008E8E000008E8FFFFFFFE8DF
:10231000E333339E8E000008E8E000008E8E00005C
:1023200008E8E000008E8E8E8E8E8E8E8E8E8E8EC3
:1023300002FFFFC00444BC000009C000009C000074
:1023400009C000009C000009C02000BA0EB58F60D3
:102350003CFE808E00004F508E0004F6008E003F41
:1023600070008E03F800008E2EC000008EECF60088
:10237000008FB07F30008E000AE1008E0000CC009C
:102380008E00001EA08E0000008E0000008E000057
:10239000008E0000008E0000008E0000008E000005
:1023A000008E0000008E4444408FFFFFF28E00003C
:1023B0000008E8F7000002FE8FF10000BFE8DCA093
:1023C000004F9E8D2F300D87E8D09C06E07E8D015A
:1023D000E7E507E8D006FC007E8D000A2007E8D07C
:1023E0000000007E8E100008E8FC00008E8FF900CF
:1023F00008E8E6F6008E8E09F308E8E00CE18E8E20
:10240000001EB8E8E0003FEE8E00006FE8E000003C
:10241000AE0007CFEB500000CF966BF9000AE20048
:10242000005F601F6000000AD04F20000006F04FE0
:1024300020000006F01F6000000AD00AE200005FE2
:102440006000CF966BFA000007DFEB50008FFFFDB6
:102450007008E4458FB08E00005F38E00001F58E13
:1024600000003F48E0014DD08FFFFFB208E333107A
:10247000008E00000008E00000000007CFEB5000D5
:1024800000CF966BF9000AE200005F601F60000059
:102490000AD04F20000006F04F20000005F01F601A
:1024A00000000AD00AE200005F6001DF855AFA00EE
:1024B0000008DFFC5000000001EC21940000001B2C
:1024C000FFC10000000012008FFFFD7008E4458F7F
:1024D000B08E00005F38E00001F58E00003F38E06C
:1024E000014DD08FFFFFC208E333DA008E0002F601
:1024F00008E00005F3019EFDA200CE646B702F4042
:10250000000001F800000006FD950000016AEE5091
:102510000000009F00200005F13FA547EB004BEFB6
:10252000E910FFFFFFFF2444BD44400009C0000044
:10253000009C00000009C00000009C00000009C0D1
:102540000000009C00000009C00000009C00009CEE
:1025500000000BA9C00000BA9C00000BA9C000003D
:10256000BA9C00000BA9C00000BA8E00000D94F4C4
:102570000003F50CF868FD0009EFE9100CB000004D
:102580000AC05F200001F500E900008E0008F0009D
:102590000E70001F6005F10000AD00C9000003F4DB
:1025A0003F3000000CBAC00000005FF500000000E2
:1025B000EE00006F10000DB00002F21F60003FF14E
:1025C0000008D00BB0008BE6000D7006F000E69B13
:1025D000002F2001F503F14F108D0000CA09B00E45
:1025E00060D800006F0E6009B2F300001F9F100456
:1025F000F9D000000CFB0000EF80000007F600009F
:102600009F30003F50000DA008F2009D0000CC0458
:10261000F300002F9E70000006FC00000009FE1071
:1026200000004F4DB00001E802F7000BD0007F2002
:102630007F20000BD00CB000009C002F50002F30EA
:10264000009E000C900000E805F1000005F3E60094
:1026500000000CFD000000003F4000000002F300FD
:102660000000002F3000000002F300004FFFFFFFCA
:102670009144444AF3000003F6000001EA00000020
:10268000CC0000009E1000006F4000003F70000072
:102690001ED4444436FFFFFFFC8FF68D318D008D34
:1026A000008D008D008D008D008D008D008D008DC2
:1026B000008D318FF65D000000F200000B800000FD
:1026C0006D000001F200000B8000006D000001F2BF
:1026D00000000B7000006D000001F200000B7000A4
:1026E000006D000001F2BFF325F302F302F302F3E1
:1026F00002F302F302F302F302F302F302F325F30F
:10270000BFF300AD00001EC4000885A000E20E105B
:102710005B00970B5002E0EEEEEEE00BC00009B05C
:1027200004CFEA100B745DB0000004F004CEEEF2AA
:102730001F8214F24F1004F21F703DF204DFD7F233
:10274000BA000000BA000000BA000000BA8EFC30E7
:10275000BFD54BF3BE1000CABA00007EBA00007E9F
:10276000BE1000CABFD55BF3B98EFC30007DFD60A2
:1027700009F748F42F5000205F0000005F000000C0
:102780002F50002009F748F4007DFD600000001F75
:1027900040000001F40000001F4008EFC4F40AF7F5
:1027A00048FF42F50007F45F00002F45F00001F4F8
:1027B0002F50006F40AE637EF4008EFC4F40008EC1
:1027C000FC400AD538F42F20008C5FEEEEFF5F212D
:1027D00011112F70001009F846E4007DFE80009E64
:1027E000E305F44108C000CFFFF029D32008D00052
:1027F00008D00008D00008D00008D00008D00000A1
:102800007EFC4E60AF747FF62F50005F65F00000D5
:10281000F65F00000F62F60006F609F747FF500763
:10282000EFC4F50000003F20CB646EB003AEFD8026
:1028300000BA000000BA000000BA000000BA8EFB27
:1028400020BFC56DD0BE0003F2BA0000F4BA00008C
:10285000F5BA0000F5BA0000F5BA0000F5BAA80014
:10286000BABABABABABABABA000AB0009900000045
:1028700000AB000AB000AB000AB000AB000AB00029
:10288000AB000AB000AA064E71DFA0BA000000BA81
:10289000000000BA000000BA001CC0BA01CC00BAA7
:1028A0001CD100BBCF6000BFDBE100BD11DC00BA72
:1028B000003F70BA0007F3BABABABABABABABABA2B
:1028C000BABAB99EFA15DFD40BFB45EDE64AF2BE63
:1028D0000006F6000E7BA0004F2000C9BA0003F1ED
:1028E000000C9BA0003F1000C9BA0003F1000C9B34
:1028F000A0003F1000C9B99EFB20BFB45DD0BE0050
:1029000003F2BA0000F4BA0000F5BA0000F5BA000C
:1029100000F5BA0000F5007DFD60009F748F702FF8
:1029200050007F05F00001F35F00002F32F5000733
:10293000F009F748F70007DFD600B98EFC30BFC4B6
:102940003AF3BE1000CABA00007EBA00007EBE1084
:1029500000CABFD55BF3BA7EFC30BA000000BA00F3
:102960000000BA000000008EFC3F40AF748EF42FD0
:1029700050007F45F00001F45F00002F42F5000792
:10298000F40AF748FF4008EFC4F40000001F4000BD
:102990000001F40000001F40B98E4BFD71BE100B0A
:1029A000B000BA000BA000BA000BA00005DFEA13CC
:1029B000F735A06F000001EE9610016AEF300000BD
:1029C000D96C646F62AEFD7008D00008D000CFFFF4
:1029D000F029D32008D00008D00008D00008D0008B
:1029E00005F551009FE3C80002F3C80002F3C800D8
:1029F00002F3C80002F3C90003F3AB0007F35F83DF
:102A00007EF306DFC5F30D90000AA06E0001F3000F
:102A1000F5007D0009C00E60003F24F00000C8B939
:102A2000000006FF3000000FC000C80006F1000DD6
:102A300056D000CF6003F01F302F9C009A00B807DB
:102A4000B2F10E4005E0D60C74E0000F6F007C99E7
:102A50000000AFA001FF400005F4000BE0004F3084
:102A600007E109D02F4000D9D900003FD000004F26
:102A7000E10001E7BB000BB01E707E1005F30D9066
:102A8000000AA06F0001F300F6007D0009C00D6090
:102A9000002F34F00000C9A9000005FF2000000E3F
:102AA000C0000000E5000094AD00001BFC20000009
:102AB0005FFFFFA13337F40001E70000CB00008E79
:102AC00010004F40001EA33326FFFFFC006EA00F36
:102AD0009201F4001F4001F4003F303FC0006F300E
:102AE00001F4001F4001F4001F4000FA2005EA8BAA
:102AF0008B8B8B8B8B8B8B8B8B8B8B8B8BBE5002B7
:102B0000AE0005F0005F0005F0004F1000DF104F31
:102B10005005F0005F0005F0005F002AE00BE400C4
:102B200007EC40B41E25DFC00100000004CC302BB0
:102B300001C05700932B01C005CC3006A10FF60B46
:102B4000E2000000000000000000000000027BFB2B
:102B5000000000049DFFFFD00003AFFFFFFFFD005A
:102B600000AFFFFFFFDFD0000AFFFFB610ED00004F
:102B7000AF9400000ED0000AF1000000ED0000AF9D
:102B80001000000ED0000AF1000045FD0000AF105B
:102B900001EFFFD0179DF1005FFFFC0EFFFF10005B
:102BA000AFFD31FFFFE00000010003BDA300000006
:102BB000000050188888888405FABFDDDDDDFDAF90
:102BC000E47F100000CA4EE04F100000C80EFEEF78
:102BD000100000CFEFE03FEEEEEEF80EF68F7666D7
:102BE00066EB6FF8AF100000CC8FE03F100000C81C
:102BF0000EFCDF655555EECFC25FFFFFFFF92C5786
:102C0000750577777775FFFF1FFFFFFFFFFFFF2F2A
:102C1000FFFFFFFFEFFF0EFFFFFFFE01100011118E
:102C20001110EFFE0EFFFFFFFEFFFF2FFFFFFFFF64
:102C3000FFFF1FFFFFFFFF68870788888886688778
:102C40000788888886FFFF1FFFFFFFFFFFFF2FFF1A
:102C5000FFFFFFDFFD0DFFFFFFFD00000000000193
:102C60005000000000001DF80000000001DFFD0022
:102C70000000001DFFE22D600001DFFE20DFF700F5
:102C80001DFFE2008FFF71DFFE200008FFFEFFE264
:102C90000000008FFFFE2000000008FFE20000009F
:102CA00000007D2000000000000000007F60000B9D
:102CB000E2EFF600BFF84FFF6BFFD104FFFFFD10FE
:102CC000005FFFE10000BFFFF6000BFFDFFF60BF0A
:102CD000FD14FFF5CFD1004FF61710000360000080
:102CE0000011000000000000FF000000006F21FF45
:102CF00012F70006FF61FF16FF601FF901FF109F2A
:102D0000F16FE001FF100EF6AF8001FF1008FACF5F
:102D10006001FF1006FCAF8000AA0008FB7FD00016
:102D200000000DF71FF80000008FF107FF91002A47
:102D3000FF70009FFFEEFFF9000005CFFFFD500080
:102D4000000002442000000000000000000000001D
:102D50000AFFA0000000000CFFC0000003D6DFFF48
:102D6000FD6D300EFFFFFFFFFFE05FFFFFAAFFFFDB
:102D7000F51AFFF4004FFFA103FFD0000DFF300450
:102D8000FFF0000FFF404FFFFB22BFFFF42FFFFFBC
:102D9000FFFFFFF209FEFFFFFFEF9000505EFFE52F
:102DA000050000000CFFC000000000047740000098
:102DB00000000003100341000000009FF50DF50026
:102DC00000001BFDFF8DF5000002DFB12DFFF500B7
:102DD000004FF83EC2BFF50007FF55FFFE39FE4029
:102DE0009FE38FFFFFF56FF6AC2AFFFFFFFF73E64F
:102DF000005FFFFFFFFFF100006FFFD77FFFF200D2
:102E0000006FFF900DFFF200006FFF900DFFF200CA
:102E1000004FFF700BFFE1000000003300000000D6
:102E2000000BFFB0000000000CFFC0000000000C11
:102E3000FFC0000000000CFFC0000000000CFFC03D
:102E40000000008FFFFFFFF800002EFFFFFFE200F1
:102E50000002EFFFFE200000002DFFE20000799944
:102E600082DE289997FFFFFB22BFFFFFFFFFFFFFD6
:102E7000FFFFFFFFFFFFFFFAB3CFACCCCCCCCCCC35
:102E8000CA0006BBBBBBBA3000004FFFFFFFFFE12B
:102E90000000EF30000006FB0009F800000000CF42
:102EA000504FD0000000002FE1DF84420000344B7F
:102EB000F9FFFFFD0001FFFFFBFFFFFF988BFFFF06
:102EC000FCFFFFFFFFFFFFFFFCFFFFFFFFFFFFFF18
:102ED000FB9FFFFFFFFFFFFFF60000000000003335
:102EE00000018DFFC600EF004EFFFFFFE4DF04FF8F
:102EF000B3004CFFFF0EF90000008FFF6FC0000110
:102F0000FFFFFF8E500001DEEEED0000000000002C
:102F10000022222200000021FFFFFF100008F8FF1E
:102F2000FBBC10001EF4FFFC100001DFC0FEEFE848
:102F3000448EFE10FE1AFFFFFFC100FD0028BB9467
:102F40000000000002700002EF0002EFFDFFFFFF33
:102F5000FFFFFFFFFFFFFFFFFFFFFFFFFFFF344704
:102F6000FFF00005FF000005C00000000000027037
:102F700000000002EF00000002EFF0000DFFFFFF75
:102F80000220FFFFFFF08E1FFFFFFF00E7FFFFFFA4
:102F9000F03F5FFFFFFF08903447FFF0000000059F
:102FA000FF0000000005C00000000000000000005D
:102FB000000000077000000002700005FA00000029
:102FC0002EF000814F600002EFF001DD07F0DFFF1F
:102FD000FFF0321E80F6FFFFFFF08E27E0B9FFFF03
:102FE000FFF00E73F19BFFFFFFF03F54F09AFFFFDD
:102FF000FFF0890AC0D83447FFF0007F43F3000098
:103000005FF002F60CB0000005C00000BF10000029
:1030100000000009E30000000000000210003788F3
:103020008888888873EFFFFFFFFFFFFEFE32DFFF17
:10303000FFFFFFF9007FFFFDFFFFFD10CFFFA07F27
:10304000FFFFFFFFFA0007FFFFF35FA00000CFFFC5
:103050003003000000CFFC0000000000CFFFCCCC0C
:10306000CCCCCCFFAFFFFFFFFFFFF900002000003A
:103070000001FA00000006FF1000000DFF700000C4
:103080006FFFF10001EFFFFA000BFFFFFF605FFF32
:10309000FFFFE0CFFFFFFFF6FEBFFFFFF9FD4FFF91
:1030A000FFF9BF49FFFFF53FE52EFFD006FFFFFD0B
:1030B000200028BA600004300000311FE00006F94B
:1030C0001FE0007FFA1FE009FFFA1FE0AFFFFA1FC1
:1030D000EBFFFFFA1FFFFFFFFA1FFFFFFFFA1FE6DC
:1030E000FFFFFA1FE05FFFFA1FE004FFFA1FE00096
:1030F0003EFA0FD00002D7000000000002000000DE
:1031000000000CFB2000000000FFFF900000000FFB
:10311000FFFFE6000000FFFFFFFC30000FFFFFFF96
:10312000FF9100FFFFFFFFFFE60FFFFFFFFFFFF232
:10313000FFFFFFFFFFFD0FFFFFFFFFF800FFFFFF97
:10314000FFB2000FFFFFFD400000FFFFF70000008F
:103150000FFFA1000000006A4000000000001444BE
:10316000200144420DFFFF10DFFFF1FFFFF30FFFCF
:10317000FF3FFFFF40FFFFF4FFFFF40FFFFF4FFF94
:10318000FF40FFFFF4FFFFF40FFFFF4FFFFF40FF83
:10319000FFF4FFFFF40FFFFF4FFFFF40FFFFF4FFBF
:1031A000FFF40FFFFF4FFFFF30FFFFF39FFFC0094A
:1031B000FFFC001444444444420DFFFFFFFFFFF1B5
:1031C000FFFFFFFFFFFF3FFFFFFFFFFFF4FFFFFFDA
:1031D000FFFFFF4FFFFFFFFFFFF4FFFFFFFFFFFFBA
:1031E0004FFFFFFFFFFFF4FFFFFFFFFFFF4FFFFF5A
:1031F000FFFFFFF4FFFFFFFFFFFF4FFFFFFFFFFF9A
:10320000F39FFFFFFFFFFC0002100000420FE200EF
:1032100003FB0FFE3004FB0FFFF404FB0FFFFF5412
:10322000FB0FFFFFFAFB0FFFFFFFFB0FFFFFFFFB93
:103230000FFFFFD6FB0FFFFD14FB0FFFC104FB0FB9
:10324000FB0004FB0CA00003FA00000000000000DB
:103250000012000000000003FF60000000002EFFCD
:10326000F500000001EFFFFF4000001DFFFFFFF32E
:103270000000CFFFFFFFFE200AFFFFFFFFFFE00E71
:10328000FFFFFFFFFFF203999999999950058888EC
:10329000888888700FFFFFFFFFFFF30FFFFFFFFF1E
:1032A000FFF40BFFFFFFFFFFD10000000000000054
:1032B0003F9000003FFC00003FFD10003FFD10006C
:1032C0003FFD10001FFD100000CFF4000000CFF400
:1032D000000000CFF4000000CFF4000000CFE000B9
:1032E0000000A4000000000000CD1000001FFD1031
:1032F00000003FFD1000003FFD1000003FFD1000EA
:10330000003FFD000008FF900008FF900008FF90BC
:103310000008FF900002FF900000078000000000FE
:103320000004500000000002FF60000000003FF7B2
:103330000000000003FF70000000003FF7000006DF
:10334000999AFFC99980FFFFFFFFFFFF3DFFFFFF35
:10335000FFFFF201113FF71110000003FF700000A2
:1033600000003FF70000000003FF70000000000CA9
:10337000D30000006999999999980FFFFFFFFFFF0B
:10338000F3DFFFFFFFFFFF20000000000000000050
:103390000156640000000003BFFEEFF91000007F3B
:1033A000FA1003DFE40008FFA009B41EFF504FFF2E
:1033B000200BFF26FFE1EFFF09CFFF63FFFABFFFFE
:1033C00009FFFF54FFF61EFF51DFFB09FFB003EFBB
:1033D000E204305FFC10002CFF956AFF90000000B3
:1033E00049DFFD920000000000000000000000CD59
:1033F00020000000000000008FF50014664000006F
:103400000004EFACFFEFFF910000001CFFA1004D96
:10341000FE300000009FF5AB31EFF40007B105FF6F
:10342000FFE17FFE100FFE302DFFF54FFF900CFFE8
:10343000E000AFF65FFF6002FFF40006FFEFFB0065
:10344000004FFD10003EFFC0000002DFE85401BF46
:10345000E300000005AEFF6007FF60000000000011
:1034600000004EF60000000000000001A100000076
:103470000000000000000000003ED000000000003E
:10348000000CFF80000000000006FFFF200000008D
:103490000000EFFFFB00000000008FFCCFF40000F5
:1034A00000002FFB00FFD00000000BFFC00FFF70DB
:1034B000000004FFFD01FFFF100000DFFFE02FFF11
:1034C000FA00007FFFFF9BFFFFF3001FFFFFB00E1E
:1034D000FFFFC00AFFFFFE24FFFFFF60FFFFFFFFAB
:1034E000FFFFFFFA06CCCCCCCCCCCCCB300000001C
:1034F0000000360000000000007F80DDDB00008D52
:10350000EFF8FFFFB007FFFFFD556FF46FF8AFE274
:10351000000574FF907E2000003FFA0000000002CA
:10352000EFB2504A00012EFD1DF48FB0FFFFD10B0A
:10353000FFFFFBFFFE2000CFFFFB12210000029FD8
:10354000C000000000005B00000007A000000000B9
:1035500008FFB000000008FFFFB0000008FF95FF63
:10356000B00008FF9005FFB007FF900005FFB09F77
:1035700090000005FD004000000003104C200000FA
:1035800000B60BFE200000CFF02EFE2000CFF4008E
:103590002EFE20CFF400002EFECFF40000002EFF00
:1035A000F4000000002EF4000000000013000000F2
:1035B00000083000000000000000BFF308BBBBBBE8
:1035C00090000BFFFF39FFFFFFF1008FCFCFF0001E
:1035D000000AF100382F948000000AF100002F90BB
:1035E0000000000AF100002F900000030AF13000F3
:1035F0002F9000001FCBF8F8002FEBBBBB39FFFF6B
:10360000E2001FFFFFFFB09FFD2000000000000050
:1036100008D10037888700000000EFFFFFA00000FE
:1036200000FFFFFFFDCCCCB6FFFFFFFFFFFFFFFF5A
:10363000FFFFFFFFFFFFFFFFFFFFFFFFFFFFFFFF9A
:10364000FFFFFFFFFFFFFFFFFFFFFFFFFFFFFFFF8A
:10365000FFFFFFFFFFFFFFFFFFAFFFFFFFFFFFF9D0
:1036600000000000000000000001DD10000000006C
:103670001DFFD100000001DFFFFD1000001DFFFF56
:10368000FFD100009FFFFFFFF90000011CFFC110E8
:103690000000000CFFC0000000000CFFC000000094
:1036A000000CFFC0000079993BFFB39997FFFFB270
:1036B000442BFFFFFFFFFEDDEFFFFFFFFFFFFFFAE1
:1036C000B3CFACCCCCCCCCCCCA0000000000020004
:1036D000000000000004FFC70000000000AFFFF082
:1036E000000000001FFFFD0000000006FFFFC000FB
:1036F00000000008FFF700000000000CFF30000091
:10370000000004FFC00000000001EFF300004A3099
:1037100002DFF80005DFFE15EFFB0000EFFFFFFF03
:10372000FA00000BFFFFFFF70000007FFFFFA20081
:10373000000002BA850000000000048600000010AE
:1037400006FFFA0002DFD1EF3CF101DFFA0EE0AF35
:1037500021DFFA009FEFF6DFFA00008DFFFFFB008C
:10376000000006FFFD00000048EFFFF600006FFFBD
:10377000FBFFF6000EF3CF23FFF600EE0AF204FF84
:10378000F609FEFC0004FFF108DA100002620000F6
:10379000000000000000006FFFF987000008FFFF35
:1037A00098F708A68FFFF95990FFA8FFFFFCCC0FF0
:1037B000FA8FFFFFFFF1FFA8FFFFFFFF1FFA8FFF48
:1037C000FFFFF1FFA8FFFFFFFF1FFA8FFFFFFFF1D1
:1037D000FFA8FFFFFFFF1FFA7FFFFFFFF0FFE312CD
:1037E0002222210FFFFFFFF90000ACCCCCCB500010
:1037F000004999999995000EFFFFFFFFF600FD2201
:1038000022224FF60FC0000001FFF3FC0000001F52
:10381000FF6FC0000002FFF6FFFFFFFFFFFF6FFF1B
:10382000FFDCFFFFF6FFFFB005FFFF6FFFF6000FA5
:10383000FFF6FFFFC006FFFF6FFFFFEDFFFFF69FE4
:10384000FFFFFFFFFD10CDDDDDDDDDDD2FFFFFFF25
:10385000FFFFF312222222222200000000000000BB
:103860000000000000000FFFFFFFFFFFF3DEEEEEA1
:10387000EEEEEE200000000000000000000000005E
:103880000DEEEEEEEEEEE2FFFFFFFFFFFF30000079
:103890000000000037888888888873EFFFFFFFFFEB
:1038A000FFFEEFFFFFFFFFFFFE1CFFFFFFFFFFC15B
:1038B000D28FFFFFFFF82DFF64EFFFFE45FFFFFAF9
:1038C0002BFFB2AFFFFFFFD3553DFFFFFFFFFFBB55
:1038D000FFFFFFFFFFFFFFFFFFFFAFFFFFFFFFFF48
:1038E000F9000000000001FFFFF00004FFFFD0001E
:1038F00006FFFF800008FFFF30000AFFFFAAA60CAA
:10390000FFFFFFF80EFFFFFFE10BDDDFFF600000B0
:103910004FFD0000007FF3000000BFA0000000FF8B
:1039200010000003F800000003C0000000002000A9
:1039300000000455EFB5520000FFFD1FFFB0000F5F
:10394000FFFFFFFC0000FFFF533320000FFF97FF36
:10395000FB5700FFF8AFFFC6F80FFF8AFFFC4AA134
:10396000FFF8AFFFE3220FFF8AFFFFFFF4FFF8AF7E
:10397000FFFFFF4FFF8AFFFFFFF43552AFFFFFFF4E
:1039800040000AFFFFFFF400007FFFFFFE20000061
:1039900001100000000000AF00000000018FFA30AD
:1039A000000002EFFFFF500000BFFFFFFF10001FED
:1039B000FFFFFFF50003FFFFFFFF70005FFFFFFF4A
:1039C000F90008FFFFFFFFC000DFFFFFFFFF209FA0
:1039D000FFFFFFFFFD0EFFFFFFFFFFF2022222228B
:1039E0002221000008FFC00000000009A200000022
:1039F0005BBBBBBBBBBBBBA3FFFFFFFFFFFFFFFB73
:103A0000FC0C30E11D0D11FCFC0B30E01D0D10FC19
:103A1000FFFEFFEFFEFEEFFCFFF15A0870A05FFC17
:103A2000FFF37B2992C27FFCFFBFCBBBBBBFCBFCAC
:103A3000FC0B2000000D00FCFFCFCCCCCCCFCCFB8E
:103A40009FFFFFFFFFFFFFF60000000000000200E5
:103A5000000000000005DFB00000000007EFFFD00D
:103A600000000018FFFFFF70000029FFFFFFFF00AC
:103A7000003BFFFFFFFFF8000AFFFFFFFFFFF10021
:103A80000FFFFFFFFFFFA000049AAAAFFFFF200077
:103A90000000000EFFFB00000000000EFFF400001D
:103AA0000000000EFFC000000000000EFF500000EC
:103AB0000000000DFD00000000000004B300000045
:103AC00035555502000FFFFFF2F400FFFFFF2FF402
:103AD0000FFFFFF2FFF3FFFFFF32221FFFFFFFFF89
:103AE000F7FFFFFFFFFF8FFFFFFFFFF8FFFFFFFF65
:103AF000FF8FFFFFFFFFF8FFFFFFFFFF8FFFFFFFBD
:103B0000FFF8FFFFFFFFFF8FFFFFFFFFF88AAAAA62
:103B1000AAAA300000002455310000000003AFFFC6
:103B2000FFFFC7000002BFFFFEDEFFFFF6005FFFE2
:103B3000B51000038EFFB0DFD300000000008FF54A
:103B4000180005AEFEC81004600002DFFFFFFFF89A
:103B50000000000CFF95347DFF40000002A2000031
:103B60000077000000000002960000000000000046
:103B70000DFF500000000000000EFF60000000007C
:103B8000000005DA000000005BBBBBBBBBBBBBBADF
:103B900020FFFFFFFFFFFFFFFF90FC1222222222E7
:103BA000220FF7FC5FFFFFFFFFFF2CFAFC5FFFFF18
:103BB000FFFFFF21FAFC5FFFFFFFFFFF27FAFC2654
:103BC00066666666661FFAFEBBBBBBBBBBBBBFB10E
:103BD000AFFFFFFFFFFFFFFF5000000000000000ED
:103BE00000005BBBBBBBBBBBBBBA20FFFFFFFFFF43
:103BF000FFFFFF90FC1222222221000FF7FC5FFF43
:103C0000FFFFF8000CFAFC5FFFFFFFF80001FAFC71
:103C10005FFFFFFFF80007FAFC2666666663000F89
:103C2000FAFEBBBBBBBBBBBBBFB1AFFFFFFFFFFF20
:103C3000FFFF500000000000000000005BBBBBBBAA
:103C4000BBBBBBBA20FFFFFFFFFFFFFFFF90FC12D3
:103C500022221000000FF7FC5FFFFFD000000CFADB
:103C6000FC5FFFFFD0000001FAFC5FFFFFD0000007
:103C700007FAFC2666665000000FFAFEBBBBBBBB12
:103C8000BBBBBFB1AFFFFFFFFFFFFFFF5000000056
:103C90000000000000005BBBBBBBBBBBBBBA20FF8E
:103CA000FFFFFFFFFFFFFF90FC1222000000000F4C
:103CB000F7FC5FFF300000000CFAFC5FFF300000F3
:103CC0000001FAFC5FFF3000000007FAFC266610D6
:103CD0000000000FFAFEBBBBBBBBBBBBBFB1AFFF5D
:103CE000FFFFFFFFFFFF500000000000000000008A
:103CF0005BBBBBBBBBBBBBBA20FFFFFFFFFFFFFF34
:103D0000FF90FC0000000000000FF7FC0000000026
:103D100000000CFAFC00000000000001FAFC0000AA
:103D20000000000007FAFC0000000000000FFAFE8F
:103D3000BBBBBBBBBBBBBFB1AFFFFFFFFFFFFFFF09
:103D4000500000000000000000000000000007B26A
:103D50000000000000000ADFFA000000000000A9D7
:103D60003DF5000000044002E00010000000AFF844
:103D70000B600000006C30FFFFFFFFFFFFFFFFF450
:103D8000AFF9000C5000006D4005500004C0000069
:103D9000100000000000C43EE80000000000002EFB
:103DA000EFFA000000000000004FFA0000000000E1
:103DB0000000000000000000011000000007EFFFFD
:103DC000B30000AFFD8FFF2004FFFD09FFB00AFE26
:103DD000FD12AFF00EF55D2C0EF30FFF33129FF5C1
:103DE0000FFFF307FFF60FFFE206FFF60FFE2413A7
:103DF0007FF50DF57D2C0DF30AFFFD11BFF003FFDC
:103E0000FE0BFFA0007FFEBFFE100003ACDC8100B4
:103E100000003443000005667FFFF96650FFFFFF96
:103E2000FFFFFF356666666666501CCCCCCCCCC402
:103E300002FFFFFFFFFF602FF3FB7F6DF602FF2FF6
:103E4000B7F5DF602FF2FB7F5DF602FF2FB7F5DFDE
:103E5000602FF2FB7F5DF602FF2FB7F5DF602FF3D7
:103E6000FB7F6DF601FFFFFFFFFF5007BCCCCCCC02
:103E7000900000000000000120000000000004FF8E
:103E8000500000000002FFFF500000000439FFFE58
:103E900000000004FF39FFA0000004FFFF39B0005C
:103EA0000004FFFFFF20000004FFFFFFB00000043C
:103EB000FFFFFFB0000004FFFFFFB0000004FFFFA2
:103EC000FFB0000000BFFFFFB00000000DFFFFB01B
:103ED00000000000FFFFB00000000009A860000023
:103EE0000000000000178888888887400002EFFFE4
:103EF000FFFFFFFFF4003EFFFFCFFFCFFFF703EF11
:103F0000FFF908F809FFF83EFFFFFE20402EFFF8FA
:103F1000DFFFFFFFE101EFFFF89FFFFFFF80008F52
:103F2000FFF809FFFFF902C209FFF8009FFFFE4EEC
:103F3000FE4EFFF80009FFFFFFFFFFFFF700008FB5
:103F4000FFFFFFFFFFC100000000000003EFFFFFC5
:103F5000E203FBFBCEBFA4FF1D03A1FAFFF1D03AA1
:103F60001FAFFFFFFFFFFAFFFFFFFFFFAFFFFFFFE6
:103F7000FFFAFFFFFFFFFFAFFFFFFFFFFAFFFFFFAB
:103F8000FFFFAFFFFFFFFFFAFFFFFFFFFFADFFFFE8
:103F9000FFFFF829AAAAAAA8000000000000000359
:103FA00000000000000004F1000820000001FF10E4
:103FB0000BF70000002FF10CFF94444445FF1BFF5A
:103FC000FFFFFFFFFFF18FFFFFFFFFFFFD007FF708
:103FD0000000000000006F600000000000003000E2
:103FE0000000000062696E0042494E0004001000AB
:103FF0000001100040000004B37202085D7E00085A
:10400000AD7002083F720208CD720208ED7102081D
:104010007F7102082B710208F1700208B770020864
:10402000B37202081D7E0008AD7002083F720208DC
:10403000CD720208ED7102087F7102082B7102082F
:10404000F1700208B7700208494D41474500000071
:1040500063730208000000009B730208494D41474A
:10406000455F48454144455200000000C3730208C3
:1040700000000000FB7302080801020408010204AA
:10408000081820201018101000003C027804B30615
:10409000EE08280B610D990FD01106143A166C1812
:1040A0009D1ACB1CF71E212148236C258E27AC2995
:1040B000C72BDF2DF32F0332103418361D381C3A6E
:1040C000183C0E3E0040ED41D443B74594476B4940
:1040D0003D4B084DCE4E8E504752FA53A6554C5785
:1040E000EB58825A135C9D5D1F5F9A600E627A6383
:1040F000DE643A668E67DA681E6A5A6B8D6CB86D3C
:10410000DA6EF46F04710D720C730274EF74D37570
:10411000AE76807748780779BC79687A0B7BA37B89
:10412000337CB87C347DA67D0E7E6D7EC17E0C7F97
:104130004C7F837FB07FD37FEC7FFB7F008035395E
:10414000E52F2FD32828C61C1CB7601BD85B18C2CC
:104150005714AD4F0E88AA248EA21F7B9A1B6A8C1F
:10416000144AB1355EA82D51A02745921B31AB49A9
:10417000399F3F309335287E231AE5881ED2761961
:10418000C06515A1470DE59B03D18802BD77029B51
:104190005701C1AC00A797008F83006460007B8942
:1041A000006B79005C6900404D0047A0433C8E38AD
:1041B000327D2E205E1B42B37C389F682F8B551EAC
:1041C000693333CAC02BB4AF249D9E17778235D88C
:1041D000FD2DC0FB25A8F9177FF500B3FF00A0FF58
:1041E000008FFF006FFF008CFB007CF5006CEF0080
:1041F00051E61E51F4194AE61543D80C36BF414C1E
:104200006D37405D2E344E23273E7A6E54645A45F6
:104210004F473738322675757561616142424221D8
:1042200021215053EF7373E59A9AEFD2CDFFEEEB55
:10423000FF7A40EC9262F0B18FF4D0BBF8ECE4FC72
:10424000BC47ABC868BAD893CEE7BEE1F5E5F3C288
:10425000577ECD7595DB9DB3E9C4D1F6E7EDC06B14
:104260005CCB8679DAA89FE9CAC5F6EAE8F5A542EB
:10427000F6B564F9CA90FBDEBBFDF2E3F6B629F7AA
:10428000C34FFAD481FCE5B3FEF5E1DAC626E1D0EE
:104290004DEADE80F2EBB2FAF7E09AA626ACB64D14
:1042A000C4CB80DBDFB2F1F2E06ABB6684C781A7D2
:1042B000D6A5C9E6C8E9F5E865CC9C81D5AEA5E1EF
:1042C000C5C8EDDCE9F8F157E1D475E7DC9CEEE612
:1042D000C3F4F0E7FBF958EEFF76F1FF9DF5FFC45C
:1042E000F9FFE7FDFF28CAFF4FD5FF82E0FFB3ECDF
:1042F000FFE1F8FF26A7FF4DB7FF80CCFFB2E0FF3C
:10430000E0F3FF4370FF658AFF91ABFFBCCCFFE792
:10431000E9FB636E8D7F88A1A4AABCC8CCD7E9EB6A
:10432000EF9C9078AEA490C5BEB0DCD8CFF1EFEC96
:10433000BDBDBDE0E0E0EEEEEEF5F5F5FAFAFA36D9
:1043400043F4631EE9B0279CB73A67B5513FF39633
:1043500021F4A903D4BC0088960050AF4C4AC38B0B
:1043600039DCCD3BEBFF07C1FF0098FF2257FF4828
:1043700055798B7D609E9E9EFFFFFF000404020422
:1043800004040404040400000000000606060606F7
:1043900006040006060606000000000000000000FB
:1043A0000000050200000000000000040000000002
:1043B00000000002000202020002000202020000ED
:1043C00000000002000000000000000200000000E9
:1043D00000000001010505050105001001010000B4
:1043E00000001022220C0C32323200003232100057
:1043F000000000000000000004040404040404049D
:104400000404040404040400202C2E3B3A2D5F29EC
:104410005D7D000019930208F7920208CF9202080E
:1044200007940208FD91020885930208C7910208CB
:10443000256C75204650532C20256C75252520436E
:1044400050550A256C75206D732028256C75207CCD
:1044500020256C7529003F00EF808C001D1C6869C9
:104460006B6A6E6C6D626100617263001C0A030806
:1044700041BA000800000000B1BA000800000000C6
:10448000684403080000000000000000010600006E
:10449000626172001C0A03087BAC0208F7AB0208D9
:1044A000BDC500080000000090440308040100009E
:1044B0000D000000400700001C0A03086BAD020855
:1044C000000000000000000000000000134F03087F
:1044D000FFFFFF3FFFFFFF3FC40200000A006274BE
:1044E0006E6D61747269780042746E310042746E50
:1044F000320042746E330042746E340042746E3582
:10450000000000001C0A0308EDC8000885AD020881
:104510008DCC000800000000DE4403080401000008
:104520008200000085040000E8440308ED4403080D
:10453000F2440308DC440308F7440308FC4403087E
:10454000DD4403082564005375004D6F0054750069
:1045500057650054680046720053610063616C65E2
:104560006E64617200000000474503084A45030875
:104570004D450308504503085345030856450308B5
:10458000594503081C0A030855D200080000000022
:1045900000000000000000005C450308C3000000AC
:1045A000C3000000C4460000EF819300EF81940037
:1045B0002564202573004A616E7561727900466535
:1045C000627275617279004D617263680041707248
:1045D000696C004D6179004A756E65004A756C79A9
:1045E000004175677573740053657074656D62651D
:1045F00072004F63746F626572004E6F76656D6214
:10460000657200446563656D6265720063616C6527
:104610006E6461722D6865616465722D6172726F7E
:1046200077000000B6450308BE450308C7450308E8
:10463000CD450308D3450308D7450308DC450308E7
:10464000E1450308E8450308F2450308FA45030875
:10465000034603081C0A030859D3000800000000A1
:1046600000000000000000000C4603086400002069
:104670002B00000000000000323032350A323032A8
:10468000340A323032330A323032320A3230323186
:104690000A323032300A323031390A323031380A97
:1046A000323031370A323031360A323031350A325F
:1046B0003031340A323031330A323031320A32305A
:1046C00031310A323031300A323030390A3230304A
:1046D000380A323030370A323030360A323030352C
:1046E0000A323030340A323030330A323030320A53
:1046F000323030310A323030300A313939390A310A
:104700003939380A313939370A313939360A3139C4
:1047100039350A313939340A313939330A313939BD
:10472000320A313939310A313939300A31393839B7
:104730000A313938380A313938370A313938360AC6
:10474000313938350A313938340A313938330A3198
:104750003938320A313938310A313938300A313989
:1047600037390A313937380A313937370A31393769
:10477000360A313937350A313937340A3139373366
:104780000A313937320A313937310A313937300A8B
:10479000313936390A313936380A313936370A3142
:1047A0003936360A313936350A313936340A313933
:1047B00036330A313936320A313936310A3139362F
:1047C000300A313935390A313935380A3139353716
:1047D0000A313935360A313935350A313935340A35
:1047E000313935330A313935320A313935310A3107
:1047F0003935300A313934390A313934380A3139E6
:1048000034370A313934360A313934350A313934DA
:10481000340A313934330A313934320A31393431D6
:104820000A313934300A313933390A313933380AE7
:10483000313933370A313933360A313933350A31B0
:104840003933340A313933330A313933320A3139A1
:1048500033310A313933300A313932390A31393298
:10486000380A313932370A313932360A313932357C
:104870000A313932340A313932330A313932320AA3
:10488000313932310A313932300A313931390A316C
:104890003931380A313931370A313931360A31394B
:1048A00031350A313931340A313931330A3139314C
:1048B000320A313931310A313931300A313930393E
:1048C0000A313930380A313930370A313930360A4D
:1048D000313930350A313930340A313930330A311F
:1048E0003930320A313930310030310A30320A3051
:1048F000330A30340A30350A30360A30370A303855
:104900000A30390A31300A31310A31320063616CC0
:10491000656E6461722D6865616465722D64726F85
:1049200070646F776E0000001C0A030815D500083C
:104930000000000000000000000000000D49030816
:1049400064000020FFFFFF3F000000006368617209
:10495000740000001C0A0308F7B402088BB40208B4
:10496000A5D50008000000004C49030864000020A1
:104970000401000080070000436865636B20626FDC
:104980007800636865636B626F7800001C0A030837
:1049900009DD000869BD020849DD000800000000CB
:1049A00082490308FFFFFF3FFFFFFF3F4403000072
:1049B000EF81B8004F7074696F6E20310A4F7074C8
:1049C000696F6E20320A4F7074696F6E2033006415
:1049D000726F70646F776E2D6C69737400000000E5
:1049E0001C0A0308DDBF020871BF0208EDDE0008E3
:1049F00000000000CF490308000000000000000094
:104A0000000300001C0A030879DE00080FC002083A
:104A1000A9E00008000000001D4903088200000012
:104A2000FFFFFF3F05050000696D6167650000003D
:104A30001C0A030821E20008FDC70208B9E20008C9
:104A400000000000284A0308FFFFFF3FFFFFFF3F71
:104A5000C00500006162630041424300312300EF62
:104A6000808D00EF849C00456E74657200EFA2A2F9
:104A700000EF959A002B2F2D00000100010001008E
:104A800022030100010001002203010001000100D6
:104A900002000100010001000100010036003700A2
:104AA000380039002E002B0026002F002A003D0080
:104AB00025003C003E005C004000240028007B00F4
:104AC0005B005D003B0022002700510057005400AE
:104AD000590055004F005000410053004400480069
:104AE0004A004B005F005A005800560042004D003B
:104AF0002C007100690067006B007A00760062008C
:104B00006B6579626F61726400000000E74803081A
:104B10000B490308CD490308634A0308DC44030832
:104B2000FA440308935203089C4A030858440308B4
:104B3000DC4403089E4A0308A04A0308A24A03086B
:104B4000714A0308DC440308754A0308B25F03088E
:104B5000A44A0308A8450308AC450308DD4403083C
:104B6000010401040104010401040104010401041D
:104B700001040104020122030104010401040104EF
:104B800001040104010401040104010401040104FD
:104B900001040104010401040104010401040104ED
:104BA00001040104010422030201060002012203A0
:104BB000E74803080B490308CD490308FA440308F2
:104BC000935203089C4A03089E4A0308A04A03081C
:104BD000A24A0308B25F0308714A0308DC440308D1
:104BE000544A0308A64A0308A84A0308AA4A030825
:104BF000AC4A0308AE4A0308B04A03089A5F0308A8
:104C0000564403085D4A0308B24A0308B44A03083D
:104C1000DC440308B64A0308B84A0308BA4A030842
:104C2000BC4A030854440308BE4A0308114403085D
:104C3000C04A0308C24A0308C44A0308C64A030814
:104C4000C84A0308DC440308634A0308A84503086C
:104C5000B85F0308AC45030858440308DD44030863
:104C600025030404040404040404040404040404E4
:104C700004040404040407012603030403040304D6
:104C800003040304030403040304030407010105EC
:104C900001050104010401040104010401040104EB
:104CA000010501050105220302010600020122039C
:104CB0005C4A0308CA4A0308CC4A03084C4003086C
:104CC00067400308CE4A0308D04A0308D24A0308C3
:104CD000A25F0308D44A0308D64A0308714A0308AE
:104CE000DC440308544A0308D84A0308DA4A030894
:104CF000DC4A0308D45F0308C35F0308DE4A0308E5
:104D0000E04A0308E24A0308BC5F03086D4A03084F
:104D1000DC440308E44A0308774A0308E64A030828
:104D2000E84A03085A4A0308EA4A0308EC4A030817
:104D3000EA3F0308EE4A0308A44A0308F04A0308BE
:104D4000AE5F0308DC4403085F4A0308A845030874
:104D5000B85F0308AC45030858440308DD44030862
:104D600025030404040404040404040404040404E3
:104D700004040404040407012603030403040304D5
:104D800003040304030403040304030407010105EB
:104D900001050104010401040104010401040104EA
:104DA000010501050105220302010600020122039B
:104DB0005C4A0308F24A03080654030851450308F5
:104DC0005745030855510308D545030848450308CE
:104DD000F44A03084B4503080E510308714A0308BF
:104DE000DC440308584A03085A450308B44503083D
:104DF00045450308E55F0308F64A0308F95B030825
:104E00001A0A0308F84A0308A05203086D4A030867
:104E1000DC440308E44A0308774A0308FA4A030813
:104E2000E6440308945C0308FC4A0308FE4A0308AE
:104E3000E63F03083E550308A44A0308F04A030866
:104E4000AE5F0308DC440308634A0308A84503086F
:104E5000B85F0308AC45030858440308DD44030861
:104E6000044503086DE70008000000000000000092
:104E700000000000004B0308640000203200002006
:104E80000105000054657874000000001C0A030846
:104E900041F40008F5CC020885F00008000000008D
:104EA0009C520308FFFFFF3FFFFFFF3F000600008B
:104EB0006C6564001C0A03089DD002080000000015
:104EC00075F6000800000000B04E03081A0000004C
:104ED0001A000000000300006C696E65000000000D
:104EE0001C0A0308FFD002080000000045FA000871
:104EF00000000000D84E0308FFFFFF3FFFFFFF3F09
:104F0000800300006C6973742D74657874006C699B
:104F100073742D62746E00008C4E03080000000054
:104F2000000000000000000000000000044F030823
:104F300064000020FFFFFF3F00000000B8440308AA
:104F40000000000000000000000000000000000061
:104F50000E4F030864000020FFFFFF3F0000000029
:104F60001C0A030800000000000000000000000010
:104F700000000000D8490308C3000000040100003D
:104F8000000000001C0A03080000000000000000F0
:104F90000000000000000000000000000000000011
:104FA00000000000000000001C0A030800000000D0
:104FB00000000000000000000000000000000000F1
:104FC0000000000000000000000000001C0A0308B0
:104FD00000000000000000000000000000000000D1
:104FE00000000000000000000000000000000000C1
:104FF0001C0A030800000000000000000000000080
:1050000000000000000000000000000000000000A0
:10501000000000006D656E752D73657061726174BE
:105020006F72006D656E752D73656374696F6E00C8
:105030006D656E752D636F6E74006D656E752D7088
:10504000616765006D656E75000000001C0A03084D
:105050000000000000000000000000000000000050
:1050600014500308FFFFFF3FFFFFFF3F0000000059
:105070001C0A030821D10208000000000000000003
:10508000000000002350030864000020FFFFFF3FE2
:10509000000000001C0A030839D1020800000000CB
:1050A00000000000000000003050030864000020F1
:1050B000FFFFFF3F000000001C0A0308C9D10208DF
:1050C000ADD1020800000000000000003A500308C3
:1050D00064000020FFFFFF3F400300001C0A03089C
:1050E000D9FB000819D102080000000000000000F0
:1050F00044500308C300000004010000C006000083
:105100006D7367626F782D6261636B64726F70009C
:105110006D7367626F782D6865616465722D627565
:1051200074746F6E006D7367626F782D666F6F7445
:1051300065722D627574746F6E006D7367626F783F
:105140002D666F6F746572006D7367626F782D6383
:105150006F6E74656E74006D7367626F782D68652D
:1051600061646572006D7367626F78001C0A0308E2
:10517000000000000000000000000000000000002F
:10518000005103086400002064000020C0020000F9
:105190001C0A0308000000000000000000000000DE
:1051A00000000000105103082B00000064000020E4
:1051B000C40200001C0A03080000000000000000F8
:1051C000000000000000000025510308FFFFFF3F22
:1051D00064000020C40200001C0A03080000000054
:1051E0000000000000000000000000003A51030829
:1051F000640000202B000000C00200001C0A03080D
:10520000000000000000000000000000000000009E
:105210004851030864000020FFFFFF3FC002000068
:105220001C0A03080000000000000000000000004D
:105230000000000057510308640000202B0000000C
:10524000C00200001C0A030800000000000000006B
:105250000000000000000000655103080401000088
:10526000FFFFFF3FC00300004F7074696F6E203175
:105270000A4F7074696F6E20320A4F7074696F6ED6
:1052800020330A4F7074696F6E20340A4F7074694E
:105290006F6E203500726F6C6C65722D6C6162658B
:1052A0006C00726F6C6C6572000000008C4E03081D
:1052B000000000000000000099FE0008000000004F
:1052C00095520308000000000000000000060000E6
:1052D0001C0A03084DFE000800000000F9FF00084A
:1052E00000000000A2520308FFFFFF3F8200000001
:1052F00005040000256C64007363616C65000000A8
:105300001C0A03087103010847DB0208C1070108F2
:1053100000000000F8520308000000000000000038
:1053200041060000736C69646572000094440308D0
:105330002FE40208000000004508010800000000FA
:10534000245303080000000000000000450A00008C
:105350007370696E626F78003C540308090D010890
:1053600000000000590D0108000000005053030820
:105370008200000000000000810800007370696E68
:105380006E6572006C4403083BEA020800000000EE
:1053900000000000000000007C5303080000000033
:1053A000000000000000000073776974636800006B
:1053B0001C0A030871EA020869EA0208650F01087D
:1053C00000000000A8530308340000001E00000085
:1053D000040300007461626C650000001C0A03088D
:1053E00019ED0208C3EC02080115010800000000D5
:1053F000D4530308FFFFFF3FFFFFFF3F850400007A
:1054000074616276696577001C0A030875180108E3
:1054100000000000BD19010800000000005403084E
:10542000640000206400002040030000E280A2002D
:105430007465787461726561000000001C0A0308DD
:10544000351D010829F00208AD2101080000000007
:1054500030540308040100008200000045070000EA
:1054600074696C650074696C657669657700000025
:105470001C0A030879260108000000000000000053
:10548000000000006054030800000000000000005D
:10549000000300001C0A0308392601080000000070
:1054A0000000000000000000655403080000000038
:1054B000000000000003000077696E001C0A03086A
:1054C0009526010800000000000000000000000018
:1054D000B85403086400002064000020C0020000EB
:1054E000256C7500000003020000000000000000B1
:1054F000BA040000000000000000030200000000E9
:1055000000000000BA040000000000002E2E2F61F1
:1055100075746F67656E2F736C5F696F73747265F6
:10552000616D5F696E69745F6575736172745F69DF
:105530006E7374616E6365732E630076636F6D00C6
:10554000B85D03080000000000C201000002000076
:105550005C5D03080000050006000900080000006B
:105560000500000000000000809698000201000085
:10557000000000000000000001000000000000002A
:10558000000000000100000000000000000000001A
:10559000010400000203020202012E2E2F73696D26
:1055A000706C69636974795F73646B5F3230323534
:1055B0002E362E332F706C6174666F726D2F636F91
:1055C0006D6D6F6E2F7372632F736C5F736C697385
:1055D000742E63002E2E2F73696D706C696369746D
:1055E000795F73646B5F323032352E362E332F7015
:1055F0006C6174666F726D2F6472697665722F6765
:1056000070696F2F7372632F736C5F6770696F2E91
:1056100063001E0000032E2E2F73696D706C69638A
:105620006974795F73646B5F323032352E362E3396
:105630002F706C6174666F726D2F656D6472762F5A
:105640007370696472762F7372632F7370696472FA
:10565000762E630000000000010000000000000042
:105660000000000001000000000000000000000039
:105670000104000005000000000000008096980072
:105680000201000000000000050000000000000012
:1056900040420F0005010000000000000000000073
:1056A000000000002E2E2F73696D706C69636974A1
:1056B000795F73646B5F323032352E362E332F7044
:1056C0006C6174666F726D2F656D6C69622F737299
:1056D000632F656D5F636D752E630000A0BB0D00C9
:1056E000C07A1000001F408240420F00C07A1000B4
:1056F00020D613003A1F41A20000000020D613005C
:10570000905817003A1F42A200000000905817005E
:1057100040771B003A9F43B60000000040771B0013
:1057200070CE2000001F408180841E0070CE2000BB
:1057300040AC27003A1F41A10000000040AC270008
:10574000108A2E003A1F42A100000000108A2E008D
:1057500080EE36003A9F43B50000000080EE360030
:10576000E09C4100001F408000093D00E09C41009A
:1057700080584F003A1F41A00000000080584F00A1
:1057800020145D003A1F42A00000000020145D00BC
:10579000C0047700009F43B4C0CF6A00C004770004
:1057A000408995003A9F44B400000000408995006C
:1057B000C00DB4003A9F45B400000000C00DB40015
:1057C00000BADB00009F66B4405DC60000BADB0093
:1057D00080730601009F67B40024F4008073060103
:1057E00020992C01009F68A8C0EA210120992C0172
:1057F000C0286B013A9F89B800000000C0286B01E7
:1058000060EDB501009F8AB880BA8C0160EDB501EA
:1058100080011302009FABB80048E8018001130229
:1058200080138D02009FCCA880D5430280138D0287
:10583000805A1303009FEDAC006CDC02805A130306
:1058400020289B03009FEEBC007E560320289B036C
:10585000C0C95304009FEFBC0090D003C0C95304DB
:1058600000B4C404009FF0CC00B4C4042E2E2F73E7
:10587000696D706C69636974795F73646B5F3230F2
:1058800032352E362E332F706C6174666F726D2F29
:10589000656D6C69622F7372632F656D5F656D75E1
:1058A0002E63002E2E2F73696D706C696369747995
:1058B0005F73646B5F323032352E362E332F706C4F
:1058C0006174666F726D2F656D6C69622F737263A0
:1058D0002F656D5F6575736172742E6300433A5C6A
:1058E00055736572735C414345525C53696D706CCE
:1058F000696369747953747564696F5C76355F7731
:105900006F726B73706163655C786732365F746663
:10591000745F7370695F4C69625C73696D706C6908
:10592000636974795F73646B5F323032352E362E63
:10593000335C706C6174666F726D5C656D6C69620E
:105940005C696E632F656D5F6770696F2E68002EEE
:105950002E2F73696D706C69636974795F73646B02
:105960005F323032352E362E332F706C6174666F95
:10597000726D2F656D6C69622F7372632F656D5F39
:105980006770696F2E630000FF07FF01FF3FFF078D
:105990002E2E2F73696D706C69636974795F7364FF
:1059A0006B5F323032352E362E332F706C61746659
:1059B0006F726D2F656D6C69622F7372632F656DE9
:1059C0005F696164632E6300000080410000004253
:1059D000000080420000B842000000430000804305
:1059E0002E2E2F73696D706C69636974795F7364AF
:1059F0006B5F323032352E362E332F706C61746609
:105A00006F726D2F656D6C69622F7372632F656D98
:105A10005F6C646D612E6300433A5C55736572730D
:105A20005C414345525C53696D706C69636974797C
:105A300053747564696F5C76355F776F726B7370E2
:105A40006163655C786732365F7466745F73706932
:105A50005F4C69625C73696D706C69636974795FCE
:105A600073646B5F323032352E362E335C706C616E
:105A700074666F726D5C656D6C69625C696E632FD4
:105A8000656D5F6275732E68002E2E2F73696D70C1
:105A90006C69636974795F73646B5F323032352E81
:105AA000362E332F706C6174666F726D2F656D6C5E
:105AB00069622F7372632F656D5F75736172742EE7
:105AC0006300433A5C55736572735C414345525CB5
:105AD00053696D706C696369747953747564696F27
:105AE0005C76355F776F726B73706163655C786746
:105AF00032365F7466745F7370695F4C69625C73A1
:105B0000696D706C69636974795F73646B5F32305F
:105B100032352E362E335C706C6174666F726D5C3C
:105B20007065726970686572616C5C696E632F7311
:105B30006C5F68616C5F6770696F2E68002E2E2F36
:105B400073696D706C69636974795F73646B5F32DC
:105B50003032352E362E332F706C6174666F726D55
:105B60002F7065726970686572616C2F7372632F34
:105B7000736C5F68616C5F6770696F2E6300433A96
:105B80005C55736572735C414345525C53696D703B
:105B90006C696369747953747564696F5C76355F99
:105BA000776F726B73706163655C786732365F74B0
:105BB00066745F7370695F4C69625C73696D706C69
:105BC00069636974795F73646B5F323032352E3686
:105BD0002E335C706C6174666F726D5C7065726997
:105BE00070686572616C5C696E632F736C5F68616D
:105BF0006C5F7379737274632E68002E2E2F736935
:105C00006D706C69636974795F73646B5F32303295
:105C1000352E362E332F706C6174666F726D2F7057
:105C200065726970686572616C2F7372632F736C33
:105C30005F68616C5F7379737274632E63002E2EDC
:105C40002F73696D706C69636974795F73646B5FDE
:105C5000323032352E362E332F706C6174666F728F
:105C60006D2F736572766963652F636C6F636B5F0D
:105C70006D616E616765722F7372632F736C5F6302
:105C80006C6F636B5F6D616E616765725F68616C9D
:105C90005F73322E63002E2E2F73696D706C6963F3
:105CA0006974795F73646B5F323032352E362E3310
:105CB0002F706C6174666F726D2F73657276696395
:105CC000652F636C6F636B5F6D616E616765722FCB
:105CD0007372632F736C5F636C6F636B5F6D616E68
:105CE000616765725F696E69745F68616C5F73326A
:105CF0002E630000012600000400000000000000E8
:105D000000010000000000000B0000000C0000007B
:105D1000030000000000202000000000030000003D
:105D20003C3C3C00000000000000000000000000BF
:105D30000103100101090300880000008700000032
:105D4000090000001E000000160000001A000000FC
:105D5000860000008500000057000000560000008B
:105D60001100000000800A5024000000385D030884
:105D700000400A50240000003C5D030800000A5067
:105D800003000000405D030800C00A50130000003B
:105D9000445D0308004009500A000000505D0308FC
:105DA000000009500A000000545D030800C00850BC
:105DB0000A000000585D03080000015B15000000A8
:105DC0005C5D03082E2E2F73696D706C69636974B6
:105DD000795F73646B5F323032352E362E332F701D
:105DE0006C6174666F726D2F736572766963652F6F
:105DF000696E746572727570745F6D616E616765EE
:105E0000722F7372632F736C5F696E746572727533
:105E100070745F6D616E616765725F636F727465E8
:105E2000786D2E63002E2E2F73696D706C69636917
:105E300074795F73646B5F323032352E362E332FB8
:105E4000706C6174666F726D2F73657276696365CD
:105E50002F696F73747265616D2F7372632F736C2A
:105E60005F696F73747265616D5F6575736172747C
:105E70002E630000050000000000000000C20100C9
:105E80000002000000100000000000000000000000
:105E90000000000005000000000000008025000058
:105EA0008002000000100000000000400000000020
:105EB000000000002E2E2F73696D706C6963697489
:105EC000795F73646B5F323032352E362E332F702C
:105ED0006C6174666F726D2F736572766963652F7E
:105EE000696F73747265616D2F7372632F736C5F6A
:105EF000696F73747265616D5F756172742E630092
:105F00002E2E2F73696D706C69636974795F736489
:105F10006B5F323032352E362E332F706C617466E3
:105F20006F726D2F736572766963652F736C65652B
:105F30007074696D65722F7372632F736C5F736C0D
:105F400065657074696D65722E63002E2E2F7369FE
:105F50006D706C69636974795F73646B5F32303242
:105F6000352E362E332F706C6174666F726D2F7301
:105F70006572766963652F7564656C61792F7372DC
:105F8000632F736C5F7564656C61792E630048657F
:105F90006C6C6F2C20776F726C64210054455354E5
:105FA00020554900427574746F6E004144433A00B5
:105FB00030303000232D302B2000686C4C0065669B
:105FC000674546470030313233343536373839414A
:105FD0004243444546003031323334353637383960
:085FE000616263646566000064
:085FE80070A2FC7F0100000023
:0C5FF000FC5F0308FC3B012046000000A1
:105FFC00604D0308604C0308604B03087A4A0308A1
:10600C00604D0308604D0308604D0308604D0308A4
:10601C000000000000000000B04D0308B04C030865
:10602C00B04B03080C4B0308B04D0308B04D0308EC
:10603C00B04D0308B04D0308000000000000000044
:10604C00503C0120D42601203B55030802000000DF
:10605C00212A0108000000000000000000000000E0
:10606C00000000001400000000C0085002020203EF
:10607C000D0C0B0880969800080000000000000032
:10608C000001000100000000F0260120C0EA2101FF
:10609C00C0EA210100800000C0175302183D012006
:1060AC003DFD0208B43C012000000000802A0120C4
:1060BC00E82A0120502B0120000000000000000005
:1060CC0000000000000000000000000000000000C4
:1060DC0000000000000000000000000000000000B4
:1060EC0000000000000000000000000000000000A4
:1060FC0000000000FFFFFFFFFFFF0101280100006F
:08610C00350200080D02000835
:0400000508012C9D25
:00000001FF
