S0170000786732365F7466745F7370695F4C69622E733337C8
S31508000000001000209D2C010877F8020877F80208EE
S3150800001077F8020877F8020877F8020877F80208EE
S3150800002077F8020877F8020877F8020877F80208DE
S3150800003077F8020877F8020877F802083BF402080E
S3150800004077F8020877F8020877F8020877F80208BE
S3150800005077F8020877F8020877F8020877F80208AE
S3150800006077F8020877F8020877F8020877F802089E
S3150800007077F8020877F8020877F8020877F802088E
S3150800008077F8020877F8020877F8020877F802087E
S31508000090C92A0108C9F7020877F8020877F802089A
S315080000A077F8020877F8020877F8020877F802085E
S315080000B077F8020877F8020877F8020877F802084E
S315080000C077F8020877F8020877F80208B1340108C9
S315080000D077F8020877F8020877F80208F13001087D
S315080000E0D130010877F8020877F8020877F802088D
S315080000F077F8020877F8020877F8020877F802080E
S3150800010077F8020877F8020877F8020877F80208FD
S3150800011077F8020877F8020877F8020877F80208ED
S3150800012077F8020877F8020877F8020877F80208DD
S3150800013077F8020877F8020877F8020877F80208CD
S3150800014077F8020877F8020877F8020877F80208BD
S3150800015077F8020877F8020877F8020877F80208AD
S3150800016077F8020877F8020877F8020877F802089D
S3150800017077F8020877F8020877F8020877F802088D
S3150800018077F8020877F8020877F80208C909030819
S3150800019077F8020877F8020877F8020877F802086D
S315080001A077F8020877F8020877F8020877F802085D
S309080001B077F80208C4
S315080001C0013800D0FCE770470348044B834202D04D
S315080001D0034B03B118477047143D0120143D012015
S315080001E000000000064B0749C91A891048BF0131AB
S315080001F0491003D0044B0BB101481847704700BF9C
S31508000200143D0120143D01200000000010B5064CE5
S31508000210237843B9FFF7D8FF044B13B10448AFF36B
S3150800022000800123237010BDC82B012000000000A8
S31508000230E85F030808B5054B1BB105490548AFF348
S315080002400080BDE80840FFF7CDBF00BF00000000F2
S3150800025000100020E85F0308A3F5803A704700BF46
S31508000260174B002B08BF134B9D46FFF7F5FF0021E0
S315080002708B460F461348144A121A2FF068FD0E4B88
S31508000280002B00D098470D4B002B00D09847002034
S31508000290002104000D000D48002802D00C48AFF3D9
S315080002A0008018F083F9200029002FF0EBF818F0E9
S315080002B04BF900BF00000800000000000000000025
S315080002C00010002000100020FC3B01200000000068
S315080002D0000000002021014828F0A6B94C10002093
S315080002E0014B186C704700BF1810002010B5044663
S315080002F000B9FEE7064A074918F0C0FC63692BB146
S3150800030020B92046BDE810400121184710BD00BF9E
S31508000310858702087987020810B5044600B9FEE702
S315080003200649074A18F0AAFC6369014623B118B9B9
S315080003302046BDE81040184710BD00BF7F87020859
S315080003408D87020810B50146044800F009F80446EE
S3150800035000B9FEE719F04BFB204610BD1C0A03083E
S3150800036070B506460D462B4A20B1036A1A4212D0CA
S31508000370C3F30F1008F0C8FF044648B1C0E900658A
S315080003807DBB02F081FB064638B9204608F0CEFF51
S315080003900024204670BD0068E6E7D0F8B40208B924
S315080003A0C6F8D052D6F8D0120131890008F0C8FF35
S315080003B000B9FEE70025D6F8D032C6F8B4025A1CB2
S315080003C0C6F8D02240F823402846C4E9055502F06D
S315080003D06BFB0138E061284602F076FB01382062A3
S315080003E0D7E7AB6813B9284619F0B5FAAE68318D68
S315080003F03068013189B23185890008F0A1FFAA6801
S315080004003060138D126803F18043013B42F82340A4
S31508000410BFE700BFF0FF0F0038B5044605F062FFDE
S3150800042028B1237E13F002003ED1DD073DD42368B0
S315080004309D6805B1083501222146284627F0D3FED6
S31508000440012832D1207E10F002002DD1214619F064
S3150800045011FF012829D1227E12F0020224D1214659
S31508000460284627F0C0FE01281FD1237E99071BD4F2
S3150800047020681BF0ABFF0546B0B1237E5A0713D49C
S315080004802389283B012B11D94FF48041206819F0A4
S315080004902EF848B12389133B9BB21E2B06D8044A73
S315080004A022FA03F3DB0701D5012038BD2560B5E73D
S315080004B0F19F785837B50B49054619F01EF80446DA
S315080004C010B1002003B030BD28461BF07FFF00287E
S315080004D0F7D0162221461BF0BEFA80B2003818BFA4
S315080004E00120EFE70100060007B50022054B312180
S315080004F0CDE900236A4619F0D2FE009803B05DF8EC
S3150800050004FB00BF010000E007B50023054A3121BE
S31508000510CDE900236A4619F0C2FE019803B05DF8DA
S3150800052004FB00BF010000E02DE9F04F87B08146CB
S31508000530FFF7C0FF0446002840F0FE8048461BF03F
S3150800054045FF21460822824648461BF084FA214682
S31508000550059005468346092248461BF07CFA044660
S3150800056005900090BAF1000F07D102462946484681
S3150800057007B0BDE8F04F1AF020BB50461AF04AF90A
S31508000580804650461AF056F905F0C043B3F1005FAD
S31508000590074614D16FF0604325F0C0459D420ED042
S315080005A04FF0640BB5F1805FA2BFC5F17F6505F515
S315080005B07F2505F6FF7505FB08F595FBFBFB04F0A3
S315080005C0C043B3F1005F13D16FF0604324F0C04419
S315080005D09C420DD06423B4F1805FA2BFC4F17F644E
S315080005E004F57F2404F6FF747C4394FBF3F300932D
S315080005F06A22002148461BF02EFA6B22002105903C
S315080006000390064648461BF026FA09F11404CDE97C
S3150800061001000590204627F069FB0546204627F08D
S315080006206AFBDDE90112039B044603F0C040B0F102
S31508000630005F12D16FF0604023F0C04383420CD0B4
S315080006406426B3F1805FA2BFC3F17F6303F57F23FE
S3150800065003F6FF736B4393FBF6F602F0C043B3F160
S31508000660005F12D16FF0604322F0C0429A420CD06C
S315080006706423B2F1805FA2BFC2F17F6202F57F22D6
S3150800068002F6FF72624392FBF3F1009B0A220B44C7
S31508000690484600215E449B461BF0DDF9059010F0A4
S315080006A0FF0007D1504619F0C0FE012820D1A8EB5B
S315080006B005051CE0023807281AD801A353F820F0CC
S315080006C0E1060008AF06000807070008F706000855
S315080006D00D0700081907000813070008290700086E
S315080006E005EBD57508EBD8786D10C5EB68052E4473
S315080006F05A4631463BE705EBD57508EBD8786D10B9
S31508000700C5EB68052E443C1BA344F1E7A8EB050599
S31508000710F8E7A8EB05052E4404EBD47407EBD77766
S315080007206410C4EB6704EFE705EBD57508EBD878DA
S315080007306D10C5EB6805EEE707B0BDE8F08F00BFA2
S315080007402DE9F04F91B090F82B30044603F00C03D6
S315080007500C2B03D1002011B0BDE8F08F1BF036FE3C
S3150800076006460028F6D094F82B1004F1140311F06D
S315080007700801019363D0184627F0B8FA94F82B10AD
S31508000780074611F0040100F0AF81019827F0B3FA8B
S315080007900546019827F0AAFA874200F08A82204681
S315080007A01AF0F4F9636930460893A3690CA909930A
S315080007B0E3690A93236A0B931AF04CF800220CA9F2
S315080007C008A827F008F8804610B930461AF0B9FF8D
S315080007D0A36920461D44013D256219F026FE01281D
S315080007E00BBFE3696369DB1BFF180BBF013307F116
S315080007F0FF376361E7612E2108AA204619F04FFDED
S3150800080022462721304619F04AFD20461AF0BEF93D
S3150800081094F82A30002243F00203019884F82A301B
S315080008200CA926F0D8FFB8F1000F00D110B1304658
S315080008301AF087FF204619F0F5FC01208BE7012204
S3150800084020461BF008F900F0C043B3F1005F80466C
S3150800085005460C90304605D16FF0604328F0C04736
S315080008609F4234D119F0D6FF6FF040439845029065
S3150800087040F0A48020461AF090FBA36803900BB1C1
S3150800088000229A61204619F0C1FE8046204619F0DA
S31508000890D5FD82462046FFF727FE0AEB00052046CF
S315080008A01BF0CAFD0490204619F0BFFD01284FF041
S315080008B0000BDFF82C92454475D0049AA3685A4574
S315080008C040F0A080864A914574D0C8448EE06FF007
S315080008D0404819F09FFF45450290CBD096F82B105B
S315080008E011F0080140F0DD80012230461BF0B3F814
S315080008F040450C9040F0D580204619F09FFD0546EE
S31508000900204619F083FE054458E01B68754953F8DC
S315080009102B70384618F0F1FD002842D13846FFF70B
S31508000920C9FD014660B90A2238461BF094F80C90B6
S31508000930C0B2082809D840F24913C340DA0704D5DB
S31508000940E3697A699B1A013317E0082200213846C1
S315080009501BF081F80C90002844D1069007F114008A
S3150800096027F0C4F91A2208EB0003069938460593BE
S315080009701BF071F8059B0C9003441A220021384697
S3150800098005931BF068F8059B0C901844484508DB4E
S315080009901A22002138461BF05EF8059B0C9003EBE3
S315080009A000090BF1010B049AA3685A45ADD14C4ACC
S315080009B0914519D113B1039A52429A610422002132
S315080009C020461BF048F8052207460C9000212046D1
S315080009D01BF041F8394602460C90029B28461AF04D
S315080009E099F9CBE63E4BC8E70AEB0908A26812B1AB
S315080009F0039B5B4293613A4B9845DFD04545B8BFA8
S31508000A004546DBE71B68374953F82B70384618F01C
S31508000A1074FD002840D13846FFF74CFD014658B909
S31508000A200A2238461BF017F80C90C0B2072808D8D7
S31508000A309323C340DB0704D5FB6962699B1A01331C
S31508000A4016E00822002138461BF005F80C9030BB4A
S31508000A50069007F1140027F049F91B220AEB000358
S31508000A600699384605931AF0F6FF059B0C90034441
S31508000A701B220021384605931AF0EDFF059B0C90C2
S31508000A801844484508DB1B22002138461AF0E3FFC4
S31508000A90059B0C9003EB00090BF1010B0DE7104BBE
S31508000AA0E6E7B7F1805FA4BFC7F17F6707F57F2741
S31508000AB0029BA8BF07F6FF775F4364231A2200212B
S31508000AC0204697FBF3F71AF0C6FF1B2205460C9043
S31508000AD0002120461AF0BFFF0C9028443D1A6DE706
S31508000AE0010000E001000400022220461AF0B3FFCC
S31508000AF000F0C043B3F1005F814605460C903046CE
S31508000B0005D16FF0604329F0C048984549D119F0DE
S31508000B1091FE6FF04043994582462ED120461AF041
S31508000B2041FAA36804900BB10022DA61204619F055
S31508000B3053FD0290204619F035FD03902046FFF735
S31508000B40E3FC029B4FF0000B1D18039B20461D4437
S31508000B501BF072FCDFF868910590059AA3685A4560
S31508000B603BD113B1049A5242DA61554B994504D0E8
S31508000B70039B4B449D42B8BF1D46062200212046D2
S31508000B801AF069FF072280460C90002120461AF0C9
S31508000B9062FF534602460C90414628461AF0BAF8B8
S31508000BA0F6E56FF0404919F045FE4D458246B5D049
S31508000BB096F82B1011F004015CD1022230461AF087
S31508000BC04AFF48450C9055D1204619F005FD0546C3
S31508000BD0204619F0E7FC0544CFE71B68394953F866
S31508000BE02B80404618F089FC00283ED14046FFF786
S31508000BF061FC014648B906900A2240461AF02BFFC6
S31508000C000C90C0B20328069905D8D8F82030A269F6
S31508000C109B1A013315E0092240461AF01CFF0C9076
S31508000C2030BB079008F1140027F065F8029B1822DC
S31508000C3003440799404606931AF00DFF069B0C904D
S31508000C40034419220021404606931AF004FF069B26
S31508000C500C901844484508DB1922002140461AF032
S31508000C60FAFE069B0C9003EB00090BF1010B74E7E7
S31508000C70134BE6E76422B8F1805FA2BFC8F17F682C
S31508000C8008F57F2808F6FF780AFB08F3002193FB8E
S31508000C90F2F8204618221AF0DEFE192205460C90B4
S31508000CA0002120461AF0D7FE0C902844A8EB000530
S31508000CB063E7019827F01FF885427FF470AD49E590
S31508000CC0010000E00100040038B50D4D95F86030CC
S31508000CD063B9012385F860301BF070FB044694F86D
S31508000CE02A3013F0040202D185F8602038BD6FF36C
S31508000CF08203204684F82A301AF046F8EFE700BF48
S31508000D00181000202DE9F04F85B00E460746934689
S31508000D109846DDF83890FFF7D7FF1EB938461BF01E
S31508000D2055FB064638461BF051FB824619F086FBF2
S31508000D300190504619F050FC0290304619F07EFB9F
S31508000D400546304619F048FC0446BBF1000F10D1A1
S31508000D50304619F06AFB012874D1304619F05AFD5D
S31508000D60834607F1140026F0C1FFABEB000B5D4488
S31508000D7068E00BF1FF3BBBF1140F2DD801A353F824
S31508000D802BF000BF450E0008250E00085B0D000875
S31508000D901B0F0008330F00086D0F0008950F000899
S31508000DA0B50F0008DF0D0008DD0F0008E90F000881
S31508000DB0151000082D1000083910000865100008E5
S31508000DC07D1000088B100008B7100008D71000081F
S31508000DD0E3100008FD1000080024002532E0304624
S31508000DE019F018FD07F1140B0390584626F07EFFFC
S31508000DF0039B00EBD07003EBD3734010C0EB63008A
S31508000E000544304619F016FD0390584626F073FF40
S31508000E10039B00EBD07003EBD3734010C0EB630069
S31508000E2004440FE0304619F0F5FC834607F1140038
S31508000E3026F05CFF00EBD0700BEBDB7B4010C0EBC1
S31508000E406B00054408F0C043B3F1005F18D16FF09A
S31508000E50604328F0C04B9B4512D006F1140026F0DB
S31508000E6045FF4FF06408BBF1805FA2BFCBF17F6BF3
S31508000E700BF57F2B0BF6FF7B00FB0BFB9BFBF8F8B8
S31508000E8009F0C043B3F1005F18D16FF0604329F051
S31508000E90C04B9B4512D006F1140026F02CFF4FF0EC
S31508000EA06409BBF1805FA2BFCBF17F6B0BF57F2B8B
S31508000EB00BF6FF7B00FB0BFB9BFBF9F9504619F081
S31508000EC0B4FA01287369DAF8142040F024814344FF
S31508000ED05046A3EB020800F0C9F9019B8044A8EB31
S31508000EE00308B36950469944DAF818304544A9EB23
S31508000EF003091AF05CF8029B8144A9EB03093846FA
S31508000F00002201214C441BF0BCF9224629463846EA
S31508000F1005B0BDE8F04F19F0C1BB304619F08AFCA0
S31508000F20834607F1140026F0E6FEABEB000B5C44A3
S31508000F3088E7304619F06EFC07F1140B0390584603
S31508000F4026F0D4FE039B00EBD07003EBD37340105E
S31508000F50C0EB63000544304619F06CFC0390584614
S31508000F6026F0C9FE039B1B1A1C446BE7304619F092
S31508000F7051FC07F1140383461846039326F0B6FE80
S31508000F80ABEB000B304619F055FC039B5D448346DA
S31508000F901846C8E7304619F04DFC834607F1140099
S31508000FA026F0A9FE00EBD0700BEBDB7B4010C0EB04
S31508000FB06B0035E7304619F02DFC07F1140383461C
S31508000FC01846039326F092FEABEB000B304619F059
S31508000FD031FC039B5D4483461846E1E707F114009C
S31508000FE026F089FE4442F8E606F1140026F07EFE55
S31508000FF007F114040546204626F078FE05EBD5735E
S3150800100000EBD0756D10C5EB6305204626F073FE20
S31508001010444217E706F1140026F068FE07F11404A7
S315080010200546204626F062FE2D1AEEE706F1140064
S3150800103026F061FE0446D0E606F11404204626F0A2
S3150800104055FE054607F1140026F050FE05EBD5734C
S3150800105000EBD0756D10C5EB6305204626F04BFEF8
S315080010600446EFE606F11404204626F03FFE054640
S3150800107007F1140026F03AFE2D1AEEE707F11400E0
S3150800108026F034FE45420024DCE607F1140B5846E8
S3150800109026F02CFE454206F1140026F02CFE0446E6
S315080010A0584626F028FE04EBD47300EBD07464107F
S315080010B0C4EB6304C6E607F1140B584626F016FE81
S315080010C0454206F1140026F016FE0446584626F058
S315080010D012FE241AB6E606F1140026F007FE0546A7
S315080010E0D1E706F11404204626F000FE0546204600
S315080010F026F001FE044607F11400D2E706F11404AF
S31508001100204626F0F3FD0546204626F0F4FD044663
S3150800111007F11400DBE798445046A8EB020800F0F4
S315080011204DF8DAE62DE9F34704461BF085F9002564
S315080011300746204EDFF88080BD4223D1204619F0AD
S315080011409AFE8046204619F07CFE1A4B07469E42B8
S315080011501CBF236A1B1A204618BFF61AFFF7D4F9D4
S315080011600546204619F053FBA0EB0800C01B2D1AB4
S31508001170204619F017FF281AB042B8BF304602B009
S31508001180BDE8F087A36841461B6853F825A050467A
S3150800119018F0B3F9014650B919225046DAF82090EA
S315080011A01AF059FC81444E45B8BF4E4601900135A8
S315080011B0C2E700BF010000E0010004002DE9F74F77
S315080011C00021054619F011FE012806D0A86808B1C5
S315080011D08069404203B0BDE8F08F284619F065FEE5
S315080011E08046284619F013FE074628461BF024F9C0
S315080011F06FF0604481460026B1451BD16FF060430D
S315080012009C4218BF6E6928461ABFF619361B154E3A
S31508001210FFF76AF90446284619F0F6FAA0EB080023
S31508001220C01B241A284619F0B8FE2044B042B8BF9D
S315080012303046CFE7AB680C491B6853F826A05046E2
S3150800124018F05BF9014658B91A225046DAF814B074
S315080012501AF001FCABEB000B5C45A8BF5C4601909D
S315080012600136C9E7010000E0010004002DE9F34753
S315080012700021054619F0B9FD012805D1A86800B175
S31508001280806902B0BDE8F08728461BF0D5F800242F
S3150800129007461F4EDFF87C80A74221D1284619F061
S315080012A004FE0746284619F0B2FD194B80469E42B1
S315080012B018BFEB6928461CBFDB1BF61AFFF714F9A3
S315080012C00446284619F0A0FAC01BA0EB0800241A09
S315080012D0284619F062FE201AB042B8BF3046D0E759
S315080012E0AB6841461B6853F824A0504618F005F928
S315080012F0014650B91B225046DAF81C901AF0ABFB8F
S3150800130081444E45B8BF4E4601900134C4E700BF3C
S31508001310010000E00100040038B50D460C490446FA
S3150800132006F0EEFF58B1C06A4042286009492046D7
S3150800133006F0E6FF38B1C06A4042686038BD20460C
S3150800134019F02BFEF1E7204619F02CFEF5E700BF51
S315080013500DB00108F7AF0108F0B597B0164651EA87
S31508001360060204460D465FD0012B5FD100F0F8FC5B
S315080013700746684606F040FF2146684626F0EFF81D
S315080013806846394926F000F935B3384601F08CFB32
S315080013904FF4C872C821401026F09DF801466846E9
S315080013A026F0E1F8204619F0F8FD2A1A4142684667
S315080013B026F0DEF868462D4926F0D3F868462C490B
S315080013C026F0DCF86A460921204618F068FF01284D
S315080013D02AD1684606F02AFF36B3384601F074FB70
S315080013E04FF4C872C821401026F075F801466846C1
S315080013F026F0B9F8204619F0D5FD321A414268465A
S3150800140026F0B6F868461B4926F0ABF86846184930
S3150800141026F0B4F86A460921204618F040FF01284C
S3150800142002D1684606F002FF17B0F0BD114906F072
S3150800143043FF0E49204606F03FFF002209212046B9
S3150800144018F02DFF0128EFD132462946204619F01B
S31508001450B0FD0128E8D100220B21204617B0BDE8CF
S31508001460F04018F01CBF00BFFBAD01080DB0010825
S3150800147019750208F7AF010870B504460D46074905
S31508001480164606F019FF204619F087FD3346411B1C
S3150800149000222046BDE8704019F0C3BD0DB0010812
S315080014A070B504460D460749164606F005FF204660
S315080014B019F078FD3346421B00212046BDE87040EE
S315080014C019F0AFBDF7AF01082DE9F04F89B0804696
S315080014D008460291914603931AF078FF10210646B2
S315080014E018F005F8002800F00681304619F03FFD8F
S315080014F00190304619F04AFD8246002800F09E8089
S31508001500029B03F11407304619F0B5FC0446304631
S3150800151019F097FCB5697B682544ED1A336AF968B2
S31508001520D9F804201B1A5B1AD11A83463046CDE92E
S315080015300623AD1A059119F06AF9DDE90512002DA1
S31508001540079B0490C0F28580002979DB0025BAF153
S31508001550020F00F08980BAF1030F00F08A80BAF111
S31508001560010F03D1B5697B682544ED1A304619F099
S3150800157006FD824610B1029B03F11408304619F0A5
S3150800158046FC0746304619F090FC7469D8F80030D6
S315080015903C44E41AF369D9F80020D8F808101B1A55
S315080015A05B1AA41A8346A2EB03017ED4002974DBD6
S315080015B00024304619F028F9BAF1020F7FD0BAF1A3
S315080015C0030F00F08280BAF1010F04D17469D8F8CC
S315080015D000303C44E41A4949304606F06DFE484955
S315080015E0304606F069FE019BD807019B58BF24EADE
S315080015F0E4749907019B58BF04EAE4745A07019BEF
S3150800160058BF25EAE5751B07039BD9F8042058BF80
S3150800161005EAE575002B6CD0D9F800302344C9F8E3
S3150800162000302B46134421462A463046C9F8043072
S31508001630039B09B0BDE8F04FFFF78EBE474662E749
S31508001640002D83D0304619F0ADFCA842BFF67FAF17
S315080016507CE700297FF77AAF30469D1AFFF762FDCF
S31508001660C5427FF574AF71E7356AFB68A5EB0B05D4
S315080016707BE7049BB2691B1BA3EB0B0303EBD3733A
S315080016801444384604EB630426F035FB7D6800EB0A
S31508001690D07005EB6005651B68E7002C88D03046DE
S315080016A0FFF78CFDA04284DA82E7002980DD304608
S315080016B09C1AFFF7DBFDC4427FF57BAF78E7F46938
S315080016C0D8F80830A4EB0B0484E77369C01BA0EBB9
S315080016D00B0000EBD0701F4407EB6007404626F06E
S315080016E005FBD8F8004000EBD07004EB60043C1B07
S315080016F071E7039B96E709B0BDE8F08FF7AF0108DD
S315080017000DB00108F8B5044615461E4601F47F07D4
S315080017101AF0A2F8012828D08C2D10D8154B5B5D3D
S31508001720DA0716D477B96B1E012B0BD822684AB193
S31508001730012D0CBF9369D369CBB1336015E00E4B0D
S315080017401B6B0BB90020F8BD2B4413F88D3CDB0747
S31508001750F8D507B96468002CF4D033462A462046E3
S31508001760218D1AF079F80128F4D10120EBE71268E7
S31508001770DDE700BF7B430308181000202DE9F84F6A
S31508001780074625480D469046994626F0F8FF044632
S31508001790DFF884B00CB9BDE8F88F4C45FBD021467C
S315080017A0584626F0F3FF23688246BB421CD1A3683D
S315080017B0AB4202D0B5F5702F16D12379434502D036
S315080017C0B8F1FF0F10D100267B8DC3F305139E4297
S315080017D00CD30021204606F06FFD0F48214626F05F
S315080017E08BFF204607F0A2FD5446D3E7FA68F000BF
S315080017F002EBC603D97989070BD5B5F5702F04D046
S315080018005B68C3F317039D4203D12179105827F06B
S31508001810DEFA0136D8E700BF30100020142101484F
S3150800182026F002BF30100020014B83F824007047D1
S31508001830181000202DE9F3475E4B044693F8243030
S315080018400E461546002B00F0838019F09FF92846AE
S3150800185006F040FF00F0040A284606F03BFF00F0B9
S315080018600208284606F036FF00F00109284606F069
S3150800187031FF06F47F0600F01007BAF1000F53D0C7
S31508001880B6F5702F3FD056B30222002120461AF033
S31508001890E2F86FF04047B842019007D001220021D4
S315080018A020461AF0D8F8B842019007D100222F2115
S315080018B0204618F0F4FC204618F034FFFF2D3ED1E0
S315080018C0204618F0AFFC204619F060F9B6F5803FBF
S315080018D03ED0204602B0BDE8F0471AF029B8324695
S315080018E02F21204618F0DBFC204618F01BFFFF2DA1
S315080018F03BD120461AF06AFD98B9002FE0D0204661
S315080019001AF041FADCE700222F21204618F0C7FC1E
S31508001910204618F007FFFF2D204627D11AF056FD5E
S31508001920E8B118F0FFFE25E0B6F5702F13D0002EAB
S31508001930C4D1FF2DDDD00FB320461AF024FAB8F132
S31508001940000F28D1204619F021F9B9F1000F2CD142
S3150800195002B0BDE8F087FF2D0FD12046DEE7002F45
S31508001960AED020461AF00FFAA8E720461AF02EFD48
S315080019700028D6D1002FA1D0F3E747B9B8F1000F58
S3150800198009D1204602B0BDE8F04719F0FFB8204655
S315080019901AF0F9F9F2E7204618F044FC204619F047
S315080019A0F5F8B9F1000FD3D090E7BAF1000F8DD151
S315080019B0CEE700BF181000200021014A1AF048BAE5
S315080019C0FFFF0F002DE9F0410468274825682779AD
S315080019D026F0D2FE0146244E19B96A8DC2F30512C5
S315080019E03DE0A1420BD00A6823689A4207D18A686B
S315080019F0A3689A4203D10A7923799A4231D03046AC
S31508001A0026F0C0FE0146E7E7EB68CE0003EBC1030C
S31508001A10D879800722D55B68A068C3F31703834289
S31508001A201CD12146104826F067FE204607F07EFCAA
S31508001A30EC683946A05927F0CAF9EB6804EB0608A2
S31508001A40985927F067FA60B1D8F804202846A159B2
S31508001A5022F07F42BDE8F0411AF0FAB901318A4214
S31508001A60D2D8BDE8F08100BF3010002070B50D4B0C
S31508001A70064693F8243023B1002001F00BF80446FB
S31508001A8070B970BDD4F8B432304653F825101AF040
S31508001A90D5FA0135D4F8D032AB42F3D82046ECE774
S31508001AA00025F7E7181000202DE9F04399B01E46E7
S31508001AB090F82A30209D43F0080380F82A300285E2
S31508001AC0044691462A7A0F4619F0C5FF26850090E6
S31508001AD0394620462A7A19F0BEFF94F82A308046FD
S31508001AE06FF3C30384F82A30009B0190834205D123
S31508001AF0014626F008FA002840F08380A4F82890CA
S31508001B002A7A3946204619F0A6FF394600902685D6
S31508001B10204619F02AFF009A297A006827F092F9D8
S31508001B2020462A7A6968FFF785FE2B7A0C2B20D186
S31508001B3047F6FF73DDF80090994501D0984518D10E
S31508001B40204618F061FE00EBD0704610204618F0CB
S31508001B505EFE47F6FF7200EBD07391454FEA6303CA
S31508001B6013D19E420BDA731CC845009301D1731C2E
S31508001B700193254826F060FD064658B9FEE75A1C2B
S31508001B80C8450092F5D10133F2E79045F1D19E425E
S31508001B90EDDBF8E7009B0460C360019B03612B7AC9
S31508001BA08760037102A806F027FB314602A825F0D4
S31508001BB0D6FC164902A825F0D4FC154902A825F03A
S31508001BC0DFFC144902A825F0DDFCFF22002102A84B
S31508001BD025F0CEFC298802A825F0C5FC698802A84C
S31508001BE025F0C3FCE96802A825F0C8FC002102A874
S31508001BF025F0D4FC02A8296925F0D7FC02A806F02E
S31508001C0015FB19B0BDE8F08330100020191C000838
S31508001C10F3C10108C5190008F7B50023066804468C
S31508001C20708DC0F3051098423ED9F268DD0002EBCC
S31508001C30C302D779BF0705D55268A768C2F317024A
S31508001C40BA4201D00133EEE7002300932379612BD2
S31508001C5053D04CD8392B29D81B2B3DD901221C3BF4
S31508001C60DBB202FA03F33C4A1A4052BB13F0407F38
S31508001C7032D0FE293FDCE368009300230193F36822
S31508001C802179585901AA27F023F9002854D10127A8
S31508001C90F368009A2179585927F0D4F827B12279A0
S31508001CA0A1682068FFF7C6FD03B0F0BD582B11D810
S31508001CB03C2B11D9294A3D3BDBB222FA03F3DB0759
S31508001CC00AD5002924DCE368ADF800301B0C8DF832
S31508001CD00230D2E75A2BCCD00029CCD0FF290AD023
S31508001CE0D4E903239B1A4B4302EB23220AE0662B13
S31508001CF0BFD0672BEFE72369BEE7D4E90323002AA1
S31508001D00BAD00BB90092B8E77F29D8BF1346B3E714
S31508001D10FE2901DD2369D7E7CAB2D4E9031026F004
S31508001D20E8F9C0F307238DF80000C0F307408DF8E3
S31508001D3001308DF80200A0E7DDE900739F42A6D1C5
S31508001D403946384626F0DFF80028A0D0019BFF1A4E
S31508001D5018BF01279CE700BF810020200101000869
S31508001D6010B54368044613B11AF028FB04460B481D
S31508001D7026F002FD88B10023D0F8D02206E0D0F87C
S31508001D80B41251F82310A14207D001339A42F6D172
S31508001D900146024826F0F6FCECE710BD1C100020B0
S31508001DA0F8B590F82B30044613F010020DD143F025
S31508001DB01003262180F82B3018F071FA30B994F800
S31508001DC02B3060F3041384F82B30F8BDA06810B1EB
S31508001DD0083026F075FA002120461AF0FAFA064667
S31508001DE0A8BB204617F091FB0746304604F070FA68
S31508001DF0054680BB3D4D2146284606F0ADFA01282A
S31508001E00F9D0204617F0D0FD65682046002D53D13D
S31508001E10FFF7A6FF2B460646D0F8D012D0F8B40234
S31508001E208B4203D050F8232094423ED100EB830224
S31508001E3001398B423BD3C6F8D012890007F080FAE5
S31508001E40C6F8B4022046BDE8F84007F06FBA304637
S31508001E50FFF7A6FFBFE7284624F02AFE00F0FD0399
S31508001E60012B14D1AB6E9C4205D0EB6E9C4202D07E
S31508001E702B6F9C4203D1214628461AF090FA6B6FC5
S31508001E809C42AB6F08BF6E679C4208BFAE67D5F829
S31508001E90A8309F4207D104F02BFA844203D1214689
S31508001EA028461AF07CFA2846A0E70133B8E75568B1
S31508001EB0013342F8045BBCE71AF0D6FA83B26268CB
S31508001EC09568298D286801398B4206DB89B22985F0
S31508001ED0890007F035FA2860B4E7013350F8232063
S31508001EE000EB830040F8042C9BB2E8E7F9C401082C
S31508001EF02DE9F04FB3B00C4680460121204617F075
S31508001F00F6FA8146002865D101466022204619F076
S31508001F10A2FDC3B2012B179003935BD9204618F094
S31508001F20A2F9074630B92146404633B0BDE8F04F1E
S31508001F301AF0FBBB204618F071F906460BAD294688
S31508001F40204618F01FFC32463146284625F06DFB20
S31508001F50022F42D195E80F0013AE86E80F004A46D5
S31508001F60314620460DF13C0918F024FD3246484614
S31508001F7008F1180125F073FB60B399E80F0017AE56
S31508001F8086E80F003A463146204618F013FD2A46E1
S31508001F903146304625F063FBE0B196E80F0007AFFF
S31508001FA087E80F0005223846114625F03EFB3846DD
S31508001FB025F0A1FE0190384625F09DFE0290079B6C
S31508001FC01393099B1593089B149316930A9A169BC9
S31508001FD09A422CDC33B0BDE8F08F012FFAD117AF47
S31508001FE02A46384608F1180125F039FB0028F1D0B1
S31508001FF097E80F0007AE86E80F00304625F07BFE0F
S31508002000304625F078FE304625F070FE864B0646AB
S315080020101B6993F83B0025F068FF4FF4C04393FB18
S31508002020F6F393FBF0F29B0801920293C7E7149B21
S315080020300199013B04F1140B0DF14C0A0B4450466F
S3150800204059469342D4BF1693169225F0AFFB002843
S3150800205040F0D1801021149B029A013B13440A9A3E
S315080020609A42D4BF16921693524640461AF070FE0C
S31508002070214681461AF059FB6F220021204619F0A5
S31508002080EAFC70220021179004900746204619F0B2
S31508002090E2FC049B024603F0C041B1F1005F06462C
S315080020A017901AD16FF0604123F0C0438B4214D0C9
S315080020B0B3F1805FA2BFC3F17F6303F57F2303F605
S315080020C0FF73CDE90430584625F010FE049B059AA7
S315080020D003FB00F7642397FBF3F702F0C043B3F161
S315080020E0005F18D122F0C0436FF06042934212D0CD
S315080020F0B3F1805FA2BFC3F17F6303F57F2303F6C5
S31508002100FF735846049325F0F6FD049B03FB00F67F
S31508002110642396FBF3F617A801F08CFD63696E221B
S315080021201F44D9F804300021FF1AA36920461E442B
S31508002130D9F808302797F61A039B28968DF8A83001
S3150800214019F089FC002203460F90B3F5616F63DC32
S31508002150002A08BF034600222293002B60DB02B147
S3150800216022936C220021204619F075FC6D2200216D
S315080021700F902390204619F06EFC712200210F90D3
S315080021802490204619F067FC722200210F902590B2
S31508002190204619F060FC672200210F902690204601
S315080021A019F059FC204B0F901B6900F00F0093F8AB
S315080021B03A307322C3F3000340EA03109DF8A930AE
S315080021C0002123F01F0318438DF8A900204619F0B3
S315080021D042FC2CAE31900F9095E80F0086E80F0070
S315080021E05246404617A9CDF878901BF055F8169B2D
S315080021F001331493EAE600231721204617AA8DF81F
S315080022005C30CDF860A018F04AF89DF85C30002BD9
S315080022107FF420AF122127E70122A3F5616394E733
S31508002220012203F5616398E7181000202DE9F843A9
S3150800223006460D4629B91F4B186900F085FC054668
S3150800224040B130462946FFF753FE28461AF0BEF835
S31508002250044608B9BDE8F88320461AF0EDF80027C9
S315080022608046B946474513D132461C21204618F008
S3150800227016F832461D21204618F011F832461E215E
S31508002280204618F00CF820461AF0A0F82546DFE795
S31508002290A3681B6853F82710B9F1000F06D16B1A0B
S315080022A0D3F1000949EB03090137DBE73046FFF7AD
S315080022B01FFEF9E7181000202DE9FF41754D00F1C2
S315080022C018082F69064698E80F0007F5407484E851
S315080022D00F0038461AF0DAFC10B928691AF0B7F96F
S315080022E02B6993F83B0025F0C7FDA0B16C462F6912
S315080022F007F540730FCB84E80F0097F8393033B9E8
S31508002300D7E9C01220465242494225F09BF9214698
S3150800231030681AF064FE286900F016FC014640464B
S315080023201AF0AFF92B690746D3F8C842A4B90028B2
S3150800233035D1286900F030FC01463046FFF776FFB4
S315080023402B6993F8D422D0072FD4D3F8C842A4B95E
S315080023502B69D3F8C07226E0214640461AF091F957
S315080023602B69044687B90028E3D093F8D422D1070D
S315080023701CD4D3F8C832002BEAD021463046FFF7E2
S3150800238055FF002FE4D00EE093F8D422D2070FD4DD
S31508002390D3F8C8323BB1002808BF1C46EDE793F8CE
S315080023A0D432D80704D439460DE00024D3F8C072D5
S315080023B039463046FFF73AFF2B69D3F8C81229B1D8
S315080023C0002C18BF21463046FFF730FF286900F079
S315080023D0CFFB01463046FFF729FF286900F0D2FBFC
S315080023E001463046FFF722FF2C69D4F8A862B36B82
S315080023F0002B47D120461AF049FC10B128691AF07B
S3150800240026F901232363A26BD10740D5A26B920755
S315080024103DD56363A36A656B13B3336821691E6987
S31508002420D4F8003362690B440093D4F80433204689
S3150800243013440193D4F808330B440293D4F80C33AD
S315080024403A2113446A4603931AF02BFC324669462E
S315080024502046A36A98476A463B2120461AF021FC83
S3150800246020461AF013FC50B194F83930012B00D1EC
S315080024702DB1E369626A9A4208BF236A636204B0AF
S31508002480BDE8F08100F04CFF00F0EAFEAFE700235C
S31508002490BFE700BF18100020014B1869704700BF3E
S315080024A0181000202DE9F04F9DB0002842D0C068D2
S315080024B0C14C2061002800F0E282436A002B00F03C
S315080024C0DE821A69002A00F0DA82DB68002B00F047
S315080024D0D682002236211AF0E4FB2369D3F8C0021B
S315080024E0FEF7F2FB2369D3F8C80208B1FEF7ECFB46
S315080024F02369D3F8C402FEF7E7FB2369D3F8BC02C5
S31508002500FEF7E2FB2369D3F8B802FEF7DDFB236981
S31508002510D3F8C022002A40F0FD80C3F85C2203F0FD
S3150800252015FA00223721A44B18691DB0BDE8F04FF3
S315080025301AF0B7BB00F0A8FABAE7304490F83C5254
S31508002540002D00F0A48001362069D0F85C329E4246
S31508002550F3D390F83930012B42D11AF097FB0028B3
S315080025603ED0206900F5197026F046F9002837D1C3
S3150800257020691AF06CF820694FF00009D0F81C8021
S31508002580D0F824B0C34508BFD0F8208000F08CFAF4
S315080025900390206900F098FA4022049000210CA8C4
S315080025A02DF0D5FB23691FFA89F6D3F85C2203F5CB
S315080025B01970B24200F2B2800023CDE90833039BBA
S315080025C0013B0A93049B013B0B9326F0D5F805467D
S315080025D0002840F0DE80206900F5197026F018F909
S315080025E02069D0F85C3283B3013B039300F50F737F
S315080025F0039A002A80F2E280002303930027002230
S3150800260038211AF04EFB2369DFF8AC9193F838208D
S315080026106FF3000283F8382093F838206FF34102ED
S3150800262083F8382093F83A2042F0020283F83A20D9
S31508002630D9F81060D6F85C329F42C0F2C88096F886
S315080026403A306FF3410386F83A305B4C2069D0F88C
S315080026505C32002B3FF463AF002239211AF021FBCC
S3150800266020691AF013FB002840F0EA8120694FF42C
S31508002670007200213C3027F0E7FB20692022002168
S3150800268000F50F7027F0E0FB0022236945E74FEAC3
S31508002690061A0AF13C092069D0F85C329D42BFF45B
S315080026A052AF431993F83C32002B31D1AE422FD0AA
S315080026B04FEA051B0BF13C0B00EB0B01484425F0D8
S315080026C075F828B321690CA801EB0B02494424F0DC
S315080026D0E8FF0CA824F09FFF03902069484424F0E3
S315080026E09AFF07462069584424F095FF039B074440
S315080026F0BB420DD223690C9903EB0A02D1630D99EB
S315080027002B4411640E9951640F99916483F83C82A5
S315080027100135C0E700264FF0010815E7334493F862
S315080027203C3213B109F101093CE726F025F80546C4
S31508002730360106F13C030593206900F51970002D52
S31508002740F0D0294626F01EF8059B226982461A44CF
S3150800275029460CA825F07BF8431C064617D0002707
S3150800276009E025F084FF84460CAB03EB07130FCB77
S315080027708CE80F00013720697BB29E42294600F596
S315080027801970EEDC25F0B8FF284606F0CFFD554651
S31508002790D2E7294608AA284624F061FF2946584662
S315080027A02B4642461AF064FC2069294600F5197042
S315080027B025F0E8FF0BE700BF18100020039A9A5C83
S315080027C0002A3FF41BAF039A013A039210E7F31964
S315080027D093F83C32002B54D1039BD6F8A8529F425B
S315080027E002BF96F8383043F0010386F8383096F879
S315080027F038306FF3410386F83830736A2B6096F8E1
S315080028003930002B5DD000233046C5E9013300F08E
S315080028104BF90138E860206900F056F9013828615B
S31508002820206900F041F98246206900F04DF900223E
S3150800283001380DF13008114600900AF1FF33404681
S3150800284024F0D9FE236993F83920022A1BD193F87C
S315080028503820284642F0020283F838202B6805F112
S315080028601806198919F046FF98E80F0086E80F0040
S3150800287005F1280698E80F0086E80F002846FFF7B6
S315080028801BFD0137D4E6012AFBD1996B93F8382052
S31508002890284661F3410283F838202B6806EB0716B1
S315080028A0198919F027FF3C3605F1180C96E80F0030
S315080028B08CE80F0005F1280C96E80F008CE80F004D
S315080028C0DCE73B0103F13C08B0444046079325F09A
S315080028D00DFA8246404625F00EFA3B01F318834668
S315080028E0D9F81000D3F84880049300F0EDF8804535
S315080028F03FDBD9F8100000F0E7F800F1FF38D9F807
S315080029001030504693F83B10CDE9051300F0AAFFA6
S315080029100599069B072930D00839C9B202292ED84D
S31508002920584A32F811205B6ADB68A3EB020ABAFB45
S31508002930F0FADA45A8BFDA460023D346CDE90D33C7
S315080029400C933221CDF814B00CAAD9F810000BF16B
S31508002950FF3BCDF83CB01AF0A4F90CA825F0CBF94A
S315080029608245059B0DDABBF1000FEADC4FF0000B40
S315080029700CE0049BD3F84880C1E70822D3E700227D
S31508002980D1E7002BF2DD0F9B03F1010B002106EBCB
S31508002990071306931B6C0BEB030202F1FF3AC245C1
S315080029A00592D9F8102023DD88453FF46AAF0799C8
S315080029B0526A3144C86B0499496CC5E90020C5E9D7
S315080029C00231C5E90603C5E90A03C5E90818C5E9D8
S315080029D00C1828460021C5F8108019F08BFED9F886
S315080029E0102092F8383043F0020382F8383045E771
S315080029F00699526AC86B0499496CC5E90603C5E984
S31508002A000231C5E90A03C5E90020C5E9081A2846BE
S31508002A10C5E90C1AC5F810A0002119F06BFEC245CD
S31508002A2008BFD9F81020284602BF92F8383043F07C
S31508002A30020382F83830FFF73FFC5146059BAAE7A8
S31508002A40236993F83930012B7FF410AE002510E086
S31508002A50431993F83C325BB900F5197025F030FE3E
S31508002A600646236903EB05133C330FCB86E80F00B4
S31508002A7001352069D0F85C32AB42E9D8F6E51DB0DD
S31508002A80BDE8F08F400A0308014B5869704700BF3C
S31508002A90181000200146034809B925F06DBE25F037
S31508002AA071BE00BF1C10002010B9064B586940B112
S31508002AB090F8F03203F00503012B01D14068704706
S31508002AC0006870471810002010B9064B586940B1C5
S31508002AD090F8F03203F00503012B01D10068704726
S31508002AE0406870471810002010B9034B586908B1A0
S31508002AF080697047822070471810002010B9034B70
S31508002B00586910B1C0E907124162704718100020D1
S31508002B1010B9034B586908B180F83910704700BFDF
S31508002B201810002010B9024B586900B1816270472D
S31508002B301810002010B9034B586908B190F83B00EB
S31508002B40704700BF1810002010B9034B586908B128
S31508002B50D0F8C002704700BF1810002010B9034B08
S31508002B60586908B1D0F8C802704700BF181000208D
S31508002B7010B9034B586908B1D0F8BC02704700BFBA
S31508002B801810002010B9034B586908B1D0F8B802DC
S31508002B90704700BF1810002010B9034B586908B1D8
S31508002BA0D0F8C402704700BF181000202DE9F04F76
S31508002BB0AFB006468B46914698469DF8E0A0FFF7CB
S31508002BC0CFF8D0F8C0520446AE4200F0D080D0F814
S31508002BD0CC02B04200F0CB80C8B1A84217D0002181
S31508002BE005F06AFB0022D4F8CC02114617F056FD10
S31508002BF000225F21D4F8CC0219F0D1FAD4F8C032F9
S31508002C00D4F8CC52C4F8C832284619F0AFFFD4F825
S31508002C10C802C4F8CC6228B194F8D4329B0701D50F
S31508002C2019F037FCABF10A02042A8CBF00220122F4
S31508002C30002794F8D432394662F300036AF3410355
S31508002C4084F8D4323046C4F8C87205F035FB49EA30
S31508002C50080301938DB92A462946304617F01EFD0A
S31508002C602A465F21304619F09AFA019B5BBB30462B
S31508002C702FB0BDE8F04F19F079BF3946284605F060
S31508002C801BFB3A463946304617F008FD3A463946A0
S31508002C90284617F003FD3A465F21304619F07FFAB9
S31508002CA03A465F21284619F07AFA019B5BB9304605
S31508002CB019F05CFFBAF1000F59D028462FB0BDE8CD
S31508002CC0F04F19F0E6BB02A805F096FA314602A8BD
S31508002CD024F045FC02A8664924F052FC02A865497E
S31508002CE024F050FC494602A824F03DFC414602A8BF
S31508002CF024F03BFC18A805F07FFA294618A824F00A
S31508002D002EFC494618A824F02EFC414618A824F0A3
S31508002D102CFCBBF10E0F1CD8DFE80BF0080F2C3685
S31508002D203E465C7185999F52687D9100524902A87A
S31508002D3024F017FC0022002108E002A84E4924F0DE
S31508002D4010FC2046FFF7B0FE0146002202A824F038
S31508002D500FFC002D00F0898000222A21284617F052
S31508002D609EFA02A805F062FA18A805F05FFA2FB0D5
S31508002D70BDE8F08F02A8404924F0F3FB2046FFF790
S31508002D8093FE00224142E1E702A83C4924F0E9FB10
S31508002D902046FFF799FED7E702A8384924F0E1FB59
S31508002DA02046FFF791FEECE7334902A824F0D9FB49
S31508002DB02046FFF779FE0022014602A824F0D8FB38
S31508002DC018A82D4924F0CDFB2046FFF76DFE424298
S31508002DD0002148E0284902A824F0C3FB2046FFF753
S31508002DE063FE0022414202A824F0C2FB18A8224929
S31508002DF024F0B7FB2046FFF757FE0246E8E71F49CF
S31508002E0002A824F0AEFB2046FFF75EFE002201462C
S31508002E1002A824F0ADFB18A8184924F0A2FB204606
S31508002E20FFF752FED3E7154902A824F09AFB20467D
S31508002E30FFF74AFE0022414202A824F099FB18A88F
S31508002E400E4924F08EFB2046FFF73EFED5E70C49D7
S31508002E5002A824F086FBFF226DE7094918A824F08A
S31508002E6080FB0022FF2118A871E702A87DE700BFB2
S31508002E70D7CA0108FDCA010869CB010865CB010854
S31508002E805DCB0108F0B585B0064666480D4625F0C7
S31508002E90D3FB044600B9FEE700214FF4647226F01E
S31508002EA0D3FF4FF0FF33C4E902330023C4E90433E8
S31508002EB08223A361638F4C2003F0FE0343F49053EF
S31508002EC043F00103C4E90065638706F01DFA01466D
S31508002ED0C4F8A80200B9FEE7D4F8AC320BB1204614
S31508002EE098470022D4F8A832013EC3E90122013DE1
S31508002EF0DE601D6194F83B204B4E1A750123C4F819
S31508002F00603208F08BFD1021C4F8FC0204F5197034
S31508002F1025F08AFB2246212144487569746105F02B
S31508002F2005FDC4F8F80200B9FEE707F047F90746B9
S31508002F30002874D1052005F0F9FAC0F30723C0F379
S31508002F4007428DF8080038468DF809308DF80A20B2
S31508002F5005F0ECFAC0F30723C0F307428DF80D30ED
S31508002F60334B8DF80C008DF80E2000932046DDE9D2
S31508002F7002123B4607F02CF9C4F8F4020020FDF7CC
S31508002F80E1F9C4F8C4020020FDF7DCF9C4F8C00270
S31508002F900020FDF7D7F9C4F8BC020020FDF7D2F9E6
S31508002FA0002D08BF2546C4F8B802D4F8C402FEF7B7
S31508002FB003FDD4F8BC02FEF7FFFCD4F8B802FEF70E
S31508002FC0FBFCD4F8BC02022116F030FAD4F8B80299
S31508002FD0022116F02BFAD4F8C402002117F07FFF5D
S31508002FE0D4F8BC02002117F07AFF0021D4F8B80201
S31508002FF017F075FFD4F8C00217F0C8FD0023352274
S315080030000C492046756119F046FED4F8F80226F0F8
S3150800301015FB204605F050FE204605B0F0BD08F029
S31508003020E7FCA9E71C10002018100020A5240008BA
S315080030309C0A0308B3CA010810B9094B586970B14C
S31508003040D0F8A83280F83B101975C36903B15970D6
S31508003050036A03B159700022342119F022BE704761
S315080030601810002010B5044610B9114B5C69F4B16C
S31508003070D4F8D032C4F8F412042B18D1D4F8B432E8
S31508003080186819F0D9F990B9D4F8B432586819F013
S31508003090D3F960B9D4F8B432986819F0CDF930B9D3
S315080030A0D4F8B432BDE81040186827F034BA10BD19
S315080030B01810002008B9024B5869D0F8F402704776
S315080030C01810002010B9074B586948B100290CBFE1
S315080030D04FF0FF320122D0F860321344C0F8603254
S315080030E0704700BF1810002010B9054B586928B161
S315080030F0D0F860020028D4BF00200120704700BF26
S315080031001810002010B9034B586908B1D0F8F80216
S31508003110704700BF1810002008B506F0F5F8064BF2
S31508003120D3F82821D3F8241101320160C3F8240109
S31508003130C3F8282108BD00BF181000202DE9F84360
S315080031404FF0000807460D468C6BF4B9EB6B002B65
S3150800315074D095F84420002A70D0AA6B002A6DD145
S315080031609B6B73B11A79062A66D19A6C002A63D1C9
S31508003170DA6CD269AA425FD101229A64374BC3F846
S31508003180302100263046BDE8F883A36CD4F80090B9
S31508003190032B49D1B8F1000F49D0C8F8009023791C
S315080031A0062B2CD1E36CDE693368B3B1301D24F0ED
S315080031B0A2FD31680B894343B3F5806F38BF0123FD
S315080031C0264828BF9B0AD0F82C21D21AC0F82C21F1
S315080031D0084619F0F0FE0023336087B1D7F8A83205
S315080031E023B11A6CB24225D1326C1A64D7F8B032C0
S315080031F013B1314638469847304606F097F82046C8
S315080032001AF069F9064640B190F84C305B0604D5C9
S31508003210C06906F08BF80023F361E06C06F086F8C7
S31508003220204606F083F84446A0464C468DE7C5F886
S315080032303890B4E71346D3E71B6892E70026074B96
S31508003240D3F82441002C9DD02046E36829469847A8
S31508003250013018BF01262468F4E700BF18100020C3
S315080032602DE9F0410020FFF715FC002604464FF033
S3150800327001080C4F0CB9BDE8F081D4F8A8523DB945
S315080032800EB9C7F830812046FFF704FC0446F1E77B
S3150800329029462046FFF752FF2D6C002818BF064620
S315080032A0EDE700BF18100020F8B51C4DCE6C95F858
S315080032B038710C46306117BB306870B14FF4002185
S315080032C016F015F948B1012322461F21306885F802
S315080032D0383116F0E4FF85F838714FF4C843A4F87E
S315080032E05030D5F824511DB9BDE8F840FFF7B8BFEE
S315080032F02B6913B12146284698472D68F3E74FF402
S31508003300C843A1F85030D5F8245105B9F8BD2B6942
S3150800331013B12146284698472D68F6E7181000206D
S31508003320044BD3F8302102B9FEE70022C3F8302156
S31508003330704700BF181000200122024BC3F8302145
S31508003340704700BF181000202DE9FF412E4B064696
S31508003350D3F828310D46012B1746846B14D803225F
S315080033606CB1A36C012B07D194F8503023B1BB4242
S3150800337002D0A2642468F3E7A36C012B00D00024D2
S31508003380204604B0BDE8F081F4B9002D38D1B56BFC
S31508003390002DF4D0AB6C012B32D195F850300BB11F
S315080033A0BB422DD1B46B05F118085CB3A542E7D032
S315080033B0A36C032B06D04246684604F1180124F094
S315080033C04EF9E8B92468F0E7FFF766F8FFF76CFBF3
S315080033D00446FFF761F8FFF777FBB36B9A6C012A8F
S315080033E0D3D09A68002AD0DC1A69013CA242CCDB09
S315080033F0DA68002AC9DC5B6901388342C5DBBEE7A7
S315080034002D68C5E72C46BBE7181000202DE9F041CA
S31508003410D0F800800446B8F1000F03D0D8F81000A1
S31508003420BDE8F081051D284624F060FC06462846BE
S3150800343024F061FC217D0746304600F013FA434626
S31508003440394607FB00F5227D304600F071FA206008
S315080034500028E5D0B5F5806F38BF0125094A28BF91
S31508003460AD0AD2F82C312B44C2F82C31207D24F039
S3150800347003FD18B10021206819F0B1FD2368186909
S31508003480CEE700BF181000202DE9F04F85B098460A
S31508003490DDE90E43164608F5B472A24281468A460D
S315080034A09DF84070119D0AD1A9EB06032B60AAEB83
S315080034B006036B6006EB0903AB60564469E1B8F591
S315080034C0B47FC8BFA8F5B478B4F5B47FC8BFA4F56F
S315080034D0B474A6EB030B1FB103EBD3735B105F1C2D
S315080034E05A2398FBF3F294FBF3F3D2B2042ADBB225
S315080034F029D1042B5FD1A045D6DC08F15A0000B2C9
S3150800350004F0D2FF0BFB00F009EBE030C01B28608B
S315080035100FFA88F004F0C8FF70430AEBE030C01BCE
S31508003520686004F15A0000B204F0BEFF704309EB6C
S31508003530E0303844A86020B204F0B6FF0BFB00F078
S315080035400AEBE03034E0042B67D1032AD3D0022AF1
S31508003550AAD108F15A0000B204F0A6FF704309EB9D
S31508003560E030C01BAAEB0603DB1B286004F15A00F7
S315080035706B6000B204F098FF704309EBE030384402
S3150800358024B2A860204604F08FFF0FFA88F80BFBD8
S3150800359000F6404604F088FF0BFB00F08642CCBFDD
S315080035A02046404604F080FF0BFB00F0C013504451
S315080035B03844E8606BE0032B9DD0002B7FF474AF92
S315080035C004F15A0212B21046039204F06DFF08F194
S315080035D05A031BB202901846019304F065FF02993C
S315080035E0019B8142B6BF039A1846104604F05CFF59
S315080035F00BFB00F009EBE030C01B28600FFA88F0DF
S3150800360004F052FF7043B1440AEBE030C01B09EBEB
S3150800361007036860AB6020B2EBE09A4240F0868010
S31508003620A04500F38380032A31D801A353F822F07A
S315080036304136000895360008DD360008FB340008D8
S315080036400FFA88F004F030FF0BFB00F00AEBE030CD
S31508003650C01B686008F15A0000B204F025FF7043E9
S3150800366009EBE0303844A86020B204F01DFF70432F
S315080036700AEBE0303844E86004F15A0000B204F07E
S3150800368013FF0BFB00F009EBE030C01B286005B008
S31508003690BDE8F08F0FFA88F004F006FF70430AEBD6
S315080036A0E0303844E86008F15A0000B204F0FCFE45
S315080036B00BFB00F009EBE0303844A86020B204F0B8
S315080036C0F3FE0BFB00F00AEBE030C01B686004F168
S315080036D05A0000B204F0E8FE7043D4E708F15A0035
S315080036E000B204F0E1FE704309EBE030C01B28602D
S315080036F00FFA88F004F0D8FE0BFB00F00AEBE03076
S315080037003844E86020B204F0CFFE70430AEBE0309C
S31508003710C01B686004F15A0000B204F0C5FE0BFB3A
S3150800372000F009EBE0303844A860B0E79ABB012BFB
S315080037307FF4BAAE04F15A0000B204F0B5FE704345
S3150800374009EBE030C01B24B22860204604F0ACFE2A
S315080037500FFA88F302901846019304F0A5FE029A20
S31508003760019B8242B4BF2046184604F09DFE0BFB1F
S3150800377000F00AEBE030C01B686008F15A0000B29E
S3150800378004F092FE704309EBE03038445644A860D2
S315080037903E44EE607BE7012A2FD1022B7FF484AEEC
S315080037A0A9EB0603DB1B2B6020B204F07DFE7043F9
S315080037B008F15A030AEBE0301BB2C01B68601846D2
S315080037C0029304F071FE5A3424B20190204604F0A4
S315080037D06BFE019A8242CABF029B2046184604F035
S315080037E063FE0BFB00F009EBE0303844A8600FFAE3
S315080037F088F004F059FE7043A2E6022A01D1032B91
S31508003800A6E6032A7FF450AED7E600BF10B50446F5
S315080038101822002126F018FB054B2360054B636030
S31508003820054BA3600023C4E90333044B636110BD51
S3150800383061CE01085DCE010841CE01084BCE0108D4
S3150800384010B5074C2046FFF7E1FF04F11800FFF713
S31508003850DDFF04F13000BDE81040FFF7D7BF00BF19
S31508003860E01000200A460146014819F0FCBA00BFDC
S31508003870E010002038B50D4614461BB91146FFF76F
S31508003880F1FF0346142C05FB03F003D15B0805FB87
S31508003890030038BD073CE4B2032CFAD80EBF4FF438
S315080038A08063024B1B5D1844F3E700BF500A030808
S315080038B00A460146014819F0DEBA00BFE0100020AA
S315080038C02DE9F0478A46DDE9085791461E46044623
S315080038D0DDF8288000B9FEE71C22002126F0B4FA9C
S315080038E025B931465046FFF7BDFF054605FB09F3E6
S315080038F0984518D366702368314603F47F4343F02E
S3150800390019032360094B3846C4E90477A4F804A0D0
S31508003910A4F806902581A361C4F80C80FFF7C8FFB8
S315080039200120BDE8F0870020FBE700BFE01000207B
S3150800393007B5009313460A460146034819F0BEFA2E
S3150800394003B05DF804FB00BFE010002070B50E461A
S31508003950034600B9FEE704694078072813D0A0F1AA
S315080039600801C9B2022910D8094D35F811501B892A
S3150800397002FB03552C4426B104F01CFD704304EBEE
S31508003980D004204670BD0825F1E70025EFE700BF03
S315080039904A0A03082DE9F0470D46044600B9FEE732
S315080039A0036903B9FEE7438886889B06B0F8068054
S315080039B002D40020BDE8F08721B941783046FFF7E8
S315080039C051FF05462389AB422DD0607804F0F2FCFE
S315080039D070430730B5EBD00F4FEAD009E9D32B4631
S315080039E0414630466278FFF745FFE3688342E0D3F5
S315080039F06378072B19D0083BDBB2022B17D81A4A73
S31508003A0032F8133027892669AF421DD24FF0000AD3
S31508003A1008F1FF3202FB073705FB023337441E4421
S31508003A20C24506D325810120C4E70823EAE7002317
S31508003A30E8E7394630464A4626F032FA2389761BA5
S31508003A40FF1A0AF1010AEBE71E44B246002747456A
S31508003A50E8D2314650464A4626F022FA2389AA4435
S31508003A601E440137F3E700BF4A0A03082DE9F74F5A
S31508003A70044600B9FEE7408810F0010571D110F040
S31508003A80200014D06378DA1FD2B2032A17D80CBFE5
S31508003A904FF48073344B256918BF9B5605EB830694
S31508003AA0AE4207D10120638843F00103638003B067
S31508003AB0BDE8F08F284624F07CFA0435F0E7102B91
S31508003AC014D1B4F80680B4F80490B4F808A02769AD
S31508003AD04545E7D2002602E024F06BFA01364E454A
S31508003AE007EB8600F8D357440135F1E7142B1DD1AF
S31508003AF0B4F80890B4F806A02769B4F804B009FB2E
S31508003B000A784FEA59035545CCD2002606E018F83C
S31508003B100610019324F064FA019B01365E4507EB13
S31508003B204600F4D34F4498440135ECE7132BB9D13A
S31508003B30B4F80690B4F804A0B4F808B027694D455F
S31508003B40B0D23E464FF0000806E03046B17824F081
S31508003B5047FA033608F10108D045F6D35F44013524
S31508003B60EDE70020A3E700BF460A03082DE9F04F5A
S31508003B7097B015461C468B6C8246ADF80C301B0C6C
S31508003B808DF80E30136B526B0493BDF814308846CB
S31508003B9062F30803ADF81430EB6ADDF8809083B160
S31508003BA01CB12268224B9A420BD1219B2A46CDE9A9
S31508003BB0009341465046229C03ABA04717B0BDE888
S31508003BC0F08F219B06AE0FCB86E80F00D9E90012CD
S31508003BD030465242494223F035FD04B90AAC144B2B
S31508003BE00EAEC4E90033C4E902330DF1480B224690
S31508003BF006A9284619F0C8FF074694E80F0086E884
S31508003C000F00D9E90012304623F01CFD012FD5D14B
S31508003C1032465846219923F022FD0028E7D02A4645
S31508003C2041465046CDE9006B229F03ABB847DEE715
S31508003C30010000E010B56C220021044626F004F9C4
S31508003C4024F09DF9C0F3072384F849304FF48073B4
S31508003C50C4E90C33B4F84C3084F8480043F487536D
S31508003C6043F01F03A4F84C30044BC0F30740E36548
S31508003C706C2384F84A00636110BD00BF010000E0B0
S31508003C802DE9F04FA9B00E461546069005939BB34D
S31508003C900022C96915A800F04BFC01282CD106F1B1
S31508003CA0540A5046B78CB6F8269024F01FF809AC8B
S31508003CB00028ACBF9AE80F0095E80F0084E80F00CB
S31508003CC03946204623F09DFC4946204623F09EFCB3
S31508003CD0DDF824A01D4B0DF134080FCB88E80F0042
S31508003CE007EB0A030DF1440B0793EB680A9A9A420D
S31508003CF01BDD15A819F056FF29B0BDE8F08F2A4636
S31508003D002146584623F0ABFC48B1059B3146CDE920
S31508003D1001B306984346009415AAFFF727FF099BA7
S31508003D203B4409930B9B3B440B93AB68099A9A4215
S31508003D30E5DD0A9BCDF824A04B440A930C9B4B4423
S31508003D400C93079B013B0B93CFE700BF540A03086C
S31508003D5010B554220021044626F076F8FF2384F88D
S31508003D60483024F00CF9C0F3072384F82D30154B9E
S31508003D7084F82C0023624FF6FF73C0F30740C4E9AA
S31508003D80093384F82E0024F0FAF8C0F3072384F8E0
S31508003D902F00C0F3074084F8303084F8310005203E
S31508003DA004F0C4FBC0F3072384F83330002384F8F7
S31508003DB04930542384F83200C0F3074084F83400AD
S31508003DC0636110BD9C0A03082DE9F04FBBB090460D
S31508003DD081460C460D6A8268414615A80B9323F066
S31508003DE03EFC002800F0CB8094F84A30E16908933D
S31508003DF094F84B30D80700F1C580404623F076FF8B
S31508003E000990284622F03CFED8E90012A36B8246A8
S31508003E10C31813A80A9323F07DFF236C1499626CC8
S31508003E200F93236D1144149113B1002A00F0B88042
S31508003E30002304934FF0000B94F84B30E069049E7E
S31508003E400193CDF800B0099B2946E26B304404F093
S31508003E5059FC049BC718D9F80820149B5268534488
S31508003E609342C0F2B980089B022B40F0DA80E069E1
S31508003E700499049EE36B2A46791A304425F04AFBD6
S31508003E808246404623F032FF139BA0EB0A0000EB64
S31508003E90D07003EB60031393636A27A80593A36A9C
S31508003EA00693DDE90532934288BFCDE9052319F06B
S31508003EB018FB94F848302EA88DF8B33019AB2A931E
S31508003EC0E36AADF8B0301B0C8DF8B23019F0C5FBBB
S31508003ED094F848308DF8D83095F91630002B08BF7D
S31508003EE001230793E369049A9A180E92049A9B5C35
S31508003EF0002B40D0139B0F9AD3180C9313930023CF
S31508003F001093049BFB1A0D9310990D9B8B4200F29C
S31508003F109E8094F84B30E06901930023009329466C
S31508003F20099BE26B384404F0EDFBD8F800300146F3
S31508003F301393089B07EB000A022B40F0BA81E0694D
S31508003F40E36B2A46384425F0E5FA0646404623F050
S31508003F50CDFE139B801B00EBD07003EB600313931D
S31508003F60149B0A9A04971344D9F808201493D26824
S31508003F70934240F3B0812D98002840F0AE813BB0C3
S31508003F80BDE8F08F02936FF060430193A36B2EA8F0
S31508003F900093E36B226A25F0E9FA2E9B099330E732
S31508003FA0D8F804000028BFF643AF9A68121A0A9890
S31508003FB0002AB8BF5242C0F50070B2EB400FC4BF2A
S31508003FC04FF0FF321A601E68002EFFF631AF5B68AD
S31508003FD004960B4414932DE794F84B30E069CDE929
S31508003FE000B32946099BE26B384404F08BFB149B0B
S31508003FF00A9A38441344226D14935AB113F5806F04
S3150800400008DB11680029BFBFD8F8041017605B1ACF
S31508004010C2E90131E3690497DB5D002BAFD007469F
S3150800402019E7089B032B7FF437AFE0690499049ED0
S31508004030E36B2A46791A304425F06CFA82464046E4
S3150800404023F054FE139BA0EB0A00034423E74FF624
S31508004050FF72059B934200F0D980069B934200F0BD
S31508004060D580049A9E4BE0691B681144984783469D
S3150800407010AB0E9812AA11A925F03BFADDE9111228
S31508004080284622F0C8FC149B0A99139A5918013934
S31508004090824619921C91024410990D98013A814260
S315080040A01A931B924AD394F84C10C9071BD523922E
S315080040B0EA680C9913442A6921919B1A95F91520E7
S315080040C000219B1A079A22931344013BA28D24933D
S315080040D094F82E30ADF8D9208DF8DB3048460B9E83
S315080040E021AB2EAAB04794F84C309B0726D50C9BDB
S315080040F000212193139B48465344013B2393D5E95A
S3150800410003329B1A03225B0093FBF2F3149A0B9E6D
S31508004110134495F9162002EBD27203EB6203079A51
S3150800412022931344013BA28D249394F82E30ADF8C4
S31508004130D9208DF8DB302EAA21ABB0474FF6FF7297
S31508004140059B934265D0069B934262D0059B5B45CF
S315080041505FD8069B5B455CD994F83130B4F82F20BC
S315080041608DF8B230638EADF8B020ADF8D93094F83A
S31508004170343000218DF8DB3048460B9E19AB2EAA49
S31508004180B0471199084619F07CF9834600284FD1A3
S315080041900A46034621A9284622F0F4FBBDF88C20DE
S315080041A0002A45D0BDF88A30002B41D01398BDF9B6
S315080041B08E1001440B44013B1D911F93D5E9033131
S315080041C05B1A14991DA80B44BDF990109B1A5B1A2B
S315080041D01A44013A2092D9F808105A461E9323F039
S315080041E0A9FBE8B9219868BB1DAB299300230DF1FB
S315080041F0840B8DF8A0001A4648460B9ECDF8ACB045
S3150800420027A9B047584622F0B6FB11E04FF0000B3D
S315080042102EE7E36AADF8B0301B0C8DF8B230B0E784
S315080042205A46D9F808102A9823F084FB0028D9D0D2
S31508004230BAF1000F3FF468AEE36B9A44139B5344FC
S31508004240139361E69DF89230013B072B2FD8002384
S3150800425000210093BDF88A20BDF88C302D9818F0FF
S3150800426087FE0146D0B92D9808B118F0A4FEBDF80E
S315080042708C20BDF88A101B4801FB02F33F2B4FF038
S31508004280000398BF520000930E2318F017FE01464C
S3150800429000B9FEE7BDF88C30C3802D9021A822F026
S315080042A065FB279000289FD09DF892009CE7002187
S315080042B0F4E7089B032B7FF453AEE069E36B2A46C9
S315080042C0384425F027F90646404623F00FFD139B90
S315080042D0801B034443E6574604E618F06CFE4EE698
S315080042E018440308F810002038B570220021044647
S315080042F025F0AAFD23F035FEC0F3072384F8210034
S31508004300C0F3074084F8223084F8230023F029FEFE
S31508004310C0F3072384F82400C0F3074084F8253047
S3150800432084F8260023F02BFEC0F30723FF2584F824
S315080043302A30022384F82900C0F3074084F82E3077
S3150800434084F82B0084F82D5023F019FEC0F30723B8
S3150800435084F83E00C0F3074084F83F3084F84000F4
S3150800436023F00DFEC0F3072384F85A300E4B84F869
S3150800437059006363B4F84830C0F3074023F4FF5389
S3150800438023F01F036FEA13336FEA033384F82050D0
S3150800439084F83B5084F8585084F86C50A4F8483098
S315080043A084F85B0038BD00BF9C0A03082DE9F04F6E
S315080043B087B00D4606460C220021284625F044FD06
S315080043C096F81080D6F80C90B8F1000F18D1D9F8E5
S315080043D01030002B44D003F0C5FD0746494824F0A9
S315080043E0CBF90446DFF81CB106F1140A002C3CD1BF
S315080043F0B8F1010F34D106F1140023F086FF2FE03F
S3150800440003F0B0FD074600B3B8F1010FE6D1DFF8B7
S31508004410F8B000226946DBF820018DF80480CDF853
S31508004420009022F08FFD824690B122F011FE0346DD
S3150800443000F1080207CA85E80700002251465C69B0
S31508004440DBF8200122F0A0FD0BE0B8F1010FC5D181
S315080044500222494606F1140024F08DF80028BDD042
S315080044600024204607B0BDE8F08F2368002B3FD014
S315080044706368002B3CD000225046114624F042F8CF
S315080044802A463146204623689847012830D12B8989
S315080044900BB3B8F1010FE4D1504623F036FF002FD5
S315080044A0DFD0012348468DF8043025F035FD00900D
S315080044B095E80700144D02AB059483E807006946A2
S315080044C00022D5F8200122F084FD0146B0B90098F3
S315080044D004F02CFFC4E76878AE88142802D1760069
S315080044E02E81D6E703F066FF46430736F608F7E758
S315080044F02146584624F046F9044677E70022D5F8BF
S3150800450020019FE7281100201810002038B505461D
S315080045100C460648182124F087F8284603F0BEFC06
S315080045202046BDE8384003F0EFBC00BF2811002044
S3150800453070B586B00E46154600214C22044625F075
S3150800454083FC16B9002006B070BD3046E66018F048
S315080045501DFE207403F0D0FC002836D0224BD3F879
S315080045601C012064EDB1AB78DBB1204604F12001D3
S31508004570FFF71CFF034620600028E3D02868606028
S315080045802A7922725A68214618469047227A002AC2
S31508004590D9D00128D7D1E06AA8B1002118F073FC58
S315080045A011E0237C00228DF80830E3686946019300
S315080045B022F0C8FC064640B122F04AFDC368E36211
S315080045C00369666423600120BDE7204604F12001E3
S315080045D0FFF7ECFE034620600028B3D0002DCDD1AE
S315080045E065602572CEE700BF1810002010B5064892
S315080045F024F022F8044600B9FEE71822002125F027
S3150800460023FC204610BD00BF281100202DE9F041EB
S315080046101F460D4B06469046D3F81C01002222F091
S31508004620D8FC054668B122F013FD037A0446012B2F
S31508004630C0F80C8003D1406825F06EFC6060C4E9C0
S3150800464004672846BDE8F0811810002073B50646B1
S315080046500D46002941D00379CBB92C467379002B36
S315080046603CD06078A0F10B03032B37D923F004FC68
S31508004670A0B30121204618F070FD78BB2021204602
S3150800468018F06BFD10B32046FFF7F0F926E04978DD
S315080046901429E2D0A888FFF7E5F82B890446834257
S315080046A0DBD001462846FFF775F90128D5D00094D6
S315080046B06B78EA88A9880B4818F000FC044660B1B4
S315080046C000232A46194618F0D3FCC7E721460548B1
S315080046D018F033FC04460028D6D10024204602B040
S315080046E070BD00BF10110020F0B597B00B7D0646CF
S315080046F0022B0C4667D98B6913B10B7F002B62D04E
S3150800470001AD2846B268216822F0A9FF00285AD0D0
S31508004710766833681F896368002B6DD1284623F0B5
S31508004720E5FA0690284623F0E6FA237DB4F8152024
S315080047308DF82F30E37DCDE907078DF82E30A36974
S31508004740ADF82C201BB1227F012A08BF00230CAF2D
S31508004750099395E80F0087E80F00D6E90112384655
S315080047605242494222F06EFFD6E90132029930469A
S315080047708A1A0199C91A18F01BFB099B05908BB177
S31508004780606A10B9206A23F0B1FA216A029B4A6866
S3150800479009689A1A019B0A905B1A00FB0233099A68
S315080047A01A440992337D063B0F2B0CD8DFE803F039
S315080047B018200B0B0B0B0B0B0B110D16080B0B1CF8
S315080047C005A81CF0D7FD17B0F0BD05A81AF0B9FA70
S315080047D0F9E7032105A81DF082FEF4E70421F9E7AD
S315080047E005A81CF052F9EEE705A819F077FBEAE7E9
S315080047F005A81BF0AEF9E6E729462846226922F005
S315080048002EFF0028DFD0226A002A73D1284623F01B
S315080048106DFA0690284623F06EFA237DCDE9070740
S315080048208DF8353094F82830207B8DF83630A3681B
S3150800483067680C938DF8340003F0BCFD2169029B70
S315080048404A6809689A1A019B5B1A43430C99DB0864
S3150800485001FB02331F44A3690B97002B51D10EAFFE
S31508004860099395E80F0087E80F00D6E90112384644
S315080048705242494222F0E6FE236912AC0FCB84E885
S315080048800F00D6E9011220465242494222F0DAFECA
S31508004890D6E90132029930468A1A0199C91A18F0DE
S315080048A087FA0590337D063B0F2B8CD801A252F868
S315080048B023F000BF5149000861490008C7470008AE
S315080048C0C7470008C7470008C7470008C747000882
S315080048D0C7470008C7470008434900083B4900087E
S315080048E04D49000833490008C747000833490008FE
S315080048F0594900082946284622F0B1FE002885D1E4
S3150800490061E7227F012A12D0606A099310B9206AEA
S3150800491023F0ECF9216A029B4A6809689A1A019BF6
S315080049200A905B1A00FB0232099B134497E700239F
S3150800493095E705A81CF068FE45E705A81AF0D1FA20
S3150800494041E7032105A81DF09AFE3CE70421F9E793
S3150800495005A81CF03BF936E705A819F09AFB32E7DB
S3150800496005A81BF0D9F92EE7044BC20003EA002379
S3150800497002F4FC6243EAD0001043704700F8FFFFD8
S3150800498030B5034608466AB1FF2A4FEAD3010AD171
S31508004990A2F6FF0202EA0322DB0003F4FC631343D8
S315080049A0194488B230BDD4439B0813FB02F311FBAC
S315080049B002F1E4B2C0F3451504FB0533C50A04FB4E
S315080049C0051500F01F0004FB0011054ADB1003F46F
S315080049D0FC6302EAC502134303EB112398B2E1E72D
S315080049E000F8FFFF70B5044608467AB12178FF2A19
S315080049F0A57863784FEAD10109D11448DB0000EAAB
S31508004A00052003F4FC631843084480B270BDD44300
S31508004A109B0813FB02F3E4B2C0F3451604FB063306
S31508004A20EE08C50A654306FB025512FB01F200F0C3
S31508004A301F0004FB0022054EDB1003F4FC6306EAA4
S31508004A40C5052B4303EB122398B2DFE700F8FFFFF7
S31508004A502DE9F04F89B0436890F822700193836876
S31508004A6082460293C3688946039390F82180D0E969
S31508004A70065306680493D0E904430793002F40F0D1
S31508004A802281002C3ED1B8F1FC0F26D8029B9C420D
S31508004A9080F21B81AA460027A6F1020B29E0577867
S31508004AA09378FF0007F4FC6700EA03233B43177873
S31508004AB04A4403EBD70326F811300131019B99428A
S31508004AC0EDDB039B01341E44049B1D44029B9C4260
S31508004AD080F2FB802A460021F0E77D48F6E750463B
S31508004AE03BF8021F4246FFF77DFF0137ABF800008F
S31508004AF0CA44019B9F42F2DB039B01341E44049B7C
S31508004B001D44C3E7B8F1FC0F1ED8029B9F4280F2F2
S31508004B10DC80AB464FF0000AB31E2FE014F80820DD
S31508004B2050463BF8021FFFF75DFF08F10108ABF896
S31508004B300000CA44019B9845F0DB039B01371E44DD
S31508004B40049B1D44079B1C44029B9F4280F2BD8028
S31508004B50AA464FF00008A6F1020BEBE714F80A2064
S31508004B6033F8021F12FB08F25846120A0593FFF79C
S31508004B7039FF059B0AF1010A1880CB44019A924530
S31508004B80ECDB039B01371E44049B1D44079B1C4416
S31508004B90BBE79AF82230022B4BD0032B6AD0012BA5
S31508004BA040F093807B789BF80220DB0803EBD20366
S31508004BB01F2BA8BF1F23D8023B889BF80120C3F3ED
S31508004BC0451303EB92033F2BA8BF3F2380B200EBAC
S31508004BD043103B789BF8002003F01F0380B203EBD9
S31508004BE0D2031F2BD4BFC0181F30398880B2002CBF
S31508004BF060D1424603F0E8FB059B27F8020B013318
S31508004C000593CB44059B019A9342C2DB039B1E4442
S31508004C10049B1D440CB1079B1C44069B0133069359
S31508004C20069B029A934250DA00233746AB46059311
S31508004C30E8E79BF802307A78DB08C3EBD20323EA6D
S31508004C40E373D8023B889BF80120C3F34513A3EB13
S31508004C50920323EAE37380B200EB43103B789BF898
S31508004C60002003F01F0380B2A3EBD203002BA8BFDA
S31508004C70C018BAE79BF802307A78DB08D20813FB2B
S31508004C8002F39BF801003A888008C2F3451210FB2C
S31508004C9002F080115B11400100EBC3203A789BF8C3
S31508004CA0003002F01F02DB0813FB02F380B200EBB0
S31508004CB053109AE7059BB8F1FC0FE25C9CBF12FB08
S31508004CC008F2120A96E70023A9E709B0BDE8F08FB3
S31508004CD000F8FFFF08B500F015FE2420FEF71CFAC1
S31508004CE0034BC360034B036100230362836108BD62
S31508004CF0E92F0208992F02082DE9F04FBBB015934A
S31508004D00CB6A0C46DDE944A70C90002B55D10B6BFA
S31508004D10B3F5807F51D14B6BB3F5807318BF012370
S31508004D20D56A07932B692C220A932B8900211CA884
S31508004D300B93A66E95F8019025F086F894F84C30FA
S31508004D408DF8843094F84D30C3F303038DF898300A
S31508004D500B9B1E93079B002B40F0A380002E5AD175
S31508004D60B9F10E0F2BD0B9F1140F94F84B3048D186
S31508004D70022B00F29680504622F0BDFF04465046AC
S31508004D8022F0B4FF0A9BAA881D930B9BCDF880A03E
S31508004D904343B3FBF2F30A9ACDF870A004FB03234E
S31508004DA022930B9BCDF890A05B08259302238DF8E0
S31508004DB08C3012238DF87C301EE00123B0E70C9B63
S31508004DC051469A6827A822F04AFC002843D00A9B35
S31508004DD0B4F8482022930B9BCDF890A02593079B07
S31508004DE0ADF885201D9394F84A30CDF870A08DF85B
S31508004DF0873002238DF88C300C981CA9FFF774FCB9
S31508004E0029E0022B4DD80A9BCDF880A0CDE91CA33A
S31508004E108DF87C90F0E794F84B30022B41D8079A2E
S31508004E20A16E27A8FFF784FB0128ECD1329D25B196
S31508004E306B7803F0F703062B10D00A9B0C981CA975
S31508004E40CDE91CA3CDF880A08DF87C90FFF74CFC2B
S31508004E5027A818F0A7FE3BB0BDE8F08F2B6954349D
S31508004E6022932B892046259322F040FF34EA20041A
S31508004E7028BF5446EA88AB88013A0092079A18AECA
S31508004E8011463046013B22F0B6FB079B09220093E8
S31508004E903146204622F08DFD022324968DF88C306B
S31508004EA0CBE718AD97E80F0085E80F0050461C952C
S31508004EB022F01CFF1490504622F01DFF139028463E
S31508004EC022F014FF0990284622F015FFB9F1060FC3
S31508004ED0054631D194F84B30022B25D9102023F002
S31508004EE004F84FF0100B0D90584622F0FEFF099B70
S31508004EF003FB00F6FDF7D0FAFDF7D6FD0746FDF7EA
S31508004F00CBFAFDF717FE22F0F0FF07FB00F39B0034
S31508004F10B3FBF6F3AB42A8BF2B4606FB03F00E9392
S31508004F2004F0EAF9089043E0079BC3B9484622F023
S31508004F30DCFF0D90CB46D7E7079B43B1B9F1110FBC
S31508004F40CCD0B9F1120F11D0B9F10F0FC6D048461F
S31508004F5022F0CBFFB9F1140F0D900BD0EAE715201C
S31508004F6022F0C3FF4FF0150B0D90BDE7142022F079
S31508004F70BCFF0D90099B4FF0140B03EB4306FDF79E
S31508004F808BFAFDF791FD0746FDF786FAFDF7D2FD88
S31508004F9022F0ABFF07FB00F39B00B3FBF6F3AB4233
S31508004FA0A8BF2B4606FB03F00E9304F0A5F908905C
S31508004FB0089B03B9FEE7089B0E9A1D931B9BBBF142
S31508004FC0140F1193199B8DF87CB0134403F1FF332A
S31508004FD01B9318AB20931AD1099A099952001E926D
S31508004FE00E9A4A43089901EB42022292099ACDE9A0
S31508004FF0243202238DF88C3012238DF87C30199BCD
S31508005000119A934220DD089804F090F923E7BBF142
S315080050100E0F12D1089A2292099ACDE92432022358
S315080050208DF88C3094F84A30B4F848208DF88730DB
S315080050300023ADF885201D93E1E7584622F055FF79
S31508005040099B58431E90DAE7189A27A8CDE9272323
S31508005050DAE900121A9B524229931B9B49422A936A
S3150800506022F0F0FA079B0BB3089B0A9ACDE9049342
S31508005070159B0C98CDE902430B9B27A90193139B1B
S315080050800093149B20F027FE94F84B50022D40F213
S315080050908880EE43BBF1140F94F8487094F8498061
S315080050A094F84A30F6B240F0C58068E094F84B3080
S315080050B0012BE9D927A822F01EFEB9F1060F129096
S315080050C02CD1DDE92732DDE907504FF0FF0E0B99A9
S315080050D002FB01330A9A1344099A4FEA820C129A80
S315080050E09542D1DA0246591EC3F101080AE011F8C1
S315080050F0016F02F8026C02F8036C0E7802F801ECF4
S3150800510002F8046C099F08EB0106B74202F1040293
S31508005110EDDC0B9A604413440135E0E7BBF1140F4C
S3150800512067D10B9B279D4FEA5308289B0A9A03FBD6
S3150800513008F36E0006EB43061644139A1D4408FB53
S3150800514002F20A9B05EB42051D44229BDDE9077224
S315080051500F920B9A1093099B22F001025B0016929C
S31508005160129A97422DDB94F84B50022D19D9EE432B
S3150800517094F8487094F8498094F84A30F6B2DB08F7
S31508005180FF084FEA980818A86F4308FB05F85D431F
S3150800519022F041FA4FF0000C089BA3F1020E844559
S315080051A07ADB0C981CA9FFF79FFA1B9B0E9A013312
S315080051B019931344119A013B934200F38A801B9377
S315080051C01DE71A4631460F98179324F048FD2946DD
S315080051D0099A109824F043FD169B0F9A1E44179BB4
S315080051E009991A440F92109A45440A4410920137B5
S315080051F0B6E7BBF10E0FD4D0DDE907670D9B279DF7
S315080052000B9A5D43289B03FB02550A9B0D9A1D4486
S31508005210099B02FB03F8129B9E4233DB94F84B5022
S31508005220022DBED9EE4394F8487094F8498094F854
S315080052304A30F6B2BBF1120FA1D0BBF10E0FB0D0B7
S3150800524018A80F9322F0E7F90F9B6F4308FB05F8A0
S315080052505D430D9B5843089B089A9A1A9042A0D919
S315080052601A7802FB067212121A705A7802FB068224
S3150800527012125A709A7802FB065212129A700D9AF6
S315080052801344E9E729463846424624F0E8FC0B9BD6
S3150800529047441D440136BEE73EF8022F0CF1010CC7
S315080052A0C2F3451106FB0181C91001F4FC630F9393
S315080052B0D30A06FB03530F4902F01F0206FB0272CC
S315080052C001EAC3030F990B4303EB2223AEF8003020
S315080052D065E7119BBBF1140F1B937FF490AE18A8DA
S315080052E022F009FD099B5843089B03EB40002290D6
S315080052F085E600BF00F8FFFF91F84D3013F0200F48
S31508005300024B01D118F062B8FEF7BABCF94C000896
S3150800531091F84830022B02D9014BFEF755BD70476C
S31508005320214C02082DE9F04FDDB00B6B83460C4685
S31508005330002B00F0B88091F83C20022A40F2B38096
S31508005340CD69D1E908108542A26A02D1914200F0DE
S31508005350AA8003EBD3735B105B428542D4BF5E1908
S315080053601E180C968542ACBFC3EB0506C3EB0006B8
S315080053709142D4BF581898189142ACBFC3EB0103A9
S31508005380C3EB02030CA90D90DBF8082008460E961D
S315080053900F9322F064F9002800F08580216AA26A3A
S315080053A0E0699142636A40F0CF808342D4BF40935C
S315080053B040908342B8BF0346226B013B013A4293B1
S315080053C002F0010303EB6203CB1A01EB620240A968
S315080053D043920846DBF80820419322F040F9E8B1E9
S315080053E0A56B1DB1656B003D18BF01252C22002158
S315080053F04EA824F029FD40AB4E9394F82E30A28D8A
S315080054008DF84F3194F83C30ADF84D218DF84C317C
S31508005410002D4BD158464EA9FFF766F994F83D3052
S3150800542013F00C0F3FD04EA818F017F994F82E3049
S31508005430256B8DF85B3147F6FF736E10ED43559378
S3150800544094F83C30A28D8DF8583194F83D30ADF87B
S3150800545059215A0705F0010510D5E2695846931BEC
S315080054604093236A3244991B521B3344419142921A
S315080054705B1B40AA4EA943931FF034F994F83D30BC
S315080054801B0710D5626A5846931B4093A36A324499
S31508005490991B521B3344419142925B1B40AA4EA969
S315080054A043931FF01FF95DB0BDE8F08F40A822F0C6
S315080054B01DFC419B409FDDF80C914393D4E90D23D5
S315080054C0134497FBF3F2064603FB127703F014FF27
S315080054D04FF00208054640ABDDF804A154905693F8
S315080054E08DF85481D14503DA284603F01FFF95E766
S315080054F028463246FF2124F0A7FC00203B46844676
S3150800550086420CDC58464EA9FFF7EEF8419B0AF195
S31508005510010A01334193439B01334393E2E7626BEC
S315080055209A4209DBD21A00FA82F003FA82F38DF85E
S31508005530548101300133E3E7A16B0A449342CCBF9F
S31508005540002305F800C0F2E7834272D19142D4BF26
S31508005550419141928A42B8BF0A46206B013A013806
S3150800556000F0010505EB600540A95D1B439203EBBE
S315080055706003DBF8082008464095429322F06FF84E
S3150800558000283FF44BAFA56B1DB1656B003D18BFF6
S3150800559001252C2200214EA824F056FC40AB4E9340
S315080055A094F82E30A28D8DF84F3194F83C30ADF832
S315080055B04D218DF84C31002D3FF42CAF40A822F038
S315080055C095FB419BDDF80C918046439303F094FECE
S315080055D040AB56930223419F8DF85431D4E90D23ED
S315080055E0134497FBF3F5064603FB15755490B94526
S315080055F001DA304679E74246FF21304624F024FC9A
S31508005600636B5846AB42B4BF002201228DF8542181
S31508005610A26B4EA913449D42A8BF0025FFF764F864
S31508005620419B013501334193439B01370133439332
S31508005630DDE7914204F1240704F11C0580F20C8190
S31508005640294608A822F05CFBDDE9086A39460AA85B
S3150800565022F056FBDDE90A59AB1B0793A9EB0A03AF
S315080056600593AB1B83EAE372A2EBE372059B0392F5
S3150800567083EAE372A2EBE3720492DDE903318B421B
S31508005680CBBF0B46039B03990499CCBF5B015B0117
S3150800569093FBF1F39A49226B11F80380B54202FB9A
S315080056A008F808F13F084FEAE81306932B46A8BF07
S315080056B03346B542A3EBE81310932B46B8BF3346DF
S315080056C0D14503EBE81312934B46A8BF5346D14581
S315080056D0A3EBE81311934B46B8BF534610A903EB47
S315080056E0E8130846DBF80820139321F0B8FF0028D2
S315080056F03FF494AE069B4FEA282703F001010023E6
S3150800570001EB282C24A80DF1C808DDE903218A42FB
S31508005710CDE916331490CDF85480189340F3B18030
S315080057200AEB0C02049209EB0C020692AAEB07029A
S315080057300392AA1B9A42A9EB0707019340F39480A8
S315080057402B46039A3146009700F016F90123019378
S31508005750069B049A00932B463146404600F00CF906
S3150800576094F83D30D8061BD403230193AB1B53444E
S315080057700093059B40AF3146F31A5246384600F06F
S31508005780FBF802230193079B4EAE4B440093059BFF
S315080057904A4629463046EB1A00F0EEF8CDE9167669
S315080057A010A822F0A3FA0746FCF776FEFDF77CF967
S315080057B0054610A821F02FFF854203D910A821F02D
S315080057C02AFF0546284603F097FD06464FF00008CF
S315080057D0139B2A460393119BFF21139324F034FB52
S315080057E02C22002119A824F02FFB10AB199394F84A
S315080057F02E30A28D8DF87B3094F83C30DDF844903D
S315080058008DF8783010ABADF879201F962193039B5D
S315080058104B4546DA139B119A9A4208D0013B1393DB
S315080058200223584619A98DF88030FEF75DFF3046E9
S3150800583003F07CFD24A800F06BF832A800F068F8A5
S3150800584094F83D30D9063FF5E9AD40A800F060F878
S315080058504EA800F05DF8E1E5394608A822F050FAAE
S31508005860DDE9086A2946F2E6069B049A0093314662
S315080058702B4600F081F80123039ACDE900732B46E5
S315080058806AE75246CDE900930CEB060105EB0C03DB
S3150800589000F072F801235246CDE90093F11BEB1B89
S315080058A05BE706EB080A51464B46109A009714A880
S315080058B01FF0C4FE01468DF8800018B93A465046D6
S315080058C024F0C2FAB84407EB08039D4205D9139B96
S315080058D00133139309F1010999E70223584619A9D7
S315080058E08DF88030FEF700FF139B2A460133FF210F
S315080058F03046119313934FF0000824F0A5FAE9E710
S31508005900640A0308014823F0C9BE00BF4C110020F1
S3150800591010B504460C4823F0C3FE2379022B0AD19E
S31508005920236A43B11A69002A0ADA586803F0FEFCAA
S31508005930206A03F0FBFCBDE81040034823F0B2BE22
S315080059405A69013A5A61F6E74C11002038B5002524
S31508005950084CD4F83C0108B103F0E8FC04F59E7045
S315080059601C2107351FF0BFF91C2D04F11C04F0D1CA
S3150800597038BD00BF181000202DE9F8431546089ECB
S315080059800F463821044698469DF824901FF0ABF937
S31508005990B54204D1B9F1030F09D1013D013EB54223
S315080059A005DD2B4635461E463B464746984639464C
S315080059B02A4604F1080022F0ADF93246414604F1C0
S315080059C0100022F0A7F9237E2A4669F30103394617
S315080059D0237604F11C00A8EB0707761B22F09AF938
S315080059E087EAE77286EAE673A2EBE772A3EBE67349
S315080059F09A42D4BF0022012294F834302A4862F32E
S31508005A000003002284F83430DB07C4E90922206049
S31508005A10227126D537B14FF4801393FBF7F37343FE
S31508005A209B12A36236B14FF4801393FBF6F37B43C4
S31508005A309B126362A06A237E94F8342013F0030352
S31508005A40E0624FEAA00124D0012B22D0022B1AD102
S31508005A5000281DDD42F0020284F834202163BDE8E7
S31508005A60F88336B14FF4801393FBF6F37B439B120E
S31508005A70636237B14FF4801393FBF7F373439B12BA
S31508005A80A362606AD7E700280BDD6FF34102E3E7FC
S31508005A90002363F34102002884F83420B8BF494242
S31508005AA0DCE70123F5E700BF0B4D02082DE9F347B4
S31508005AB040F26714DDF828A0A3421E46A8BF264672
S31508005AC05445A8BF5446054626EAE67624EAE47411
S31508005AD0B442BABF04F5B470801BA01B80B2A5F807
S31508005AE08800C5E9046405F1080091461F46884602
S31508005AF022F010F9134BB32F2B604FF00103D4BFDC
S31508005B0000220122BAF1B30F2B7118DDA4F1B403F8
S31508005B10B32B94BF002701274146009233B24A4669
S31508005B2005F118001FF0A6FD4A46414623B205F1C5
S31508005B3050000A9702B0BDE8F0471FF09BBD1F460C
S31508005B40EAE700BFFB5002082DE9F04F8FB0074681
S31508005B5008460C4615461E4622F0C8F880462046DA
S31508005B6022F0C9F88045A8BF80464FEA6808A845CC
S31508005B70A8BFA846236828EAE875BB606368B8F139
S31508005B80000FFB60A3683B61E368C7E905353B7F07
S31508005B9066F300033B77B64B4FF000063B604FF0C9
S31508005BA002033B7103DC3E620FB0BDE8F08FB148DB
S31508005BB023F076FDB04B1946D3F85421AA4223D1D7
S31508005BC01C23B8F10F0FD8BF012503FB0612D2F824
S31508005BD05001C8BF2D110130C2F85001D2F84C212E
S31508005BE073432A44B2F57A7FA8BF4FF47A72C8186D
S31508005BF003F59E730B44C0F84C213B629D480FB0D9
S31508005C00BDE8F04F23F04EBD0136042E03F11C0308
S31508005C10D2D10024994B5A692AB97CB119692269EB
S31508005C209142B8BF1C46013E03F11C03F3D1D4B917
S31508005C301C2003F069FB044610B9FEE71C46F2E790
S31508005C404FF0FF33206823613C62A56108B103F079
S31508005C506DFB062005FB000003F04EFB05F101096C
S31508005C60206078B9FEE76369B8F10F0F03F1010305
S31508005C706361D4BF01232B11B3F57A7FA8BF4FF414
S31508005C807A73DFE700EB45030233AF00E3603B1DA1
S31508005C900344B8F1010F6060A36009D1B42303700F
S31508005CA00023E2681380A2F80280A2681380A5E7A1
S31508005CB04FEA091003F028FB00EBC9030093C7F16C
S31508005CC001030193BB10069300239B460A93002108
S31508005CD00DF118080DF1280E019A002A46DC02EB90
S31508005CE04B0C0CF1030201920BF1010BBB4547DC8F
S31508005CF04FEAA70C013148F804CB042907F0030C36
S31508005D004EF804CBE8D19DF82C20DDF818800592D2
S31508005D109DF83020D4F804A002929DF834209DF80E
S31508005D2028E00392099A4FEA830990450AEB030192
S31508005D3003F1010C6AD1009A40F8238042F82360E7
S31508005D40059A0299964471448E46039971440AF855
S31508005D500310D4F804E01EF8031009010EF8031026
S31508005D606346BB4506F10106B1DD0BE0019AABEBD4
S31508005D70070C02EB4C0C0CF105020192013FB3E74C
S31508005D800429C0D040F2D32103F1804C4D430CF1D5
S31508005D90FF3C50F82C70AE12B7EBA52F4FEA8C01DA
S31508005DA004D1009A52F82C70BE421AD0C5F30905E0
S31508005DB0B5F5007FC6BFC5F580656D436D43009A8E
S31508005DC001F104014650C8BFED1356506168D4BFAF
S31508005DD0ED0BC5F10F05CD546568E95C0901E95479
S31508005DE001331D46991E002980F28580002B03F198
S31508005DF0FF31D8BF00210B4400210D46E7683980E2
S31508005E009D42C0F2878003F091FAF7E608F1FF3267
S31508005E100492079A09F1040A904531D0009A40F88D
S31508005E20098042F8096081F800E0D4F804E0049A91
S31508005E301EF8031009010EF8031040F80A20009A0C
S31508005E40029942F80A6062680492059A0A4402F1C5
S31508005E50040E039A72449646049A02F80CE0D4F8A3
S31508005E6004E002331EF80C1009010EF80C1078E74E
S31508005E70055402084C110020181000205411002067
S31508005E80059A40F809809644089A5FFA8EFE90456E
S31508005E90009A42F8096016D081F800E0D4F804E0C8
S31508005EA0049A1EF8031009010EF8031040F80A2098
S31508005EB0009A42F80A6062680492DDE902210A44FF
S31508005EC002F1080EC8E7029A964481F800E0D4F871
S31508005ED004E0049A1EF8031009010EF8031040F8AE
S31508005EE00A20009A616842F80A60039A02F10C0EC9
S31508005EF001F80CE0B3E7009A52F8216040F82560F3
S31508005F0050F8216042F825606668775C0139775554
S31508005F10013568E7D4F8088030F8256027F811506D
S31508005F204FEA410E009A52F82520914201D19D422E
S31508005F3003D128F80E60013162E750F825200135B3
S31508005F409642A8BF1646B6B2ECE700BFF0B585B0D4
S31508005F50002214270546408AC0F3080093B29842E7
S31508005F6001D800200FE007FB02F6AB6801329C1946
S31508005F709B59B4F804C0CB1A6345EFD2A27C022A17
S31508005F8003D1E088184405B0F0BD1AB9E268D05CC0
S31508005F90E388F7E7032A14D1ADF80E30144B228AAA
S31508005FA00093A16802230DF10E0023F054FB00288C
S31508005FB0E9D0AB6833449A68DB88801A03EB600043
S31508005FC0E1E7012ACDD1ADF80E30094B228A0093BC
S31508005FD0A16802230DF10E0023F03DFB0028D2D064
S31508005FE0AB6833449A68801ADA68DB88105AC9E7BE
S31508005FF0A96A02082DE9F041036802690F46D3F839
S315080060001880002A00F0B380D8F8041001EBC20605
S315080060103079737913FB00F3002B00F0A88098F809
S3150800602013303F2B00F2A38051F83230D8F80040E5
S31508006030C3F313030E211C443D69FDF713FC98F8BE
S31508006040133003F01E03022B3DD100210A4610E04F
S3150800605012F00702237812D143F3C013DBB205F816
S315080060600C3001320CF1010C33796345F0DC054440
S31508006070013173798B4223DC3846BDE8F08102F1A1
S31508006080FF3EBEF1050F16D8DFE80EF00306090C31
S315080060900F1243F38013E1E743F34013DEE743F3BC
S315080060A00013DBE743F3C003D8E743F38003D5E7E0
S315080060B043F34003D2E743F30003DBB20134CEE7F0
S315080060C04FF0000CD0E7042B2DD1002229491346A6
S315080060D011E013F0030E237814D19B09CB5C05F865
S315080060E00C300CF1010C0EF1010396F804E0E645BC
S315080060F0EFDC0544013296F805C09445BCDD4FF047
S31508006100000CF2E7BEF1010F02D1C3F30113E5E774
S31508006110BEF1020F02D1C3F38103DFE703F00303E5
S31508006120CB5C0134DBE7082BA6D10021DFF848E079
S315080061300B4616E013F00102237815BF01341B093C
S3150800614003F00F031EF8033018BF1EF8033005F8D6
S315080061500C300CF1010C531C32796245EADC05441B
S31508006160013172798A4287DD4FF0000CF4E7002787
S3150800617082E700BF850A0308890A03082DE9F04368
S3150800618085B0092A80460C4616469946876905D081
S31508006190002A38D1002005B0BDE8F0832021384612
S315080061A0FFF7D4FE05460028F4D0FB686BBB002039
S315080061B07A683B8A02EBC50251884343C1F30B1048
S315080061C00146092E08BF01B24FEA231308BF49004A
S315080061D008330B441B09A3805379092E23811379AD
S315080061E0E38092F90610618192F90720A281FA7C70
S315080061F02561C2F34302A273E27B6FF30002E273E6
S315080062005ED00120C7E71146C9E7B9F1000FCED025
S315080062104946D8F81800FFF799FE0028C7D0D8F8DD
S315080062201820D2F80C80D27C930634D498F80B2028
S315080062303F2A17D8D8F80090D8F80820224BCDE97D
S31508006240025000934946022322F0404202A823F056
S3150800625002FA0028ACD0A0EB09004010D8F80430A8
S315080062601856A5E702F0C002402AA0D1D8F8009037
S31508006270D8F80820154BCDE9025000934946042367
S3150800628022F0404202A823F0E6F9002890D0A0EBBD
S3150800629009008010E2E7D8F80420D8F80810525D03
S315080062A0095C002A83D0002981D0D8F8003098F8F4
S315080062B00D00013A0B4400FB023313F9010C77E792
S315080062C05B00E3809DE700BF856A0208976A0208BB
S315080062D00146034809B922F04FBA22F053BA00BF63
S315080062E05C100020014B186D704700BF1810002085
S315080062F0014B586D704700BF18100020F8B5837A17
S31508006300044643F002038372264B0D461A6D8242F9
S3150800631004BF00225A650378013B012B09D8866E13
S3150800632041B941676EB90023206FE366F0B90023CF
S31508006330A367F8BD436F994204BF00234367B14280
S3150800634021D10027224614213046A76613F0A7FF5D
S3150800635032461421204620F0F0FB002DE3D0E36EF0
S31508006360206F9D4208BFE766854214D10026224663
S315080063701421266713F093FF32461421204620F095
S31508006380DCFB45B9D3E7C36E994204BF0023C36655
S31508006390036F994203D0A36F9D42CAD1C7E7084647
S315080063A0E4E700BF1810002038B50D4618B1BDE85F
S315080063B03840FFF7A3BF084822F0DEF9044610B9B3
S315080063C0064B586538BD20462946FFF797FF2046F5
S315080063D0FFF77EFFF2E700BF5C10002018100020D0
S315080063E02DE9F04F87B00D461746002101220646D3
S315080063F00193DDF844A015F02EFB0222002105903A
S315080064000446304615F027FBEA780590910754D5DF
S3150800641012F0010F6FF0404249D0944249D07B4BAD
S31508006420DFF8F0B1009300223946CAE90122CAE929
S315080064300322CAF81420CAF800200497304615F03B
S31508006440C8FF049B04460393002845D0039B9F423C
S315080064503BD120466E4913F050F80290002840F0D0
S31508006460B28081222046029915F0F5FAC2B2814619
S315080064700590002A00F0B580DAF80820109BDAF8B3
S3150800648014101A44CAF808209AF818200131D307BC
S31508006490CAF8141040F187801822DAF81000514320
S315080064A002F04EFF18228046002846D1FEE79042A9
S315080064B006D1EA786FF34102EA70EA78D207AED4D9
S315080064C0544BDFF848B10093ADE74FF4001120466E
S315080064D013F00DF80028BCD0DAF80820002AC2BF4D
S315080064E0109BD21ACAF80820DAF8142012B9DAF87A
S315080064F008300193019B049ACAF80430CCB197423C
S3150800650017D1B268E9781268304652F82740C1F3C5
S31508006510800104AA20F069FB5CB12046D847009B9D
S31508006520CAF80000204698470122CAF80400CAF8AB
S315080065300C20049807B0BDE8F08FDAF8141002FBB7
S31508006540010141F8184CE978204611F0010116BFFF
S3150800655004220622029915F07EFA1821DAF8142088
S31508006560059001FB0282E97842F8140C11F001014A
S315080065701ABF052200210722204615F06CFA1821B9
S31508006580DAF81420059001FB02825FFA89F142F8D5
S31508006590081C12F8041C42F8100C6FF3000102F8EC
S315080065A0041CCAF810802046D847DAF80020904222
S315080065B002DD2046D8470246CAF80020DAF80C2041
S315080065C00132CAF80C20EA78039B12F0040F0CBFBC
S315080065D001214FF0FF31194400290491BFF62EAF6F
S315080065E07AE72046009B9847EA7812F0020FDAF815
S315080065F0082004D0019B811899423FF76DAF109B84
S3150800660018440244CAF80820CDE700BF6B6C02089C
S31508006610010006004B6C02082DE9F04FABB07D2255
S315080066200021044615F017FAC343C0F3800203F0AD
S31508006630010343EA42039DF863202390C0F3C00098
S3150800664043EA800322F00702134300217E222046F4
S315080066508DF8633015F0FFF97F22002123908DF81D
S315080066606000204615F0F7F98022002123908DF866
S315080066706100204615F0EFF927222390C5B20021C4
S3150800668020468DF8625015F0E6F99DF86360C3B2AE
S3150800669016F001082390039340F09A80152241468C
S315080066A0204615F0D8F91422239005904146204635
S315080066B015F0D1F923900490204614F0BBF8102267
S315080066C0002106902046D4F8189015F0C4F9302217
S315080066D0074600212390204615F0BDF9342282464C
S315080066E000212390204615F0B6F98307239020460B
S315080066F048BF574414F056FCB944A9EB00001222CF
S31508006700002119902046D4F8149015F0A4F93022E7
S31508006710074600212390204615F09DF9342282462B
S3150800672000212390204615F096F92390400720462D
S3150800673048BF574414F031FCB944A9EB00001A903D
S31508006740B8F1000F56D10DF1680A01220021204642
S3150800675015F081F902220A9023900021204615F0AF
S315080067607AF96FF040430B902390B8F1000F44D0AC
S31508006770984240F0878094F82B30590700F18280C0
S3150800678000231B9300279DF8636016F0040502D0CA
S31508006790A3681D8D013D039B012B01D1F3073BD552
S315080067A0A3681B8DAB4200F28B806FF040430A9AB8
S315080067B09A4202D00B9A9A4202D12046F9F7C0FFB4
S315080067C00022302120462BB0BDE8F04F13F067BDFC
S315080067D014220021204615F03EF915222390059033
S315080067E00021204615F037F923900490204614F02E
S315080067F011F864E70DF1640AA7E70A9A9A4211D0DC
S31508006800039B012B3ED1ADB10027012D1B9714D157
S3150800681016F00405BCD12F46DAF800303B44CAF816
S315080068200030BDE794F82B3013F0080F039BE8D12E
S31508006830012BA5D1002301251B9316F004024FF066
S315080068400006374618BFA3680DF18C081CBF1A8DC1
S3150800685002F1FF32A3681B8D934218D80EB1059B2F
S31508006860FF1A9DF863302046DA0726D513F0E2FFB3
S315080068701BAB0146CDE900A33A463346284620F02D
S315080068807AF980E700231B93002DD6D17AE79DF885
S31508006890A43018A96FF300038DF8A430049B204692
S315080068A00093CDF80480069BFFF79AFD239B059974
S315080068B002460B441F440136CCE713F0ABFFD7E77B
S315080068C09DF8A4302A4643F001038DF8A43023AB83
S315080068D00193049B2046009318A9069BFFF780FDA9
S315080068E0039B9DF86320012B0E9007D1D7075FBF46
S315080068F0DAF8003023995B1ACAF800301A9B6C4EF6
S315080069006C4F02F0010B1293199BBBF1000F139306
S315080069100CBF33463B46684A1493684B0EBF114674
S3150800692019461346664A0C93664B079104BF1946E7
S31508006930134608930EBF3B46334611460F93249BD6
S3150800694061481093109A259B0D91A2EB03031693A9
S315080069504FF018035D4908BF0146DDF8A0E0DDF8F1
S315080069609C801C9503FB0E8315911793BEF1000FAF
S315080069703DD0404600221699037D1830DE0755BFE4
S3150800698050F8083C50F80C3CD218C91A179B834299
S31508006990F2D14FF0000C4346E146187D1190C0072E
S315080069A01CD402B9FEE71E695868099691FBF2F6EF
S315080069B0099F7E439F68B742A8BF37468742B8BF3C
S315080069C00746BE421CBF4FF0010C1198DF601CBF82
S315080069D040F0010018750998C91B121A09F1010936
S315080069E0CE4503F11803D8D1BCF1000FC1D1272237
S315080069F00021204615F02FF8C3B209930023CDE9EC
S31508006A001D331EAB01931DAB1F900093109A269B56
S31508006A1006999DF8600020F0AEF8BBF1000F08D08B
S31508006A20099B012B05D1204613F0F4FE1D9B034458
S31508006A301D932946204615F0CCFC0546279E18B11D
S31508006A401C9B0E9A9A4214D1304602F06FFC039AA8
S31508006A501B9B012ADAF8002040F07181BBF1000F78
S31508006A6040F06D8105990B44D31A0E9DCAF8003083
S31508006A7096E61749284612F040FD9DF8631007462A
S31508006A80C1F3800120B11CAA204620F0AEF8D4E755
S31508006A9001468122284614F0DEFF1F90C0B2002866
S31508006AA000F00281289A974214D1002719E000BF06
S31508006AB0216C02083D6C0208136C02082F6C020850
S31508006AC0F77C0208ED7C02080D76020803760208B8
S31508006AD001000600334653F8181B8D4240F0DE804D
S31508006AE0F76895F82B3023F00C03BBF1000F00F084
S31508006AF0D88043F0080305F1140685F82B30304694
S31508006B00089B9847B8421DD0284614F03FF86B6991
S31508006B1039461F93AB6930462093EB6921932B6A5C
S31508006B202293159B98472E211FAA284613F0B7FBD8
S31508006B30284615F04BFC2A46272113F0B0FB2846B9
S31508006B4014F024F89DF86130012B00F0B480022B74
S31508006B5040F0BD8023980D9B013020F0010605F119
S31508006B6014009847301A00210C9B00EBD076284673
S31508006B709847002107460F9B28469847381A7610EB
S31508006B8000EBD07006EB6006BBF1000F09D0099B3D
S31508006B90012B06D1089B05F114001D9F98473F1A43
S31508006BA01D976A220021284614F055FF6B22002102
S31508006BB080461F908146284614F04DFF1F9011907D
S31508006BC00746284613F020FE1090284613F01FFEAD
S31508006BD0DDE9101208F0C043B3F1005F14D16FF07D
S31508006BE0604328F0C04898450ED04FF06409B8F1C4
S31508006BF0805FA2BFC8F17F6808F57F2808F6FF788E
S31508006C0008FB01F393FBF9F907F0C043B3F1005F02
S31508006C1012D16FF0604327F0C0479F420CD064231F
S31508006C20B7F1805FA2BFC7F17F6707F57F2707F631
S31508006C30FF77784390FBF3F212996B691D9FCB1A85
S31508006C4099441399AB69CB1A03EB0208BBF1000F01
S31508006C5043D000212846079B98473844B04410EB98
S31508006C60090661D0284613F091FF6B69284633441C
S31508006C706B61EB693344EB61AB694344AB612B6AE7
S31508006C8043442B6213F082FF0023424631462846CE
S31508006C9013F01FFEBBF1000F2BD048E01E4601374C
S31508006CA001E743F0040326E795F82B3023F00C039D
S31508006CB085F82B3046E70D9B05F11400239E98476F
S31508006CC00021361A0F9B28469847361A5CE700219A
S31508006CD028460C9B9847064656E759462846079B7A
S31508006CE098474E4438448044002EBBD1B8F1000F73
S31508006CF0B8D1089B05F114009847049B00211F187A
S31508006D001E9B28461F44079B9847149B074400214F
S31508006D10284698471D9B07441F449DF863101D97F6
S31508006D201CAAC1F38001AFE6B8F1000F9AD1099AFF
S31508006D301E9B012ADDD1049A1344FF1AEDE7239915
S31508006D400B4405990B4413448FE600BF034B044AD2
S31508006D50DB6D9A600022DA60704700BF18100020C9
S31508006D60196600082DE9F04F9BB00021044615F07E
S31508006D7030FB0146002877D1202212A823F064F8B8
S31508006D80102200210AA823F05FF8122200212046CB
S31508006D9014F061FE3022064600210E90204614F0BB
S31508006DA05AFE3422054600210E90204614F053FE62
S31508006DB0002142070E904FF01002204648BF761970
S31508006DC014F049FE3022054600210E90204614F0A4
S31508006DD042FE3422002107460E90204614F03BFE60
S31508006DE0830763690E90204648BFED191E4414F0C8
S31508006DF0D4F8A369361A20461D440C9614F0D2F826
S31508006E0000232D1A0D950693A36806991A8D8A42B2
S31508006E1000F25C82129802F089FA139802F086FA58
S31508006E20149802F083FA159802F080FA01220021DC
S31508006E30204614F010FE022205460E900021204638
S31508006E4014F009FE6FF040439D420E9001D098421F
S31508006E5002D12046F9F774FC00223021204613F0AF
S31508006E601EFA1BB0BDE8F08F84220021204614F0DC
S31508006E70F2FD05461290002840F05281204615F092
S31508006E80A5FA8422294614F0E6FD07461290002842
S31508006E9060D029468922204614F0DDFD29468A223B
S31508006EA080461290204614F0D6FD461CB600129075
S31508006EB0304602F021FA043E324607EB88010546C1
S31508006EC022F0CDFE6FF060434FF0010AAB5100206F
S31508006ED06FF0604355F820209A4240F024811790BD
S31508006EE0800002F009FA139017980026800002F035
S31508006EF003FADFF820B31590179B9E42C0F0158160
S31508006F0000273E463B461599C048179A9342C0F05B
S31508006F104A8114220021204614F09DFD80460E90D9
S31508006F20204613F087FC179BDFF8E0C2013B08FBFD
S31508006F3013020020D21B159F22EAE272179B984281
S31508006F4002D2002E40F04081BAF1000F02D0284646
S31508006F5002F0ECF985220021204614F07CFD054656
S31508006F600E90002840F04481204615F02FFA85221D
S31508006F70294614F070FD07460E9000285ED0294673
S31508006F808622204614F067FD2946872280460E9001
S31508006F90204614F060FD461CB6000E90304602F0FE
S31508006FA0ABF9043E324607EB8801054622F057FE48
S31508006FB06FF060434FF0010AAB51204613F02AFCEC
S31508006FC06FF060438346002055F820209A4240F02F
S31508006FD012811690800002F08FF9129016980026FA
S31508006FE0800002F089F91490169B9E42C0F0058134
S31508006FF000273E463B4614998448169A9342C0F0A9
S31508007000408100211522204614F025FD0021169BFB
S315080070100E90013B00FB13B0DFF8F0C1C01B149FB4
S3150800702020EAE070169B994202D2002E40F03A817F
S31508007030BAF1000F02D0284602F078F9152200218D
S31508007040204614F008FD1422804600210E902046A2
S3150800705014F001FD2722074600210E90204614F061
S31508007060FAFCC2B2511E4D424D41012200210E903A
S31508007070204614F0F0FC0222064600210E90204617
S3150800708014F0E9FC6FF040439E4208BF94F82B6069
S31508007090814608BF86F008060E90204614BF0026D3
S315080070A0C6F3C00613F0B6FB8222824600212046AC
S315080070B014F0D1FC129B03950293149B314601935D
S315080070C0169BC2B20E900093504643461FF00DFE23
S315080070D06FF04043994508BF94F82B50189008BFA5
S315080070E085F00405204614BF0025C5F3800513F076
S315080070F0A1FB832206460021204614F0ACFC00239F
S315080071000393139B0E900293159BC2B20193179B90
S315080071102946009330463B461FF0E7FD19902FE6B7
S315080071204FF0000AD3E60130D4E655F82630374A40
S31508007130934236D14FF000095F4624E0494620467F
S3150800714015F047F93249804612F0D7F90146C0B919
S3150800715005908A22404614F07EFC012805990E9077
S315080071600FD18922404614F076FC86420E9008D14B
S31508007170404613F04CFBB84203DB404613F047FB8E
S31508007180074609F10109204615F056F98145D5D378
S31508007190002FB8BF0022159BACBF43F8267043F8F2
S315080071A026200136A8E655F82320824205DD06F199
S315080071B06046653616440133A7E60CBF51F823200E
S315080071C041F823201744F6E755F8201061450DDDF0
S315080071D006EBD67301F1604165315B1002FB0133A2
S315080071E093FBF6F3761A47F82030D21A0130A5E653
S315080071F04FF0000AE1E60130E6E655F82630034A84
S3150800720093423CD14FF00009024F2AE09AFFFF1F34
S3150800721001000600010000E04946204615F0D9F8AD
S315080072209249804612F069F90146C0B9059087224D
S31508007230404614F010FC012805990E900FD18622BD
S31508007240404614F008FC86420E9008D1404613F0DA
S31508007250DBFAB84203DB404613F0D6FA074609F1D3
S315080072600109204615F0E8F88145D5D3002FB8BFA7
S315080072700022149BACBF43F8267043F8262001363B
S31508007280B2E655F82320824205DD06F160466536EA
S3150800729016440133B1E60CBF51F8232041F82320E8
S315080072A01744F6E755F8212062450DDD06EBD6733F
S315080072B002F1604265325B1000FB023393FBF6F382
S315080072C0B61A47F82130C01A0131ABE61B68069A90
S315080072D0664953F82250284612F00FF982460028CC
S315080072E040F0998101468722284614F0B4FB8A2289
S315080072F00E9080465146284614F0ADFB07460E9080
S31508007300002800F08881B8F1000F00F084818622F9
S315080073105146284614F09FFB8922064651460E9090
S31508007320284614F098FB8822514607900E90284666
S3150800733014F091FB8B22C3B251460E902846059352
S3150800734014F089FB6FF040420E90C3B2149912985C
S31508007350B044904451F82810099350F8283005F1A4
S31508007360140B01EB0309079B50F826101F4417441A
S31508007370A9EB0109159A139952F8272051F8270005
S3150800738051F823100244531A2846272251460893D7
S3150800739014F061FB0E90C0B201285AD1059BCBB9F7
S315080073A0584620F0A3FC8046584620F0A4FC074621
S315080073B0129B284653F82630994413F025FA1B22C7
S315080073C0A9EB00090021284614F045FB0E90A9EB0D
S315080073D0000614E0059B5846022B12D120F086FCC5
S315080073E08046584620F087FC0746129B1A22002141
S315080073F0284653F8266014F02EFB0E900644002308
S3150800740050E020F073FC8046584620F074FC07468E
S31508007410059B129A032B2BD0012BE6D152F8266036
S3150800742000211A22284614F016FBA9EB080909EBD5
S31508007430D97906EB69090E9006461B2200212846D3
S3150800744014F009FB361A06EBD6760E9009EB66069B
S31508007450D5E7584620F04AFC8046584620F04BFCB3
S31508007460059B0746022BD3D1A2E700BF0100060001
S3150800747052F8266000211A22284614F0ECFA1A223D
S3150800748000210E900644284614F0E5FA1B22804691
S315080074900E900021284614F0DEFA01230E9040448F
S315080074A0A9EB000895F82B2063F3C30285F82B2077
S315080074B0139B079A53F82290099B022B00F0E5804C
S315080074C0032B00F0AC80012B00F0C38018220021AA
S315080074D0284614F0C0FA0E90814495F82B302846B9
S315080074E06AF3820385F82B3013F08EF9404500F0D5
S315080074F0DD806B6928460E93AB690F93EB69109391
S315080075002B6A119313F042FB4146584620F079F84E
S315080075103946584620F07AF8284613F037FB2E21CC
S315080075200EAA284612F0BBFE284614F04FFF2A463C
S31508007530272112F0B4FE6A220021284614F08BFA9D
S315080075406B22002107460E908046284614F083FADF
S315080075500E9083468246284613F056F9059028462B
S3150800756013F055F907F0C042B2F1005F059B13D13D
S315080075706FF0604227F0C04797420DD04FF064087D
S31508007580B7F1805FA2BFC7F17F6707F57F2707F6C8
S31508007590FF777B4393FBF8F80BF0C043B3F1005F2A
S315080075A013D16FF060422BF0C04393420DD04FF0D9
S315080075B0640AB3F1805FA2BFC3F17F6303F57F233B
S315080075C003F6FF73584390FBFAFA0C9B46441E4495
S315080075D06B69D144F61A0D9B9944AB69A9EB03096B
S315080075E056EA090317D0284613F0D0FA6B692846DD
S315080075F033446B61EB693344EB61AB694B44AB6174
S315080076002B6A4B442B6213F0C1FA00234A463146D3
S31508007610284613F05EF9069B0133FFF7F4BB1822E0
S315080076200021284614F017FA182200210E908144EA
S31508007630284614F010FA192207460E90002128460B
S3150800764014F009FA089B0E9038444FF0010A1F1AE5
S3150800765043E7089B1822DB1B03EBD37309EB630391
S3150800766000212846059314F0F6F9192281460E9052
S315080076700021284614F0EFF9059BA9EB000909EB50
S31508007680D9790E9003EB690927E7089B28464B44EE
S31508007690994613F0BCF81922A9EB000900212846DF
S315080076A014F0D9F90E90A9EB000916E7284613F04D
S315080076B0AEF8B8427FF41DAF3DE700BF034B044A5E
S315080076C0DB6D1A6100225A61704700BF181000204E
S315080076D0656D000810B5064CA06DC00001F00CFEE3
S315080076E0E065FFF733FBBDE81040FFF7E7BF00BFD3
S315080076F01810002013B516220021044614F0ABF921
S3150800770010F0FF0301900ED0084A916D8B420AD8FB
S315080077102046D26D02EBC301496852F8333002B0F5
S31508007720BDE81040184702B010BD00BF1810002071
S3150800773037B50D462B7C1446C96843B90C2220463A
S3150800774022F08DFA2378192B2BD1012021E0012B69
S315080077501CD1084600F092FE144922F0D2FBB8B9B3
S315080077600C22214601AB05F1140020F0EFFD78B993
S31508007770019B0C2B0CD12378192B1EBF6370192380
S315080077802370638843F020036380DBE7022B02D073
S31508007790002003B030BD0E2353704FF00113536021
S315080077A0D0E7638823F001036380CEE7E43F03084C
S315080077B02DE9F04385B090F82150D0F84880072D80
S315080077C00446D8F800900ED0A5F10803DBB2022BC8
S315080077D00BD8204A32F81370638C1B0707D5D8F8E4
S315080077E020301E6921E00827F6E70027F4E7237C06
S315080077F0012B27D1384601F07FFD064600B9FEE782
S3150800780003AB024600930C213B4648461FF0E4FAB8
S3150800781010B9039B9F4206D0304601F087FD002031
S3150800782005B0BDE8F083C8F80460072D26630DD0BF
S31508007830083DEDB2022D0BD8074B33F81530012061
S315080078406363EDE7002BEAD1E368CAE70223F6E7AC
S315080078500023F4E7F23F0308EC3F03082DE9F04F55
S3150800786085B00546D0F848A090F8210000F0A2FDA2
S315080078702C8DB5F826B0E600B6FBF0F600968046E5
S315080078800E235A46A98C324815F018FB0BFB04F454
S31508007890074648B36B8CD0F810901B0711D5DAF859
S315080078A0203022464846196922F0D9F995F8213040
S315080078B00E2B1FD10120CAF81C70EF6205B0BDE877
S315080078C0F08F2B7C012B11D103AB00934A4623463C
S315080078D00C21DAF800001FF07FFA10B9039B9C42CE
S315080078E0E4D0384615F067FB0020E7E7002BDDD12A
S315080078F0EB68D6E701230BFB06F603FA08F3701EBE
S31508007900013C013B48444C44DBB2861B0021B04293
S31508007910D0D022780A411A4018D0C4469146BCF104
S31508007920070F07D94144C9B2072900F80199EED9CA
S31508007930013CEBE7CCF1080E02FA0EFE49EA0E0E00
S31508007940C4445FFA8EF95FFA8CFCE8E79146E9E7EA
S31508007950101100202DE9F04387B00B7C0646012B59
S315080079600C4643D1C86800F089FD604922F0C9FA7F
S3150800797068B920461FF073FA054640B1A0640C208A
S3150800798001F0BAFC074638B920461FF03DFA002533
S31508007990284607B0BDE8F0830222E16820F0EBFD37
S315080079A018B1384601F0C2FCEEE7628C94F8213033
S315080079B011072F6004D5002520461FF025FAE7E7B2
S315080079C0DA1F032A0BD8E379002BF4D12046FFF7F8
S315080079D0EFFE01280546EFD14FF0000849E00B3BC2
S315080079E0032BF9D82046FFF739FFF2E7002BE2D13F
S315080079F0CD682B69002BCAD04B8C95F801901A07D5
S31508007A00D9D4A9F10703032B05D808461FF027FA8E
S31508007A100028D8D1BBE7A9F10B03032B084604D8E5
S31508007A201FF01DFA0028DDD1B1E71FF018FA6B88A0
S31508007A30DB0619D42B8900F12408F3B90FCD6F465C
S31508007A400FC795E8030087E803004846BDF80450C9
S31508007A5000F0B0FC694668430730C010ADF808006E
S31508007A60404615F080FB45462B89E5623BB14FF051
S31508007A700108E76A37B901258AE72946F0E7238D21
S31508007A802B81F4E739462046FCF7E0FD0546002839
S31508007A903FF47AAF874224D020461FF0B5F9204636
S31508007AA01FF0DDF9C561E562A579002DE3D100F087
S31508007AB023FA0028DFD0237CE26A8DF80830E368D1
S31508007AC069460193D36830460093A36CFCF79EFD84
S31508007AD000283FF459AF606420461FF0C0F9C5611D
S31508007AE0C9E7E762B8F1000FDED0C4E7E43F030850
S31508007AF02DE9F04F87B091F821901E46A9F10703AA
S31508007B00DBB2032B0D460492029304D9A9F10F03A5
S31508007B10052B00F28380D5F848A0BAF1000F7DD076
S31508007B204846DAF800B000F045FC0446049820F010
S31508007B30DDF82B7C7F4A012B14BF00230C2303930B
S31508007B40736880469342DAF8407058D1029B024621
S31508007B50032B8CBF4B46102305930023384600930E
S31508007B600599012315F004FA0746A0B9DAF840008A
S31508007B7020B115F020FA0023CAF84030002301226C
S31508007B8000934146059B6C4815F098F9074600286E
S31508007B9044D0CAF84000049B0FCB86E80F00049B2C
S31508007BA0F1607268DB68D7F810A09A4236DC029B4F
S31508007BB0032B00F282800823B3FBF4F33068298D87
S31508007BC0B0FBF3F6514303FB160660436B6B01EB00
S31508007BD08301039B01EBD00119442B7C012B21D196
S31508007BE004FB08F30733DB080133184603910293B5
S31508007BF001F082FBDDE90231044628B9FEE7F168A7
S31508007C00013373600131CAE70022009202465846E2
S31508007C101FF0E2F848B1204601F088FB002007B0C3
S31508007C20BDE8F08FEB681C690C44B9F1090F27D041
S31508007C30B9F10A0F2CD0B9F1080F19D02046012145
S31508007C4086F0070676B201234FF0000C8B40013B05
S31508007C50D5F830E09BB2C1F10809E0451CDC2B7C65
S31508007C60012B02D1204601F061FB0120EF62D6E725
S31508007C7004EBA600F64306F0030602217600E2E7C7
S31508007C8004EB6600F64306F001060421B600DAE7BF
S31508007C90A01908210026D6E7027832411A40D2B246
S31508007CA0761A76B25EF82220002E4AF82C20BCBF3F
S31508007CB04E4601300CF1010CCFE7A9F10F03042B56
S31508007CC013D8316804FB08F34C43298D03985143B4
S31508007CD000220092524601EBD401DB0801445846C3
S31508007CE01FF07AF8002899D1BFE7B9F1140F95D19A
S31508007CF0298D336851431B0101EBD30100233C89CD
S31508007D000398009301442346524658461FF064F8E8
S31508007D10002883D13368298DEA8C0C3301FB023C99
S31508007D2076684908434606FB01C100900AEB04023F
S31508007D30D5E700BF010000E01011002010B5FCF7E0
S31508007D4055FC044600B9FEE7084915F040FF2046F1
S31508007D50074915F03EFF2046064915F03CFF204628
S31508007D60054915F03AFF054B236110BD3177000828
S31508007D7055790008F17A0008416E0208E83F0308C1
S31508007D8070B5234C2578002D40D14FF4F67229465C
S31508007D90204622F059F84FF46471201D20F044FC67
S31508007DA0C42104F1440020F03FFC1A4B0126636607
S31508007DB00323A3658C23E3623F231748236784F8CC
S31508007DC0246000F0ADFB00F0B5FFFBF739FD08F0C5
S31508007DD00FFF21F060FC00F09BFD00F033FBFFF77E
S31508007DE079FC00F0F1F9F8F775FA14F089FFFCF759
S31508007DF071FFF9F713FD14F097FC21F0D5FD29461C
S31508007E002846FCF783FBFFF799FF267070BD00BF75
S31508007E1018100020D4C3B2A1CDAB341238B5056909
S31508007E20044605B9FEE7836903B9FEE7406800B969
S31508007E30FEE71FF026F92946021D04F1240020F06A
S31508007E4096FE054630B1042104F1300020F0ECFB23
S31508007E50014BE363284638BDE970020838B5056961
S31508007E60044605B9FEE7836903B9FEE7406800B929
S31508007E70FEE71FF006F92946021D04F1240020F04A
S31508007E8076FE054630B1042104F1300020F0CCFB23
S31508007E90014BE363284638BDED70020830B587B05C
S31508007EA0114C0546D4F81C31DBB9104B93E8070092
S31508007EB006AB03E907002A4613E90300039B8DE88E
S31508007EC0030018210A481FF014F80A49C4F81C01CF
S31508007ED01FF0A5F8D4F81C01003818BF012007B018
S31508007EE030BD0120FBE700BF1810002050400308F2
S31508007EF0F83F030848400308024BD3F81C011FF05B
S31508007F0089B800BF1810002030B587B0114C054657
S31508007F10D4F82031DBB9104B93E8070006AB03E928
S31508007F2007002A4613E90300039B8DE8030018217E
S31508007F300A481EF0DEFF0A49C4F820011FF06FF850
S31508007F40D4F82001003818BF012007B030BD012041
S31508007F50FBE700BF181000206C4003082040030808
S31508007F605C400308024BD3F820011FF053B800BF4A
S31508007F701810002010B504460146064820F0BCFB40
S31508007F8063690BB1204698472046BDE8104001F0CA
S31508007F90CDB900BFC410002010B50123094C04F167
S31508007FA0AC0084F8A43020F0E7FB28B9D4F8A80080
S31508007FB0BDE8104021F033BBD4F8A800BDE8104056
S31508007FC021F034BB1810002070B5436805460BB97C
S31508007FD083682BB1174820F0CFFB0446154E04B929
S31508007FE070BDA54221D0636B002B03DA94F8543098
S31508007FF01B071AD522682B689A4216D16368A3B163
S315080080006A68934211D121460A4820F075FB6369D4
S315080080100BB120469847204601F088F9FFF7BCFFC8
S31508008020044820F0A9FB0446D9E72146304620F04B
S31508008030A9FBF8E7C41000202DE9F041604D0027A0
S3150800804095F8A53005F1AC0083F0010385F8A53055
S3150800805020F092FB044605F1AC060CB9BDE8F081A8
S31508008060206D22F088FA636B0344636303F0D6FC41
S3150800807094F8543095F8A520C3F340019142206541
S3150800808085F8A47000F0908062F34103590784F8DC
S315080080905430DAB21ED4636B002B1BDB130709D4EA
S315080080A0A3693BB120469847636A03446362E36A5F
S315080080B00344E36220461FF0F1F9E3680BB120465A
S315080080C0984794F85430204643F0040384F8543013
S315080080D0FFF77AFF626B002A31DB236B20469A4250
S315080080E0C8BF6363236A9847A36A804683422DD034
S315080080F06368A06213B101462068984795F8A430D2
S3150800810043BBA368FBB9D4E90C0383424CDB94F860
S315080081105410626C11F0010121D0002A3ED121468B
S31508008120284820F0E9FAFFF737FF2369002B32D1F8
S3150800813063690BB120469847204601F0F7F895F891
S31508008140A4303BB930E041462046984795F8A4301C
S31508008150002BD8D0304620F00FFB04467DE7E36BB2
S315080081602AB1B2F1FF3F24D0013A62640ABB002B60
S31508008170D5D0A26B5242626381F0010294F8541082
S31508008180E06362F3000184F85410626AE16AC4E9A4
S315080081900B23616208E020469847C9E7236C5B42D7
S315080081A06363E36B002BE7D12146304620F0EAFAF9
S315080081B0D3E7226C52426263002BF5D0D9E700BFA1
S315080081C018100020C410002010B5094C582120466C
S315080081D020F02AFA00222121064800F0A7FB44F8DD
S315080081E0040CFFF7D9FE002324F8083C10BD00BF95
S315080081F0C41000203980000810B558220021044612
S3150800820021F022FE4FF4FA7323630023636264238A
S31508008210E36201236364044B236294F8543043F009
S31508008220080384F8543010BD0974020838B50546A9
S315080082301F4820F001FA044600B9FEE758222946ED
S3150800824021F00DFD2B681B4AAB4292F8A52094F845
S31508008250543008BF246062F3410384F8543003F0B5
S31508008260DDFB94F8543020651B071DD5A3693BB187
S3150800827020469847636A03446362E36A0344E362F9
S3150800828020461FF00BF96B680BB9AB6813B1204693
S31508008290FFF79AFE636813B1616A20689847A36876
S315080082A013B12046616A9847FFF776FE204638BD27
S315080082B0C410002018100020F8B504460F480D46D3
S315080082C0002620F059FA0D4F08B93046F8BD036864
S315080082D0A34200D064B94368AB4200D045B9FFF762
S315080082E049FEFFF759FE384620F046FA0126EBE725
S315080082F00146384620F046FAE6E700BFC4100020DB
S3150800830070B5054609480C4620F036FA074E00B9FE
S3150800831070BD0368AB4204D14368A342F8D0002C71
S31508008320F6D00146304620F02DFAF0E7C4100020BA
S3150800833000286FF0704307DA064A9042ACBF1B1A52
S315080083409B1A43F0005070479842A8BF184640F061
S3150800835000507047010000F02DE9F047054600205F
S315080083600E4600F0E1FB4FF000090446DFF840A096
S3150800837014B94846BDE8F087204600F0D5FBA36847
S315080083800746534511D1D4F80C80D8F80030AB42D3
S315080083900BD1D8F80430B34207D1204600F0EEFAE4
S315080083A0404600F0C3FF4FF001093C46E0E700BF36
S315080083B05D7E02080638C0B20F289ABF014B185CCA
S315080083C0002070477840030810B5FF2A0346084680
S315080083D014D092B18B4210D0094C01EB014103EB4A
S315080083E003432140234004325B1AD208534301EB6E
S315080083F05310204040EA104080B210BD1846FCE7F2
S315080084001FF8E007024BDA6E4261D866704700BF74
S3150800841018100020014B4269DA66704718100020D0
S31508008420074BDB6E03B970475A68824202D01A6856
S31508008430824203D11A7E42F001021A765B69F1E79D
S31508008440181000200421014820F0EEB8E811002099
S3150800845038B50446084820F08FF90146064D09B993
S31508008460084638BD08680378A342FAD0284620F0A3
S3150800847089F90146F3E700BFE811002010B5044664
S3150800848021F030FD08B9074804E0235C2E2B02D101
S315080084900130204410BD2F2BF5D05C2BF3D00138CA
S315080084A0F0E700BFDD44030800280EDBB0F5B47F13
S315080084B00FDA5928174B10DC33F8100047F6FF730C
S315080084C0984208BF4FF40040704700F5B47000B2F8
S315080084D0EAE7A0F5B47000B2E8E780B2A0F15A0264
S315080084E0592A03D8C0F1B40080B2E5E7A0F1B40276
S315080084F092B2592A85BFC0F5B47080B233F812001B
S3150800850033F81000044A054B4042904208BF18460B
S31508008510704700BF884003080180FFFF0080FFFF07
S31508008520014B9866704700BF1810002082B01228C9
S3150800853002D902B01FF023BD0A4B00EB40001A18FF
S315080085401B5A0020ADF804309DF8043063F3070089
S315080085509DF8053063F30F20937863F3174002B054
S31508008560704700BF3F43030882B0122802D902B001
S315080085701FF005BD0139C9B20429F8D8C0EB0010AF
S3150800858001EB410101440020084B5A185B5AADF82B
S3150800859004309DF8043063F307009DF8053063F353
S315080085A00F20937863F3174002B0704722420308FE
S315080085B082B0122802D902B01FF0E1BC0139C9B253
S315080085C00329F8D80C2201EB410102FB0010094BE4
S315080085D01A181B5A0020ADF804309DF8043063F3CE
S315080085E007009DF8053063F30F20937863F317406F
S315080085F002B070473E410308F8B515460F461422E7
S31508008600002104461E4621F01FFC064B2760002D5C
S3150800861008BF1D46069BC4E902562361079B636093
S31508008620F8BD00BF0974020882B0582824D8392832
S3150800863009D8212810D807283ED01C282DD005286F
S315080086403AD0002327E001233A381D4AC0B28340B6
S315080086501342F6D0FF231EE00123A0F12202D2B274
S315080086609340184A1A40002AF4D1174A1342E8D10F
S315080086703428E6D10F230EE06D2808D86B2808D8D1
S315080086805A2817D0E6D95F380128E3D9D9E77428DC
S31508008690D7D14FF48073019309E000238DF8073092
S315080086A00A4B1A889B78ADF804208DF80630019895
S315080086B002B07047064BEEE76FF06043EBE700BF8A
S315080086C0110408028D000100028080007843030827
S315080086D09C0A0308FF280FD068B18C2802D8074BDC
S315080086E0185C7047064A136B23B1926A7330C0B29E
S315080086F09042F5D3002070473F2070477B4303081C
S31508008700181000202DE9F04F91B098469DF86C306E
S31508008710064604931A9B0391089213B100231A9AEA
S315080087201360002E00F0DD803078C8B1039B002B63
S3150800873000F0D980049B13F0030314D0002000E056
S315080087400130335C0A2B00F0D0800D2B00F0CD8071
S31508008750002BF5D11A9B1BB14FF0FF331A9A136001
S3150800876011B0BDE8F08F049A0D9312F0010218BFFC
S315080087706FF06048099202930D9B0193F3180593D5
S31508008780019BF35C002B5DD0B8F1000F5ADD019B0D
S31508008790002B6BD1049B43F004030793099B002528
S315080087A0002B0CBF43466FF0604305980EA90A9349
S315080087B00E9520F023FD0E9B07460F934FF0FF39C9
S315080087C02B46AA46AB462C46059A125D002A32D09D
S315080087D00FA90598069320F011FD069B83465A1C9F
S315080087E006923946024603980B931EF014F90B9B22
S315080087F0824408B1089A9244B9F1FF3F06D1089A13
S315080088000A99AAEB02028A42C8BFA1460A2F33D0A8
S315080088100D2F31D000223648D1B2415C41BB5846B3
S3150800882020F08AFD20B9384620F086FD002849D078
S3150800883055460E9C069BB9F1FF3F23D0079B4C4635
S315080088405B0726D40D9C002C46D10DA9304620F096
S31508008850D5FC1A9B0146002B41D0224603981EF0F0
S31508008860DAF802901A9B029A1A6038E0049B94E799
S315080088708F4202F10102CED1002CDCD1B9F1FF3FC3
S31508008880DCD1554623B10D2F03D1BBF10A0F00D118
S315080088900E9C029BA8EB05082B440293002CD1D012
S315080088A0019B23441C460D9333780A2BCAD00D2B03
S315080088B0C8D0335D0A2B02D00D2B7FF45DAF01348F
S315080088C00D94BFE7DDE90E43B9F1FF3F08BF5546F2
S315080088D00E935F46069B77E71A9B002BC2D10D982D
S315080088E03EE730463CE703983AE7013032E700BFF7
S315080088F0084403080022054BC3F88420D3F89C20BB
S3150800890012B1D3F8A0001047704700BF1810002016
S3150800891010B5054C182120461FF086FE0123237347
S31508008920BDE81040FFF7E6BF8C100020F8B50646F4
S3150800893010480F4615461FF07FFE044600B9FEE7AD
S315080089404FF0FF330361037D07606FF30003866012
S31508008950037503F063F80122237D606043F0020388
S315080089602375054BE56083F88320FFF7C3FF204690
S31508008970F8BD00BF8C1000201810002038B5064D31
S315080089800446014628461FF0B7FE01232046AB736E
S31508008990BDE8384000F0CABC8C1000202DE9F0472D
S315080089A05C4D95F888303BB9012385F8883095F8F1
S315080089B080302BB985F8883001263046BDE8F08727
S315080089C020F06AFE03F02AF8804640B9D5F89830B8
S315080089D00133642B94BF1A460246C5F898204FF017
S315080089E0000ADFF834914846A5F882A01FF0C4FEB5
S315080089F00446A4BB48481FF0BFFE4FF0FF360446A6
S31508008A00DFF81491002C70D1404621F0B4FDD5F85A
S31508008A1090300344D5F89400C5F8903021F0ABFDAA
S31508008A20B0F5FA7F13D36422D5F890305343B3FBDD
S31508008A30F0F00023C0B290429CBF101AC4B285F869
S31508008A408140C5F8903002F0E9FFC5F8940000238C
S31508008A50C5F8846085F8883020F01FFEADE721460A
S31508008A6048461FF08FFE237D0746D9072ED4606837
S31508008A7021F081FD236898421DD32669002E0FDD5B
S31508008A80013E266102F0CAFFA368606083B995F8C3
S31508008A9082300BB92369DBB1B5F88230B3B1A2E7EE
S31508008AA002F0BCFFA3686060002BF0D0002EEED069
S31508008AB020469847EBE795F882303BB923692BB9EE
S31508008AC0237D20469A070DD5FFF758FF3C4690E7C9
S31508008AD0237D20469B0702D5FFF750FFDCE720F0F1
S31508008AE09EFDD9E720F09BFDF0E7237D13F00107F3
S31508008AF00AD1606821F03FFD236898422CBF3B46A7
S31508008B001B1A9E4228BF1E46214648461FF03AFEBB
S31508008B10044677E7181000208C100020014B93F8C4
S31508008B2081007047181000200146034809B91FF054
S31508008B3023BE1FF027BE00BF8C1000202DE9F04190
S31508008B40884616461F46054600B9FEE7047B14F01C
S31508008B500F041CD01FF0B4FD044600B9FEE714222A
S31508008B60002121F071F9237CC4E9005843F004037D
S31508008B70C4E9026723742EB12346262230460549E6
S31508008B8011F0ACFB636813B1294620469847204686
S31508008B90BDE8F0810F970208F8B505461FF0ECFD11
S31508008BA004460E4F24B92846BDE8F8401FF030BEEB
S31508008BB0214628461FF0E6FD237C06465B0708D5B6
S31508008BC03946A06811F0B3FB2A460021A06811F0C7
S31508008BD0CAFB204620F084FD3446E3E70F970208D7
S31508008BE030B585B00546084620F072FD044628468D
S31508008BF020F094FDD4E91132CDE9013213440093F3
S31508008C000349D4E90E2324F040F905B030BD00BF6E
S31508008C103044030813B5044620B9F9F735FF04466E
S31508008C20002843D02046F9F7ADFF06F0C9FB00221D
S31508008C307F21044613F057FB1FF0A1F9C0F3072361
S31508008C408DF80000C0F307408DF801308DF802005A
S31508008C5000220099204613F037FB1FF082F9C0F373
S31508008C6007238DF80400C0F307408DF805308DF80A
S31508008C70060000222046019913F043FB0022032137
S31508008C80204613F013FB00220321204613F015FBA0
S31508008C9000220321204613F0FBFA03212046002276
S31508008CA013F0FDFA2046034924F0B8F8204602B02E
S31508008CB010BD00BF5644030838B5044618B9F9F77D
S31508008CC0E3FE044678B32046FFF7A4FFC4F8100372
S31508008CD048B304F54575284604F54E7120F0E4FCC2
S31508008CE00023D4F810031A46062111F03DFD00238F
S31508008CF0D4F8102328460C49FFF720FF22464FF4E4
S31508008D0096710A48FFF712FE0023C4F834031A4680
S31508008D102046074913F0BFFFD4F810030121BDE828
S31508008D20384010F083BB38BDE18B0008A9980208CB
S31508008D309D97020838B54FF480310C4821F0A8FAFF
S31508008D400B4D0421C5F8B80105F5E2701FF06CFC5F
S31508008D5005F5E2701FF0B4FC044600B9FEE7D5F845
S31508008D60B80121F0A3FA206038BD00BF0412002024
S31508008D701810002038B50C4C0146D4F8B80121F07B
S31508008D8098FA054670B121F041FAD4F8BC31184476
S31508008D90D4F8C031C4F8BC0183422CBFC4F8C03132
S31508008DA0C4F8C001284638BD18100020F8B5054695
S31508008DB00F4621F02BFA104C294606463A46D4F8B7
S31508008DC0B80121F0C9FA054698B1D4F8BC319B1B05
S31508008DD0C4F8BC3121F01AFAD4F8BC311844D4F8D6
S31508008DE0C031C4F8BC0183422CBFC4F8C031C4F8F2
S31508008DF0C0012846F8BD00BF1810002070B5064609
S31508008E0021F004FA0446074D3146D5F8B80121F099
S31508008E1062FAD5F8BC31A34294BF00231B1BC5F8E0
S31508008E20BC3170BD181000202DE9F04F93B00B939C
S31508008E300B1E0A93A64B914614BF82469A460025F6
S31508008E401C9E0B9B187870B94D4538BF2A464B4671
S31508008E504FF000000A9928BF09F1FF32D04728468B
S31508008E6013B0BDE8F08F0B9F252807F1010707D03F
S31508008E704B462A460A99D0476C1C0B972546E0E7CD
S31508008E8000230DE02D2A28D0302A06D0303A092AA8
S31508008E904FF0000812D80A2430E043F001030F46C9
S31508008EA0394611F8012B2B2A1AD0EBD8202A1AD0CA
S31508008EB0232A1BD02A2A29D04FF000083A782E2ACE
S31508008EC07CD179787A1CA1F13000092843F48063B3
S31508008ED06BD800244FF00A0C28E043F00203DEE7C3
S31508008EE043F00403DBE743F00803D8E743F0100335
S31508008EF0D5E70F4604FB0822A2F13008394611F8D7
S31508008F00012BA2F130000928F3D9D7E756F8048BCC
S31508008F100F46B8F1000FBCBF43F00203C8F10008C2
S31508008F20CCE702460CFB0411A1F13004104610F8F8
S31508008F30011BA1F13007092FF3D917463A4612F853
S31508008F40011B6C2943D03BD8682947D06A294FD0E2
S31508008F503A4612F8010B78280B9200F2A58161288F
S31508008F6049D8252800F0A081242840F29D8100F0E8
S31508008F70F702502A40F0988158286DD0502867D1BA
S31508008F8079780B981022562918BF3846074643F4B5
S31508008F908873397803F48060582901D0502978D12C
S31508008FA000285FD123F00C035EE02A2905D156F884
S31508008FB0044B023724EAE474C0E717460024BDE7E9
S31508008FC0742901D07A29C3D143F480730BE07978E8
S31508008FD06C29F9D143F440730237B9E779786829DF
S31508008FE003D043F080031746B2E743F0C003F3E724
S31508008FF043F40073F7E74FF0010CA0F1620235491C
S31508009000D2B20CFA02F21140C1B9732800F0EE8010
S31508009010632840F0498113F0020400F0D4806746C3
S315080090204B462A460A9916F8040B05F1010BD04758
S31508009030002C00F0D9803C465A46CDE000F0DF020D
S31508009040582A09D0502A9BD06F2807D0622807D003
S315080090500A2223F010039CE710229AE7082298E7D1
S31508009060022296E723F00D0343F0200313F4007160
S3150800907073D0CDE907830023CDE9042306F1070B56
S315080090802BF0070B06940293FBE80223CDE9002395
S315080090903EE0692920D064291ED000285AD023F042
S315080090A00D035629E2D1B3465BF8043B0A995A6880
S315080090B0294412685046009211921B68A9EB0502D2
S315080090C0FFF7B2FE05447B1C5E460B93B9E600BF6C
S315080090D0B39902088560480008B123F00103980592
S315080090E01ED5073626F00706B34670685BF8081BD8
S315080090F0CDE9078300230593C30F0028029306943E
S315080091000B46049202DA4B4260EB4000CDE9003090
S315080091104B462A4650460A9920F052FD0546D2E7A4
S31508009120D90506F1040B01D5316802E058060CD5BD
S315080091303178CDE90224CDE9048300294FEAD173B9
S315080091400193B8BF4942009112E01906ECD5B6F969
S315080091500010EEE723F00C03A3E7D80506F1040B8D
S315080091600DD5CDE90483CDE9022401913368009336
S315080091704B462A4650460A9920F0DFFCCEE75906A8
S3150800918007D53178CDE904830023CDE9022401937C
S31508009190D9E7316813F0800F18BF89B2F2E74B465A
S315080091A020200A99D047EA1901374745F7D3B8F17D
S315080091B0000F08F1FF3308BF002308F101071D441B
S315080091C008BF02272CE72746EDE7551C4B4620200B
S315080091D00A99D0472A4601344445F6D3A8EB070333
S315080091E0B84538BF00239B445D462AE63246002C24
S315080091F052F804BB14BF21464FF0FF310C925A4671
S315080092005944107808B1914210D1A2EB0B0713F418
S3150800921080620D9202D0A74228BF274613F00203A8
S315080092200E9317D17B1B2A460F9307E00132E8E716
S31508009230561C4B4620200A99D04732460F9BD31816
S315080092409845F5D8A8EB0703B84538BF00237A1C1C
S315080092501D449F185E46A5EB0B0B04E01C464B46C7
S315080092602A460A99D0470BEB060516F8010B28B1D2
S315080092700D9B002BF3D0631E002CEFD10E9B8BB1F8
S315080092802A467C1B05E0561C4B4620200A99D047E7
S31508009290324613194345F6D3A8EB0703B84538BF3A
S315080092A000231D440C9ECCE54B462A460A996C1CA5
S315080092B0D047E3E50CB41FB506AC54F8043B0A46A0
S315080092C00094014604480394FFF7AEFD04B0BDE8D8
S315080092D0104002B0704700BFAB99020807B500936B
S315080092E013460A4601460348FFF79EFD03B05DF89C
S315080092F004FB00BFAB99020808B1FFF73BBD014864
S31508009300704700BF7C10002038B5054648B1FFF706
S3150800931031FD044618B12A46002120F095FD204665
S3150800932038BD014CFBE700BF7C100020034A904281
S3150800933002D008B1FFF762BD704700BF7C1000205D
S3150800934010B559B1074CA04204D1BDE810400846F3
S31508009350FFF7D2BFBDE81040FFF728BDFFF7E6FFCD
S31508009360004810BD7C1000202DE9F047BC4B08468C
S315080093700C46D3F8B05113F029F8064618B9324608
S3150800938005F1400121E02046B64910F0F5FA80467D
S3150800939000287BD03046B44910F0EEFA18BB3046A8
S315080093A0B14910F0E9FA30BB304613F00FF8AE4970
S315080093B010F0E2FA0746B8B3002205F58071204698
S315080093C012F0D1FD002205F5B671204612F0CBFD4C
S315080093D04FF4803205F14C01204612F0C4FDA34A31
S315080093E005F158011BE00121304612F0F2FF8442D4
S315080093F0D5D1BDE8F0870021304612F0EAFF844255
S31508009400D2D1002205F1B80112F0ADFD042205F50E
S315080094109871204612F0A7FD042205F54D712046E5
S31508009420BDE8F04712F09FBD3046914910F0A4FA06
S3150800943070B13946304612F0CCFF844208D13A461C
S3150800944005F1AC0112F08FFD3A4605F1E801E6E7B1
S315080094503046874910F090FA70B10121304612F073
S31508009460B8FF844208D1002205F1400112F07BFDC5
S31508009470002205F58071A8E730467E4910F07CFA8F
S3150800948002460028B5D105F164019EE720467A49CF
S3150800949010F072FA0746002876D0304612F096FF8A
S315080094A005F1C40A074605F5987918B3414612F03E
S315080094B090FF86421ED138466B4910F05DFAC8B156
S315080094C020225146204612F04EFD0122204605F183
S315080094D0880112F048FD0122204605F5507112F068
S315080094E042FD04224946204612F03DFD082205F5B4
S315080094F09E718EE70022204605F1700112F033FDB9
S315080095000022204605F17C0112F02DFD002220469E
S3150800951005F5C27112F027FD20225146204612F0A9
S3150800952022FD2022204605F5C87112F01CFD0422F2
S315080095304946204612F017FD2022204605F5BC7143
S3150800954012F011FD0122204605F1940112F00BFDDF
S31508009550204605F1D001802212F005FD3046474924
S3150800956010F00AFA48B1002205F53271204612F0C9
S31508009570FAFC202205F5387151E73046404910F0CB
S31508009580FBF90028EFD134E720463E4910F0F4F9FC
S31508009590814618B13A4605F50B7140E720463A4927
S315080095A010F0EAF9804600287AD03046314910F0A2
S315080095B0E3F905F1C408024605F1D00A05F59877DE
S315080095C005F59E7640B34A46204605F5177112F012
S315080095D0CAFC04223946204612F0C5FC0822314648
S315080095E0204612F0C0FC4FF4A022204605F51A7159
S315080095F012F0B9FC4146254A204612F0B4FC514601
S31508009600234A204612F0AFFC224A3946204612F079
S31508009610AAFC214A314602E7204605F1640112F008
S31508009620A2FC04223946204612F09DFC0822314647
S31508009630204612F098FC4FF4A022204605F170014E
S3150800964012F091FC51462046114A12F08CFC414614
S315080096500E4A204612F087FC104A05F17C01D0E735
S31508009660181000201C0A03080854030840000100CB
S31508009670BC54030884450308B8440308844F030808
S31508009680A84F0308E04E0308044503082000050018
S31508009690800005000400050008000500010005001B
S315080096A02046E44910F068F9074610B342462046BA
S315080096B005F1880105F5A47612F055FC42463146B7
S315080096C0204612F050FC0422204605F5987112F047
S315080096D04AFC0822204605F59E7112F044FC4FF418
S315080096E00032204605F17C0112F03DFC4FF40032B1
S315080096F090E72046D04910F03FF90646E8B33A46C7
S31508009700204605F1880105F5A47612F02CFC3A46A8
S315080097103146204612F027FC0422204605F59871AA
S3150800972012F021FC0822204605F59E7112F01BFC5A
S315080097304FF40032204605F17C0112F014FC4FF478
S3150800974000323146204612F00EFC4FF440322046D5
S3150800975005F5DA7112F007FC2046B84A05F5BC7122
S3150800976012F001FC4FF4403205F5C271204612F0A2
S31508009770FAFBB24A05F5C87151E62046B04910F021
S31508009780FBF8074600284FD03246204605F164010B
S3150800979012F0E9FB3246204605F1DC0112F0E3FB44
S315080097A03246204605F5AA7112F0DDFB0422204652
S315080097B005F5987112F0D7FB0822204605F59E712B
S315080097C012F0D1FB4FF48032204605F14C0112F01D
S315080097D0CAFB20469B4A05F1580112F0C4FB4FF418
S315080097E0A022204605F1B80112F0BDFB4FF4A022D5
S315080097F0204605F50E7112F0B6FB4FF4A02220465E
S3150800980005F5807112F0AFFB20468F4A05F1C401B9
S3150800981012F0A9FB8D4A05F17C01204612F0A3FB44
S315080098208B4A05F19401FAE520468A4910F0A4F816
S3150800983000283BD03A46204605F5867112F093FB80
S315080098400422204605F5987112F08DFB2046824ABF
S3150800985005F1D00112F087FB4FF40032204605F5DA
S31508009860027112F080FB20467C4A05F17C0112F059
S315080098707AFB2046794A05F5057112F074FB2046F5
S31508009880774A05F1C40112F06EFB2046744A05F5C5
S31508009890BC7112F068FB724A05F5C871204612F0D1
S315080098A062FB4FF4003205F5C271B8E520466D49F2
S315080098B010F062F8002855D005F1AC0105F5A4773B
S315080098C00022204612F04FFB00223946204612F0AD
S315080098D04AFB05F1D00605F5D4710022204612F0A0
S315080098E042FB80223146204612F03DFB05F5987171
S315080098F00422204612F037FB05F17C012046574A20
S3150800990012F031FB4FF400323946204612F02BFB99
S3150800991031462046504A12F026FB05F5DA714FF417
S315080099204032204612F01FFB05F1B8014FF44032D1
S31508009930204612F018FB05F508714FF44032204610
S3150800994012F011FB05F5C87531462046464A12F055
S315080099500AFB424A2946204612F005FB4FF400321C
S3150800996029465CE52046414910F006F8064680B3CC
S315080099700022204605F1640112F0F5FA002220467D
S3150800998005F1F40112F0EFFA0022204605F5F87108
S3150800999012F0E9FA4FF48032204605F14C0112F034
S315080099A0E2FA05F5EC762046264A05F1580112F04A
S315080099B0DAFA4FF4A0223146204612F0D4FA4FF4D0
S315080099C00032204605F5F27112F0CDFA4FF4C022A6
S315080099D020E6204626490FF0CFFF0746002849D043
S315080099E03246204605F1640112F0BDFA3246204699
S315080099F005F5CE7112F0B7FA3246204605F58C7198
S31508009A0012F0B1FA3246204605F5927112F0ABFA19
S31508009A100422204605F5987112F0A5FA0822204678
S31508009A2005F59E7112F09FFA4FF4802205F17C012C
S31508009A30F5E400BF944403082C53030820000300F0
S31508009A40DC5303084000010020000500040005005F
S31508009A50080005008C490308800002000100020086
S31508009A6020000200B053030880000300544903088D
S31508009A70D05203082046DD490FF07EFF0646A0B304
S31508009A803A46204605F1640112F06DFA3A46204638
S31508009A9005F1F40112F067FA05F5C8763A4620464C
S31508009AA005F5C27112F05FFA20223146204612F0FF
S31508009AB05AFA2022204605F1C40112F054FA04226B
S31508009AC0204605F5987112F04EFA082205F59E71A2
S31508009AD0204612F048FA4FF400323146204612F07A
S31508009AE042FA802205F1D00199E42046C0490FF0D8
S31508009AF043FF0746A8B33246204605F1640112F033
S31508009B0032FA3246204605F5B07112F02CFA324682
S31508009B10204605F58C7112F026FA3246204605F5E0
S31508009B20FE7112F020FA4FF48032204605F14C01FE
S31508009B3012F019FA2046AF4A05F1580112F013FA45
S31508009B404FF48022204605F1B80112F00CFAAA4A11
S31508009B50204605F17C0112F006FAA84A05F1C4016F
S31508009B605DE42046A6490FF007FF0646C0B105F595
S31508009B70E0763A463146204612F0F5F94FF40032BF
S31508009B803146204612F0EFF94FF4003205F5E6713A
S31508009B90204612F0E8F94FF4403205F5DA713EE452
S31508009BA0204698490FF0E8FE074688B105F5E077A4
S31508009BB032463946204612F0D6F94FF40032394675
S31508009BC0204612F0D0F94FF4003205F5E67126E486
S31508009BD020468D490FF0D0FE0646B0B33A462046D9
S31508009BE005F1640112F0BFF93A46204605F1F40181
S31508009BF012F0B9F98022204605F1D00112F0B3F926
S31508009C000422204605F5987112F0ADF9082220467F
S31508009C1005F59E7112F0A7F94FF48032204605F13A
S31508009C204C0112F0A0F92046724A05F1580112F0CB
S31508009C309AF9764A05F51171204612F094F94FF40F
S31508009C40002205F51471FFF7EABB204670490FF0AC
S31508009C5093FE50B1324605F16401204612F083F9AD
S31508009C60324605F1DC01FFF7DABB204669490FF0F9
S31508009C7083FE20B1002205F51D71FFF7D0BB2046F3
S31508009C8065490FF079FE0028F4D1204663490FF0A4
S31508009C9073FE074600284FD005F1400100222046F2
S31508009CA012F061F995F828300022012B0CBF05F156
S31508009CB0F40105F1E801204612F055F90422204680
S31508009CC005F5987112F04FF90822204605F59E71A0
S31508009CD012F049F94FF4A022204605F1700112F05E
S31508009CE042F920464E4A05F1D00112F03CF94FF4EC
S31508009CF0A022204605F1B80112F035F94FF4A0224A
S31508009D00204605F5417112F02EF92046454A05F11F
S31508009D10C40112F028F92046434A05F1AC0112F0B5
S31508009D2022F9424A05F18801204612F01CF9404AF8
S31508009D3005F1A001FFF773BB20463E490FF01CFE54
S31508009D40064650B13A4605F16401204612F00BF971
S31508009D503A4605F54471FFF738BB204636490FF0F9
S31508009D600BFE074650B1324605F1AC01204612F00B
S31508009D70FAF8324605F54A71FFF751BB20462F49D6
S31508009D800FF0FAFD0646F8B13A46204605F1B80145
S31508009D9012F0E9F83A46204605F5477112F0E3F85D
S31508009DA005F54A760422204605F17C0112F0DBF817
S31508009DB004223146204612F0D6F8202231462046A3
S31508009DC012F0D1F82022C9E620461D490FF0D4FD2D
S31508009DD08046B8B3324605F16401204612F0C3F84E
S31508009DE0324605F52071FFF71ABB00BF044A03087F
S31508009DF0E0490308400001000100040020000400B7
S31508009E006C440308845303083C5403080200060004
S31508009E10844503085446030828490308604E030886
S31508009E20800005002000050001000500040005006B
S31508009E3008000500604F0308184F03083C4F030845
S31508009E40DC5003082046A6490FF096FD074620B1C8
S31508009E50424605F52671FFF7B8BA2046A1490FF024
S31508009E608BFD064620B13A4605F52971FFF7ADBACE
S31508009E7020469D490FF080FDC8B13246204605F5BB
S31508009E80237112F070F805F188062022204605F5A0
S31508009E90387112F068F821223146204612F063F82C
S31508009EA001223146204612F05EF80422BEE520461D
S31508009EB08E490FF061FD20B1002205F52F71FFF7DD
S31508009EC0AEBA20468A490FF057FD0028F4D120463D
S31508009ED088490FF051FD064620B1002205F52C7180
S31508009EE0FFF773BA204684490FF046FD074620B1AE
S31508009EF0324605F53571FFF792BA20467F490FF0CD
S31508009F003BFD064620B13A4605F53B71FFF787BA91
S31508009F1020467B490FF030FD074680B13246204681
S31508009F2005F1640112F01FF83246204605F1DC01FE
S31508009F3012F019F8324605F5B071FFF770BA2046E7
S31508009F4070490FF019FD064620B13A4605F53E71EF
S31508009F50FFF765BA20466C490FF00EFD074650B16B
S31508009F60324605F1E801204611F0FDFF324605F1BB
S31508009F70AC01FFF754BA204664490FF0FDFC0646CB
S31508009F8000287FF461AA204661490FF0F5FC78B1F4
S31508009F904FF48032204605F14C0111F0E4FF5D4A8A
S31508009FA0204605F1580111F0DEFF3246FFF74DBA9B
S31508009FB0204659490FF0E0FC38B30022204605F147
S31508009FC0700111F0D0FF0022204605F17C0111F046
S31508009FD0CAFF0022204605F5C27111F0C4FF2022EF
S31508009FE0204605F1C40111F0BEFF2022204605F5E2
S31508009FF0C87111F0B8FF042205F59871204611F0D2
S3150800A000B2FF012205F1940168E5204643490FF0A5
S3150800A010B3FC0028D1D1204641490FF0ADFC0646D5
S3150800A020D0B10022204605F1640111F09CFF002200
S3150800A030204605F1F40111F096FF0422204605F5A5
S3150800A040987111F090FF0822204605F59E7111F0CF
S3150800A0508AFF4FF4C022E9E4204632490FF08CFC0F
S3150800A06000287FF48CA920462F490FF085FC064668
S3150800A07000287FF4ADA920462C490FF07DFC8046C8
S3150800A08018B1324605F14001E7E5204628490FF0A8
S3150800A09073FC074608B142464DE7204625490FF0AE
S3150800A0A06BFC064620B13A4605F55371FFF7B7B97A
S3150800A0B0204621490FF060FC00283FF49AA905F5CF
S3150800A0C0567532462946204611F04DFF4FF40032A8
S3150800A0D02946204611F047FF4FF4A02240E400BF6E
S3150800A0E0F04F0308CC4F030894500308844F030825
S3150800A0F0A84F0308B8500308705003084C500308CB
S3150800A100445203086C51030820520308D851030827
S3150800A110FC5103084000010090510308B45103089C
S3150800A1205853030894540308705403080854030842
S3150800A130BC540308B44E03080053030810B586B090
S3150800A140174B0191D3F8B03114465B6A0221DB073D
S3150800A1504FF0120013D5FEF72BFA22468DF81000A1
S3150800A160C0F30723C0F307408DF811308DF81200AD
S3150800A1700199049806B0BDE810401DF0BABFFEF775
S3150800A180F3F98DF81400C0F30723C0F307408DF8E0
S3150800A19015308DF81600224601990598EAE700BFA2
S3150800A1A018100020044BD3F8B03193F83C300BB1AB
S3150800A1B01EF0FEBD1EF0F8BD18100020034BD3F8A4
S3150800A1C0B00108B190F83C00704700BF1810002095
S3150800A1D02DE9F04792B005461F46CDE90221FFF763
S3150800A1E0EDFFDDF86880344C28B94FF46770FFF747
S3150800A1F08BF8C4F8B001D4F8B041A5BBF8F744FC15
S3150800A20006463046F8F770FC81463046F8F74CFCAF
S3150800A210B0F5A07F29DDB0F5347FACBF4FF0010A59
S3150800A2204FF0020A94F83C3013BB84F828A0039B2D
S3150800A230BDF8082023821B0CA3749DF80A30C4E9D4
S3150800A240068863751D4BC4F82C90E660A4F81320A5
S3150800A250C4F8208023606762002F31D104211220C0
S3150800A260FEF782F92FE02E46CBE74FF0030AD9E72F
S3150800A270E36A4B45D9D194F828305345D5D103998B
S3150800A28020691DF040FE0028CFD0E37C227D607D4A
S3150800A29043EA0223029943EA00401DF034FE0028EF
S3150800A2A0C3D0636ABB42C0D1A3694345BDD120462A
S3150800A2B012B0BDE8F08700BF1810002069930008A7
S3150800A2C0C3481DF033FEC0F3072384F83130636AB0
S3150800A2D084F83000DE07C0F3074084F8320040F106
S3150800A2E06E8205211220FEF73FF9C0F3072384F892
S3150800A2F03430636A84F83300C0F3074084F83500C5
S3150800A300D80740F16182B3481DF010FEC0F3072359
S3150800A31084F83730636A84F83600D907C0F30740F3
S3150800A32084F8380040F15382AB481DF0FFFDC0F3B6
S3150800A330072384F8390004F5C27AC0F3074084F885
S3150800A3403A3084F83B0004F5C8795046FFF72AFFEF
S3150800A3504846FFF727FF4FF00008462304F55D76C9
S3150800A3603046CDE900389D4A50239D4904F5627769
S3150800A370FEF742F95023994A38469949CDE90088AB
S3150800A380FEF73AF9314650461EF011FF04F14C0625
S3150800A390394648461EF00BFF3046FFF703FF636A4F
S3150800A3A0DA0740F1198202211220FEF701F9C0F3FB
S3150800A3B007238DF81400C0F307408DF815308DF883
S3150800A3C01600059930461EF0F2FD304647F6FF7135
S3150800A3D01EF0CFFEE16A3046C1EBC101EF29C3BFCB
S3150800A3E0A0235031B1FBF3F1012120F053F8E16AC3
S3150800A3F0304601EB8101EF29C3BFA0235031B1FBE1
S3150800A400F3F101211EF08BFD304666211EF0DDFDBD
S3150800A4103946304604F158061EF0C9FE3046FFF7A5
S3150800A420C1FEFF21304604F140061EF0CEFD30463F
S3150800A430FFF7B8FEFF2130461EF0C7FD3046216BF8
S3150800A4401EF0B5FD94F8342094F8333094F835109E
S3150800A45043EA022343EA014130461EF06AFEE169F7
S3150800A46030461EF074FE94F82830E16A012B00F09D
S3150800A470B781022B14BF0A230C235943EF29C3BF04
S3150800A480A0235031B1FBF3F1012130461EF083FDC4
S3150800A49094F82830E16A012B00F0A481022B14BF3E
S3150800A4A00A230C235943EF29C3BFA0235031B1FB1C
S3150800A4B0F3F1012130461EF074FDE16A30460029A9
S3150800A4C0B8BF0331891004F1640609021EF075FE4F
S3150800A4D03046FFF767FE94F82830E16A012B14BF6F
S3150800A4E008230C235943EF29C3BFA0235031B1FBDE
S3150800A4F0F3F1012130461EF03CFEFF2130461EF0E6
S3150800A50064FDE38E94F83810304643EA01411EF0A4
S3150800A5104EFD94F83A2094F8393094F83B1043EA03
S3150800A520022343EA014130461EF069FDE16A3046DE
S3150800A5307729C3BF50232831B1FBF3F101211EF05F
S3150800A54072FD012130461EF07AFD94F8333094F8F6
S3150800A550342094F8351043EA022343EA0141304691
S3150800A5601EF0E7FD94F82830E16A012B00F03C81E3
S3150800A570022B14BF102314235943EF29C3BFA0236A
S3150800A5805031B1FBF3F1012130461FF083FF94F8F7
S3150800A5902830E16A012B00F02981022B14BF0A2317
S3150800A5A00C235943EF29C3BFA0235031B1FBF3F164
S3150800A5B0012130461EF0EFFC94F82830E16A012BA1
S3150800A5C000F01681022B14BF0A230C230AE000BFF1
S3150800A5D01A171500302B280037322F000974020885
S3150800A5E05C4403085943EF29C3BFA0235031B1FB8C
S3150800A5F0F3F1012130461EF0D4FC1220FDF796FF38
S3150800A600C0F307238DF81800C0F307408DF81930FA
S3150800A6108DF81A00069930461EF063FDE16A304649
S3150800A620EF29C2BFA0235031B1FBF3F104F59876A8
S3150800A630D8BF01211EF04FFD3046FFF7B3FD304667
S3150800A64021691EF008FDE16A304601EB4101EF2958
S3150800A650C3BFA0235031B1FBF3F101211EF0F5FC75
S3150800A660E16A304601EB4101EF29C3BFA02350310F
S3150800A670B1FBF3F101211EF002FD7F21304604F5FE
S3150800A6809E761EF0F6FC3046FFF78CFD227DE37CB5
S3150800A690617D43EA022343EA014130461EF0DBFCB2
S3150800A6A0E16A304601EB4101EF29C3BFA0235031CF
S3150800A6B0B1FBF3F101211EF0C8FC7F21304604F1FD
S3150800A6C070061EF0D6FC3046FFF76CFD94F828306D
S3150800A6D0E16A012B00F08E80022B14BF08230C239D
S3150800A6E05943EF29C3BFA0235031B1FBF3F1012130
S3150800A6F030461EF03EFDFF2130461EF066FC94F8FB
S3150800A700393094F83A2094F83B1043EA022330464D
S3150800A71043EA01411EF04BFC676A17F0010777D13F
S3150800A7201220FDF703FFC0F307238DF81C00C0F3C2
S3150800A73007408DF81D308DF81E00079930461EF02B
S3150800A740B6FC3846F8F7D0F900EB4000EF2853DDA1
S3150800A7503846F8F7C9F9A02300EB400000F150018C
S3150800A76091FBF3F130461EF090FC7F2130461EF037
S3150800A770ACFC0020F8F7B8F93B283FDC0020E76A74
S3150800A780F8F7B2F93B2801F3BD8001204743EF2FC4
S3150800A79041F3C4800020E76AF8F7A6F93B2841F39D
S3150800A7A0BA800020F8F7A0F92823143090FBF3F0BC
S3150800A7B0A02300FB07F1503191FBF3F125E00421BA
S3150800A7C01220FDF7F5FE90E51DF0CBFB9EE5022174
S3150800A7D01220FDF7C9FEAAE51220FDF7A7FEE6E559
S3150800A7E00E234AE60E235DE61823C5E60E23D8E6B1
S3150800A7F00E23F7E6102373E70121B3E70020F8F7E5
S3150800A80073F93B304E28B9D8002130461EF043FC78
S3150800A81094F8333094F8342094F8351043EA022338
S3150800A82043EA014130461EF084FC94F82830E16A78
S3150800A830012B01F07680022B14BF102314235943F1
S3150800A840EF29C3BFA0235031B1FBF3F101213046F4
S3150800A8501FF015FE94F82830E16A012B01F0648098
S3150800A860022B14BF0A230C235943EF29C3BFA02385
S3150800A8705031B1FBF3F1012130461FF0EFFDE16ADB
S3150800A880304601EB8101EF29C3BFA0235031B1FB4C
S3150800A890F3F101211EF085FBE16A304601EB8101E7
S3150800A8A0EF29C3BFA0235031B1FBF3F1012104F511
S3150800A8B059771EF070FB04F55B76384692491DF011
S3150800A8C090FC04F1C408304690491DF08AFC4046C5
S3150800A8D0FFF768FC394640461EF057FC04F1D007DE
S3150800A8E0232140461EF057FC3846FFF75BFC3146ED
S3150800A8F038461EF04AFC04F5B0767F2138461EF02D
S3150800A9004AFC3046FFF74EFC304601211EF037FC64
S3150800A9100121304604F580761EF091FB3046FFF79C
S3150800A92041FC94F82830E16A012B01F00080022BE3
S3150800A93014BF102314235943EF29C3BFA023503152
S3150800A940B1FBF3F1012130461FF0A4FD94F828303D
S3150800A950E16A012B00F0EE87022B14BF10231423A3
S3150800A9605943EF29C3BFA0235031B1FBF3F10121AD
S3150800A97030461EF010FB94F82830E16A012B00F0EF
S3150800A980DC87022B14BF102314235943EF29C3BFB6
S3150800A990A0235031B1FBF3F10121304604F1F4064E
S3150800A9A01EF0FFFA3046FFF7FDFB94F82830E16AFF
S3150800A9B0012B00F0C587022B14BF0A230C23594329
S3150800A9C0EF29C3BFA0235031B1FBF3F10121304673
S3150800A9D01FF060FD94F82830E16A012B00F0B38778
S3150800A9E0022B14BF0A230C235943EF29C3BFA02304
S3150800A9F05031B1FBF3F10121304604F586761FF09C
S3150800AA0022FD3046FFF7CEFB0A23E16A304659435A
S3150800AA10EF29C3BFA0235031B1FBF3F101211EF08A
S3150800AA20BAFA0A23E16A30465943EF29C3BFA0237D
S3150800AA305031B1FBF3F1012104F58C761EF0B1FA21
S3150800AA403046FFF7AFFB1423E16A30465943EF2936
S3150800AA50C3BFA0235031B1FBF3F1012104F592766F
S3150800AA601EF07BFB3046FFF79DFB0221304604F1C2
S3150800AA70DC061EF078FB3046FFF794FB30460021D3
S3150800AA801FF008FD304600211EF085FA00213046E9
S3150800AA9004F1E8061EF085FA3046FFF783FB94F8C2
S3150800AAA02830E16A012B00F05187022B14BF0223DC
S3150800AAB006235943EF29C3BFA0235031B1FBF3F155
S3150800AAC0012130461FF0E6FC94F82830E16A012B94
S3150800AAD000F03F87022B14BF022306235943EF29B0
S3150800AAE0C3BFA0235031B1FBF3F1012130461EF05C
S3150800AAF052FA94F82830E16A012B00F02D87022BD0
S3150800AB0014BF0223062303E073A402083DA100082C
S3150800AB105943EF29C3BFA0235031B1FBF3F10121FB
S3150800AB20304604F17C061EF03CFA3046FFF73AFB45
S3150800AB30304621691EF03BFA1DF013FAC0F30723CD
S3150800AB408DF82000C0F307408DF821308DF82200DB
S3150800AB50089930461EF0EDFAFF21304604F18806C2
S3150800AB601EF033FA3046FFF71DFB304621691EF00A
S3150800AB701EFA304621691EF0DCFA3321304604F10C
S3150800AB8094061EF022FA3046FFF70CFB227DE37C82
S3150800AB90617D43EA022343EA014130461EF007FA83
S3150800ABA01DF0DFF9C0F307238DF82400C0F3074032
S3150800ABB08DF825308DF82600099930461EF0B9FA29
S3150800ABC0FF21304604F1A0061EF0FFF93046FFF7D4
S3150800ABD0E9FA227DE37C617D43EA0223304643EAB3
S3150800ABE001411EF0E4F9227DE37C617D43EA0223FC
S3150800ABF043EA014130461EF09CFA3321304604F1FF
S3150800AC00AC061EF0E2F93046FFF7CCFA94F83A2083
S3150800AC1094F8393094F83B1043EA022343EA014199
S3150800AC2030461EF0C4F93046FF211EF0CEF994F8DE
S3150800AC30342094F8333094F8351043EA022343EA73
S3150800AC400141304604F1B8061EF073FA3046FFF7A4
S3150800AC50A9FAE38E94F83810304643EA01411EF00B
S3150800AC60A6F93046FF211EF0B0F994F8342094F87E
S3150800AC70333094F8351043EA022343EA014130465B
S3150800AC8004F5A4761EF055FA3046FFF78BFA47F618
S3150800AC90FF71304604F5AA761EF06BFA3046FFF7C8
S3150800ACA081FA0021304604F5B6761EF062FA30467F
S3150800ACB0FFF778FAE16A30460029B8BF03318910F0
S3150800ACC004F5BC7609021EF078FA3046FFF76AFAF0
S3150800ACD0E16A304601EB4101EF29C3BFA023503199
S3150800ACE0B1FBF3F101211EF032F9E16A304601EBBE
S3150800ACF04101EF29C3BFA0235031B1FBF3F1012174
S3150800AD0004F5DA761EF029F93046FFF74BFA304695
S3150800AD1021691EF04CF93046FF211EF056F906232C
S3150800AD20E16A30465943EF29C3BFA0235031B1FB2E
S3150800AD30F3F101211FF0AEFB47F6FF71304604F52B
S3150800AD40CE761EF016FA3046FFF72CFAC8213046A2
S3150800AD5004F5D4761EF025FA3046FFF723FA782153
S3150800AD60304604F5E0761EF01CFA3046FFF71AFA6C
S3150800AD7094F83A2094F8393094F83B1043EA0223C1
S3150800AD8043EA014130461EF0C6F9E16A3046C1EB96
S3150800AD900111EF29C3BFA0235031B1FBF3F1012103
S3150800ADA01EF0ADF90121304604F5E6761EF0ADF940
S3150800ADB03046FFF7F7F93046216904F5FE761EF0AE
S3150800ADC0AAF93046FFF7EEF94FF48271304604F5DA
S3150800ADD002761EF0B0F83046FFF7E4F9E16A30462D
S3150800ADE001EB4101EF29C3BFA0235031B1FBF3F1B9
S3150800ADF001211FF04FFBE16A30467729C3BF502374
S3150800AE002831B1FBF3F101211EF00DF93046216915
S3150800AE101EF0F5F8E38E94F83810304643EA0141FF
S3150800AE201EF0C5F83046FF211EF0CFF894F82830FA
S3150800AE30E16A012B14BF08230C235943EF29C3BF2A
S3150800AE404FF4A0735031B1FBF3F1002130461EF0E8
S3150800AE5090F93046A1691EF07AF91DF082F8C0F320
S3150800AE6007238DF82800C0F307408DF829308DF8A0
S3150800AE702A000A99304604F505761EF05AF9304636
S3150800AE80FFF790F930469C4904F508761EF0B1F8AC
S3150800AE903046FFF787F9E16A30463B29C3BF6FF0B2
S3150800AEA02703143191FBF3F14FF0FF311FF0F2FA4B
S3150800AEB01DF057F8C0F307238DF82C00C0F30740A0
S3150800AEC08DF82D308DF82E000B99304604F50B764B
S3150800AED01EF06DF83046FFF765F9304601211EF081
S3150800AEE0FAF894F8342094F8333094F8351043EA95
S3150800AEF0022343EA0141304604F5F8761EF0F1F8DC
S3150800AF003046FFF74FF9304600211EF098F80A231D
S3150800AF10E16A30465943EF29C3BFA0235031B1FB3C
S3150800AF20F3F101211EF03DF894F83A2094F83930EF
S3150800AF3094F83B1043EA022343EA014104F5EC770F
S3150800AF4030461EF0CEF83846FFF72CF9E16A384647
S3150800AF5001EB4101EF29C3BFA0235031B1FBF3F147
S3150800AF6001211EF0B8F8E16A384601EB4101EF29E4
S3150800AF70C3BFA0235031B1FBF3F101211EF0F9F84C
S3150800AF80E66A38461D2EC3BF14230A36B6FBF3F607
S3150800AF90012631461DF0C3FF314638461DF0C5FF70
S3150800AFA0E16A38467729C3BF50232831B1FBF3F14C
S3150800AFB0012104F5F2771DF0F4FF3846FFF7F2F8A1
S3150800AFC047F6FF7138461EF0D4F8314638461DF06C
S3150800AFD0A6FF314638461DF0A8FF384621691DF000
S3150800AFE0E6FF04F52076FF2138461DF0EEFF3046D1
S3150800AFF0FFF7D8F8304600211FF04CFA30460021FA
S3150800B0001FF021FA304600211EF0B3F83046012120
S3150800B0101EF0B5F80021304604F535761EF009F81D
S3150800B0203046FFF7BFF894F82830E16A012B14BFC1
S3150800B03008230C235943EF29C3BFA0235031B1FB82
S3150800B040F3F1012130461EF094F8304601211EF036
S3150800B05096F83046FF211DF0B8FFE38E94F83810B5
S3150800B060304643EA01411DF0A2FF94F8342094F8D3
S3150800B070333094F8351043EA022343EA0141304657
S3150800B08004F523761EF055F83046FFF78BF894F84A
S3150800B0902830E16A012B00F06284022B14BF0A23D0
S3150800B0A00C235943EF29C3BFA0235031B1FBF3F159
S3150800B0B0012130461FF0E3F994F82830E16A012BA4
S3150800B0C000F05084022B14BF0A230C235943EF299E
S3150800B0D0C3BFA0235031B1FBF3F1012130461FF065
S3150800B0E0BDF994F82830E16A012B00F03E84022B62
S3150800B0F014BF0A230C2301E0584403085943EF29D7
S3150800B100C3BFA0235031B1FBF3F1012130461FF034
S3150800B1109AF9E16A3046EF29C3BFA0235031B1FB43
S3150800B120F3F101211DF07FFF304619211DF075FF4F
S3150800B13094F8342094F8333094F8351043EA02230F
S3150800B14043EA014130461DF05AFF0021304604F516
S3150800B15026761DF06EFF3046FFF724F830460021AC
S3150800B1601FF098F9304600211FF06DF9E16A304664
S3150800B170EF29C3BFA0235031B1FBF3F101211DF024
S3150800B18052FF304619211DF048FF94F8342094F8F0
S3150800B190333094F8351043EA022343EA0141304636
S3150800B1A01DF02DFF0821304604F529761DF041FFD4
S3150800B1B03046FEF7F7FF304600211FF06BF90021F5
S3150800B1C0304604F52F761FF03EF93046FEF7EAFFC3
S3150800B1D094F82830E16A012B00F0CA83022B14BFC9
S3150800B1E00A230C235943EF29C3BFA0235031B1FBCF
S3150800B1F0F3F1012130461FF042F994F82830E16A4C
S3150800B200012B00F0B783022B14BF022306235943F0
S3150800B210EF29C3BFA0235031B1FBF3F1012130461A
S3150800B2201FF01CF994F82830E16A012B00F0A4837A
S3150800B230022B14BF0A230C235943EF29C3BFA023AB
S3150800B2405031B1FBF3F10121304604F532761FF097
S3150800B250FAF83046FEF7A6FF94F82830E16A012B83
S3150800B26000F08C83022B14BF022306235943EF29CF
S3150800B270C3BFA0235031B1FBF3F1012130461FF0C3
S3150800B280FEF894F82830E16A012B00F07983022B46
S3150800B29014BF022306235943EF29C3BFA023503105
S3150800B2A0B1FBF3F1012130461FF0D8F830460021F2
S3150800B2B01DF00BFF304600211DF087FE94F8342060
S3150800B2C094F8333094F8351043EA022343EA0141EF
S3150800B2D0304604F52C761DF02CFF3046FEF762FF4B
S3150800B2E0304600211FF0CBF80021304604F53876A9
S3150800B2F01FF0A9F83046FEF755FF332130461DF0FA
S3150800B30064FE1220FDF712F9C0F307238DF830000A
S3150800B310C0F307408DF831308DF832000C9930466D
S3150800B32004F53B761DF043FE3046FEF73BFF002151
S3150800B33030461DF04AFE94F82830E16A012B00F0E9
S3150800B3402183022B14BF022306235943EF29C3BFC7
S3150800B350A0235031B1FBF3F10121304604F50E76F6
S3150800B3601FF07CF83046FEF71DFFE16A3046EF29EC
S3150800B370C3BFA0235031B1FBF3F101211DF053FEE9
S3150800B38094F83A2094F8393094F83B1043EA0223AB
S3150800B39043EA014130461DF032FE0321304604F5EA
S3150800B3A011761DF046FE3046FEF7FCFE94F8342072
S3150800B3B094F8333094F8351043EA022343EA0141FE
S3150800B3C030461DF01CFEE16A30467729C3BF50237C
S3150800B3D02831B1FBF3F101211DF025FEE16A304663
S3150800B3E0EF29C3BF6FF09F03503191FBF3F14FF084
S3150800B3F0FF311DF0C4FD304604211DF01AFE30460B
S3150800B4004FF4C87104F514761DF0CBFE3046FEF7EE
S3150800B410C9FE636ADB0740F1B78202211220FDF7F5
S3150800B420C7F8C0F307238DF83400C0F307408DF83A
S3150800B43035308DF836000D99304604F517761DF02F
S3150800B44078FE3046FEF7AEFE94F82830E16A012B06
S3150800B45000F09F82022B14BF0A230C235943EF29BD
S3150800B460C3BFA0235031B1FBF3F1012130461FF0D1
S3150800B47011F894F82830E16A012B00F08C82022B2F
S3150800B48014BF0A230C235943EF29C3BF4FF4A073F3
S3150800B4905031B1FBF3F10021304604F51A761EF05F
S3150800B4A0D2FF3046FEF77EFEE16A3046EF29C3BF7B
S3150800B4B0A0235031B1FBF3F101211DF0B4FD94F83E
S3150800B4C03A2094F8393094F83B1043EA0223304680
S3150800B4D043EA01411DF093FDE38E94F83810304697
S3150800B4E043EA01411DF063FD3321304604F51D761C
S3150800B4F01DF06BFD3046FEF755FE94F82830E16ADC
S3150800B500012B00F04A82022B14BF0A230C2359434D
S3150800B510EF29C3BFA0235031B1FBF3F10121304617
S3150800B5201EF0ADFF94F82830E16A012B00F037824F
S3150800B530022B14BF0A230C235943EF29C3BFA023A8
S3150800B5405031B1FBF3F1012130461DF00CFD94F8A2
S3150800B5502830E16A012B00F02482022B14BF022353
S3150800B56006235943EF29C3BFA0235031B1FBF3F19A
S3150800B570012130461DF0FDFC94F82830E16A012BC4
S3150800B58000F01182022B14BF0A230C235943EF291A
S3150800B590C3BFA0235031B1FBF3F10121304604F5B6
S3150800B5A03E761EF050FF3046FEF7FCFD1220FCF7F3
S3150800B5B0BDFFC0F307238DF83800C0F307408DF8A8
S3150800B5C039308DF83A000E9930461DF0F0FC7F218F
S3150800B5D0304604F541761DF0F8FC3046FEF7E2FDEC
S3150800B5E0002130461DF051FD94F82830E16A032BFE
S3150800B5F040F0DB81C900EF2940F3E1814FF4A073E5
S3150800B6005031B1FBF3F1304604F550761DF0B1FD2B
S3150800B6103046FEF7C7FD304621691DF0F0FCE16AA9
S3150800B62030467729C3BF50232831B1FBF3F10221F5
S3150800B630C8BF49001DF0F7FC304601211DF0F9FC92
S3150800B640E16A30467729C3BF50232831B1FBF3F1AD
S3150800B6500221C8BF490004F54D761DF084FC30462A
S3150800B660FEF7A0FDE16A30467729C3BF6FF04F03A6
S3150800B670283191FBF3F14FF0FF3104F544761DF0C4
S3150800B680FEFC3046FEF78EFD94F82830E16A012B61
S3150800B69000F09981022B14BF102314235943EF2974
S3150800B6A0C3BFA0235031B1FBF3F1012130461EF090
S3150800B6B0E6FE304600211EF0D1FE304600211EF07F
S3150800B6C0C2FE0121304604F547761DF058FD304686
S3150800B6D0FEF768FDE16A3046EF29C3BFA023503163
S3150800B6E0B1FBF3F101211DF09EFC94F83A2094F881
S3150800B6F0393094F83B1043EA022343EA01413046C5
S3150800B7001DF07DFC012130461DF093FC94F828308D
S3150800B710E16A012B00F05981022B14BF0A230C237E
S3150800B7205943EF29C3BFA0235031B1FBF3F10121DF
S3150800B73030461EF0AFFE94F82830E16A012B00F07F
S3150800B7404681022B14BF0A230C235943EF29C3BF92
S3150800B750A0235031B1FBF3F10121304604F54A76B6
S3150800B7601DF01FFC3046FEF71DFD94F82830E16AEF
S3150800B770012B00F02E81022B14BF102314235943EA
S3150800B780EF29C3BFA0235031B1FBF3F101213046A5
S3150800B79004F553761DF0DBFB3046FEF703FDFF216B
S3150800B7A030461DF012FC1CF0DCFBC0F307238DF8B5
S3150800B7B03C00C0F307408DF83D308DF83E000F99E8
S3150800B7C030461DF0F4FB1220FCF7B0FEC0F3072349
S3150800B7D08DF84000C0F307408DF841308DF84200DF
S3150800B7E0109930461DF0F7FB304647F6FF711DF0FD
S3150800B7F0C0FCE16A3046C1EB0111EF29C3BFA023A3
S3150800B8005031B1FBF3F101211DF03FFC1CF0A9FBFF
S3150800B810C0F307238DF84400C0F307408DF8453080
S3150800B8208DF84600119930461DF041FCE16A304614
S3150800B83001EB8101EF29C3BFA0235031B1FBF3F11E
S3150800B840012104F556761DF02CFC3046FEF7AAFCBD
S3150800B85094F8342094F8333094F8351043EA0223E8
S3150800B860304643EA01411DF03CFC0020F7F73CF95D
S3150800B870772840F3B0800020F7F736F9502300F117
S3150800B880280191FBF3F130461DF025FC94F834208D
S3150800B89094F8333094F8351043EA0223304643EAE5
S3150800B8A001411DF038FC0020F7F71EF9772840F310
S3150800B8B094800020F7F718F9502300F1280191FB2E
S3150800B8C0F3F130461DF01BFC0020F7F70DF90627AB
S3150800B8D07843EF2840F383800020F7F705F9A02383
S3150800B8E007FB00F1503191FBF3F130461DF029FBBF
S3150800B8F0002D76D10020F6F7B9F8012384F83C30FC
S3150800B900FEF7D5BC0020F7F7EFF82823143090FB94
S3150800B910F3F0FEF73BBF0120FEF74ABF0121FEF711
S3150800B92074BF1823FEF78BBF0E23FEF79DBF18239F
S3150800B930FFF701B81823FFF713B81823FFF725B840
S3150800B9400E23FFF73CB80E23FFF74EB80823FFF780
S3150800B950B0B80823FFF7C2B80823FFF7D9B80E23F3
S3150800B960FFF79FBB0E23FFF7B1BB0E23FFF7C6BB3E
S3150800B9700E2337E408234AE40E235DE4082375E41E
S3150800B980082388E40823E0E401211220FCF7ECFDF3
S3150800B99047E50E2362E50E2375E50E23B7E50E236C
S3150800B9A0CAE50823DDE50E23F0E5012B14BF0823BD
S3150800B9B00C235943EF2904DDA023503121E6002149
S3150800B9C021E601211FE6182368E60E23A8E60E23C2
S3150800B9D0BBE61823D3E6012155E7012171E70121CA
S3150800B9E083E72846F7F766FB844286D182E700BFDD
S3150800B9F008B5FEF7E3FB10B1014BD3F8B00108BD5B
S3150800BA00181000200022044B83F8BC20D3F8B82075
S3150800BA100244C3F8B820704718100020074BD3F823
S3150800BA20C02002B110470121D3F8B80083F8BC1032
S3150800BA3093F8BC20002AF9D0704700BF18100020E0
S3150800BA4038B587234FF487720025C1E90D232D22C7
S3150800BA50C1E90B53154B0C46C1E90F2364238B64CC
S3150800BA6091F84C304D6423F00F0343F0080381F836
S3150800BA704C304FF434730B65FFF7D0FF636B60658A
S3150800BA80A36594F84C30204665F3041384F84C30CB
S3150800BA9002210DF01AFF20464FF444710DF0C6FC42
S3150800BAA02046BDE838400D210FF01BB90080FFFF86
S3150800BAB02DE9F047B6B0BC480E460EF0DBFB012870
S3150800BAC02CD130461CF019FC054630461CF011FCFA
S3150800BAD0022D044640F01E81FAF704FC0546E8B13B
S3150800BAE01AF0E6FF012819D128460AA91AF0EAFF32
S3150800BAF006AA20461AA91EF0CCFD0A9B1A9A9B1A7A
S3150800BB000A931B9A0B9B9B1A0B9394F84C30DF07EE
S3150800BB1007D5DDE90A1051EA000335D136B0BDE88C
S3150800BB20F0874FF4003120461EF090FD069D06462C
S3150800BB302D1A4FF4803120460DF0D9FCD0B1AD1B3B
S3150800BB40012DB8BF0125DDE90A325243069503FBEC
S3150800BB5003236D43AB4208DD94F84C3043F00103F0
S3150800BB6084F84C30FFF75AFF606594F84C30DE07CE
S3150800BB70D4D5CEE72B46002DB8BFEB1C9B10B3429D
S3150800BB80ACBFED1AAD1BDBE7D4E90E369E42B8BF53
S3150800BB9006F5B4761CF0D6FEE36AC51AA36BED1A51
S3150800BBA0002D39DBB5F5B47F39DA4FF41D73069AE3
S3150800BBB032205A436423B2FBF3F711F091F84FF49D
S3150800BBC0B47303FB00F294F84C80B2FBF7F22946F3
S3150800BBD02046C8F3C0081EF001FD00289ED0A16BC0
S3150800BBE0A76D94F84C307F1AEA1B002AB8BF524258
S3150800BBF0B2F58C7FA6EB010C55DD1D0712D4B8F102
S3150800BC00000F67D013F0180F64D194F84C3043F046
S3150800BC10080384F84C300BE005F5B475C0E7A5F5C4
S3150800BC20B475BFE7B8F1000F02D013F0180FECD0C7
S3150800BC300025606D1EF09FFC236DED1B58434FF4E5
S3150800BC407A73B0FBF3F0854203DC4042A842B8BFE2
S3150800BC502846D4E91135A16B3844721AEF1AD20076
S3150800BC6092FBF7F2171D48BF02F1130700EB2710E6
S3150800BC703246276C084400951CF0C8FE054694F821
S3150800BC804C3003F00603042B01BFA36C656C1B1A2A
S3150800BC90ED18236CAB4226D1636C9D4235D1FFF774
S3150800BCA0BDFE60653AE7D80617D4180714D403F022
S3150800BCB01803B8F1000F0DD16546082BB9D1C2F5A6
S3150800BCC0B472B2F58C7FB4DD94F84C306FF3C303CD
S3150800BCD084F84C306546ACE78D1BB8F1000FA8D147
S3150800BCE003F01803E9E7FFF799FE29466065204641
S3150800BCF01EF06BFFAF42CFD00022202120460EF067
S3150800BD00CEFA01287FF40AAFC6E7A36C9D427FF4FA
S3150800BD1005AFC4E71A2D3FF601AF0D2D22D8032D26
S3150800BD2002D0082D7FF4FAAE94F84C3020466FF313
S3150800BD30000384F84C300DF0E8FB04460DF0BBF820
S3150800BD400546FAF7CFFA1AF0B3FE04287FF4E6AEF2
S3150800BD50002D3FF4E3AE0021204636B0BDE8F0479B
S3150800BD600DF087B80E3D0C2D3FF6D8AE01A353F85B
S3150800BD7025F000BFADBD0008EBBD00081DBB0008DF
S3150800BD801DBB00081DBB0008F7BD00081DBB000849
S3150800BD901DBB00081DBB00081DBB0008CBBE000864
S3150800BDA01DBB00085FBF00086C44030830460EF050
S3150800BDB017FB20F00203112B256C0FD1691C2046B6
S3150800BDC01EF003FF236C9D423FF4A8AE00222021FB
S3150800BDD0204636B0BDE8F0470EF061BA142802D006
S3150800BDE012287FF49BAE691EE9E730460EF004FB85
S3150800BDF0256C4119E3E730461CF083FA06AA80460B
S3150800BE000AA920461EF045FCA76807B13F6A00212B
S3150800BE1020461EF01BFCDDE90AA6069D00EB070975
S3150800BE20A5EB0905AB190093721BAAEB05011AA825
S3150800BE3005EB0A0306951BF0DEFB47F6FF72D8F8FA
S3150800BE4000101AA81BF047FCD8BBD8F80030D3E975
S3150800BE500010801BA1EB0A011CF074FDE36AC61AE8
S3150800BE60A36BF61A002E26DBB6F5B47F26DA322047
S3150800BE7010F036FF4FF4B47303FB00F24FF41D7352
S3150800BE805D436423B5FBF3F53146B2FBF5F2204674
S3150800BE901EF0A4FBA8B107EB090211461AA81BF06D
S3150800BEA0C4FB47F6FF72D8F800101AA81BF013FC5B
S3150800BEB088F8040032E606F5B476D3E7A6F5B47634
S3150800BEC0D2E7002388F8043028E600211EF0C5FBD7
S3150800BED00021054620461EF0C7FB002107462046DE
S3150800BEE01EF0C9FB0021804620461EF0CBFBAF4260
S3150800BEF0B8BF2F464745B8BF47468742B8BF07462B
S3150800BF004FF4403120461EF0A8FB4FF44031054659
S3150800BF1020461EF0A9FB4FF44031814620461EF00C
S3150800BF20AAFB4FF44031804620461EF0ABFB4D4538
S3150800BF30B8BF4D464545B8BF45468542B8BF0546D4
S3150800BF4020461EF08EFC0235ED1B054430461CF0DB
S3150800BF50D8F90368AB42ACBF03600560DEE530463E
S3150800BF601CF0C7F9044630460EF031FA04AE07460F
S3150800BF703146204603AA1EF08CFBDDF80C80B8F18A
S3150800BF80000F19DD0AA810F016FF002120460AAA9C
S3150800BF900EF08CF896E8030015AB83E80300E26A16
S3150800BFA0A36B384613441393E36B0AA913441493FB
S3150800BFB0ADF85C8010F016FF4FF4003120461EF0F5
S3150800BFC04CFB4FF40031054620461EF04DFB4FF45E
S3150800BFD00031824620461EF04EFB4FF40031814662
S3150800BFE020461EF04FFB5545B8BF55464D45B8BFD0
S3150800BFF04D468542ACBFA8EB0509A8EB0009B9F187
S3150800C000000F1ADD0AA810F0D6FE4FF400312046BC
S3150800C0100AAA0EF04BF896E8030015AB83E803006E
S3150800C020D4E90B2313441393636B384613440AA9C4
S3150800C0301493ADF85C9010F0D5FE4246314606AB37
S3150800C04020461EF068FB1AA8F8F74EF920461AAAE9
S3150800C0504FF440310DF03CFD384606AA1AA911F0F6
S3150800C06027FB5BE52DE9F04399B09DF880800546EE
S3150800C0700F4616461C46B8F1000F16D14FF0FF3989
S3150800C08041461846FCF718F92846C4F80C9037605C
S3150800C0900EF07CFD41462046FCF70EF9C4E900582F
S3150800C0A0C4E9028919B0BDE8F083DB68204601338C
S3150800C0B00CBF1368A368C4E9013131600021FCF79D
S3150800C0C0FBF802A8FCF798F8214602A81BF047FAE5
S3150800C0D002A80D491BF045FA4FF4807202A8002108
S3150800C0E01BF046FA02A809491BF04CFA6422002103
S3150800C0F028460FF0B0FC014602A81BF034FA02A845
S3150800C100FCF794F8CEE700BF3BAC020813AC020874
S3150800C1102DE9F04FF7B005461CF0EBF80446284623
S3150800C1200EF055F90BA9029020460EF02BFB68225B
S3150800C130002120460FF08FFC6922054600215A90FF
S3150800C14020460FF088FC294602465A900BA81BF099
S3150800C1506CFA0BA81BF0CAFD05900BA81BF0CBFDCB
S3150800C160D4E90C3294F87090B2EB030BC9F3C20908
S3150800C17008BF4FF0010BB9F1010F069009D0B9F1CC
S3150800C180020F56D0059B8342B4BF4FF000094FF00B
S3150800C190010920461EF0D6FD0021122208902046ED
S3150800C1A00FF059FC1322002103905A9020460FF0F5
S3150800C1B052FC1022002104905A9020460FF04BFCA6
S3150800C1C01122002100905A9020460FF044FCDDE928
S3150800C1D00C215A900190039D0B980E9B2844E0630E
S3150800C1E0049804F13C08091A6164009940460A4417
S3150800C1F02264019A9B1AA364B9F1000F1CD01BF0A4
S3150800C2007AFD032809DC069B03EBD372A36903EBCB
S3150800C21062039A1E02332264A36440461BF066FD3D
S3150800C220074640461BF067FD04F1440A4346944A14
S3150800C2301CE04FF00009ACE71BF058FD032809DCA9
S3150800C240059B03EBD372636903EB62039A1E023301
S3150800C250E263636440461BF049FD40461BF04BFD14
S3150800C2600746884A04F1400304F1480AE16E07923A
S3150800C2704A1C206B54D0656EA26E2D1A121A7D4385
S3150800C2807A4395FBFBF592FBFBF2521B514348BFE1
S3150800C290FF3105EB2125E16D4E1C47D0666DA26D79
S3150800C2A0361A121A7E437A4396FBFBF692FBFBF28A
S3150800C2B0921B514348BFFF3106EB21262722002156
S3150800C2C0204609930FF0C7FB099B5A90B9F1000F56
S3150800C2D032D0C2B2511E4A424A4194F84CC09445E3
S3150800C2E004D0194653468A4676426D42B9F1000F84
S3150800C2F024D019683144CAF80010186808992844E7
S3150800C3001860002935D14046079B9847012848DC24
S3150800C31000221F2120460DF0C2FF77B0BDE8F08F3E
S3150800C320A56B2D1A7D4395FBFBF5B4E7E66A361A2D
S3150800C3307E4396FBFBF6C1E74A46CEE7DAF80010DD
S3150800C3400898891B01311960DAF80010491BCAF8E8
S3150800C35000100028D7D0206B9445C0F1000007FBD9
S3150800C36000F090FBFBF079D10A1A013251469A4641
S3150800C37076E0216B9445C1F1000107FB01F191FBC1
S3150800C380FBF102D15246084403E01A465346411AC5
S3150800C390481CDAF800108142CBBF1160196018609A
S3150800C3A01060E36B3EA80F93236C1093636C119394
S3150800C3B0A36C1293F7F798FF20464FF400313EAA74
S3150800C3C00DF086FB0C22002120460FF044FBDDE928
S3150800C3D005439C42A8BF1C4664108442A8BF044675
S3150800C3E05A904046459E1BF081FC054640461BF088
S3150800C3F082FC854240463DDA1BF078FC45109DF8E4
S3150800C4002721B542DDE90303A8BF35464A9902F05C
S3150800C41007020343B9F1000F2FD1012A00F0AE80BD
S3150800C420002940F0AB80009A1343019A134300F1A8
S3150800C430C180A54280F2BE8022460BA90FA81BF038
S3150800C440CAF9002840F0B6804FF0000A00234FF0E2
S3150800C45001088DF840318DF850312BE00A1819463D
S3150800C4601B689342CBBF0B60CAF80030CAF800209D
S3150800C4700A6096E71BF03FFCC0E7022ACEE700BF3A
S3150800C480ED7C0208F77C02084FF0000870223EA9EE
S3150800C4905AA823F066FC02980FAA5AA98DF8B0810B
S3150800C4A08DF8C0818DF888818DF8A3814FF0010A37
S3150800C4B011F0FEF8002670223EA95AA88DF864618C
S3150800C4C00FAF23F04EFC97E80F008DF8B0618DF89A
S3150800C4D0C06113AE86E80F00BAF1000F0CD0B9F1AF
S3150800C4E0000F5ED0039A0B9B13443360049A0D9B8E
S3150800C4F09B1AB3600023619332461021029810F00C
S3150800C50027FC32465AA9814611F0D2F817A811F02D
S3150800C5106BF8B8F1000F0AD00BAB0DF1780C0FCB06
S3150800C5208CE80F00484617A9229411F061F8BAF171
S3150800C530000F09D097E80F001EAC84E80F004846A4
S3150800C54017A9229511F054F823A8F7F773FB32467A
S3150800C550029823A9CDF8A89010F09EFE70223EA955
S3150800C5605AA823F0FEFB00233A468DF888318DF849
S3150800C570A3315AA9029811F09BF8CEE6009A134304
S3150800C580019A134380D4A542BFF67EAF22460BA973
S3150800C5900FA81BF020F900287FF476AF4FF0010AA8
S3150800C5A054E7009A0C9B13447360019A0E9B9B1ADE
S3150800C5B0F3609FE70FAA3EA9DCE700BF2DE9F34128
S3150800C5C02E480C460DF056FE012840D120461BF099
S3150800C5D094FE064620461BF08CFE182E054639D1D9
S3150800C5E04FF400310DF0B2FD074620461BF089FED8
S3150800C5F003681222BB42ACBF0360076000210646EF
S3150800C60028460FF028FA1322804600210190284672
S3150800C6100FF021FA102204460021019028460FF057
S3150800C6201AFA112207460190002128460FF013FA3C
S3150800C6304445A8BF4446BC42A8BF3C468442A8BF5E
S3150800C6400446002C019002DA33681B1B336002B0E3
S3150800C650BDE8F081012E01D0082E07D1284605F144
S3150800C6603C0102B0BDE8F0410EF065BA1A2EEED1D3
S3150800C670204602B0BDE8F041FFF74ABD94440308DE
S3150800C68010B501460348F3F76BFE04460DF0AFF903
S3150800C690204610BDB84403082DE9F04F93B0012396
S3150800C6A004460E460025DFF84082C3630F1F57F87D
S3150800C6B0040F08B10378A3B9A36B9D422AD0206B57
S3150800C6C018B1FCF733FE00232363606B18B1FCF73F
S3150800C6D02DFE002363632801FCF70EFE206350B984
S3150800C6E0FEE741461DF00DFC08B10135DFE7E36BB7
S3150800C6F00133E363DBE76800FCF7FEFD606300B91E
S3150800C700FEE7236B0021002B08BF00256A001DF0F9
S3150800C7109BFBA563272200212046E6620FF09BF9C2
S3150800C7201222C3B20021119020460D930FF093F9FF
S3150800C730302200211190059020460FF08CF9342202
S3150800C74005460021119020460FF085F9420748BF9B
S3150800C750059B4FF0100248BF5B194FF0000111907E
S3150800C760204648BF05930FF076F93022054600218A
S3150800C770119020460FF06FF93422074600211190D8
S3150800C78020460FF068F9142283074FF00001119034
S3150800C790204648BFED190FF05EF908901190204623
S3150800C7A01EF0FCFA099020460EF034F84FF0000807
S3150800C7B0069020460EF03EF84746E36B089A013B82
S3150800C7C002FB130304950A93CDF81C80E36B079AC2
S3150800C7D09A427FD20025A6F1040A4FEA4709039533
S3150800C7E015E041491DF08DFBA8B1DAF800301B7839
S3150800C7F08BB1636B039A33F80930013503F00F03E5
S3150800C800012B2CBFD218013209F1020903925AF8FA
S3150800C810040F0028E5D1079B01330793002D51D05B
S3150800C820E16B4FF0000AB8FBF1F2049BD3461A44B9
S3150800C8300A9B05F1FF394344B3FBF1F30499013927
S3150800C8400B440B930999069B01FB19397B1929EAB5
S3150800C850E9790C930BFB09F1039B0398B1FBF3F100
S3150800C860636B514433F8173003F00F03012B2CBFC9
S3150800C8709B440BF1010B0BFB09F3B3FBF0F30AF135
S3150800C880FF3003440D98012804D10698C01A069B68
S3150800C8905B1A0146206B0F920E900B980090059834
S3150800C8A0034401440E9800EB07101AF0A4FE099BF6
S3150800C8B001379A440C9B0F9A9F42CBD1013506EB60
S3150800C8C0850600E004360A9B089A9844049B13449C
S3150800C8D004937BE720460DF0A5FC204613B0BDE87F
S3150800C8E0F04F0EF053B900BFDC4403084FF6FF7251
S3150800C8F000230A6491F84420084663F30002C1E95C
S3150800C9000E33C1E90C33CB6281F844200149FFF7A5
S3150800C910C3BE00BF284503082DE9F04FF9B0054608
S3150800C9201BF0E7FC836B0446002B57D028460DF016
S3150800C9304EFD94F82A300EA943F00803049084F8B3
S3150800C9402A3020460DF01EFFA26AB24BB4F82880A2
S3150800C950134043F40023A3625CA8F7F7C5FC2BA891
S3150800C960F7F7F6F94FF4A02120465CAA0DF0B0F8C7
S3150800C9704FF4A02120462BAA0DF06FFA94F82A301E
S3150800C98010226FF3C30384F82A3000212046A4F846
S3150800C99028800FF060F8112200210590409020466B
S3150800C9A00FF059F8122200210690409020460FF009
S3150800C9B052F84FF0000907904090132200212046B4
S3150800C9C00FF049F84F4608904090A36BBB4208D831
S3150800C9D094F82A306FF3C30384F82A3079B0BDE897
S3150800C9E0F08FE36A8C4953F829001DF08AFA4FEA5A
S3150800C9F0890A09F101090028F3D0636B4FEA470B4E
S3150800CA0033F81730DA0600F1C7805E06C3F300254F
S3150800CA1040F1C48045F08005206B390100EB07130F
S3150800CA20D3E9012C4158DE680E9B194412910F99DF
S3150800CA3063440A443144139214931591002D40F02F
S3150800CA40C68070225CA940A81DF009F954222BA9BA
S3150800CA5016A81DF004F99DF84921429702F01F0314
S3150800CA600F2B35D9636907990B441299994214BF5C
S3150800CA700F230B2363F304028DF84921E269089911
S3150800CA80521A1499914201BF9DF8492103F01703E0
S3150800CA9063F304028DF84921A369059A1344139A8E
S3150800CAA09A4201BF9DF8493103F01D0262F304035F
S3150800CAB08DF84931236A069A9B1A159A9A4201BF3C
S3150800CAC09DF8493103F01E0262F304038DF84931DB
S3150800CAD012A81BF010F915F02005064607D0636B5F
S3150800CAE033F80B30580542BF139B9B1B139340A981
S3150800CAF0049812AA10F0DCFD259BE06A1E9A0A9398
S3150800CB00249B50F80AA00EA80B9209931BF0EEF886
S3150800CB109DF8A310099BCDE9010100935146DDE973
S3150800CB200A320CA81CF022FD12A81BF0DFF80C9B99
S3150800CB30C01A129B00EBD07003EB600312A8129385
S3150800CB401BF0D9F80D9B139AC01A00EBD07002EBB4
S3150800CB50600212990C981344014413921491159388
S3150800CB6065B1616B31F80B10490507D506EBD6762A
S3150800CB707610764232443344139215939DF8A430C6
S3150800CB80049843F0400312AA16A9CDF874A08DF8AC
S3150800CB90A430189710F0A9FC013716E7236CBB429E
S3150800CBA07FF43AAF18F0200F18BF45F0200518F0AB
S3150800CBB0020F18BF45F0020518F0040F18BF45F01C
S3150800CBC0040518F0080F18BF45F0080524E794F87F
S3150800CBD02A3040A843F0080384F82A302585F7F759
S3150800CBE083FB16A8F7F7B4F84FF4A021204640AA0D
S3150800CBF00CF06EFF4FF4A021204616AA0DF02DF971
S3150800CC0094F82A30A4F828806FF3C30384F82A30EE
S3150800CC1021E700BF0000F7FFDC44030810B5014612
S3150800CC200348F3F79DFB04460CF0E1FE204610BDD1
S3150800CC30044503082DE9F8434FF6FF739942044665
S3150800CC400E4602D10020BDE8F883836B8B42F9D3E8
S3150800CC5000252F46DFF83090B54206D1A36BAB42CC
S3150800CC60F0D0E36A53F82700EDE7E36A07F1010815
S3150800CC70494653F8280001351DF043F908B907F16C
S3150800CC8002084746E8E700BFDC4403082DE9F043FD
S3150800CC9085B0AE480E460DF0EDFA01281AD1304699
S3150800CCA01BF02BFB054630461BF023FB182D0446CC
S3150800CCB026D1C36B73B10027C56ADFF89482043D99
S3150800CCC055F8040F30B141461DF01BF910B12B6819
S3150800CCD01B7813B905B0BDE8F083636BDB5B0237DD
S3150800CCE05B05EDD5E16B29B120460DF0A3FDE16B9F
S3150800CCF0B0FBF1F1304605B0BDE8F0430DF088BB56
S3150800CD002F2D05D1E16A05B0BDE8F0431EF056B9EE
S3150800CD10102D27D8002DDDD0013D0F2DDAD801A31F
S3150800CD2053F825F071CD0008E9CD0008B3CE000808
S3150800CD30D5CC0008D5CC000891CE0008D5CC000883
S3150800CD401BCE0008D5CC0008D5CC0008D5CC0008E9
S3150800CD50D5CC0008D5CC000855CF0008D5CC00089E
S3150800CD60C1CE00081A2D00F0D3812E2DCAD0B1E706
S3150800CD7030460DF01AFB216C054620461EF0C3F816
S3150800CD80F9F7B0FA19F094FE00F0FD00012817D162
S3150800CD90284602A919F096FE02A920461EF006F8B2
S3150800CDA04FF6FF7398420146236409D0636B33F844
S3150800CDB0103003F050031BB9206420461EF0A3F878
S3150800CDC04FF6FF72236C934284D0626B32F81320BD
S3150800CDD002F4CA62002A7FF47DAF019301AA2021DA
S3150800CDE020460DF05CFA75E74FF6FF75036CAB420B
S3150800CDF03FF470AF30460DF0D8FA02A919F062FE7A
S3150800CE0002A920461DF0D2FF216C81423FF462AF91
S3150800CE1020461EF078F825645CE74FF6FF73016C30
S3150800CE2099422BD0426B32F81130180613D55F069B
S3150800CE3011D4DE0529D594F84400C50725D423F472
S3150800CE4080739BB222F8113094F84430D80702D583
S3150800CE5020461EF041F9236C626B32F8132012F457
S3150800CE60C06F0BD012F0500F08D12021204602AA1D
S3150800CE7002930DF014FA01287FF42CAF2046216C9A
S3150800CE8005B0BDE8F0431EF03EB843F48073D9E719
S3150800CE904FF6FF72036C93423FF41CAF426B32F8B5
S3150800CEA0132002F07002002A7FF414AF029302AA3C
S3150800CEB095E7016C1EF027F84FF6FF73236409E720
S3150800CEC0836B002B3FF406AF30460DF06EFA06462C
S3150800CED019F0EEFD05462EB93046F9F7F9F919F0BD
S3150800CEE0E7FD054620460CF010FB0BF0E4FF4FF675
S3150800CEF0FF73226C9A427FF4EDAE022D05D0042D05
S3150800CF007FF4E8AE00283FF4E5AE94F84430A26B0F
S3150800CF1013F0010317D1934213D0616B31F8131044
S3150800CF2001F0500161B10133F5E70133934208D0AE
S3150800CF30616B31F8131011F0500FF6D1C905F4D50D
S3150800CF401A462264C6E60023F0E700BF0445030834
S3150800CF50DC440308016C1DF0D6FF30460DF040FA9C
S3150800CF60132821D14FF6FF72236CA16B93420CBF95
S3150800CF7000230133994223649CBF00232364256C54
S3150800CF80606B236C30F8132002F05002002A3FF43D
S3150800CF9075AF0133994298BF00239D422364F0D1AF
S3150800CFA04FF6FF73236469E714281CD14FF6FF7305
S3150800CFB0226C9A4204BF00232364226C02B9A26B36
S3150800CFC0013A606B2264236C30F8131001F05001AB
S3150800CFD000293FF453AF23B1013B9A422364F2D1AF
S3150800CFE0DEE7A36BF8E7122846D120461DF0D6FEE9
S3150800CFF04FF6FF72236C8146934210D10023616B72
S3150800D0002364236C31F8132002F05002002A3FF4FF
S3150800D01035AFA26B013393422364F2D3C0E7206B8A
S3150800D0201A01865800EB03101AF060FE236C06EB13
S3150800D0306002A66B4FEA031C9E427FF61FAF216B68
S3150800D0404FEA031E01EB031001EB0C08D8F8047035
S3150800D0504568BD420EDD51F80E1091420ADC816822
S3150800D0604944914206DB616B31F8131001F0500117
S3150800D070002997D00133DFE711287FF4FFAE204659
S3150800D0801DF08CFE4FF6FF72236C8046934210D13A
S3150800D0900023616B2364236C31F8132002F05002DD
S3150800D0A0002A3FF4EBAEA26B013393422364F2D31A
S3150800D0B076E7206B1A01865800EB03101AF016FE65
S3150800D0C0226C06EB600013B24FEA021C5E00002BCE
S3150800D0D0FFF6D4AE226B02EBC60102EB0C0EDEF8AD
S3150800D0E004704D68BD420FDA52F83620A2EB0802EA
S3150800D0F0824209DC8A68824206DB626B925B02F036
S3150800D1005002002A3FF44EAF013B1BB2023EDEE757
S3150800D110304605B0BDE8F043FFF7FEBB2DE9F84FF2
S3150800D12001234FFA82F8818680F8368080F83730F6
S3150800D13004460F46C06A40211DF07EFF0025294699
S3150800D1404022E06A01351DF086FF072DF7D1BFB2F0
S3150800D150414638461DF0D7FF4146054638461EF07B
S3150800D160A3F80646DFF8E8B0411C054404F1F90ABD
S3150800D1708B1B01F1010901398D42DBB237D83846DC
S3150800D18008F1FF311DF0BFFF04F221190027CA4636
S3150800D190C6F1010300EB0308DFF8B4B05FFA88F8BC
S3150800D1A008EB0703B742DBB229D34FF01408DFF8C0
S3150800D1B0A090C5F10107292D2FD920461EF09CF80D
S3150800D1C0E06A1DF07AFF4FF6FF73984203D0E06AD3
S3150800D1D0F11D1DF004FF20460DF0D8FC20460FF087
S3150800D1E02BF900250646B54225D1BDE8F88F14214E
S3150800D1F05A4601FB09A0FCF75DF84946B8E75A46C6
S3150800D20014214846FCF756F8F91D4022E06A1DF03D
S3150800D21022FF013709F11409C2E77B194A4614218E
S3150800D22008FB05A0FCF746F8E91D4022E06A1DF058
S3150800D23012FF0135BFE7294620460FF0CAF8E36A10
S3150800D240834203D0224620210DF029F80135CAE78A
S3150800D250444503082DE9F04100250C46384BC1E941
S3150800D2600E55C1E90C334FF45272294604F22110C7
S3150800D2701CF0EAFD29462A464FF0780C142540F2A0
S3150800D280211E304E304FDFF8CC8004F13C030433C6
S3150800D29051B1481C10F0070F50D0062907D858F886
S3150800D2A0211019600146F2E701201E60FAE705FB26
S3150800D2B0024181F821C115FB02E101322144D2B2B3
S3150800D2C038281960EED1214B2046C4F81C31FFF7E7
S3150800D2D0A5FC04F14001E0621DF070FEE06A4FF41F
S3150800D2E008711DF0DBFE00231F221949E06A0CF0C5
S3150800D2F0F5FF6420E56AFBF71BF8014628460DF0A2
S3150800D300D8F9E06A4FF404210CF0DFFA204601212F
S3150800D31019F0BBFCE06A012119F0DBFC204600226B
S3150800D32002210EF0FDFF204694F93620A18EFFF764
S3150800D330F5FE2046BDE8F0411DF0DEBF3946BFE7E1
S3150800D340E807010147450308DC440308DD440308F0
S3150800D35069B1020868450308F8B50C46002120465D
S3150800D3600FF03CF92046002119F08FFC0023022219
S3150800D3701946204619F095FC2046FFF781F9002248
S3150800D3802A4905460EF0B6FF6420FAF7D1FF014692
S3150800D39028460DF0A5F92846F3F796FC28460DF021
S3150800D3A036FA234F0646014628460DF082F9002331
S3150800D3B00722394628460CF091FF042128460CF02E
S3150800D3C035F8204601F0FCFF0546032102F004F873
S3150800D3D00022284602210EF0A3FF0121284619F053
S3150800D3E078FC2046FFF74CF90546002211490EF055
S3150800D3F081FF3246314628460DF089F90023072277
S3150800D400394628460CF06AFF284604210CF00EF827
S3150800D41000232022204608490CF060FF2046BDE87C
S3150800D420F840002220210CF03ABF00BFA8450308A7
S3150800D43081D40008AC4503083DD4000870B51AF03D
S3150800D44058FF05460EF0C2FF1DF095FF8378044687
S3150800D450013B0B2B00D9FEE7012128460EF0B9FF48
S3150800D46094F90230044A013B52F8233003492288D2
S3150800D470BDE870401FF009BD24460308B0450308FF
S3150800D4802DE9F0471AF035FF81460EF09FFF064654
S3150800D4900EF09CFF07461DF06EFF847890F902A0F7
S3150800D4A004F1FF385FFA88F8B8F10B0F00D9FEE7E8
S3150800D4B00588002130460EF08CFF81451CD1BAF153
S3150800D4C0010F03BF0C2405F1FF35ADB24FFA88F4FE
S3150800D4D0224629463846FFF721FE012130460EF03E
S3150800D4E078FF013C094B64B22A4653F824300849B0
S3150800D4F0BDE8F0471FF0C9BCBAF10C0F09BF0135EA
S3150800D50001340124ADB218BF64B2E1E7244603082A
S3150800D510B045030870B508460C460EF057FF0021C3
S3150800D520064620460FF05AF80021204619F0ADFBB2
S3150800D530204600F095FC054615491EF064FE334664
S3150800D5402022284613490CF0C9FE0121284619F065
S3150800D550C0FB204600F084FC05460F491EF053FE2A
S3150800D5603346202228460D490CF0B8FE28460121EC
S3150800D57019F0AFFB20222046094900230CF0AEFE25
S3150800D5802046BDE87040002220210CF088BE00BF6E
S3150800D590784603080FB40208E9480308DFB302080F
S3150800D5A07BB302082DE9F04FC5B0B5480D460CF01F
S3150800D5B061FE012834D128461AF09FFE0646284601
S3150800D5C01AF097FE012E044644D1F8F78BFE28A9D7
S3150800D5D019F078FA6369289E2046F61A2896F3F712
S3150800D5E0EDFD064420460DF015F9054620461DF0CA
S3150800D5F0B2FF301A2CD4854215DA256F013D636EC9
S3150800D600AB420DD0294620461DF0ADFF2046616E7F
S3150800D6101DF0A9FF00222021204665660CF03FFE7A
S3150800D62045B0BDE8F08F94F8743003F00703012B7A
S3150800D63007D1236F5A1E6B1000FB0233B3FBF5F5B7
S3150800D640DDE7022B04D1236F5843B0FBF5F5D6E787
S3150800D6500025D4E7082E06D1416E1DF084FF6FF031
S3150800D66000436366DCE71A2EDAD128460CF0AFFED3
S3150800D67004F1140A00F1180514AE02902A46514620
S3150800D680304619F0ECFF00284FD095E80F0018AF88
S3150800D69087E80F0096E80F0085E80F0020461DF082
S3150800D6A052FF804620461DF056FF079020461DF083
S3150800D6B0EFFF064620460DF0ADF8039020460DF024
S3150800D6C0B9F8049028A80FF03BFF0021204628AAA5
S3150800D6D00CF085FC3222002120460EF0BCF9C3B2BC
S3150800D6E01090204606931DF02EFF34220021059047
S3150800D6F020460EF0B0F91090C7B22046F3F75EFD4B
S3150800D700089020460DF053FCD4F86890B9F1000F44
S3150800D71025D1D4F86C90B9F1000F66D1029B03F1BC
S3150800D720180618AB0FCB86E80F0004F12C03184631
S3150800D73003931BF061F8064650B994F8743003F069
S3150800D7400703012B40F09E80204602991DF0A8FF92
S3150800D7502046029945B0BDE8F04F1EF02ABAA269E4
S3150800D76046441644331A62690993069B2F92E26966
S3150800D770022B31920FFA89FB35D9059B002B32DD36
S3150800D78017F0020605D020461DF082FFB0FA80F693
S3150800D7907609F8070AD51122002120460EF05BF912
S3150800D7A0109018B909F1FF330FFA83FB049B03FBAA
S3150800D7B006F233465E45ACDAA16E0B920139B2FB2E
S3150800D7C0F1F1099A029811443091329128A92A93C5
S3150800D7D00A930FF0CFFE049B0B9A01361A440A9B54
S3150800D7E036B20133E6E70026E0E7079B0FFA89F62B
S3150800D7F0984463699844089BA8EB0308A369309387
S3150800D800236A3293069B022B36D9059B002B33DD00
S3150800D81017F0040B06D020461DF09DFEB0FA80FBDB
S3150800D8204FEA5B1B39070AD51322002120460EF062
S3150800D83012F9109018B909F1FF390FFA89F6D94685
S3150800D840039B03FB0BF7B345BFF668AFE36E02987D
S3150800D850013BB7FBF3F328A943442F933193CDF843
S3150800D860A8900FF087FE039B0BF1010B0FFA8BFBB9
S3150800D8701F4409F10109E6E74FF0000BDFE700BF97
S3150800D88054490308022B40F0DE8010AF2A46514661
S3150800D890384619F0E4FE00283FF45AAF029B0DF112
S3150800D8A0500C03F1180595E80F008CE80F0097E86F
S3150800D8B00F0085E80F0020461DF04DFE0590204616
S3150800D8C01DF0E6FE804620460CF0A4FF8146204661
S3150800D8D00CF0B0FF049003981AF05BFF31468246BD
S3150800D8E020461DF0CBFD226F4FF4A021571E00FBEA
S3150800D8F017972046B7FBF2F71DF0C0FD0AF1FF3572
S3150800D90000FB1575B5FBFAF58346012D2046B8BF11
S3150800D91001251DF018FE82462046F3F74FFC059BAD
S3150800D920A9EB07091B1A5344204605930DF03FFB44
S3150800D930A8EB000808EB0A0328A80693F6F7D4FC18
S3150800D94028AA4FF4A02120460CF0C2F89DF8CF3043
S3150800D950B04666F302038DF8CF30FF238DF8C0304A
S3150800D960236A2F9AAB4413441B93236F9E4207D313
S3150800D970029B03F1180514AB0FCB85E80F00E7E609
S3150800D98003F1FF3AB8FBFAFA6369059A0398134458
S3150800D9909A4400232B962A931AF0EEFE0746F8B10E
S3150800D9A03B7C13F0010312D194F8742010991207E6
S3150800D9B005EB0A0202F1FF3258BFFB688A42CDF82E
S3150800D9C060A01A9208DA2A9BDA4401332A93394668
S3150800D9D003981AF0D7FEE1E71299226F8A4502DD0D
S3150800D9E00136C844C1E7B97A334438898DF8C3107B
S3150800D9F0B3FBF2F1ADF8C10002FB113E387C796841
S3150800DA00C0F3001004EB8000D0F844C051F82E2073
S3150800DA10049BA2EB0C025A43C06CA0EB0C0092FBD1
S3150800DA20F0F2A0699A1A069B02441A4419926FF0FA
S3150800DA30004251F82E309342C5D0029818AA28A958
S3150800DA400FF036FEBFE7032B7FF482AE0CAE2A46F4
S3150800DA505146304619F003FE00283FF479AE95E8A2
S3150800DA600F0010AF87E80F0096E80F0085E80F0053
S3150800DA7020461DF068FD064620461DF06CFD07464B
S3150800DA8020461DF005FE054620460CF0C3FE06900E
S3150800DA9020460CF0CFFE6369049020461F44F3F736
S3150800DAA08DFB37443B1A0593A36920461D440DF0A8
S3150800DAB07EFA35442B1A18A807930FF041FD4FF448
S3150800DAC0A02118AA20460CF08AFA28A8F6F70CFC1A
S3150800DAD028AA4FF4003120460BF0FAFF4FF4003124
S3150800DAE020461DF0C4FC00EBD0704FEA6008022205
S3150800DAF04FF4003120460DF0AEFF149000EBD070C5
S3150800DB004610B0454246A8BF3246249B039803EB0D
S3150800DB10D371B2EB610FC8BF9DF89D206FF0004B23
S3150800DB20C4BF42F010028DF89D20012B02BF9DF85C
S3150800DB309D3043F010038DF89D301AF020FE0546FF
S3150800DB40002D3FF405AE2F7C17F0010740F0C18089
S3150800DB50AB682A89ADF88C301B0C8DF88E30AB7A01
S3150800DB60ADF8C1208DF8C33094F874301B07059BB7
S3150800DB7058BFEF681F9321936B68099753F82730AE
S3150800DB800A2B28D0297C069B2868C1F3C00100937C
S3150800DB9004EB8101CA6D0023496D50F827001AF07D
S3150800DBA035FF059B297C1844049B2190C1F300117D
S3150800DBB0686804EB81010093CA6C0023496C50F82D
S3150800DBC027001AF023FF049B181A079B18444FF0E6
S3150800DBD0000A22906DE04B4B18462193F7E7219AED
S3150800DBE01F92229A2092099A5244B2FBF3F103FB40
S3150800DBF011294FEA890308936B6853F82900584599
S3150800DC0054D0297C049BC1F30011009304EB8101D5
S3150800DC10CA6C0023496C1AF0F9FE049B297C181A71
S3150800DC20079BC1F3C0011844069B2290286804EBA1
S3150800DC3081010093CA6D0023496D50F829001AF036
S3150800DC40E5FE059B18442190BAF1000F25D01F9BCD
S3150800DC50A3EB080243441693209B14929A1B334461
S3150800DC6017936B68159253F827205A4514D0089ACB
S3150800DC709B585B4510D0029818A9CDF86CA00FF0F8
S3150800DC8079FCB8F1000F07D036B1029814AA28A972
S3150800DC90CDF8ACA00FF00CFD4F46236F9A4504D182
S3150800DCA06B68089A9B585B4519D1B9464F460AF1E5
S3150800DCB0010A236F9A4592D31A9B01331A932A9B1A
S3150800DCC001332A93029B03F1180710AB0FCB87E8A1
S3150800DCD00F00294603981AF059FD054630E7219B9F
S3150800DCE00298A3EB080243441693229B14929A1BAC
S3150800DCF01592334414AA28A91793CDF8ACA00FF0AF
S3150800DD00D7FCD2E7010000E010B50C460D4B2046C3
S3150800DD10CB6291F8303043F0010381F830300221AC
S3150800DD200BF0D3FD204608210BF0CFFD20464FF41B
S3150800DD3080610BF0CAFD2046BDE8104010210BF0AB
S3150800DD4075BB00BF784903082DE9F04788B04348FA
S3150800DD500D460CF08FFA012864D128461AF0CDFA40
S3150800DD60064628461AF0C5FA312E04465DD12846DD
S3150800DD701AF0C7FA5A220746002120460DF06BFE14
S3150800DD800546069018F07CFE5C22064600212046D1
S3150800DD900DF061FE5B2280460021069020460DF0BC
S3150800DDA05AFE4FF000096FF06042CDE90129CDF81F
S3150800DDB0008003462A46E16A069006A81BF0D6FBB1
S3150800DDC04946152220460DF046FE122281464FF49A
S3150800DDD00031059020460DF03EFE132205464FF40D
S3150800DDE00031059020460DF036FE102282464FF48B
S3150800DDF00031059020460DF02EFE11228046059032
S3150800DE004FF4003120460DF026FE3544069B554456
S3150800DE101D444644079B4D4406443D609E42ACBFA4
S3150800DE207E607B6008B0BDE8F087182E0ED12846C4
S3150800DE301AF067FA05464FF4003120460CF086F9C9
S3150800DE402B688342ACBF2B602860EBE71A2EE9D11A
S3150800DE50284608B0BDE8F0471DF092BF8C49030874
S3150800DE6010B501460348F2F77BFA04460BF0BFFDEE
S3150800DE70204610BD044A030838B50023144AC1E9F0
S3150800DE800E33C1E90C32C1E91033CB624FF6FF738A
S3150800DE900C468B6491F84C30204623F03F0343F040
S3150800DEA0380381F84C304FF480610BF00EFD0949B8
S3150800DEB020461EF0E3F920460EF080FA0146064891
S3150800DEC0F2F74EFA05460BF092FDE562EC6238BDB4
S3150800DED0B0490308B4490308E0490308024B806BBC
S3150800DEE0002808BF18467047DD4403082DE9F043AB
S3150800DEF089B008460F461AF000FA1D2804461CD1B8
S3150800DF0038461AF0F6F938461AF0F3F9C46A38466C
S3150800DF100CF05DFAE946E26A00F11805064629465C
S3150800DF204846143219F09BFB002873D139465D48E0
S3150800DF3009B0BDE8F0430CF09DB9394659480CF0D4
S3150800DF4099F901283FD138461AF0D3F9082C054625
S3150800DF50C66A41D1F8F7C6F918F0D1FD064690BB56
S3150800DF60EC6AF8F7BFF9054618F0A2FD04280CD1AB
S3150800DF70236C204663640BF0C8FA07460AF09BFF39
S3150800DF8018B1314638460AF074FF284618F090FD55
S3150800DF9001281BD1284604A918F094FD20460599A6
S3150800DFA01EF00EF9C4E9100020461EF0CEFB236BC6
S3150800DFB013B920460CF0EAFD236C2021204604AA5A
S3150800DFC004930CF06CF909B0BDE8F083284618F004
S3150800DFD06FFD0328E8D1DDE7012C58D1F8F782F95F
S3150800DFE004460028EFD018F063FD01280CD120461E
S3150800DFF004A918F067FD304605991EF0E1F8B064EB
S3150800E00028460CF0C3FDDEE7204618F051FD03282C
S3150800E010D9D1ECE70DF1100895E80F0088E80F0054
S3150800E02099E80F0085E80F0094F84C30A26C9B061F
S3150800E03026D5236C9A4207D12123314620461EF065
S3150800E04067F82123A26C12E02023314620461EF0F1
S3150800E0505FF8202331462046A26C1DF0EAFF012313
S3150800E060226C314620461EF053F80123226C3146B5
S3150800E07020461DF0DEFF98E80F0085E80F0055E7FB
S3150800E0802023314620461EF043F82023DAE7092CE0
S3150800E09099D14FF6FF73B36409B0BDE8F0430CF0AD
S3150800E0A075BD00BFE049030873B55C480E460CF021
S3150800E0B0E1F8012822D130461AF01FF90546304604
S3150800E0C01AF017F9102D044612D10BF01EFA0AF0B1
S3150800E0D0F2FE0546F8F706F918F0EAFC04280DD111
S3150800E0E0002D70D0204602B0BDE870401EF02FBA51
S3150800E0F01A2D25D80D2D03D8082D71D002B070BD64
S3150800E1000E3D0C2DFAD801A353F825F071E100084D
S3150800E110EBE10008FDE00008CBE10008CBE10008D0
S3150800E120FDE00008FDE00008FDE00008FDE000084D
S3150800E130FDE00008FDE00008FDE0000811E2000827
S3150800E1402F2D03D0312D06D02E2DD7D102B0BDE804
S3150800E15070400CF0A2BB30461AF0D3F85A22054696
S3150800E160002120460DF077FC18F08AFC6860C5E7A8
S3150800E17030460CF035F9A0F11203012B10D82046D1
S3150800E1801EF0F6FA0028ADD0236CE26B01339342F9
S3150800E190B4D22364204602B0BDE870401DF0F2BE3A
S3150800E1A0142804D00DD80A2815D01128A6D120463F
S3150800E1B01EF0DEFA002895D0236C002B9ED0013B7A
S3150800E1C0E7E71B289AD1636C2364204602B0BDE8B2
S3150800E1D070401EF0BABAF8F78BF884428ED0204603
S3150800E1E002B0BDE870401EF0CCBA1EF0C1FA002895
S3150800E1F03FF478AF30460CF0FFF8236C1844E36B15
S3150800E200013B9842A8BF184620EAE0702064C1E79F
S3150800E210304602B0BDE870401EF0A1B8044A0308B3
S3150800E22038B5002591F85830CD6223F07F0343F0C6
S3150800E230030381F8583008460C460CF0E5FAE0630B
S3150800E24020460CF0E4FA4FF48073C4E9123394F8CC
S3150800E25058302A4643F0800384F858302946C4E9E2
S3150800E260100504F1340019F055FD0C4A04F150006C
S3150800E270114619F04FFD092294F85930204662F3E9
S3150800E2800303022184F859300BF0D0F82046BDE884
S3150800E29038404FF480310BF018BB00BF3200002025
S3150800E2A010B501460348F2F75BF804460BF09FFBEE
S3150800E2B0204610BD304A03082DE9F043ABB00846A6
S3150800E2C00D461AF01AF829460646A3480BF0D2FF5F
S3150800E2D0012813D128461AF00CF805AF394604462A
S3150800E2E01EF0A1FA2F2E10D194F8583003F003032C
S3150800E2F0022B06D12046E16A1EF042FC2BB0BDE88F
S3150800E300F08320460BF08EFFF8E71D2E1ED8122E3E
S3150800E310F4D9133E0A2EF1D801A353F826F000BF0C
S3150800E320DDE30008FDE20008FDE20008FDE2000862
S3150800E33089E4000861E30008FDE2000889E40008B2
S3150800E340FDE20008FDE2000889E40008312ED5D177
S3150800E350284619F0D6FFE36B0360236C4360CDE7CC
S3150800E360284619F0CEFF636C05463BB9A36CB3F596
S3150800E370807F03D1E36CB3F5807FBFD020460CF0D5
S3150800E38043FA804620460CF042FA0297B4F84C301D
S3150800E39002460193B4F84830064600934146636C3A
S3150800E3A00FA80EF000FF0F9A2B6852429A42B8BF88
S3150800E3B01A462A60109B5B429342B8BF13462B60ED
S3150800E3C01199A1EB08019942B8BF19462960129B19
S3150800E3D09B1B8B42ACBF2B6029608FE7284619F040
S3150800E3E090FF05462046E66B0CF00EFA864246D1AB
S3150800E3F02046266C0CF00BFA864240D1A36CB3F586
S3150800E400807F13D1E36CB3F5807F0FD1636C6BB952
S3150800E410E36B226D03EBD373B2EB630F06D1236C68
S3150800E420626D03EBD373B2EB630F28D020460CF072
S3150800E430EBF9064620460CF0EAF90297B4F84C3098
S3150800E44002460193B4F8483031460093636C0FA82E
S3150800E4500EF0A9FE61690F9BA2690B440F93109BEE
S3150800E46013441093119B0B441193129B134412935C
S3150800E470002229680FA819F02EF928713EE72046D0
S3150800E4800FA90CF036FCF3E7284619F036FF0646C6
S3150800E490284619F02EFF172E04465FD1284619F094
S3150800E4A030FF03780546022B3FF428AF94F858004E
S3150800E4B0830702D501232B7020E7C0F3840019F0E7
S3150800E4C0DBFC01460028F5D1442220460DF0C3FAAC
S3150800E4D00F90C0B2FF28EDD1626C002AEAD1A36C76
S3150800E4E0B3F5807F0ED1E36CB3F5807F0AD104F1D2
S3150800E4F01401686819F06FF90028DBD0236B002B2C
S3150800E500D8D1FBE60BAF394620461EF08CF92046DB
S3150800E5100CF07AF9064620460CF079F90297B4F819
S3150800E5204C3002460193B4F84830314600930FA8A0
S3150800E53000230EF038FE61690F9BA2690B440F9306
S3150800E540109B13441093119B0B441193129B0FA914
S3150800E550134412930022CCE7304A03081A2E7FF49C
S3150800E560CDAE036C002B3FF4C9AEC36B002B3FF452
S3150800E570C5AE836C002B3FF4C1AEC36C002B3FF4D1
S3150800E580BDAE28460BF023FF94F85830814613F0A9
S3150800E590020640F091800FA8F5F74CFB0DF11C0818
S3150800E5A0314620460FAA09F118050BF0BBFC95E881
S3150800E5B00F0088E80F0020461FA91EF034F9A36C47
S3150800E5C094F858201B93E36CC2F3C0121C93636C37
S3150800E5D0206C1A9394F8593024AFC3F3031343EA13
S3150800E5E002139DF8892022F01F0213438DF8893003
S3150800E5F0236BD4E905122993E36A10441693E36B57
S3150800E60001380B44013B0090384618F0F4FF0C2201
S3150800E610314620460DF01FFA94F859300B9003F056
S3150800E6200F02092A28900BAE0CD8A36B3946009323
S3150800E630636B04F1140019F0BCF997E80F0086E83B
S3150800E6400F002FE003F00F030C2BF6D104F1140290
S3150800E6502946284619F003F8D4E90D12384618F069
S3150800E660F1FFD4E90F14D9F81C30259A24989A1A80
S3150800E670631ED21AD9F8183092FBF4F21B1A481EF8
S3150800E6801B1A93FBF1F338466243594318F0DAFF35
S3150800E69095E80F0086E80F009DF8893043F02003BF
S3150800E6A08DF88930324648460FA90EF03AFE98E8AA
S3150800E6B00F0085E80F0021E603F00303022B7FF421
S3150800E6C01DAE0FA8F5F744FB20460FAA00210BF054
S3150800E6D0C4FBE36A484604F114020FA916930EF028
S3150800E6E004FF0BE670B590F84D30044613F0010FA1
S3150800E6F0154E07D090F84C3056F82310BDE87040F8
S3150800E7001CF060BC806B4000FAF7F6FD054694F8ED
S3150800E7104C30A26B56F8231052001BF0A0FA2B4679
S3150800E720A26B05EB4202934208D1204629461CF00B
S3150800E73049FC2846BDE87040FAF7F8BD198821F467
S3150800E740806123F8021BEEE7FC3B012010B5044666
S3150800E75090F84C20044B53F822101CF02FFC20464E
S3150800E760BDE81040FFF7BEBF243C012038B50C4673
S3150800E7700025204604210AF059FEB4F84C302A46F2
S3150800E78023F4FF7323F001032046A4F84C30052137
S3150800E7902B46A5640BF0E8FF2B46202220460649A7
S3150800E7A00BF09CFD20462A4629460DF0CEFD204654
S3150800E7B0BDE83840FFF7CABFBDE7000870B519F0D5
S3150800E7C098FD04461CF079FC4FF6FF739842014603
S3150800E7D000F0D0802046FEF72DFA0546002800F006
S3150800E7E0C98065491BF08DFB58B9644B84F84C0009
S3150800E7F0196820461CF0E2FB2046BDE87040FFF78A
S3150800E80071BF28465E491BF07CFB28B9012384F8B2
S3150800E8104C305A4B5968ECE728465A491BF071FBAD
S3150800E82028B9022384F84C30544B9968E1E7284606
S3150800E83055491BF066FB88B90022242120460BF0B7
S3150800E8402EFD012840F09680A06C002800F09280EA
S3150800E85000222421BDE870400BF021BD28464B4913
S3150800E8601BF04FFB0028E7D0284649491BF049FB17
S3150800E870024658B9232120460BF011FD012879D10B
S3150800E880A06C002876D000222321E3E7A36C002B96
S3150800E89070D028463F491BF034FB60B9A06C0A21AA
S3150800E8A003F0AAFBA06C20F068FC002862D00022C6
S3150800E8B02321A06CCEE7284637491BF022FB002807
S3150800E8C0ECD0284635491BF01CFB20B9A06CBDE8E6
S3150800E8D0704020F001BD284631491BF012FB20B9D3
S3150800E8E0A06CBDE8704020F0F3BC28462D491BF00B
S3150800E8F008FB20B9A06CBDE8704020F05FBC284634
S3150800E90029491BF0FEFA064670BBA06C20F030FCC5
S3150800E9100546A06C20F023FC03782D2B10D101218D
S3150800E920A06C03F097F9A06C20F048FC2B21A06C92
S3150800E93003F062FB2946A06CBDE8704003F08AB973
S3150800E9402B2BA06C07D1012103F084F9A06C20F0D1
S3150800E95035FC2D21EBE7314603F07CF92D21A06C1F
S3150800E96003F04AFB691CE6E72946A06CBDE870403F
S3150800E97003F0B8BA70BD00BF544A0308243C01200E
S3150800E980584A03085C4A03085F4A0308634A0308AF
S3150800E99058440308674A03086D4A0308A84503084C
S3150800E9A0AC450308714A0308754A030810B50146C1
S3150800E9B00348F1F7D5FC04460BF019F8204610BDBC
S3150800E9C0604E0308F8B590F85C30044603F0070378
S3150800E9D0012B20D1416B4A1C1DD00F4BC06A1B6806
S3150800E9E00339984794F85C309B064FF000034CBFF8
S3150800E9F0266B04F13006E16A50FA83F2DDB2755DE2
S3150800EA008F5C01338D54002FF5D120461EF05FF937
S3150800EA104FF0FF336363F8BD1C4403082DE9F04F3C
S3150800EA2095B00B680C4612220021054607930DF097
S3150800EA3012F81022002106901090284664680DF0FE
S3150800EA400AF810A9231A1090284608930BF002FF1B
S3150800EA5010A8D5F82C9019F049F9099010A819F0C2
S3150800EA604AF90A9028461EF0B0F9824628461EF052
S3150800EA709CF9044628461EF0A0F90490504617F063
S3150800EA80FFFF074628461EF0A8F900268046E31928
S3150800EA900B9319F8063009EB060B0BB934462AE036
S3150800EAA00B9BFB180593059A0A9B934209DA95F87E
S3150800EAB05C3003F00703012B04BF48F004085FFA33
S3150800EAC088F80023514600935846099B049ACDF8C6
S3150800EAD00480F9F717FE089B8419BB4243DC2A4BCE
S3150800EAE048461B680F940FA998470A2803D019F8B7
S3150800EAF0043003B901340027EA6A394628460C97D8
S3150800EB000DF0FFF810AB0293049B0146CDE900A374
S3150800EB105A46A31B0CA81EF002F90D97B4B1DDE9FD
S3150800EB2006239D1A0D9B33449C420FD90DAB5846BC
S3150800EB300FAA0EA91AF0DDFCDDE90E12504617F0F1
S3150800EB406AFF0C9B1844854210DA0D970F4B0D99F6
S3150800EB501D685846A847314604464846A8472044F3
S3150800EB6015B0BDE8F08F2646059F92E70D9BF21873
S3150800EB709442EAD009EB0602D25D002AE5D0049A4F
S3150800EB801F4610440C90CDE7204403081844030898
S3150800EB902DE9F04FA5B0C36A0446002B00F00181A9
S3150800EBA04FF0FF33836390F85C300AA943F04003C3
S3150800EBB080F85C300BF04EFE0AA819F097F88046EC
S3150800EBC020461EF002F9064620461EF0EEF80746D5
S3150800EBD020461EF0F2F8054620461EF0FEF8CDE95E
S3150800EBE00180009732462B46E16A08A81AF0BEFC57
S3150800EBF020460BF052FE94F85C2002F00702022A27
S3150800EC0040F0EC806322002120460CF024FF6422A9
S3150800EC100E900746002120460CF01DFF05460E9073
S3150800EC2038B942F210724FF49671282018F053FC46
S3150800EC3005460EA8F9F7E0FA21460EA818F08FFC4B
S3150800EC404FF0FF310EA818F0A5FC4FF496710EA8E8
S3150800EC5018F09EFC1C990EA818F09EFC0AA8DDF870
S3150800EC60208019F043F8804553DD0AA819F03EF8CC
S3150800EC70089A0021821A0EA818F07AFCA5490EA84F
S3150800EC8018F06FFCA3492046F9F73AFB1A9930BBEE
S3150800EC90002906DD9DF88C201B9060F3C3028DF8D1
S3150800ECA08C2029460EA818F05EFC1A990EA818F0B2
S3150800ECB06DFC3FB194F85C20394602F007020EA8B5
S3150800ECC01EF054F80EA8F9F7B1FA0AA819F013F8C5
S3150800ECD020469149F9F7F0FA0023A3655EE0426BF6
S3150800ECE090F854308A4203F00103DADA1B929DF851
S3150800ECF08C206FF3C3028DF88C20002BD1D0D3B2B1
S3150800ED0043F00103199A8DF88C30179B17921993C3
S3150800ED10C7E74FF000087F492046F9F7CDFAC4F84F
S3150800ED2054800AA8DDF8249018F0E5FF8145CFDD68
S3150800ED300AA818F0E0FF099BA0EB0309304617F074
S3150800ED409FFE4146A9EB00020EA818F011FC724975
S3150800ED500EA818F006FC70492046F9F7D1FA1A9958
S3150800ED6010BB414506DD9DF88C201B9060F3C3025D
S3150800ED708DF88C2029460EA818F0F5FB1A990EA8CE
S3150800ED8018F004FC3FB194F85C20394602F00702FB
S3150800ED900EA81DF0EBFF0EA8F9F748FA20460BF06F
S3150800EDA0F5FE25B0BDE8F08F426B90F854308A42E4
S3150800EDB003F00103DEDA1B929DF88C2068F3C30288
S3150800EDC08DF88C20002BD5D0D3B243F00103199AC5
S3150800EDD08DF88C30179B17921993CBE7032A40F0CE
S3150800EDE08B806322002120460CF035FE64220E90AB
S3150800EDF00746002120460CF02EFE05460E9038B92F
S3150800EE0042F210724FF49671282018F064FB0546FA
S3150800EE100EA8F9F7F1F921460EA818F0A0FB4FF055
S3150800EE20FF310EA818F0B6FB0AA8DDF8208018F006
S3150800EE305DFF804528DD20223046114617F0EBFDA0
S3150800EE40089AA0EB8000821A00210EA818F090FB01
S3150800EE5030490EA818F085FB29460EA818F083FB42
S3150800EE6020462C49F9F74CFA00B1406B002F7FF485
S3150800EE7021AF1A9B8342C1BF9DF88C301B9067F364
S3150800EE80C3038DF88C301DE74FF000092149204651
S3150800EE90F9F712FAC4F854900AA8DDF8248018F095
S3150800EEA02AFF80457FF714AF099A3046C2F1000859
S3150800EEB017F0E6FD4946A8EB00020EA818F058FB25
S3150800EEC015490EA818F04DFB29460EA818F04BFB5D
S3150800EED020461149F9F714FA00B1406B002F7FF468
S3150800EEE052AF1A9B8342C1BF9DF88C301B9067F3C3
S3150800EEF0C3038DF88C304EE7012A7FF44FAF0AA87A
S3150800EF00DDF8248018F0F7FE804507DC4FF0FF3364
S3150800EF10636343E719CD020813CD02083046DDF8CE
S3150800EF20248017F0ADFD8045F0DD514BE06A1B6883
S3150800EF3098470328EAD90AA818F0D8FE2E22804650
S3150800EF401146304617F067FD4319A3EB8303434484
S3150800EF500AA80E9318F0CFFE0546304617F090FD26
S3150800EF60384495FBF0F800FB1858304617F088FD32
S3150800EF708045A5EB080549DB304617F081FD0544B9
S3150800EF800EA920460F95FFF749FD0546E06A1AF0D7
S3150800EF90A9FF384B82462946E06A1B689847364ED1
S3150800EFA00790DDF81C80E06A08F10309CA452FD3EB
S3150800EFB004220026314BDFF8C8B01B680493079B70
S3150800EFC0E06A05921844049B98473044C6B2DBF8B9
S3150800EFD00030E06A07A99847032EE76A1DD8079903
S3150800EFE08A4502D3059A013AE9D1204647441DF0DD
S3150800EFF06EFE94F85C3032466FF34513394684F852
S3150800F0005C3004F130001AF02AFE20E0ED1BB7E769
S3150800F010336807A99847013DC3E720461DF057FE08
S3150800F020042E4744E5D0701CFAF766F920630028D9
S3150800F0303FF4B4AE324639461AF011FE0022236B6D
S3150800F0409A5594F85C3043F0200384F85C302E22FD
S3150800F050E36A033503F80820E36A43445A70E36A0F
S3150800F06043449A700022E36A03F80920656395E62B
S3150800F070144403081C440308204403082C440308CA
S3150800F080244403082DE9F04FA9B045480E460BF075
S3150800F090F1F8012883467DD1304619F02EF9054648
S3150800F0A0304619F026F9A5F12E039BB2012B04462A
S3150800F0B007D8FFF787FC204629B0BDE8F04FFFF7D1
S3150800F0C067BD182D0DD11DF080FE17F0D9FC011E65
S3150800F0D03046B8BF0331891029B0BDE8F04F0BF0B0
S3150800F0E097B9312D5ED190F85C305A0643D51DF09C
S3150800F0F06CFE074620461DF060FE804620461DF041
S3150800F10054FE8146204694F85CA00BF083FB5A46D1
S3150800F110002120460CF09FFC6FF040439842CAF34A
S3150800F120001A139003D194F82B301B0735D52046C7
S3150800F1300BF070FB05460522002120460CF08BFCDF
S3150800F1408542139006DB0522002120460CF083FC3D
S3150800F15005461390CDE9015ACDF8009043463A4644
S3150800F160E16A04F14C001AF001FA94F85C306FF386
S3150800F170861384F85C30304619F0C3F8E36C0268ED
S3150800F1809A42ACBF026003604268236D9A42ACBFE4
S3150800F1904260436029B0BDE8F08F6FF06045CAE76A
S3150800F1A08C4E03081A2DF5D1304619F0A2F80446FC
S3150800F1B030460BF00CF907A9804620460BF04AFBAF
S3150800F1C020461DF00AFE814613A8F4F7C1FDE36A3E
S3150800F1D01A93636D2393A36D249394F85C3003F01C
S3150800F1E00703032B08D007A818F085FDB0F5806F34
S3150800F1F0A4BF04F1380327930021204613AA8DF8EB
S3150800F20097900AF02AFE9DF8963013B901238DF8D7
S3150800F21096304FF6FF73616CA26C99421C911D9251
S3150800F22026D09A4224D058224FF4802120460CF04A
S3150800F23012FC4FF480210246049020460CF041FC53
S3150800F240C0F30722C0F307430F908DF87B008DF8B3
S3150800F2507C204FF480211C2220468DF87D300CF04E
S3150800F260FAFBC0F307430F90ADF87E008DF88030A7
S3150800F27094F85C3003F00603022B1AD19DF89630F9
S3150800F280023B012B15D86FF060430193219BCDF803
S3150800F290089000931B9A229BE16A0FA81AF066F958
S3150800F2A007A80F9D18F022FD8542C4BF01238DF8DB
S3150800F2B0963008F118050BAF2A46384607A918F004
S3150800F2C0CEF900283FF466AF94F85C1011F00706F3
S3150800F2D009D120460BF06BFE3146424207A818F0CA
S3150800F2E0B1F9236A0A9394F85C300FAE03F006036B
S3150800F2F0022B5ED195E80F0086E80F0097E80F000D
S3150800F30085E80F00404607AA13A90EF0EEF896E81E
S3150800F3100F0085E80F0095E80F0086E80F0097E8CC
S3150800F3200F0085E80F0094F85C3003F00703032B01
S3150800F3303AD16FF060430193219BCDF80890009372
S3150800F3401B9A229BE16A05A81AF010F907A8059FDF
S3150800F35018F0CCFC874212DD636D059A1B989F183E
S3150800F3602022114617F057FB00EB40003844A36DE6
S3150800F370239007AA404613A924930EF0B6F807A8C7
S3150800F380069F18F0B8FC87420EDD636DA46D2393C3
S3150800F390069B1B981C4417F073FB07AA044413A981
S3150800F3A0404624940EF0A1F896E80F0085E80F0071
S3150800F3B0F0E6404607AA13A90EF097F8ABE700BF98
S3150800F3C010B501460348F0F7CBFF04460AF00FFBD9
S3150800F3D0204610BD8C4E030838B504460D4616491E
S3150800F3E0F8F76AFF15492046F8F766FF002204F188
S3150800F3F05400114618F08EFCAA1E022A8CBF002261
S3150800F400012294F85C3062F3041384F85C3003F04C
S3150800F4100703012B05D1636B013302D02046FFF7A2
S3150800F420D1FA94F85C30204665F3020384F85C3020
S3150800F430BDE83840FFF7ACBB19CD020813CD02086A
S3150800F44070B500250C464FF0FF3691F85C302A4619
S3150800F45023F00F03CD624E6381F85C3004F154004B
S3150800F460294618F057FC4FF6FF73C4E9113394F890
S3150800F4705C30204665F3451384F85C300221C4E904
S3150800F4800F55A663256309F0D1FF29462046FFF7E5
S3150800F490A3FF2046BDE8704001491DF0BFBC00BF70
S3150800F4A0844E03082DE9F04F95B006461746099194
S3150800F4B002B9FEE7C46A002122460CF022FC237832
S3150800F4C08346B3B902287B600CD0032805D00128EF
S3150800F4D000D13B6015B0BDE8F08F30460BF09AF9C5
S3150800F4E03860F7E730460BF095F900EBD07040101E
S3150800F4F0F6E730461DF071FC444B09991B680590E8
S3150800F50020469847804630461DF04FFC0690304608
S3150800F5101DF053FC049030461DF057FC079017F079
S3150800F520AFFA10A9089030460BF094F910A818F015
S3150800F530DDFB00250A9010A818F0DDFBAA46089AFC
S3150800F540069B0B9003EB42030C93069B13440D9307
S3150800F550635D6019002B33D1A946B8F1000F0FD0AF
S3150800F56004EB080313F8013C0A2B01D00D2B07D135
S3150800F57014F8083023B94546069B089A13449A445A
S3150800F5802C44049B079AA8EB0501204619F0C2FFF4
S3150800F590099B22469D4218BF049B594618BFC018AE
S3150800F5A010AB0293049B0F900193079B0FA800933F
S3150800F5B0A9EB05031DF0B3FB0F9BC7E9003A89E7E2
S3150800F5C00C9B0B9A53449A420ADA96F85C3003F07D
S3150800F5D00703012B01BF059B43F00403DBB2059328
S3150800F5E0059B049A01930023079900930A9BF9F750
S3150800F5F089F805EB0009C845AFD314F80930002B84
S3150800F600ABD00D9B4D469A44A2E700BF1C440308A5
S3150800F610F8B504460D46164602B9FEE790F85C3082
S3150800F6201B0723D40BF0B2FAE06A1AF05BFC074614
S3150800F63030461AF057FC39180131E06AF9F780FEAE
S3150800F640E06200B9FEE74FF6FF739D4203D1084B0F
S3150800F6501B68984705462946E06A324619F0EEFEC9
S3150800F6602046BDE8F84000211DF0D8BBF8BD00BF14
S3150800F6701444030870B5A8B008460D4618F03DFEB8
S3150800F680A0F11A039BB2012B06460CD92946EC4871
S3150800F6900AF0F0FD012840F0D181284628B0BDE8DF
S3150800F6A0704018F026BE284618F023FE1A2E044687
S3150800F6B040F0C4810CA8F4F717FE00210CAA2046D6
S3150800F6C00AF006FA18F05BFCC0F307239DF85220EF
S3150800F6D08DF800008DF80130C0F307409DF85130D1
S3150800F6E08DF802009DF8530043EA022343EA0040DE
S3150800F6F018F067FD00990246E06A18F0FAFCC0F3B4
S3150800F70007238DF85100C0F307408DF852308DF865
S3150800F710530018F034FCC0F307238DF80400C0F337
S3150800F72007408DF8060015988DF8053018F049FD44
S3150800F73001990246E06A18F0DCFCC0F307238DF84D
S3150800F7405400C0F307408DF855308DF8560018F070
S3150800F75016FCC0F307239DF85A208DF808008DF88B
S3150800F7600930C0F307409DF859308DF80A009DF816
S3150800F7705B0043EA022343EA004018F022FD02999F
S3150800F7800246E06A18F0B5FCC0F307238DF8590065
S3150800F790C0F307408DF85A308DF85B0018F0EFFB80
S3150800F7A0C0F307239DF88A208DF80C008DF80D30DC
S3150800F7B0C0F307409DF889308DF80E009DF88B0040
S3150800F7C043EA022343EA004018F0FBFC0399024689
S3150800F7D0E06A18F08EFCC0F307238DF88900C0F3A1
S3150800F7E007408DF88A308DF88B0018F0C8FBC0F3F7
S3150800F7F007238DF81000C0F307408DF811308DF8F7
S3150800F8001200BDF86E309DF8700043EA004018F00B
S3150800F810D8FC04990246E06A18F06BFCC0F307238B
S3150800F8208DF86E00C0F307408DF86F308DF87000C4
S3150800F83018F0A5FBC0F307238DF81400C0F30740A2
S3150800F8408DF815308DF81600BDF87A309DF87C00D5
S3150800F85043EA004018F0B5FC05990246E06A18F03C
S3150800F86048FCC0F307238DF87A00C0F307408DF8EB
S3150800F8707B308DF87C0018F082FBC0F307239DF8D7
S3150800F88052208DF818008DF81930C0F307409DF8FE
S3150800F89051308DF81A009DF8530043EA0223069961
S3150800F8A094F82F2043EA004018F023FCC0F30723FE
S3150800F8B08DF85100C0F307408DF852308DF853008B
S3150800F8C018F05DFBC0F307238DF81C00C0F3074052
S3150800F8D08DF81D308DF81E0094F82F20079915987D
S3150800F8E018F007FCC0F307238DF85400C0F307404F
S3150800F8F08DF855308DF8560018F041FBC0F30723F4
S3150800F9009DF85A208DF820008DF82130C0F3074065
S3150800F9109DF859308DF822009DF85B0043EA0223D2
S3150800F920089994F82F2043EA004018F0E2FBC0F348
S3150800F93007238DF85900C0F307408DF85A308DF823
S3150800F9405B0018F01CFB8DF82400C0F30723C0F3F6
S3150800F95007408DF825308DF82600BDF86E309DF8E5
S3150800F960700094F82F20099943EA004018F0C1FB6B
S3150800F970C0F307238DF86E00C0F307408DF86F308B
S3150800F9808DF8700018F0FBFAC0F307239DF88A205B
S3150800F9908DF828008DF82930C0F307409DF8893086
S3150800F9A08DF82A009DF88B0043EA02230A9994F8F9
S3150800F9B02F2043EA004018F09CFBC0F307238DF87C
S3150800F9C08900C0F307408DF88A308DF88B0018F04F
S3150800F9D0D6FA8DF82C00C0F30723C0F307408DF83C
S3150800F9E02D308DF82E00BDF87A309DF87C0094F8FD
S3150800F9F02F200B9943EA004018F07BFBAF218DF8C6
S3150800FA007A00C0F30723C0F307408DF87C008DF811
S3150800FA107B3094F82F30239A503B5A4392FBF1F2ED
S3150800FA202392269A2846534393FBF1F326930AF02A
S3150800FA30CEFC04F114020CA90DF03AFE28B070BDF4
S3150800FA40B44E03082DE9F04F97B062480D460AF008
S3150800FA5011FC012816D1284618F04FFC0646284600
S3150800FA6018F047FC182E04460FD1482200210BF047
S3150800FA70F2FF04460690284618F043FC0368A342A2
S3150800FA8000DA046017B0BDE8F08F312E34D1036B6D
S3150800FA90002BF7D0C36A002BF4D0284618F031FCA7
S3150800FAA000236FF060461A461946276BBB4202D1FF
S3150800FAB0C0E90012E6E7E56A05EBC30C55F83350D2
S3150800FAC005F0C04EBEF1005F03D125F0C04EB64525
S3150800FAD002D1A942B8BF2946DCF8045005F0C04C4B
S3150800FAE0BCF1005F03D125F0C04CB44502D1AA424F
S3150800FAF0B8BF2A460133D9E71A2EC3D128460AF0D9
S3150800FB0066FC236B0090002BBCD0E36A002BB9D0AF
S3150800FB1002A920460AF036FE2046029D0BF03DFA61
S3150800FB20A5EB00092046039D0BF03CFAA5EB00085F
S3150800FB3006A80DF005FD0021204606AA0AF04FFA90
S3150800FB400027236B013B9F429CD220460AF05CFEAD
S3150800FB50834620460AF05BFEE36A0546594653F893
S3150800FB60370003EBC70601931DF0ABFA4844294654
S3150800FB700D9070681DF0A5FA4FEAC70A019B064664
S3150800FB800E900AF1080003EB000A594618581DF0B2
S3150800FB9098FA484429460F90DAF804001DF091FABD
S3150800FBA094F8343006A9DB0747BFAE1B2D1A08EBBD
S3150800FBB00005464444BF4644454400980E961095B1
S3150800FBC00DF0D8FC9DF8553001376FF382038DF898
S3150800FBD05530B6E7E04E03082DE9F0410C460025FE
S3150800FBE0204601210AF0B5FD2046002117F04DF800
S3150800FBF094F86A30042123F00F0384F86A3004F17C
S3150800FC005C00A4F8685018F00FFD2046F0F79AFB40
S3150800FC100121E06209F059FE2146C4E913556564DD
S3150800FC206565A5643448F0F79BFB0646334F09F033
S3150800FC30DEFE394630460AF053FD3046012117F0FC
S3150800FC4048F83046012117F020F830464FF4804135
S3150800FC5009F03BFE3046022109F0E8FB31462663EF
S3150800FC602748F0F77DFB064609F0C1FE6FF04042D3
S3150800FC70394630460AF04BFD2946304617F005F856
S3150800FC80022329461A46304617F00BF83046022159
S3150800FC9009F0CCFB4FF48041304609F016FEA66306
S3150800FCA03046FCF7EDFC06462346072215490AF0BE
S3150800FCB015FB30464FF4804109F007FE29463046C9
S3150800FCC016F0E3FFE6633046FEF7EAFA0E491CF043
S3150800FCD057FFA06BFFF774FB0646012109F0F5FDF7
S3150800FCE02346204626646563A5652022BDE8F041C3
S3150800FCF006490AF0F3BA00BFCC4F03086400002097
S3150800FD00A84F03086BD30208A84503085DD102086B
S3150800FD102DE9F04F99B0064601911DF077FB05468F
S3150800FD2000285AD01DF0F7F80021024628460BF0A5
S3150800FD30E8FF022854D003285ED0002128460AF09E
S3150800FD407FFC002130461DF05AFB804630461DF0E8
S3150800FD5060FB8146404616F093FE834630460AF01D
S3150800FD6069FD64220746002130460BF074FE019BAC
S3150800FD70804602904FEAD77A4FEADB74D944002BC3
S3150800FD8043D0002841D05C44336BBA446410C4EBBA
S3150800FD906A0403FB194402A8F8F72EFA294602A8B2
S3150800FDA017F0DDFB264902A817F0DBFB28460AF008
S3150800FDB005FD2246014602A817F0DAFB414602A8CD
S3150800FDC017F0D1FB1F4902A817F0DCFB02A81E4951
S3150800FDD017F0D4FB02A8F8F729FA19B0BDE8F08F96
S3150800FDE030460AF017FD044628460AF00DFD231A88
S3150800FDF003EBD3735910A1E730460AF00BFD04460E
S3150800FE0028460AF001FD211A98E730465C441DF0A1
S3150800FE103FFBBA44336B6410C4EB6A0403FB194412
S3150800FE20019B13B1B8F1000FB5D128460449F8F77C
S3150800FE3043FA2146284619B0BDE8F04F0AF017BC28
S3150800FE40FBD302080DD502081975020838B5002536
S3150800FE500C4691F83C3020466FF3010381F83C309C
S3150800FE60C1E90B554D63102109F0E0FA20464FF41D
S3150800FE70007109F0DBFA21460548F0F771FA09F036
S3150800FE80B6FD2A462046BDE8384002491DF046BB65
S3150800FE90AC520308685203082DE9F043ABB0084694
S3150800FEA00C4618F02AFA1A28054676D1204618F084
S3150800FEB020FA204618F01DFA05460CF087FA064681
S3150800FEC015A8F3F745FF002115AA304609F0C5FF26
S3150800FED020460AF07CFA01AF00F118040DF1140867
S3150800FEE0814694E80F0087E80F002146404606F150
S3150800FEF0140217F0B4FB002878D098E80F0084E8BD
S3150800FF000F00304609A91DF08CFA6B690DAE0D93EA
S3150800FF10AB6932460E93EB6921460F930A9B30462E
S3150800FF20109317F09CFBB8B194E80F000DF1440844
S3150800FF3088E80F0096E80F0084E80F0028461CF0B2
S3150800FF40EAFF05F114021C9015A948460DF0CDFAF2
S3150800FF5098E80F0084E80F006B6932460D930C9BF6
S3150800FF6021460E93EB6930460F932B6A109317F0D0
S3150800FF7076FB68B196E80F0084E80F0028461CF067
S3150800FF80CAFF05F114021C9015A948460DF0ADFAF2
S3150800FF9097E80F0084E80F0028E0214615480AF084
S3150800FFA069F9012822D1204618F0A3F9182D06462A
S3150800FFB009D02E2D1AD10CF009FA00212BB0BDE874
S3150800FFC0F043FFF7A5BE204618F09BF905463046D4
S3150800FFD00CF0FCF91DF034FC044630460AF014FC1B
S3150800FFE02B68241AA342ACBF2B602C602BB0BDE84B
S3150800FFF0F08300BFAC5203082DE9F04F85B0C04826
S315080100000E460AF037F9012811D1304618F075F96C
S315080100100546304618F06DF9312D04460AD13046A9
S3150801002018F06FF9054620461DF00AFC286005B050
S31508010030BDE8F08F1D2D41D8002DF8D0013D1C2DAE
S31508010040F5D801A353F825F0EB0001080D010108C5
S315080100504F0101082F0001082F0001082F00010890
S315080100602F0001084F0101082F0001082F00010880
S315080100702F0001082F0001082F000108D9020108E5
S315080100802F0301089F020108D30201082F00010866
S315080100902F0001082F0001082F0001082F00010871
S315080100A02F000108570301082F00010865030108FD
S315080100B02F0001082F000108650301082E2D0ED017
S315080100C02F2DB4D11DF0A2F918B1002229460AF044
S315080100D0E6F820460AF0E1FB0021204600E000216F
S315080100E005B0BDE8F04FFFF713BEC36A012B9ED9D1
S315080100F090F83C306FF3820380F83C301DF086F9A6
S31508010100804905B0BDE8F04FF8F7D6B8C36A012BA8
S315080101108DD9F6F7E7F802A916F0FBFC204602A9E5
S315080101201DF04CFB039B002B81D020461DF06EF978
S3150801013005460AF061FB0399014428460AF097FA35
S3150801014094F83C3043F0040384F83C306FE7C36A03
S31508010150012B7FF66CAF1DF059F9064600283FF4CE
S3150801016066AFF6F7BFF8804616F0A2FC04280DD153
S31508010170236B2046636309F0C8F9054608F09BFE20
S3150801018040B10021284608F074FE03E0022801D197
S31508010190236B6363404616F08BFC012802AF37D107
S315080101A094F83C5015F004053FD0002120461DF077
S315080101B026F9054620461DF02CF98146284616F0F3
S315080101C05FFCA569236A81445B1BD8E9180103EB27
S315080101D0D37387E803003946204605EB63051DF00E
S315080101E0EDFA0022642098F82510039BC1F16401F9
S315080101F0002B4FD1B3691A44AD1A95FBF9F5E36A99
S3150801020025EAE5759D42A8BF03F1FF352DB229E020
S31508010210404616F04DFC0328C2D0236B3A462021EE
S31508010220204602930AF03BF801E74046394616F0A4
S3150801023049FCB269039B39469B1A03937269029B6F
S3150801024030469B1A012202931CF067FE804630460F
S315080102501CF061FEAA460646A946DFF8ACB0019530
S31508010260D04507D1002DD8DB0122294620461DF0AD
S315080102700EFBD2E73046DBF8003001A998470A2879
S3150801028003D1C8451CBF6B1C1DB2DDF804900AF1E9
S31508010290010AE5E71A444B4393FBF0F3A8E709F093
S315080102A034F90546F6F71EF816F002FC04280DD1B6
S315080102B0284608F000FE226B08B16263B7E6636B55
S315080102C09A423FF4B4AE0121236306E7236B6363C5
S315080102D0ADE6D0E90C23F3E7C36A012B7FF6A7AE97
S315080102E030460AF07DF8A0F11203012B0ED8216BD6
S315080102F0E36A01319942BFF49AAE0122656B11E0B6
S31508010300D0520308FBD3020824440308142802D058
S3150801031011287FF48CAE216B00293FF488AE0122A7
S31508010320656B013920461DF0B2FA65637FE6C36A3B
S31508010330012B7FF67CAE30460AF05EF8D4E90B1342
S31508010340013918448142A8BF014621EAE1718B426D
S315080103503FF46DAED1E71DF059F805B0BDE8F04F91
S3150801036009F060BF304605B0BDE8F04F1DF05DB934
S3150801037010B50C463C2104F12C0018F055F901235F
S31508010380642284F83C300023C4E910320B4A4FF446
S315080103908771A26494F84C20204663F3000284F81E
S315080103A04C208722C4E91633C4E914122366A363D1
S315080103B01021BDE8104009F039B800BF0B80024092
S315080103C02DE9F04FE1B004460846039109F0FFFF15
S315080103D0B4F848300290C3F30E03012B37D94BA862
S315080103E0F3F7B6FC4FF400314BAA204609F035FD68
S315080103F01BA80DF0A5F84FF4003120461BAA09F0F9
S31508010400EEFD94F83C30102B01D0082B05D19DF850
S31508010410A9306FF304138DF8A9304FF0000846464A
S315080104202BA80DF08DF84FF4A0212BAA204609F030
S31508010430D6FD3BA80DF084F8002120463BAA09F019
S31508010440CEFDB4F84830C3F30E0A564502D361B05F
S31508010450BDE8F08FA36CC3F3CE33B6FBF3F203FB0F
S315080104601263002B40F097804FF0010908F101084B
S31508010470636C002100933046236C0AF1FF3218F0B1
S31508010480C5FA04F12C0B0746CDE94D60584618F01C
S3150801049076F90546002843D0EB68BB4200F3C680CF
S315080104A02B69BB42C0F2C280B9F1000F00F0B980D6
S315080104B0D5F804B0BBF1000F00F08D8058215846DD
S315080104C012AA18F005FD012868D1129BADF858311A
S315080104D01B0C5921584612AA8DF85A3118F0F8FC06
S315080104E0012867D19DF848008DF874015B215846AB
S315080104F012AA18F0EDFC012865D112985A905A21D2
S31508010500584612AA18F0E4FC012840F08280129895
S315080105104FF400336A6853901BA920461DF029FB46
S315080105200DF1200B06AB4A4631462046CDF800B000
S315080105301DF034FD94F84B3004AD13F0400F00F074
S315080105402481B9F1000F00F02481039809F03FFFD7
S31508010550002310228146194617A816931FF0F7FBA8
S31508010560A26B0DF1580B002A00F09C80A16D1FFAB1
S3150801057088F38B4271DC03F18043013B52F8233047
S31508010580002B6AD0002252939DF8783162F38613C4
S315080105908DF8783163E04FF0000969E758224FF486
S315080105A0003120460BF057FA1690C0F30743ADF811
S315080105B058018EE759224FF4003120460BF04BFAC9
S315080105C01690C0B290E75B224FF4003120460BF03B
S315080105D042FA169092E758224FF4003120460BF062
S315080105E03AFA5922C0F307434FF400311690ADF891
S315080105F0580120468DF85A310BF02DFA5B221690D8
S315080106008DF874014FF4003120460BF024FA169048
S315080106105A905A224FF4003120460BF01CFA1690D4
S3150801062076E74FF4A023AA682BA976E720464BAABA
S315080106304FF4003109F011FC20461BAA4FF4003192
S3150801064009F0CDFC20464FF4A0212BAA09F0C7FCDE
S315080106502946584618F09AF81BE70023529394F84E
S315080106603C30022B79D0082B2BD028D8012B74D9F2
S31508010670042B72D0284606A917F047FB95E8030014
S3150801068022AB83E80300284608A917F03EFB95E844
S31508010690030024AB83E803001BA902980CF06AFF48
S315080106A00136D2E63B4614215846444AF8F702FE7B
S315080106B09DF87831CDF848B143F0400368E7102B2F
S315080106C0D8D112A920460AF0C5F812A817F00EFBD0
S315080106D0074612A817F00FFB4308B3EB570F12A8EA
S315080106E047D917F003FB129B47083B440A93139B10
S315080106F003223B444FF4003120460B930BF0ABF930
S315080107000A22216DB4F8483071435143C3F30E03ED
S31508010710013BB1FBF3F1636D0E9002FB031194F8F3
S315080107203C30082B28D15A9B381AC3F1FF2303F50D
S315080107307F03F13318440A9A0AAB02440C920B9AC6
S315080107400CA80D920022CDE900324FF480731A46A7
S3150801075017F0BEFA0EAB0CAA01E00EAB08AA2046AA
S315080107604BA91DF077F948460EAA4BA90CF0BDFE18
S3150801077080E717F0C0FAB6E7102B03BF5A9B3F185C
S315080107800F33002008BFD819D5E7B9F1000F7FF458
S3150801079071AF284606A917F0B8FA95E8030032ABF7
S315080107A083E803005946284617F0AFFA95E803008F
S315080107B034AB83E803002BA96FE700BFF4520308A3
S315080107C070B51F480D4609F055FD012826D1284662
S315080107D017F093FD0646284617F08BFD1A2E044698
S315080107E016D190F94B30002B18DB1DF07FF8204607
S315080107F01DF027FD94F84C302946DB0720460ED517
S315080108001DF019FA29462046BDE87040FFF7D8BD04
S315080108101D2E0CD190F94B30002BE6DB70BDFFF78E
S31508010820CFFD29462046BDE870401DF004BA182EB2
S31508010830F4D12846BDE87040642109F0E9BD00BF3E
S31508010840005303082DE9F04F87B0D0480E4609F04A
S3150801085011FD012846D1304617F04FFD05463046B1
S3150801086017F047FD04461DF06EFE132D07463CD1D1
S31508010870304617F046FDA568804605B12D6AD4F8BD
S3150801088084302A460293D4F8883029460393D4F84B
S315080108908C3002A80493D4F89030059316F0C5FE5F
S315080108A00022D8F8001002A816F015FF064688F8A7
S315080108B00400B8B9022F15D1636F2A460293A36FB4
S315080108C029460393E36F02A80493D4F8803005936D
S315080108D016F0ABFE3246D8F8001002A816F0FBFE59
S315080108E088F8040007B0BDE8F08F1A2D3CD8002D12
S315080108F0F8D0013D192DF5D801A353F825F000BF0D
S3150801090097090108B5090108C3090108E50801089D
S31508010910E5080108E5080108E5080108C309010811
S31508010920E5080108E5080108E5080108E5080108E0
S31508010930E5080108570B0108BF0B0108590A010808
S31508010940E5080108E5080108E5080108E5080108C0
S31508010950E5080108E5080108E5080108850A01080E
S31508010960E5080108E50B01082E2DBBD120461DF02F
S3150801097051FD00287ED04FF40071204608F0A5FFEE
S315080109804FF48071204608F051FD204607B0BDE8B6
S31508010990F04F09F047BC04F19405F5F7A3FC294685
S315080109A016F090F803222946204607B0BDE8F04F15
S315080109B009F0FCBF0121204607B0BDE8F04F1DF044
S315080109C0CCBD0026002120461DF0C7FD94F8A030B5
S315080109D020466FF3000384F8A030C4F89C600AF03F
S315080109E0D5F8204608F091FD054608F064FA074651
S315080109F0F5F778FC16F05CF804281BD1002F3FF4B4
S31508010A0071AF20461DF09FFD02280CD194F8A03045
S31508010A10980704D443F0020384F8A03062E766F32A
S31508010A20410384F8A0303146284607B0BDE8F04FA7
S31508010A3008F01FBA01287FF455AF20461DF0EAFCDD
S31508010A4038B14FF40071204607B0BDE8F04F08F001
S31508010A503CBF4FF48071F6E7F5F744FC16F028F829
S31508010A60042802D002287FF43DAF94F8A0306FF332
S31508010A704103D1E74FF48071204608F026FF4FF471
S31508010A8000717FE712224FF4403120460AF0E3FF56
S31508010A9013224FF440310290824620460AF0DBFFCA
S31508010AA010224FF440310290074620460AF0D3FF40
S31508010AB011224FF440310290814620460AF0CBFFBD
S31508010AC068224FF440310290804620460AF0C3FF5F
S31508010AD0692205464FF44031029020460AF0BBFFD1
S31508010AE0CDE90100204609F08FFE4FEA450B00EBE0
S31508010AF04505204609F08BFE019A00EB4200854226
S31508010B004FEA42031FDA204609F07EFE83444FEA84
S31508010B106B035745B8BF57464F45B8BF4F4647457C
S31508010B20ACBFDB1943444FF4403120469D1C09F004
S31508010B300DFB0544304617F0E4FB0368AB42ACBF36
S31508010B4003600560CEE62046019309F060FE019B2D
S31508010B5003445B10DDE7304609F042FC20F002034E
S31508010B60112B15D194F8A0302046990735D41AF0DF
S31508010B70D0F80122811820461AF063F800222021B4
S31508010B80204607B0BDE8F04F09F089BB2C5303088E
S31508010B90142802D012287FF4A5AE94F8A030204676
S31508010BA09A0704D41AF0B5F80122411EE3E71AF0B0
S31508010BB0B6F80122411E20461AF08CF8DEE73046C7
S31508010BC009F01AFC94F8A03005469B07204604D480
S31508010BD01AF09FF801222918CDE71AF0A0F8012288
S31508010BE08118E8E7304607B0BDE8F04F1DF01FBE93
S31508010BF008B540F20470F8F77FFB034BC3F8DC0134
S31508010C0000B9FEE708BD00BF181000202DE9F04124
S31508010C108AB0002604460E22314606A805961FF01C
S31508010C2096F8E26F636FB24240DAB342B4BF2D223F
S31508010C302B220DF115058DF81420002B01AFB8BF35
S31508010C405B420E212F4A3846F8F734FB384619F02D
S31508010C5049F994F88410034601F00F02B2EB000C2F
S31508010C60904626D10F2901D94FEA1118BC4600230F
S31508010C70984502DD1CF8010B78BB0F2931D805A967
S31508010C80204601F031FA0A2294F88410D4F880300B
S31508010C9001F00F01092B30DC414588BF013120469F
S31508010CA0891B00F0D7FF0AB0BDE8F081012605AD22
S31508010CB0C3E73818002B09DA384600234FF0300EFF
S31508010CC06345CFDA00F801EB0133F9E790F800E064
S31508010CD0013B00F80CE00138ECE705F8010B01339C
S31508010CE0C6E72E2105F8011B9A42C8DDF95C0029E1
S31508010CF0C5D005F8011B0133F6E793FBF2F3013979
S31508010D00C8E700BFF452030838B5002201250C468E
S31508010D100F4B2046C1E91D230E4BC1E91F35B1F81A
S31508010D20843023F4FF6323F0070343F4806343F01D
S31508010D300503A1F8843029461EF0D9F9204629462B
S31508010D401EF0CEF92046BDE83840FFF75FBF00BF69
S31508010D509F8601006179FEFF70B557480D4609F077
S31508010D6089FA012840F0A780284617F0C6FA0646F0
S31508010D70284617F0BEFA082E044678D1F5F7B2FAD6
S31508010D8015F096FE042834D1204608F0BEFB08F07B
S31508010D9092F870B394F8842002F00F02012A40F207
S31508010DA08A8094F88530D4F8805003F00603042B22
S31508010DB012D1012D04DD2046BDE870401DF0DCBDD1
S31508010DC00A200021023A17F009FEC4F880002046DD
S31508010DD0BDE870401DF0DCBD0A200021013A17F07C
S31508010DE0FDFDEB1785428B41F1DB0A23C4F8803000
S31508010DF0E1E720461EF0B3F9054619F073F8E36CEE
S31508010E00EA5C2E2A22D120461EF066FAE26C94F894
S31508010E108430B2EB131F03D90F2B88BF02F1FF32BF
S31508010E2003F00F03013B9B1AE26F0021002A4FF0E2
S31508010E300A004FF00102B8BF0133994214D1204686
S31508010E40C4F88020BDE87040FFF7E0BE984204D19F
S31508010E50411E204600F0FEFED8E7002BD6D1E36FEF
S31508010E60002BD3DA0121F4E742430131E5E70E2EDF
S31508010E7021D1F5F737FA15F01BFE0646284617F075
S31508010E8040FA01682046132905D1042E94D1BDE8FC
S31508010E9070401DF08FBD142905D1042E98D1BDE8E7
S31508010EA070401DF0A7BD1129F1D01229F7D0BDE870
S31508010EB0704001F0A1B870BD5853030870B598B0D9
S31508010EC004460E4615460021F7F7F6F902A8F7F784
S31508010ED093F9214602A816F042FB02A81E4916F00C
S31508010EE040FB02A84FF0FF3116F054FB314602A829
S31508010EF016F039FB05F5B472294602A816F038FB37
S31508010F0002A8F7F793F902A8144916F037FB4FF42C
S31508010F10806302A8009340F2512200234FF4D7714F
S31508010F2016F045FB4FF4B47202A8002116F020FB17
S31508010F300B4902A816F015FB02A8F7F777F94FF443
S31508010F40B4722046002119F026FE4FF48771204617
S31508010F5019F02DFE18B070BD37EA0208417502086E
S31508010F6033EA02082DE9F04196B052480E4609F0D7
S31508010F7081F9012849D1304617F0BFF904463046B0
S31508010F8017F0B7F9182C054648D112224FF440310B
S31508010F900AF061FD132280464FF44031009028463D
S31508010FA00AF059FD102204464FF4403100902846B4
S31508010FB00AF051FD112207464FF4403100902846A8
S31508010FC00AF049FD4445B8BF4446BC42B8BF3C4651
S31508010FD08442B8BF04464FF440310090284609F0D0
S31508010FE0B5F802340444304617F08BF9036806460F
S31508010FF09C42B8BF1C464FF400310460284609F0EC
S31508011000A5F8844204DD3068306016B0BDE8F08189
S315080110104FF40031284609F099F8F5E7202C40D11C
S31508011020642200210AF017FD0746009088B3284676
S3150801103008F069FAEC6A00F00106631C2FD1002E4C
S315080110400CBF4FF480740024360200212846F7F7B6
S3150801105033F96846F7F7D0F82946684616F07FFA55
S315080110606846154916F07DFA32462146684616F055
S315080110707FFA6846114916F085FAA11B0029B8BFFF
S31508011080494279436846090A16F06DFA6846F7F740
S31508011090CDF8284616B0BDE8F04109F077BD36020D
S315080110A0D3E71A2CB1D1304616B0BDE8F0411DF090
S315080110B0F3BC00BFB053030863EA020857EA020803
S315080110C02DE9F04FADF50F7D054617F012F90446E7
S315080110D0284609F07CF914AF00F118060546324690
S315080110E0384604F1140116F0BAFA002877D096E8C2
S315080110F00F000DF1600C8CE80F0097E80F0086E8E9
S315080111000F003022002120460AF0A5FC0021059097
S31508011110729020461DF05CFD11220021099020469F
S315080111200AF099FC00210E90729020461DF042FDAE
S3150801113000210A9020461DF044FD238DA26A0C93D6
S31508011140A54B0B90134043F40023A36256A8F3F76B
S31508011150CBF84FF4A02156AA204608F0B9FC2CA8D2
S31508011160F2F7F6FD4FF4A02120462CAA08F075FEE9
S315080111700C9B099A238594F82A3020466FF3C303FA
S3150801118084F82A30A36913445E1E09F00BFF059BF8
S31508011190361A1E441F96002620461C961E9609F0EE
S315080111A0FCFE27220D90314620460AF054FCB14632
S315080111B0C3B272900893236B4B450BD9A36B53F8B3
S315080111C029201F9B0133991801391F91F9681D932D
S315080111D08B4208DD18AB18350FCB85E80F000DF5E6
S315080111E00F7DBDE8F08F089B012B0FD10B99E369A1
S315080111F05B1A0D99013B5B1A05995B1A1C9302EB65
S31508011200D27253104FF000080F934BE00A996369A5
S315080112100B440D99013B5B1A05990B441E93EEE7A6
S31508011220B3000693636B03EB860253F8263083B14A
S3150801123093F800B0089BE16B012B0CD11C9B013B79
S315080112401E9351F828001B1A01331C9308F1010A51
S315080112501EE09B46EEE71E9B01331C9351F82800BE
S315080112600344013B1E93F1E752F8043B93B11B7803
S31508011270D8070FD5089851F82A3001280BBF1C98B2
S315080112801E98C01A1B180CBF1C901E930AF1010A5E
S31508011290D445E9D1AAEB08031F9A1E447B689A42F2
S315080112A007DAD046D4F82CC0C445B9D809F10109E2
S315080112B081E79DF8A131DDF870E0DDF874C01E986C
S315080112C003F01F015B07CDE92202CDF880E0CDF8D6
S315080112D084C007910AD563690A990B447345BFBF50
S315080112E0679B03EBD373AEEB63032093079B9907C5
S315080112F00AD5A36909990B446345BFBF679B03EBED
S31508011300D373ACEB63032193079B1B070ED5E369E4
S315080113100B995B1A013B834208DD679B03EBD37C80
S3150801132003F0010303EB6C0303442293079BD907DC
S315080113300ED5236A0E995B1A013B9A4208DA679B16
S3150801134003EBD37103F0010303EB61031344239306
S31508011350636C4B4545D1236C434542D1228D02F03E
S315080113606003A3F120014B424B4102F0040002F055
S31508011370080192074FEA431325D543F0020318BB28
S3150801138031BB238594F82A3072A843F0080384F800
S315080113902A30F2F7A9FF41A8F2F7DAFC4FF4A021A7
S315080113A0204672AA08F094FB4FF4A021204641AAD0
S315080113B008F053FD0C9B238594F82A306FF3C30379
S315080113C084F82A3017E010B143F00403D8E729B1AD
S315080113D043F00803D5E700BF0000F7FF002B40F0F4
S315080113E08C80702256A972A818F039FC54222CA9AF
S315080113F041A818F034FC20AA284672A9CDE97498A8
S31508011400CDE943980CF054F9636B069A9B58002B67
S315080114103FF447AF4FF4A02120461DF0CBFB4FF414
S31508011420A021109020461DF0CCFB4FF4A021079077
S3150801143020461DF0CDFB80464FF4A02111222046FF
S315080114400AF009FB109B1C9A28901A4424921E9BA9
S31508011450079A0BF0020B9B1A26931D9B069A434487
S3150801146025931F9B1B1A2793636B24A89B58349AB1
S3150801147003F10808509B119210934F9B079316F09E
S3150801148035FCBBF1000118BF0121079BCDE901011C
S3150801149000934146DDE9103212A818F067F8BBF14E
S315080114A0000F0BD10F9B1D9A1A44139B03EBD373A1
S315080114B05B105B42D118D21A259127920DF1A00B28
S315080114C0394658461CAA16F0CAF800283FF4E9AE70
S315080114D09BE80F0005F1180888E80F00069A636B68
S315080114E028469B5841A9083324AA48930BF0FDFFC7
S315080114F014AB0FCB88E80F00D3E6202341E700BFE2
S31508011500F0B585B096480E4608F0B4FE01281AD102
S31508011510304616F0F2FE0546304616F0EAFE2F2D45
S31508011520044604D105B0BDE8F0401DF0AEBC102D4F
S3150801153000F085801FD8082D00F09E8005D8013D52
S31508011540ADB2012D3AD905B0F0BD0E2DFBD130460D
S3150801155016F0D7FE4FF6FF730768D4E910019842D3
S3150801156002D0994240F0AF8000232046C4E91033E7
S315080115701DF053FC62E01A2D00F0EB80312DE2D10B
S31508011580304616F0BEFE00221346E16A8B4209D1A7
S3150801159000231946256BA9420AD1013A013B02608B
S315080115A04360D0E7E56B55F8235001332A44EDE74C
S315080115B0A66B56F8216001313344ECE7F4F792FE45
S315080115C015F076FA00F0FD000128BCD1F4F78AFE81
S315080115D002A915F077FA2046029D09F0DEFC2722BA
S315080115E00021054420460AF036FA0190C0B20128C6
S315080115F02AD100212046E6691DF0E3FA361A751B41
S3150801160000263346E26AB24226D12046039D09F0F6
S31508011610C9FCA369002105442046ED1A1DF0D8FA34
S3150801162000231A46216B2D1A99421DD1226CB2420A
S3150801163002D1626C9A4286D0C4E91063204605B08D
S31508011640BDE8F04009F0A2BA636900212046ED1A07
S315080116501DF0B0FA2D1AD3E7E16B51F826100B44A9
S31508011660AB42D2DC0136CEE7A06B50F82300024428
S315080116709542DBDB0133D7E709F088FAF4F732FE46
S3150801168015F03DFA4FF6FF73216C024699420DD1CA
S31508011690F4F728FE15F00CFA00F0FD0001287FF496
S315080116A052AF4FF6FF73C4E910334CE7616C9942A8
S315080116B0EED00028ECD12021204608F0F0FD0128C3
S315080116C07FF441AFE4E7E66A256BB042B4BF024650
S315080116D00022A942B4BF0B460023142F24D1013A94
S315080116E096422EDC6A1E9A42C6BF0022013306F1D3
S315080116F0FF329D42D4BF05F1FF3323EAE3739042DB
S3150801170002D199423FF41FAFC4E91023204609F0DC
S315080117103DFA20461DF081FB00222021204605B016
S31508011720BDE8F04008F0BBBD132F01D10132D7E760
S31508011730112F01D1013BD3E7122F7FF404AF0133F7
S31508011740CEE7002AD5DA13B1721E013BD1E71A4654
S31508011750CFE7304605B0BDE8F040FFF7B1BC00BFA2
S31508011760DC5303082DE9F0414B1E04460F46072BAF
S315080117704ED8DFE803F02A4B4D044D4D4D28012183
S31508011780204615F082FA20461DF0EEFB0546204656
S315080117901DF0E7FB0646364908F08BFF0121304666
S315080117A015F097FA0021284615F06FFA0021304600
S315080117B015F06BFA0321304609F0B6FB00213046D5
S315080117C009F0BFFB2AE00921DAE70021204615F0D6
S315080117D05CFA20461DF0C8FB054620461DF0C1FBF4
S315080117E00646234908F07CFF0121304615F071FAB7
S315080117F00121284615F049FA0121304615F045FA26
S315080118000021304609F090FB0321D8E70821DDE7DE
S315080118101DF0AAFB054620461DF0A3FB94F83030BF
S3150801182013F00C0F14BF0122002217F00C0814BF85
S31508011830012300239A4212D02046F0F791FAF1F7D4
S3150801184053F906466420B8F1000F0CD0F6F770FD7F
S31508011850014606EBD6767210284608F058FF84F83A
S315080118603070BDE8F081F6F763FD31460246F3E7CD
S315080118706400002070B500260C46154A204681F8FA
S315080118803060114608F043FF2046EEF75BFD20461F
S31508011890EEF758FD0546314615F0F7F93346324657
S315080118A028460C4908F01AFD3146284609F017FB67
S315080118B020460421FFF756FF2846802108F005F83F
S315080118C02846BDE870404FF4806107F0AFBD00BF00
S315080118D0640000206FEF020808B51DF045FBBDE85E
S315080118E0084001490AF0ACBDB84403082DE9F3479D
S315080118F00D46064691461DF034FB044630461DF05A
S3150801190033FB80463046FFF7E7FFA84298BF00F150
S31508011910FF353046EFF7D8F96CB396F8301011F069
S315080119200C012BD01522002120460AF094F8824694
S315080119300190204608F06EFF00212722074630460F
S315080119400AF089F8C3B2012B574408BF69420190CE
S3150801195014BF4A464A46204614BF05FB07F1794398
S31508011960EFF78AFD00214046134A0AF041FD00249B
S31508011970114F98B9F56202B0BDE8F08714222046E6
S315080119800AF069F807460190204608F053FFC11985
S315080119904A4620466943EFF783FDE3E72B1B5A4284
S315080119A05A410121013407F09DFD3A462146404638
S315080119B00AF01EFDDDE700BFB844030838B50B4839
S315080119C00C4608F057FC01280ED1204616F095FC66
S315080119D00546204616F08DFC2E2D05D1BDE838406A
S315080119E00022C16AFFF782BF38BD00BF0854030849
S315080119F030B597B064224FF4C02105460AF02BF89A
S31508011A000446009058B928461749F6F755FC95F843
S31508011A10643043F0010385F8643017B030BD684679
S31508011A20F6F7EAFB2946684615F099FD68460E4918
S31508011A3015F097FD2146684615F095FD214668463D
S31508011A4015F0A4FD00226846012115F091FD6846AE
S31508011A50064915F093FD68464FF0FF3115F09AFDDA
S31508011A606846F6F7E3FBD8E753F002083375020830
S31508011A702DE9F04F8BB004461DF00DFB5C220021C9
S31508011A808046204609F0E7FF06900746E06AD4F843
S31508011A904CB01BF040FA664B59461B68814698477D
S31508011AA0644B00211B680646019309EB000318469F
S31508011AB00293019B98478246404614F0E1FFBAF12A
S31508011AC00D0F039000F2AF8042F2014222FA0AF2A8
S31508011AD012F0010F0CBF514620210022404614F096
S31508011AE09AFF594604AA0546E06AFDF7DBFCD4F8D5
S31508011AF02CB058461BF00FFA0021024658460AF048
S31508011B0000F9E36A049A59690A44D9692A448A4256
S31508011B1029DD94F870B01BF0080B24D1032822D0D4
S31508011B20039B059A1F443A44CDF810B00592BAF1C1
S31508011B30000F7AD0404B02981B68984706445946CD
S31508011B40019B09EB060098470D28014606D842F283
S31508011B500143C34013F0010F18BF2021002240465C
S31508011B6014F059FF0546266630224FF4C021204657
S31508011B7009F071FF1022824606904FF4C0212046D3
S31508011B8009F069FF1122069000EB0A064FF4C021FD
S31508011B90204609F060FF1222069000EB0A084FF46E
S31508011BA0C021204609F057FF1322069000EB0A07C9
S31508011BB04FF4C021204609F04EFF049B5044059A74
S31508011BC0DF1B03441D44039B90449844E36A961B18
S31508011BD05969226DA06D0A4406929A69636D084493
S31508011BE0D3180793E36D08901A44204606A909926B
S31508011BF008F0A1FFC4E91476E36A08F1FF385A69C7
S31508011C009B69013DC4E9165817441E4415444344CB
S31508011C10204606A9069707960895099308F08BFFAB
S31508011C200BB0BDE8F08F514657E7202196E700BF74
S31508011C301C440308244403082C44030810B5014630
S31508011C400348EEF78DFB044607F0D1FE204610BD8A
S31508011C503C540308F7B5C36C04468B420E4665D05F
S31508011C60C06A1BF058F9324B1B689847002EB8BF5B
S31508011C703618B042054604DB47F6FF739E4218BF85
S31508011C8035462046E564EFF71FF820461DF003FAAE
S31508011C90064629466A46E06AFDF704FC304614F012
S31508011CA0EFFE05462046019E09F081F9864204DACF
S31508011CB0012220460199EFF7F3FB204608F0BAFD09
S31508011CC0019B07462046EE1809F071F9331ABB4203
S31508011CD006DD01990122C91B20462944EFF7E0FBDD
S31508011CE02046009EEFF76AFA864204DA0122204668
S31508011CF00099EFF7C1FB204608F08CFD009B0746CB
S31508011D002046EE18EFF75AFA331ABB4206DD009958
S31508011D100122C91B20462944EFF7AEFB009B20464A
S31508011D20A364FFF765FE2046FFF7A2FE03B0F0BDE8
S31508011D301444030870B540F2DC534B6401230025B3
S31508011D40CB6491F86430C1E90D5523F0030343F0E0
S31508011D50030381F8643091F87030C1E90F5523F017
S31508011D600E0381F87030C1E90B558D6408460C469F
S31508011D70FDF726FB0646E0626420F6F7D9FA014626
S31508011D80304608F096FCE06A0D491BF047F82B46E9
S31508011D902A460C49E06A08F0A1FA20464FF4806108
S31508011DA007F093FD20464FF4006107F03FFB2046FC
S31508011DB02946FFF74FFF2046BDE87040FFF718BEDA
S31508011DC0DD440308A7F0020810B586B0846B64B930
S31508011DD01DF061F9234642F22202694614F0D2FD4A
S31508011DE0034C044B002808BF1C46204606B010BD0C
S31508011DF02C540308AC4A03082DE9F84F90F87030C3
S31508011E0004465B0735D5C06A1BF085F81A4B1B6873
S31508011E109847064668B32046FFF7D6FF814618F06D
S31508011E2061F800FB06FA07460AF10100F7F764FABA
S31508011E304FF000080546834658463A46494608F192
S31508011E40010817F00CFF4645BB44F5D1002305F8F8
S31508011E500A302946E06A1AF0E1FF2846F7F766FADA
S31508011E6020460649F6F728FA2046BDE8F84FFFF757
S31508011E70FFBDBDE8F88F00BF1444030827F0020828
S31508011E8010B596B0436C044623B916B0BDE81040A8
S31508011E90FFF7B2BF6846F6F7AFF92146684615F06F
S31508011EA05EFB68460C4915F05CFB6846616C15F0EB
S31508011EB05AFB01226846002115F05AFB6846074974
S31508011EC015F05CFB6846064915F05CFB6846F6F7B3
S31508011ED0ADF916B010BD00BF27F002083375020828
S31508011EE075F10208F7B504460D4601B9FEE790F803
S31508011EF070305A0701D5FFF77FFFE36B0BB9236CE7
S31508011F009BB100232A4E2B4F0193019BEB5C0BB926
S31508011F1003B0F0BD01A93368284698473B6898473E
S31508011F200146204600F068F8EFE72946204600F00A
S31508011F3045F80128ECD1D4E90B0333B11AF0EBFFCC
S31508011F40037813B9204608F021FE2A46E16CE06AB7
S31508011F50FDF75EFB20461DF015F994F870305B0716
S31508011F6015D5606B17F0BEFF0646284617F0BAFF6F
S31508011F7031180131606BF7F7E3F9606300B9FEE7E1
S31508011F802A46E16C17F05AFA2046FFF779FF0A4B01
S31508011F9028461B68E66C984781192046FFF75AFEC2
S31508011FA000222021204603B0BDE8F04008F077B9A9
S31508011FB024440308284403081444030870B500237D
S31508011FC00C4E0A460C4621210546336008F067F98E
S31508011FD0306808B9012070BD037843B1214617F06E
S31508011FE090FF0028F6D028463168FFF77BFF0020CE
S31508011FF0F1E700BF041201207FB590F8703004465E
S31508012000180703D50A2926D00D2924D000250291BF
S315080120100091204602A90395FFF7D0FF01281AD19E
S315080120202F4B29461E686846B047236C054643B1BF
S3150801203020461DF094F82B4B1B689847236C984251
S3150801204009D2E36B6BB11B785BB100230193E06B9B
S31508012050019BC35C0BB904B070BD01A9B0478542A9
S31508012060F5D194F870305A0702D52046FFF7C4FE19
S31508012070D4E90B0333B11AF04EFF037813B920469E
S3150801208008F084FDE16CE06A02AAFDF7C1FA204670
S315080120901DF078F894F870305B0715D5606B17F06A
S315080120A021FF054602A817F01DFF29180131606BAB
S315080120B0F7F746F9606300B9FEE7E16C02AA17F083
S315080120C0BDF92046FFF7DCFEE16C20460131FFF73A
S315080120D0C1FD00222021204608F0E1F8BBE700BF38
S315080120E02444030814440308F7B504460D4601B908
S315080120F0FEE71DF047F8E36B13B9236C002B3AD0C2
S315080121002749E06A1AF08AFE47F6FF712046FFF76B
S31508012110A1FD94F87030234E13F0040F4FF000031D
S3150801212018BF626B204F18BF13700193019BEB5CBC
S31508012130B3B9236B3BB1E06A1AF0EDFE037813B924
S31508012140204608F023FD94F870305B0720D5606BB4
S31508012150F7F7ECF8284617F0DFFE6063A8B9FEE743
S3150801216001A93368284698473B689847014620469F
S31508012170FFF742FFDAE72946E06A1AF04FFE47F60B
S31508012180FF712046FFF766FDD3E72046FFF734FEC9
S3150801219000222021204603B0BDE8F04008F07FB8B0
S315080121A0DD44030824440308284403082DE9F047BD
S315080121B0B8B0B2480D4608F05DF8012840F0AD8088
S315080121C0284616F09AF80646284616F092F8102E72
S315080121D0044604D138B0BDE8F047FFF709BC1A2E0A
S315080121E000F0BA8100F29C800E2E00F01F8100F2E9
S315080121F09480032E00F28E80002E00F08E80F4F774
S3150801220071F80646002800F08880284616F071F80D
S3150801221090F8643004469F077FD5304614F048FC91
S3150801222002287AD0304614F043FC042875D0E06AB7
S315080122301CA908F0A7FA304601A914F043FC304658
S3150801224003A914F066FC019A002A66DB029B002B9F
S3150801225063DB1C992846521A07921D9A9B1A089302
S3150801226016F04BF80646E06A08F0CEFA079BE56ACF
S31508012270002BC0F23B81984240F33B81012207A91A
S3150801228028461AF04AFE07A90746E06A1AF049FEE7
S3150801229080F00103DBB294F87020900702F0010187
S315080122A040F13F81002940F02881002B40F03C8114
S315080122B0012E32D14FF6FF7342F001024FF44071FD
S315080122C02046A766E36684F8702007F0AFF839461A
S315080122D02046FFF7BFFC94F87030D9071DD5D4E91D
S315080122E01A239A42696C40F223818B4202D1A96C66
S315080122F08A4204D0C5E91132204608F047FC032E6C
S3150801230001D0082E09D194F870306FF3000384F8D0
S31508012310703002E0082E3FF472AF38B0BDE8F0879E
S315080123201D2EFAD1284615F0E4FF0446284608F082
S315080123304EF80646E06A1AF0EEFD94F864308046D7
S31508012340DB07EAD51CA8F1F7CFFF4FF4C0212046D9
S315080123501CAA07F0BDFBD4E91517E06A236D42698B
S31508012360E56D1344039383693A44194430462B4473
S31508012370049105921CA903AA06930BF099F9302238
S315080123804FF4C021204609F066FB122207464FF496
S31508012390C0210790204609F05EFB4FF0000A102283
S315080123A04FF4C02100EB07090790204609F053FBBB
S315080123B0CDE901AA236E079008EB0305304B0744C4
S315080123C01B68284698470DF10408024629464046E7
S315080123D017F045FC039B58224B440393049B514633
S315080123E03B44E06A049309F036FBC0F307430790C0
S315080123F0ADF8000007A88DF80230F1F7A9FC4FF4F3
S31508012400C021204607AA07F028FD9DF89030022B27
S3150801241040F20A819DF86830304643F04003CDF812
S3150801242038808DF8683003AA07A9FAE0284615F01E
S3150801243068FF0168132905D1204638B0BDE8F04781
S315080124401CF046BF142910D8012910D98B1E122B4E
S315080124500DD8DFE803F0353C0C0C0C0C290C3F0CAD
S315080124600C0C0C0C0C1D230C17007F2922D02046BE
S3150801247038B0BDE8F047FFF7BFBD00BF3C540308BD
S315080124802C440308204638B0BDE8F0471CF024BFA9
S31508012490204638B0BDE8F0471CF050BF204638B09A
S315080124A0BDE8F0471CF01EBF204638B0BDE8F0472E
S315080124B01CF084BE204638B0BDE8F0471CF0C7BE04
S315080124C00021204638B0BDE8F047FFF7C3BB47F601
S315080124D0FF71F6E794F870301B07C8D5002223214F
S315080124E0204638B0BDE8F04707F0D9BE01230027DA
S315080124F0D1E6012347F6FF77CDE6022E0FD0032E4C
S3150801250002D0082E7FF4E3AE20464FF4407107F05F
S31508012510DCF994F87030D8077FF5FFAED7E6E766A1
S31508012520D5E600297FF4D3AE012E7FF4F6AECEE6CA
S3150801253008D28A4203D1A96C8B423FF4E0AE6A64A1
S31508012540AB64D9E64FF6FF73994203D1AA6C9A4256
S315080125503FF4D5AE6B64F3E7284615F0CAFE044688
S31508012560284607F034FF0746E06A1AF0D4FC0378D8
S31508012570002B7FF4D2AE236B002B3FF4CEAE1B7833
S31508012580002B3FF4CAAE1CA8F1F7E2FB1CAA4FF4D4
S315080125900021204607F061FC94F8703000211A07E3
S315080125A048BF9DF8BB304FF0120248BF43F0010304
S315080125B0204648BF8DF8BB3009F04DFA132205466F
S315080125C000210790204609F046FA1022814600218B
S315080125D00790204609F03FFA112206460021079086
S315080125E0204609F038FA3022804600210790204615
S315080125F009F031FA0346D4E9060C1E440644384666
S31508012600216A62691D4499444344C91A236B1544D6
S31508012610ACEB090209920A9107950896239307AA32
S315080126201CA90AF062FF78E60099129815F06BFC6E
S3150801263000283FF4EFAE70E610B50C460C4A20466A
S31508012640114608F064F8002320461A46094907F09E
S3150801265045FE2046802107F038F92046032108F077
S3150801266063FC2046BDE81040032108F06ABC00BFA0
S31508012670640000208BF3020810B50C46044A204674
S31508012680114608F044F82046BDE81040EEF71CBB99
S315080126906400002070B508460C4609F097FE064608
S315080126A008F0B2F80546304608F0B1F82946024660
S315080126B0204608F02CF80121204614F0E6FA2046B7
S315080126C0EDF740FE05462046EFF74AFBF0F70CFA10
S315080126D00F4E00EBD07042103146284608F017F825
S315080126E02846002114F0D1FA022300211A46284669
S315080126F014F0D7FA2046EDF725FE0446012114F019
S31508012700E8FA31462046BDE8704007F0D2BF00BF5F
S31508012710640000201FB50649024601A805F026FFF8
S31508012720044B01A998681AF079FB05B05DF804FB1A
S31508012730E0540308742A012010B532220C490D4BC6
S3150801274091F90040186812FB0402B2F57A6F05D3B5
S315080127504FF47A621A60FF220A7002E0642A02D9EB
S315080127601A60186810BD64221A600122F4E700BFD6
S31508012770063D01200C12012070B590B001213A20C6
S3150801278001F04CFD01212A2001F048FD1A4B1B4D91
S31508012790D3F8242306AC42F00102C3F82423D3F864
S315080127A02423002642F08072C3F824230FCD0FC4D8
S315080127B00FCD0FC495E803000323CDE901668DF813
S315080127C006304BF601130093012384E803000C4CF1
S315080127D08DF81B302046CDE90366059603F074FB98
S315080127E0204606AA03A903F077FC6A46204601A9F2
S315080127F003F028FB10B070BD00C00350E454030871
S315080128000040005938B5F6F7C9F805F0B5FC0520BA
S3150801281005F00AFB1DF0CEFE044640F2CB701DF012
S31508012820E3FE054D2B68E31A834204D9FFF784FFBB
S31508012830FFF770FF2C6038BD0812012073B5114BE4
S3150801284005461B780C461646ABB10B7A0E48009323
S315080128500B780A7B09791CF073FEA3682268616804
S315080128609A1AE36808485B1A013302FB03333146B7
S315080128705A0000F041F8284602B0BDE870400AF057
S3150801288002BA00BF073D01201026012013B51148E1
S31508012890114B036040F601038380104B1B6883606C
S315080128A01CF0A4FEA0218020F0F7ECFA04460C499E
S315080128B0F0F738F920461221F0F7BEFB002320462F
S315080128C00093084A4FF4206307490AF07AF902B0DF
S315080128D010BD00BF1026012003080107943C012002
S315080128E03D28010810120120101C01200022014B6D
S315080128F01A707047C92B01202DE9F74F04464FF08E
S3150801290000093A4B15460093394B00220E46417889
S31508012910007801931CF0C8FD0122617920791CF029
S31508012920BFFD4F464FF0010BDFF8CC804FEAD52AA1
S31508012930C5F30A05D1452F4B2ED1F5B198F80020DC
S3150801294002F0FF03002AF9D102AA02EB870757F81A
S31508012950081C06EBCA26481C3288120ACA5436F8DD
S31508012960022BC25402339D42F6D801232A4688F81F
S315080129700030A0681F4B01F069F898F8003003F0A1
S31508012980FF05002BF9D12078012261781CF08CFD16
S31508012990284603B0BDE8F08F98F8001001F0FF0251
S315080129A00029F9D102A901EB870151F8081C06EBA8
S315080129B0C92001F1010EB0F800C04FEA1C2C01F83C
S315080129C012C030F802CB0EF812C00132B2F5806F90
S315080129D0F1D14FF40062A068C7F1010788F800B089
S315080129E0FFB201F033F809F10109A3E7CA3301205F
S315080129F0CA2B0120ED280108C92B0120064B1B68AB
S31508012A001A7A022A04D812B11B68044A136070475D
S31508012A10032AF9D0704700BF4C3C01201C2601202F
S31508012A2070B5A2B01E4D0BAC0FCD0FC495E80F00C3
S31508012A3084E80F0000244FF47023CDE9024404947E
S31508012A40019313AD01AE0FCE0FC5164B06AE2B6023
S31508012A50154B18ADCDE90744099406930FCE0FC55A
S31508012A602022124B12482B60124B13A91D93124BAD
S31508012A702094CDE91E23114B0BAA2193104B04F088
S31508012A80CDFB044618B1AE210E481CF002FF002109
S31508012A904FF4E1301CF0E1FE204622B070BD00BFC4
S31508012AA0405503083C00015B01000F004400015B2F
S31508012AB0D4260120CA3B012000010100603C012007
S31508012AC0202601200C550308014804F0CDBC00BF9F
S31508012AD0D4260120024B0349186800F0C1BD00BF86
S31508012AE0943C0120743C012008B504481DF0BCFE45
S31508012AF01CF03FFEBDE8084000F008B84C5D03082D
S31508012B0001481DF0B1BE00BF4C5D03082DE9F04731
S31508012B1096B0544E09AC35460FCD0FC42B6806F155
S31508012B20140523600EAC0FCD0FC495E80F00DFF82E
S31508012B304C8184E80F004C481DF096FE40461DF076
S31508012B4093FE4FF48073494FADF83C30484B3846F5
S31508012B500B9309A90EAB0D9302F07CFF04214FF4E8
S31508012B60E065B6F834A00DEB01000122ADF804A02A
S31508012B7000F008FAB6F836900022012102A8ADF84D
S31508012B80089000F0FFF9368F0122042103A8ADF859
S31508012B900C6000F0F7F90122042104A8354CADF8C0
S31508012BA0105000F0EFF9344B4FF44870C4F8C834AC
S31508012BB04FF00213C4F8C43403F58033C4F8CC3497
S31508012BC01C23C4F8B43405F081F908A8ADF82050DF
S31508012BD000F04CFA142005F079F908A8ADF8205050
S31508012BE000F014FA232005F071F908A8ADF8205071
S31508012BF000F03CFAB92138461CF073FF08A8ADF875
S31508012C00205000F003FA002205A81146ADF814A0D9
S31508012C1000F0B8F9002206A81146ADF8189000F0A0
S31508012C20B1F90122002107A8ADF81C6000F0AAF944
S31508012C300122002108A8ADF8205000F0A3F9384672
S31508012C4002F0C0FB00234046C4F8B434C4F8C834C3
S31508012C50C4F8C434C4F8CC341DF009FE16B0BDE876
S31508012C60F08700BF605503084C5D030800C0085093
S31508012C70E070720000C0035002000100585D0308AD
S31508012C800348044A0449121A92101CF0F5BD00BF04
S31508012C90B4010008B4010008FC3B012008B5154B36
S31508012CA083F30A8800F030F8FFF7EAFF124B13495D
S31508012CB08B4212D30020124B12498B4218D3EDF7DF
S31508012CC0CFFA186850F82240586840F82240013275
S31508012CD098688242F5D30C33EAE70022F8E71C68C4
S31508012CE044F8220001325C68A242F8D30833E4E7CB
S31508012CF00022F8E700000020F05F0308FC5F0308E4
S31508012D00FC5F0308FC5F030870B54FF48041144B60
S31508012D10144A154D9A60D3F8882005F5005442F4F3
S31508012D207002C3F88820114A91664FF0FF32226675
S31508012D306FF4003262660D22A2660222C3F8D02021
S31508012D40BFF34F8FBFF36F8F4FF44036002004F067
S31508012D50FBF90020E66004F08FF92E6170BD00BF13
S31508012D6000ED00E0000000080080004400900050DB
S31508012D70014B1860704700BF9C3C0120054B186049
S31508012D80054B1B6F03F00703032B01D11DF048B94F
S31508012D90704700BFA43C01200080005038B50446A6
S31508012DA00D4601B118B9452104481CF072FD236886
S31508012DB013B92B60256038BD1C46F8E79A550308F8
S31508012DC010B5044618B9562104481CF062FD20685E
S31508012DD018B1036823600023036010BD9A550308E0
S31508012DE007B50023294801931DF03EFD4FF44073B2
S31508012DF0012204216846ADF8003000F0C3F801222B
S31508012E00234B0520C3F8442401A91DF028FD0028F9
S31508012E1039D1204BD3F8F02042F00102C3F8F02053
S31508012E20D3F8FC2042F08072C3F8FC201A4AA3F5B5
S31508012E305D431A60019B194A03F5D52303F2FC4346
S31508012E40B3FBF2F3164A013B13610223C2F8F030D1
S31508012E504FF48073C2F804334FF06043114AC3F844
S31508012E60B02F114AC3F8802ED3F8002E42F480728F
S31508012E70C3F8002EFF2283F82020D3F8002E22F46F
S31508012E808072C3F8002E03B05DF804FB4C5D03089D
S31508012E9000D0035000ED00E0FF030040F8590D0093
S31508012EA0000004E055CEACC50900010030B54FF06D
S31508012EB06043D3F8802ED20715D501240B4D8440E3
S31508012EC0D5F8FC2042F08072C5F8FC20D3F8002E14
S31508012ED02243C3F8002E53F82020002AF0D003F825
S31508012EE02010002030BD1120FCE700BF00ED00E0F6
S31508012EF02DE9F0410C2504464FF00108124E0CB39A
S31508012F0014F001000BD0002024F0010405FB006237
S31508012F105768002FF3D09168C0B2B847EFE7224649
S31508012F20013020284FEA520201D0D307F8D508FA12
S31508012F3000F20F2824EA0204E8D9103805FB0062DA
S31508012F40B432E5E7BDE8F0817427012008B50C48DD
S31508012F501DF08AFC272004F0A9F828B1272004F0DF
S31508012F60F3F8272004F088F8282004F09FF828B100
S31508012F70282004F0E9F8282004F07EF8002008BD8E
S31508012F804C5D03082DE9F0410E469046044638B9D2
S31508012F9093211C481CF07DFC22252846BDE8F081BA
S31508012FA00F290DD803782BB1012B0FD0022B10D086
S31508012FB0032B05D140F2FF736278D340DB070BD4AC
S31508012FC0972110481CF065FC2125E6E740F2FF131E
S31508012FD0F2E743F6FF73EFE70B4BD3F810532DB126
S31508012FE09B2108481CF055FC0225D6E71DF02CFC50
S31508012FF0074642462046314603F096FD38461DF0FF
S315080130001EFCCAE7D455030800C0035038B5044668
S3150801301028B91548E4211CF03CFC222038BD037868
S315080130202BB1012B0FD0022B10D0032B05D140F267
S31508013030FF736278D340DB070BD40B48E8211CF0F9
S3150801304028FC2120EAE740F2FF13F2E743F6FF7373
S31508013050EFE71DF0F9FB054620461DF0B7F82846AF
S315080130601DF0EDFB0020D9E7D455030838B5044611
S3150801307028B91648FC211CF00CFC222038BD03781F
S315080130802BB1012B10D0022B11D0032B05D140F205
S31508013090FF736278D340DB070CD40C484FF4807178
S315080130A01CF0F7FB2120E9E740F2FF13F1E743F6AD
S315080130B0FF73EEE71DF0C8FB0546204603F0FCFC4E
S315080130C028461DF0BCFB0020D8E700BFD4550308ED
S315080130D008B503F01FFD054B00F0553020F0A04060
S315080130E0C3F82004BDE80840FFF702BF00E003501B
S315080130F008B503F00FFD054B00F0AA3020F020407B
S31508013100C3F82004BDE80840FFF7F2BE00E003500B
S315080131102DE9F04F85B09A46554B06461B780F4662
S315080131201546DDF83C909DF844B0DDF85080002B3B
S3150801313000F09780072A00F296800E9B002B00F07C
S315080131409280B9F1000F00F08E80129BB3F5006FE3
S3150801315000F38980012803D1109B002B00F083809E
S31508013160444B03EB05131B7B002B7ED0424C1022EC
S31508013170002168461CF0EBFD04EB45141022A7BBA1
S31508013180394620461CF0E3FD43F210036380BBF188
S31508013190000F03D1E37843F00303E370364A0E9B2D
S315080131A002EB451CCCE90193129B6901581E9DF857
S315080131B04C30C0F30A0003F003039B0643EA001EE2
S315080131C053582E48012E00EA03004EEA0003CDF8B3
S315080131D000A0535017D0B8F1000F2ED19CF8023039
S315080131E068F304138CF8023027E0002120461CF00E
S315080131F0AEFD4FF444736380BBF1000FCED1E37883
S3150801320043F03003C9E713230CF1100ECCF80C3048
S315080132109CE80F008EE80F006FF00301DCF81C2014
S31508013220109B61F39F02012FCCF81C20CCF81430B7
S3150801323003D1CCF81890CCF8043000270D4A29019F
S3150801324002EB051342F80180159A28465A60694629
S3150801325022469F605E7303F05FFA384605B0BDE803
S31508013260F08F0748FAE70748F8E70748F6E700BF87
S31508013270EA3B0120DC290120DC2801200F80FFF32D
S31508013280028000F0018000F0078000F038B5124B8B
S3150801329005461B78DBB1E0B11DF0D6FA0F4A0023CB
S315080132A01146147B54B92B6001251A0101EB03134E
S315080132B01D738C501DF0C3FA204638BD0133082B07
S315080132C002F11002EDD11DF0BAFA0548F5E70548F5
S315080132D0F3E70548F1E700BFEA3B0120DC290120B5
S315080132E0048000F0028000F0018000F038B51DF07E
S315080132F0ABFA002305460B4A147B6CB90133082B3C
S3150801330002F11002F8D103F089F9074B28461C701F
S315080133101DF095FA204603E028461DF090FA034869
S3150801332038BD00BFDC290120EA3B0120058000F0F9
S3150801333010B50D4B04461B7893B1072812D81DF01A
S3150801334083FA0A4B03EB04131A7B2AB100241C7374
S315080133501DF075FA204610BD1DF071FA0448FAE70A
S315080133600448F8E70448F6E7EA3B0120DC2901208E
S31508013370068000F0028000F0018000F013B5154BBD
S315080133801868002301908DF804301DF05DFA124B80
S315080133901C7824B11DF053FA104802B010BD012261
S315080133A01A701DF04CFA0E4B01A81C731C7783F892
S315080133B02C4083F83C4083F84C4083F85C4083F802
S315080133C06C4083F87C4008238DF8073003F05CF9DC
S315080133D02046E2E712560308EA3B0120038000F083
S315080133E0DC290120F8B50D4D2D7885B1072810DCAB
S315080133F00B4D060105EB0014277B67B1AB51002580
S31508013400069BA560636003F087F92846F8BD054861
S31508013410FCE70548FAE70548F8E700BFEA3B01205B
S31508013420DC290120028000F0018000F0078000F00D
S3150801343008B50A4A12785AB107280BD8084A02EB86
S3150801344000131B7B43B1002103F0FEF8002008BDE1
S315080134500448FCE70448FAE70448F8E7EA3B012090
S31508013460DC290120028000F0018000F0078000F0CD
S3150801347008B50A4A12785AB107280BD8084A02EB46
S3150801348000131B7B43B1012103F0DEF8002008BDC0
S315080134900448FCE70448FAE70448F8E7EA3B012050
S315080134A0DC290120028000F0018000F0078000F08D
S315080134B02DE9F041174B1F6D5B6D1F4000D5FEE7E7
S315080134C001260025144CDFF85880374218D02368A6
S315080134D0C8F85060A3B1A168284601316268A160A5
S315080134E09847637B012B0BD150B90C4B03EB451362
S315080134F01A7B60F341021A731A7F60F341021A7745
S315080135000135082D4FEA460604F11004DDD1BDE860
S31508013510F08100BF00000450DC290120DC280120CD
S315080135200020045038B514461DF08EF90023A36413
S3150801353084F84C302364237F0546012B03D104F11B
S3150801354060001CF0EDFF636B1BB100212046E26BA6
S31508013550984728461DF073F9A36D002B03DCCA2191
S3150801356003481CF096F9A36D0120013BA36538BDFC
S31508013570165603082DE9F04387B016460022436321
S3150801358090F85C300446884680F85420C663002BC0
S3150801359037D14FF4406305686B614369092B03D939
S315080135A005F12C03443506E00BBF05F1200305F1AF
S315080135B0240338353C3567694FF00009082F94BF55
S315080135C000270127A26D0132A265124A0494CDE9AA
S315080135D002720196CDF80090216B04F13802A06AB7
S315080135E01CF08CF90123CDE90399CDE90167009314
S315080135F02A464346E16A606A1CF066F907B0BDE8E7
S31508013600F083012BFAD100681CF007FA256805F149
S315080136103C03C7E72535010838B50546B0B1B9B148
S31508013620B2B1B2F5006F13DC1DF00EF995F84C3006
S3150801363003F0FF041BB11DF002F9064838BD01234A
S3150801364085F84C301DF0FBF82046F7E70248F5E708
S315080136500248F3E7032000F0012000F0022000F001
S31508013660F0B58FB08A4A0B68054693420C4606AFF9
S315080136700BD0884A934208D002F58042934204D07F
S3150801368002F58042934240F0DB80BC46824E0597A4
S315080136900FCEACE80F0096E80F0010368CE80F0045
S315080136A00FCE0DF1040CACE80F00002D00F0BD8122
S315080136B000268422002128461CF049FB2368744A07
S315080136C0AE65934210D0734A934200F09F8002F58B
S315080136D08042934200F0A08002F58042934200F0B6
S315080136E0A1806E480FB0F0BD4FF470226C486D4949
S315080136F02B600123A44685F85C302F1DC5E90B1202
S315080137002865BCE80F000FC79CE80F0087E80F0083
S31508013710637E012B08BF8DF81D30A37E3BB1012BBB
S3150801372000F08680022B02D0032BDAD10623227EF3
S315080137308DF81230012AE3687CD15B4A93428CBF2B
S3150801374004230523059A537700238DF81130574B27
S31508013750574803931DF088F82B6D98681DF084F877
S315080137602369DA1F092ABCD8063B8DF81030237E57
S315080137702BB9E37EB3FA83F35B098DF81C3001217B
S3150801378028461CF0D5F80028ACD1237A227976018F
S3150801379042EA034206F1A04303F57033C3F8AC24A9
S315080137A0617A627942EA0142C3F8A424A17AA2792C
S315080137B042EA0142C3F8A824E27E002A3ED1E17A10
S315080137C0E27942EA0142C3F898241D222068C3F827
S315080137D0942401A902F03EF91DF036F8354B1A7802
S315080137E0002A40F0178101221A701DF028F804F00A
S315080137F0E1FAFFF7C3FD002105F12400FFF746FDB5
S315080138000146002800F009812B486BE74FF4801226
S3150801381001262A482A496BE74FF4981202262948B5
S31508013820294965E74FF4A0120326284828495FE786
S3150801383004237CE700228DF8342089E71C22C5E79A
S315080138403E46DFF89CC0BCE80F000FC69CE807009F
S3150801385086E80700002D00F0E88000268422002172
S3150801386028461CF074FA23681A4AAE65934239D081
S3150801387002F58042934200F0B58002F580429342F8
S315080138807FF42FAF4FF4B0120226134813492DE0E7
S315080138900000015B00C0085054560308022000F0DE
S315080138A0B85D030801000F003F4B4C0040420F0072
S315080138B04C5D0308EB3B0120092000F0AC5D0308D1
S315080138C001001000A05D030801001300945D0308C0
S315080138D00100140000000A50645D03080400160084
S315080138E0885603084FF48022514852492B60002319
S315080138F0A64685F85C3005F1040CC5E90B12286566
S31508013900BEE80F00ACE80F009EE80F008CE80F0038
S31508013910637E012B08BF8DF82630A37E43B1012BA8
S3150801392066D0022B67D0032B7FF4DBAE4FF44073CE
S31508013930ADF82830237E4048012B03BF00238DF8BC
S3150801394025304FF4E133E36808931CF08DFF2B6DA6
S3150801395098681CF089FF23691A1F0C2A3FF6C1AE25
S31508013960033B394620688DF8243003F04DF8A369E6
S3150801397023F47F0323F47F432BB94FF480322B685A
S3150801398003F580539A60237A2779607947EA0347D2
S31508013990637AA17940EA034094F81BC0A37A274ABF
S315080139A041EA03417301BCF1000F27D11A44C2F859
S315080139B03878C2F83008C2F83418E17AE27903F1A6
S315080139C0A04342EA014203F57033C3F824281D22B5
S315080139D0C3F82028012128461BF0AAFF00287FF4F6
S315080139E081AEF9E64FF4A8120126154815497DE777
S315080139F04FF400739CE74FF4807399E71344C3F8B7
S31508013A003878C3F83008C3F834181C2341367601D0
S31508013A109351DFE71CF013FFEBE605F12800FFF7EA
S31508013A2035FC00283FF45EAEEEE607485AE600BFCD
S31508013A307C5D0308020004004C5D030800C00350C6
S31508013A40705D030802001500012000F02DE9F04120
S31508013A509846037F0546012B0E4617460CD0FFF7FD
S31508013A60DBFD044628B943463A4631462846FFF760
S31508013A7081FD2046BDE8F081004CFAE7082000F0F8
S31508013A8070B5037F0446012B0D4616460DD0FFF788
S31508013A90C3FD48B9324629462046054BFFF76AFD5C
S31508013AA020461BF0C5FFA06C70BD0248FCE700BFAD
S31508013AB055080308082000F0044BD3F88420D206E1
S31508013AC0FBD4D3F88400C0F381107047004000503E
S31508013AD038B5104B0546D3F800310C4603F00303FD
S31508013AE0022B0BD0032B0DD0012B0FD11CF0B2FAF0
S31508013AF0032305B1286004B1236038BD1CF0FCFA24
S31508013B000923F6E71CF0ACFA0823F2E701230020A3
S31508013B10EFE700BF0080005038B5104B0546D3F8D3
S31508013B2040310C4603F00303022B0BD0032B0DD0B7
S31508013B30012B0FD11CF074FE0A2305B1286004B1CC
S31508013B40236038BD1CF0D8FA0923F6E71CF06BFE92
S31508013B500C23F2E701230020EFE700BF00800050A5
S31508013B6038B5104B0546D3F860310C4603F003030C
S31508013B70022B0BD0032B0DD0012B0FD11CF050FEBD
S31508013B800A2305B1286004B1236038BD1CF0B4FAD4
S31508013B900923F6E71CF047FE0C23F2E70123002070
S31508013BA0EFE700BF0080005038B5104B0546D3F843
S31508013BB040320C4603F00303022B0BD0032B0DD026
S31508013BC0012B0FD11CF02CFE0A2305B1286004B184
S31508013BD0236038BD1CF090FA0923F6E71CF023FE92
S31508013BE00C23F2E701230020EFE700BF0080005015
S31508013BF038B5124B0546D3F880300C4603F003035B
S31508013C00022B0BD0032B0DD0012B0FD11CF0E8F999
S31508013C100E2305B1286004B1236038BD1CF024FACF
S31508013C200723F6E71CF0D6F90623F2E7044841F222
S31508013C3014211BF02EFE00231846EAE700800050E7
S31508013C40A456030838B51A4B0546D3F820010C4685
S31508013C5000F00700062821D8DFE800F028040C1434
S31508013C6010181C001CF0B6F9052305B1286004B12B
S31508013C70236038BD1CF0EEF90323F6E71CF0F4F9CE
S31508013C800723F2E71CF0E2F90223EEE71CF0A2F99A
S31508013C900623EAE71CF0DEF90423E6E7054841F2C4
S31508013CA091211BF0F6FD00231846DEE70123DCE728
S31508013CB000800050A456030838B5194B0546D3F8B9
S31508013CC028310C4603F00703013B052B20D8DFE812
S31508013CD003F003131B0F0B171CF07CF9052305B121
S31508013CE0286004B1236038BD1CF074F90623F6E791
S31508013CF01CF0BAF90723F2E71CF0ACF90323EEE747
S31508013D001CF0A8F90423EAE71CF0A0F90223E6E768
S31508013D10044841F299011BF0BCFD00231846DEE771
S31508013D2000800050A456030837B500230193194BA8
S31508013D300546D3F820320C4603F00703042B1FD897
S31508013D40DFE803F025030F141900002101A8FFF786
S31508013D50B3FF12230DB1019A2A6004B1236003B09F
S31508013D6030BD1CF081F907230190F3E71CF058FDDB
S31508013D700A230190EEE71CF0BFF909230190E9E750
S31508013D8041F2560104481BF084FD0023E2E70123B2
S31508013D90E0E700BF00800050A4560308F7B50027E6
S31508013DA0144B0197D3F88041064604F00304022C0C
S31508013DB00D4614D0032C0DD0012C14D1394601A877
S31508013DC0FFF740FF10240EB1019B336005B12C604B
S31508013DD003B0F0BD1CF048F907240190F3E71CF085
S31508013DE035F90190EFE741F2E63103481BF051FD41
S31508013DF03C46E8E700800050A456030838B5164B40
S31508013E000546D3F800020C4600F00700042819D825
S31508013E10DFE800F020030B0F13001CF001FD0A2355
S31508013E2005B1286004B1236038BD1CF065F9092382
S31508013E30F6E71CF0F8FC0C23F2E71CF0F1F80F2367
S31508013E40800AEDE7054841F2A4411BF022FD002353
S31508013E501846E5E70123E3E700800050A456030866
S31508013E6038B5164B0546D3F808020C4600F007008C
S31508013E70042819D8DFE800F020030B0F13001CF003
S31508013E80CFFC0A2305B1286004B1236038BD1CF0B4
S31508013E9033F90923F6E71CF0C6FC0C23F2E71CF0FC
S31508013EA0BFF80F23800AEDE7054841F2DC411BF014
S31508013EB0F0FC00231846E5E70123E3E700800050FC
S31508013EC0A456030838B5124B0546D3F850320C46AA
S31508013ED003F00303022B0FD0032B05D0012B0FD1BF
S31508013EE01CF09EFC0A2302E01CF09DFC0C2305B184
S31508013EF0286004B1236038BD1CF0FEF80923F6E7F3
S31508013F00044841F2C9011BF0C4FC00231846EEE738
S31508013F1000800050A456030837B500230193184BB7
S31508013F200546D3F860320C4603F00703013B032B21
S31508013F301FD8DFE803F0020E1914002101A8FFF7C4
S31508013F4081FE10230DB1019A2A6004B1236003B0E2
S31508013F5030BD002101A8FFF7DFFD1123F2E71CF0B0
S31508013F6083F807230190EDE71CF070F8022301900E
S31508013F70E8E741F2FD0103481BF08BFC0023E1E76A
S31508013F8000800050A456030837B500230193184B47
S31508013F900546D3F894320C4603F00703013B032B7D
S31508013FA01FD8DFE803F0020E1914002101A8FFF754
S31508013FB049FE10230DB1019A2A6004B1236003B0AA
S31508013FC030BD002101A8FFF7A7FD1123F2E71CF078
S31508013FD04BF807230190EDE71CF038F8022301900E
S31508013FE0E8E741F2301103481BF053FC0023E1E7EF
S31508013FF000800050A456030873B500240F4B0194A2
S31508014000D3F87032064603F00303012B0D4607D099
S31508014010022B11D041F25B1109481BF03AFC04E06E
S31508014020214601A8FFF778FD11240EB1019B3360E3
S3150801403005B12C6002B070BD1524F6E7008000506A
S31508014040A456030808B5334B98424FD027D8324BAC
S31508014050984245D017D8314B98423ED00AD838B144
S315080140602F4B984239D041F2BB312E481BF011FC37
S31508014070002034E02C4B98422FD02C4B9842F2D199
S315080140802B4B586E2BE02B4B98422CD003F537134C
S3150801409003F5D8639842E6D1254B986F1FE0264B66
S315080140A098422FD00CD8254B984223D0244B9842BE
S315080140B024D0244B9842D6D11D4BD3F884000EE068
S315080140C0214B984222D003F5740303F51053984205
S315080140D0C9D1174BD3F8980001E0154B986D08BD67
S315080140E0134B186FFBE7124B586FF8E7104BD3F8D1
S315080140F08000F4E70E4BD3F88800F0E70C4BD3F8B1
S315080141008C00ECE70A4BD3F89000E8E7084BD3F8A4
S315080141109400E4E780BA8C01405DC60080841E00E5
S3150801412040420F00A456030800093D00C0CF6A00AB
S315080141300080E00F0024F400007E560380D5430278
S31508014140006CDC020048E8010090D00310B5B0F518
S31508014150207F2ED009D8B0F5007F24D003D868B1C6
S31508014160B0F5C07F0AD000241BE0B0F5607FFAD114
S31508014170124BD3F88040C4F3011412E00F4B1C6FA5
S31508014180230B13F00E0FC4F303340AD0072C08D0FF
S315080141900F2C06D0032C04D04FF4227108481BF0CB
S315080141A078FB601C10BD054BD3F89040C4F304643A
S315080141B0F7E7024B1C6FC4F38024F2E70080005036
S315080141C0A456030838B54FF48032104B04469A6654
S315080141D000200D46FFF7BAFF41F671320C4B6043DA
S315080141E0DC69DA635A6804F4803422F440125DB952
S315080141F00849884294BF00200120000502435A60FD
S315080142000CB10022DA6338BD0349F2E70090005089
S3150801421000000350005A6202002D310138B54209E7
S3150801422004460D4606D140F235310D481BF031FBE7
S31508014230002305E0531E022B0BD80A4B03EB82031E
S3150801424004F01F0445B103F580530122A2401A6008
S3150801425038BD40F24331E8E703F50053F5E700BFFF
S31508014260A45603086080005030B585B00021B0F52A
S31508014270807F0446CDE9001100F009816BD800283A
S3150801428000F0D980A0F12004602C74D8602C72D873
S31508014290DFE814F0D100DE00D100DE00EE00EE000A
S315080142A0EE00EE00EE00DE00F8007D000E019D0036
S315080142B07D00DE00DE00DE00710071007100710014
S315080142C07100710071007100DE00DE00DE00AF00D2
S315080142D01801DE0071007100710071007100710032
S315080142E07100710071007100710071001D01EE000D
S315080142F0D100D100D10013017D007D00BB00220150
S315080143009200F30071007100710071007100C6001E
S31508014310D1007100EE00EE00EE00EE00EE00F300B3
S31508014320F300DE007100DE00DE007100710071002D
S3150801433071007100710071007100710071007100E6
S3150801434071007100710071007100710071007100D6
S3150801435071007100CB00B0F5E06F00F0B3803BD877
S31508014360B0F5607F7FD01DD8B0F5007F66D008D83C
S31508014370B0F5C07F5FD040F2A4415C481BF089FAD2
S3150801438056E0B0F5207F63D0B0F5407FF3D11BF03E
S3150801439047FE04464FF42070FFF7D8FEB4FBF0F44D
S315080143A064085EE0B0F5B06F6CD00AD8B0F5806FDE
S315080143B05ED0B0F5A06FDED100216846FFF7B4FCE8
S315080143C036E0B0F5C06F73D0B0F5D06FD3D1002108
S315080143D06846FFF713FD2BE0B0F5186F77D00DD8B7
S315080143E0B0F5086F7DD0B0F5106F66D0B0F5F06FF7
S315080143F0C1D100216846FFF7B3FB19E0B0F5286F74
S315080144006AD007D8B0F5206FB5D100216846FFF705
S3150801441083FD0DE0B0F5406F2FD0B0F5486FAAD1F6
S3150801442000216846FFF7B0FD02E01BF0D9FD0090B8
S31508014430009805B030BD1BF0F3FDF8E71BF0D0FD81
S3150801444005462046FFF782FEB5FBF0F50095EFE736
S315080144501BF0E6FD04464FF42070FFF777FEB4FB28
S31508014460F0F40094E4E701A8FFF7C2FB019DE8E731
S3150801447000216846FFF7E6FBDAE700216846FFF701
S315080144801BFCD5E700216846FFF788FCD0E74FF00B
S31508014490E02302911B695B0705D51BF0C1FD02905C
S315080144A0029B0093C4E703A902A8FFF735FBF7E7C8
S315080144B000216846FFF730FBBAE700216846FFF797
S315080144C0CFFCB5E700216846FFF76EFBB0E7002190
S315080144D06846FFF7F7FCABE700216846FFF78CFD56
S315080144E0A6E76846FFF7F4FAA2E700BFA456030851
S315080144F008B58020FFF7B8FE034B98429EBF4FF4DC
S315080145008032024B1A6708BD005A620200A00050A9
S315080145101FB503460020B3F5807F019000F0FB80AC
S3150801452000F28B80662B7BD83C2B05D8243B092BC4
S315080145305CD940F28951DDE03D3B292BF9D801A22E
S3150801454052F823F03947010867470108334501083E
S315080145503345010833450108334501083345010848
S315080145603345010833450108334501083345010838
S315080145703345010833450108334501083345010828
S31508014580714701080D4701083345010833450108FC
S3150801459033450108A3460108334501083345010897
S315080145A0BD4601087B470108654601085D470108C4
S315080145B033450108334501083345010833450108E8
S315080145C033450108D5460108334501083345010835
S315080145D00D4701080D4701080D4701080D47010858
S315080145E00D4701085D4701085D470108092BA0D859
S315080145F001A252F823F000BF0D4701080D47010833
S315080146000D4701080D4701080D4701083345010803
S31508014610FD46010833450108834601084347010859
S31508014620802B86D1574B1B6F03F00703013B032BE6
S315080146305ED8DFE803F05B545759B3F5F06F7BD0CA
S3150801464024D8B3F5B06F59D011D8B3F5607F00F00F
S315080146508180FFF46EAFB3F5806F57D0B3F5A06FC5
S315080146607FF467AF002001A9FFF75EFB4AE0B3F5C7
S31508014670D06F66D0B3F5E06F75D0B3F5C06F7FF430
S3150801468058AF002001A9FFF747FA3BE0B3F5186FC9
S315080146906ED00BD8B3F5086F58D0B3F5106F7FF409
S315080146A048AF002001A9FFF7DBFB2BE0B3F5286F24
S315080146B063D008D8B3F5206F7FF43BAF002001A97A
S315080146C0FFF72AFC1EE0B3F5406F47D0B3F5486FF4
S315080146D07FF42FAF002001A9FFF756FC12E005234E
S315080146E001930FE00323FBE70823F9E70223F7E722
S315080146F040F2D64124481BF0CCF803E0002001A97A
S31508014700FFF74CFB019805B05DF804FB002001A9F1
S31508014710FFF798FAF6E74FF0E02302901B695B076B
S3150801472005D51BF07DFC0D230393039BD8E703A94D
S3150801473002A8FFF7F1F9F8E7002001A9FFF710FA37
S31508014740E0E7002001A9FFF759FBDBE701A9FFF71D
S31508014750BFF9D7E701A9FFF74BFAD3E7002001A96B
S31508014760FFF7AAFACEE7002001A9FFF71DFAC9E764
S31508014770002001A9FFF7A6FBC4E7002001A9FFF75E
S315080147803BFCBFE700800050A45603084FF4803273
S31508014790074B0849586E03F580535A664B6A23F04E
S315080147A001034B62C3035CBF034B5A66704700BFE4
S315080147B0008000500000085000A0005038B503687A
S315080147C004460F2B04D940F68A317C481BF061F860
S315080147D063680F2B04D940F68D3178481BF059F8D8
S315080147E0A3680F2B04D94FF4396174481BF051F8AB
S315080147F0237B0F2B04D940F6933170481BF049F8F7
S31508014800637B0F2B04D940F696316C481BF041F8AF
S31508014810A37B3F2B04D940F6993168481BF039F838
S31508014820E37B3F2B04D940F69C3164481BF031F8F1
S315080148302369032B04D940F69F3160481BF029F8F8
S315080148406369032B04D940F6A2315C481BF021F8B1
S31508014850E369032B04D940F6A53158481BF019F82A
S315080148608020FFF755FE032800F083804FF480125D
S31508014870534B4FF0A0615A6645F60E02514BC3F8E9
S315080148808020514A91624FF4803102F5805291623B
S315080148909A6DD203FCD4996D11F08041FBD1D4E90C
S315080148A00002120542EA0062E07B0243207B42EAEB
S315080148B00042607B42EA0032A07B42EA80121A611A
S315080148C09869D4E90452120642EA856200F000406A
S315080148D00243A07EE57E0243207E42EA0042607ED4
S315080148E042EA00229A611A6AE06922F00F0242EA54
S315080148F08502364D00283DD11A6294F82420996A1A
S3150801490094F82000D200294042EA40120A4394F85A
S31508014910211042EA011242F480329A622C49294A4C
S31508014920936D31EA0303FBD14FF08071264881620A
S315080149301369A56823F4700343EA055313614FF01D
S315080149400043836194F822300BB9224B996294F89B
S3150801495023303BB94FF480321E4B9A62194A936D44
S315080149605B00FCD494F825301BB1164B1A4AC3F8E0
S31508014970802038BD024342F0080202281A6208D193
S3150801498019614FF40852996114484FF47F411BF09D
S3150801499061F80C4994F822308A6A94F820001B06BB
S315080149A02A4043EA4013134394F8242043EAC203F6
S315080149B094F8232043EA02438B62D3E7A4560308FB
S315080149C0009000500040005A0050005AC7FFFEFEF2
S315080149D0030001000060005AF1A7FFFF3440005AA6
S315080149E0014B93F900007047083D012010B5436853
S315080149F00446072B04D940F6E6512A481AF049FF1E
S31508014A00A368032B04D940F6E85126481AF041FF5A
S31508014A102378032B04D940F6EA5122481AF039FFC4
S31508014A2094F90130002B04DA40F6EC511D481AF0CE
S31508014A3030FF4FF400011C4A637851664FF4D15197
S31508014A40022002F5B832516218494F2B48604FF0DF
S31508014A50010028BF4F2301F5805148601169C90338
S31508014A60FCD4217843EA01235361D4E901131B01DC
S31508014A7043EA0123617B0B43217B43EA41039360AC
S31508014A80E37BA17B1B0143EA4113617C0B43217C38
S31508014A9043EA41035360A37C13B16FF4D1535362C4
S31508014AA010BD00BFA4560308009000500010025024
S31508014AB0014B1880704700BF023D0120014B188049
S31508014AC0704700BF003D012008B54FF48002184B1E
S31508014AD05A660223174A5360936813F48033FBD14D
S31508014AE0012822D11BF0B6FA134B984215D003F5CB
S31508014AF0122303F5F863984213D0104B00EB80029A
S31508014B00400AB3FBF0F3520A0A49CA620B6301234E
S31508014B104B620022074B5A6008BD45F67A13084ACC
S31508014B20F2E745F61A03074AEEE75362F1E700BFD3
S31508014B30009000500040025000F049026466666623
S31508014B40D8B80500BBCF050038B5B0F5207F77D0BA
S31508014B500ED8B0F5007F61D003D890B3B0F5C07F09
S31508014B602FD04FF44671BDE838403D481AF091BE42
S31508014B70B0F5607FF5D13B4A4C1ED2F8FC5015F0D2
S31508014B8080751EBFD2F8FC3023F08073C2F8FC3062
S31508014B90032C04D940F2F72131481AF07AFE324A39
S31508014BA0D2F8803023F0300343EA0413C2F8803088
S31508014BB035B12C4AD2F8FC3043F08073C2F8FC3088
S31508014BC038BD4C1E012C0AD9102903D8274BCB40D6
S31508014BD0DB0704D440F2CB2121481AF05AFE1AF019
S31508014BE048FF1AF054FF4FF48031214B1E4A1967CA
S31508014BF0136F23F4704343EA043313671BF010FA67
S31508014C000446FEF759FFC0F1020120461AF039FFA2
S31508014C1000F048F8BDE83840FFF76ABC4C1E1F2C67
S31508014C2004D94FF443710E481AF033FE0E4AD2F8EE
S31508014C30903023F0F85343EA0463C2F89030BFE793
S31508014C404C1E012C04D940F2123105481AF021FEF6
S31508014C50054A136F23F4806343EA84231367AFE796
S31508014C60A456030800ED00E0008000501001010081
S31508014C700090005008B50121022000F04FFA4FF4C8
S31508014C802070FFF763FA054B18701AF0F2FE1AF056
S31508014C90FEFE4FF48032024B1A6708BDEC3B012039
S31508014CA00090005008B54FF4C070FFF7DDFABDE873
S31508014CB008400449884294BF012102214FF420701B
S31508014CC0FFF742BF80F0FA0238B504461BF0A8F98F
S31508014CD00546FEF7F1FEC0F1020128461AF0D1FE9B
S31508014CE00121002000F06EFA2CB1FFF7DBFFBDE8C9
S31508014CF03840FFF7FDBB034B4FF420701978FFF7D7
S31508014D0023FFF4E7EC3B01202DE9F0474FF4C022DD
S31508014D1001210446944B5A66944A03F598335F6811
S31508014D2051605D6815F00205FBD12268904B9A42E5
S31508014D3004D840F67D218F481AF0ABFD22688E4BC8
S31508014D409A4204D940F67E218A481AF0A2FDA38820
S31508014D50B3F5967F04D840F6812186481AF099FD65
S31508014D60A388B3F5805F04D340F6822181481AF0FF
S31508014D7090FDE388B3F5805F04D340F683217D482F
S31508014D801AF087FDFEF798FE012820680AD17B4BA9
S31508014D90984207D940F6882176481AF07AFD00200C
S31508014DA0BDE8F087764A002311461668B04202D359
S31508014DB05668B04205D90133192B02F11002F4D114
S31508014DC0002301EB0313D3E9029028B1FFF73AF95F
S31508014DD000F07F0049EA00098020FFF799FB0528C2
S31508014DE040F098801AF045FE1AF051FE4FF48032D1
S31508014DF05D4B4FF4C0701A67FFF7A8F901280546FD
S31508014E0040F0848002214FF4C070FFF79DFE012611
S31508014E10DFF87881D8F80C3013F0060FFAD1D8F8F4
S31508014E2008A0C8F80890D8F8083083EA090313F4EB
S31508014E30F81F71D1A288E38843EA0243514AD36035
S31508014E40A368032B7BD1504AD2F8003123F0030320
S31508014E5043F00103C2F80031637D227D9B0143EAD9
S31508014E60820322694FF000081343227B43EA420377
S31508014E70444A93602068FDF77BFF07223B4B1A6182
S31508014E800122A3F580535A60A3F580531F6917F0D1
S31508014E900707FBD08020FFF73BFB05282ED126B15B
S31508014EA029464FF4C070FFF74FFE1BF0B9F8236887
S31508014EB00546834204D240F603312E481AF0E9FC2E
S31508014EC01BF088F8A84204D240F6043129481AF0A2
S31508014ED0E0FC24681BF07EF8844204D040F60531D4
S31508014EE024481AF0D6FCFEF7E7FDC0F10201284670
S31508014EF01AF0C7FDFFF7D6FEFFF7FAFAB8F1000F69
S31508014F007FF44DAF7B1E5842584149E7022801D12B
S31508014F10042178E700267BE740F6CF2115481AF0E9
S31508014F20B8FC17F00107C8F808A01AD18020FFF7C6
S31508014F30EFFA05287FF433AF4FF00108AFE7092BE5
S31508014F4007D1114AD2F8003123F0030343F00203D3
S31508014F5080E7082B80D10C4AD2F8003143F00303CD
S31508014F6078E74FF0010888E70090005000E001500B
S31508014F709FBB0D00A456030800B4C404005A62027C
S31508014F80DC56030800C001500080005000000150A3
S31508014F9070B54E4B0546984273D041D8A3F5B70371
S31508014FA0A3F55863984265D033D8494B494E984280
S31508014FB051D017D8002877D041F2DE1146481AF0A9
S31508014FC068FC40F6867144481AF063FC4FF40022E7
S31508014FD0404B5A663E4B9D4276D000243F4A954245
S31508014FE036D05DE03D4B984227D03D4B9842E3D100
S31508014FF03C4BD3F8A040621E033224F040744CD9CE
S3150801500040F6867134481AF044FC4FF4002373665F
S31508015010E4E7354B9842CFD1324BD3F8BC402CE06C
S31508015020324B984231D0324B984232D0314B98426A
S31508015030C2D12C4BD3F8C8401FE02A4BD3F8A04065
S31508015040621E033224F04074DAD84FF400237366E3
S3150801505044F0807424E0234BD3F8A040621E033247
S3150801506024F040742AD84FF400237366234643F08C
S31508015070007415E01B4BD3F8B840621E154E033277
S31508015080BBE7184BD3F8C040F7E7164BD3F8CC402B
S31508015090F3E7144BD3F8D040EFE74FF400237366D8
S315080150A04FF0B442946070BD40F686710A481AF012
S315080150B0F0FB4FF400232C467366F1E740F6867140
S315080150C005481AF0E6FBCEE70023D0E7C0EA21013E
S315080150D040420F0000900050A456030880841E0029
S315080150E000093D000080E00F0024F4000048E801B3
S315080150F0005A620280BA8C01024A536B0342FCD100
S31508015100704700BF00800950034A0179D36E23F026
S3150801511030030B43D366704700400050F8B5044688
S31508015120244BD3F88420D006FBD4D3F88430C3F3B8
S3150801513081139C423CD01AF053FF012C05460BD132
S315080151401D4B984204D940F29B711C481AF0A1FBE9
S31508015150012128461AF095FC1BF06DFB4FF00072F1
S31508015160174B07465A6620461AF096FC4FF4806399
S31508015170104E621E93403367736E9A0103D4D6F8B4
S3150801518084309B060AD538461BF050FB022C0FD1FA
S315080151902846BDE8F84000211AF073BCD6F88430D9
S315080151A09906E9D540F2B37104481AF072FBE3E7B0
S315080151B0F8BD00BF00400050005A62026C5803084F
S315080151C00060005010B50C4608B91AF009FF074BE4
S315080151D021461B783BB1064B984204D80120BDE80D
S315080151E01040FFF79BBF0220F9E700BFED3B012006
S315080151F0005A620238B54FF00042244B244C5A66D5
S315080152004AF6CD33656C014605F00105236428BBD2
S315080152100120FFF771FF6368DB0715D51D4B586041
S3150801522008461D4B226BD2070CD4984208D1072495
S3150801523015B1174B194A1A641AF02FFC204638BDC6
S315080152400130EFE79842F2D00024F1E70132236BEF
S3150801525013F0080305D08A42F8D1E8E700220E497F
S31508015260F5E78A42E3D020210A4A91620121A2F593
S31508015270805251600649084A886A800603D49342D7
S31508015280D5D00133F8E79342DDE700BF009000501F
S315080152900080095000A0095040420F003254FFFF18
S315080152A038B54FF00042164B01465A664AF6CD33D9
S315080152B0144C154A656C236443780B205B0043F054
S315080152C00103D363FFF718FF63688A7823F4F87339
S315080152D043EA02136360CA784B7943EA0223A3605F
S315080152E00A798B7943EA022323610878FFF782FF5B
S315080152F0EB0744BF054B23641AF0CFFB012038BDE9
S315080153000090005000800950004000503254FFFFC1
S3150801531070B50F28044605D940F6746112481AF08B
S31508015320B8FA0F244FF00042104B11495D6E03F590
S3150801533080535A664AF6CD334E6C80200B64FFF7CC
S31508015340DBFE0B6A23F00F0323430B62F30744BF0B
S31508015350084B0B64002DA2BF4FF00042064B5A665C
S315080153601AF09BFB70BD00BF6C5803080080005003
S31508015370008009503254FFFF00A0005008B50E4BBB
S31508015380984211D00D4B984210D003F580439842AC
S315080153900ED003F5804398420CD0094840F2793182
S315080153A01AF077FA002008BD5620FCE75720FAE7DD
S315080153B06520F8E76620F6E70000015B00C00850A3
S315080153C0A358030810B51AF06DFB042300F58051A4
S315080153D000F500520B6113610B6113610B611361D7
S315080153E00B611361202341F2020103610023C360AB
S315080153F0836041614FF4A021836183654162054958
S31508015400C36103628362C36243630365D164036351
S3150801541010BD00BFFF3F0D0338B51B4B044698422C
S315080154200D460FD0194B98420CD003F5804398428C
S3150801543008D003F58043984204D040F26911144814
S315080154401AF027FA25B92046BDE838401AF02ABBD2
S31508015450012204F580535A6040F6FF71204605F093
S315080154600F021AF01BFBA26378211AF017FB05F04D
S3150801547001036A0748BF43F00203A26C02F0030264
S315080154809A42FAD138BD00BF0000015B00C008503E
S31508015490A3580308F8B505460C46164622B940F244
S315080154A027216A481AF0F5F9694B9D420FD0694BD5
S315080154B09D420CD003F580439D4208D003F58043F5
S315080154C09D4204D040F22A2160481AF0E2F92CB92B
S315080154D02846FFF753FFFEF7C7FE0446AB68D80711
S315080154E041D5B44204D24FF40D7158481AF0D1F996
S315080154F0B4FBF6F46F68013CFF2C07F0010704D9E9
S315080155004FF40F7151481AF0C4F924062FB92B69C3
S3150801551023F07F4323432B61F8BD282128461AF03F
S31508015520BDFAAB6C990718D1AB6CDA0717D4AE6C18
S3150801553016F0020615D140F2492144481AF0A9F994
S3150801554028461AF0AFFA2B69314623F07F432343E5
S315080155502B61BDE8F840FFF75FBF0526F0E709268E
S31508015560EEE70626ECE76B68012B04D04FF41771BA
S3150801557036481AF08EF9AB6DDB07AB6848BF760083
S3150801558003F0E003402B42D009D893B1202B1AD05F
S3150801559040F29E21BDE8F8402C481AF07AB9602BF2
S315080155A042D0802BF4D106EB4603A34247D8012308
S315080155B00DE0B6EB141F04D94FF4217123481AF0F4
S315080155C068F9102303E0B6EBD40F1AD808237343FE
S315080155D06401B4FBF3F4204F203CB7EBC40F4FEA48
S315080155E0C40604D240F2A92118481AF052F92846ED
S315080155F03E4001211AF052FA2E63BDE8F8401AF02E
S315080156004DBA40F2892111481AF043F9DEE706231B
S31508015610B4FBF3F3B34201D30623D8E740F28E2154
S315080156200A481AF036F9F7E7B6EB940F01D80423BE
S31508015630CDE740F2932105481AF02BF9F7E74FF425
S31508015640267102481AF025F9B1E700BFA3580308E5
S315080156500000015B00C00850F8FF7F002DE9F0410A
S315080156609846436804460E4617461BB140F6FF7135
S315080156701AF014FA2046FFF7A5FEF189737B6269D1
S315080156800B43318A22F44C5222F00F020B43134387
S315080156906361A26896F818C0337B22F0804222F033
S315080156A0E2024CEA0303134372691343B268A36027
S315080156B01AB9A36843F00043A360F06904F580535F
S315080156C0002800F08F80857A017A6D04D4F808E005
S315080156D045EA81558D490EEA01010D43818801F498
S315080156E0C0410D43417845EA8105417B45EAC1053B
S315080156F0817B45EA0115817845EA8125A560D4F8BB
S315080157000CE0D0E904152943814D0EEA0505294324
S31508015710857941EA8521C57941EA4521E160017822
S315080157207C4D01291ED1E16841F00401E160AC42DA
S3150801573000F0B58078498C4200F0B38001F58041CC
S315080157408C4200F0B08001F580418C420CBF0321E8
S315080157504FF0FF31490101F1A04142F2944501F5AB
S31508015760703120E0032940F08F80E16841F004019F
S31508015770E160AC4200F08D8067498C4200F08B8075
S3150801578001F580418C4200F0888001F580418C4208
S315080157900CBF03214FF0FF3141F29445490101F154
S315080157A0A04101F570314FF0020E41F805E0417A4A
S315080157B0996219B1E16841F40061E160C17A59B1B0
S315080157C0E16841F40041E16052498C426DD1017BA7
S315080157D0524D01F00F016967616AC07B21F003012F
S315080157E0014361622FB197F8201000297BD001216E
S315080157F01962B8F1000F35D0BCF1000F02D04FF491
S31508015800004199654349B8F822508C4298F821100D
S3150801581076D04148844275D000F58040844273D0E1
S3150801582000F58040844213D10320112934BF4FF07B
S31508015830010C4FF0020C3A4FB5F5006F07F800C09E
S3150801584094BF4FF0010C4FF0020C364F07F800C019
S31508015850A06D294320F4F95020F01E000143A165EB
S3150801586001219965012159601AB120467168FFF72E
S3150801587011FE20463178FFF7CFFDA36CDB4313F405
S31508015880405FFAD1BDE8F081023901297FF671AF8F
S315080158904DE7002180E701217EE702217CE700210F
S315080158A058E7012156E7022154E71B498C4206D1E4
S315080158B0017B1A4D01F00F01C5F880108CE71A49D2
S315080158C08C4206D1017B154D01F00F01C5F88C10EC
S315080158D082E716498C4201BF017B104D01F00F0189
S315080158E0C5F8981078E7E06997F8221097F82150DB
S315080158F020F009002943014341F00101D96178E704
S31508015900002092E7012090E702208EE7E39BBDFF86
S31508015910FFF9F0870000015B00C0085000900350B2
S31508015920F23B0120EE3B01200000095000400950DE
S3150801593070B5174B044698420D460ED0154B984242
S315080159400BD003F58043984207D003F5804398426C
S3150801595003D07021104819F09CFF1DB972210E4819
S3150801596019F097FF2B7B802B03D176210A4819F072
S3150801597090FF6B7B032B03D97921074819F089FF1F
S31508015980002329462046BDE870401A46FFF766BE41
S315080159900000015B00C00850A358030870B52B4BE3
S315080159A0054698420C4643D119B98C21284819F065
S315080159B070FF5620FEF7ACFD0C2807D0A0F10903AD
S315080159C0012B03D9A0F11103012B3AD8637B032BD1
S315080159D003D9AD211E4819F05CFF237B802B03D028
S315080159E0AF211B4819F055FF6369B3F1804F03D006
S315080159F0B121174819F04DFF238A23F400539BB2AE
S31508015A00B3F5805F03D0B321114819F042FFA368AB
S31508015A10013BB3F5165F03D3B5210D4819F039FFDC
S31508015A20002321462846BDE870401A46FFF716BEF0
S31508015A308A21074819F02DFF1CB98C21044819F051
S31508015A4028FF9E21024819F024FFBFE70000015BE9
S31508015A50A3580308F8B5934B044698420E460ED050
S31508015A60914B98420BD003F58043984207D003F532
S31508015A708043984203D0E2218C4819F00AFF1EB9E7
S31508015A80E4218A4819F005FF727BB3687AB1884A1E
S31508015A90934203D9E621854819F0FBFE3369D3B150
S31508015AA0DB7BC3B1E921814819F0F3FE13E0814A92
S31508015AB0934203D9EC217D4819F0EBFE336953B1C2
S31508015AC01A7F42B1B1687C4A5B7F914240F282807B
S31508015AD0042B00F282806368356923B140F6FF71B1
S31508015AE0204619F0DBFF2046FFF76CFC2269737B21
S31508015AF0B17B22F087020B43134343F080032361F2
S31508015B00002D6CD02369297F23F0F80343EAC113DA
S31508015B102978EA7B0B43297943EA4113697A43EAEF
S31508015B20011343EA82132361E068D5E9053720F0BA
S31508015B30F0403B4320F470200343287B697B43EA0A
S31508015B40802343EAC133E360A368F07B23F00303B0
S31508015B50034343F00103A3606B88A06803F4C043C1
S31508015B600343A360A368687943EA8023A360AB79FA
S31508015B70EF79606A1B013F0203F0700307F4E067DF
S31508015B8020F4772020F4EE603B430343287A000390
S31508015B9000F4E0400343687F000400F470200343E7
S31508015BA063626369307B23F00F03034363616B8987
S31508015BB0A36189BB0AB33B4B9C4237D03A4B9C4203
S31508015BC045D003F580439C4252D003F580439C425D
S31508015BD060D012E0042B3FF67EAFF32163E7A3689A
S31508015BE0F27B23F00303134343F00103A3606369C4
S31508015BF0327B23F00F03134363612046D6E9011272
S31508015C00FFF748FC20463178FFF706FCA36CDB4317
S31508015C1013F4405FFAD1F8BD224B9C420CD1AB7B01
S31508015C20264903F00F034B67002AE6D02B7C234A4B
S31508015C3003F00F031367E0E71B4B9C420DD1AB7BC7
S31508015C401E4903F00F03C1F88030002AD5D02B7CFA
S31508015C501A4A03F00F03D367CFE7194B9C420ED1BB
S31508015C60AB7B164903F00F03C1F88C30002AC4D068
S31508015C702B7C124A03F00F03C2F88830BDE7114B9B
S31508015C809C42BAD1AB7B0D4903F00F03C1F898309A
S31508015C90002AB2D02B7C094A03F00F03C2F89430CC
S31508015CA0ABE700BF0000015B00C00850A35803081A
S31508015CB0002D3101809698003F4B4C00009003500F
S31508015CC0000009500040095038B5032804460D461E
S31508015CD005D8094B33F81030CB40DB0704D440F222
S31508015CE08541064819F0D5FD302301225C43044B52
S31508015CF0AA401A5138BD00BF88590308DD58030860
S31508015D0040D0035038B5032804460D4605D8094B3B
S31508015D1033F81030CB40DB0704D440F2564106482D
S31508015D2019F0B7FD302301225C43044BAA401A51EE
S31508015D3038BD00BF88590308DD58030840E0035001
S31508015D402DE9F041032804460D461746984605D81D
S31508015D501D4B33F81030CB40DB0704D44FF4B07138
S31508015D601A4819F096FD37B129462046B8F1000FB1
S31508015D7020D0FFF7A9FF0F21072D04EB440688BFA2
S31508015D80A5F108034FEA0616114895BFAB009B001B
S31508015D9004360C3607FA03F29940304419F0ABFE83
S31508015DA07FB929462046B8F1000F06D0BDE8F04173
S31508015DB0FFF78ABFFFF7A6FFDDE7BDE8F041FFF76A
S31508015DC0A1BFBDE8F08100BF885903084F590308F0
S31508015DD030C003504369DA01FCD4012300F50050B1
S31508015DE0024A436053689B07FCD470470040005938
S31508015DF038B5124B044698420D4604D04FF4277124
S31508015E000F4819F046FD012204F5805361685A606E
S31508015E10EB786A785B0443EA02232A781343AA7863
S31508015E20120402F480321343C4F89830CB0704D421
S31508015E302046BDE83840FFF7CDBF38BD00400059C0
S31508015E409059030870B51E4B044698420E461546EE
S31508015E5004D04FF419711B4819F01BFD2046FFF7B2
S31508015E60B9FF3378727803F0070343EAC203F2787D
S31508015E70294643EA0223B2782046120102F070024B
S31508015E8013432367E26A337922F48B321B0222F425
S31508015E90807203F4E0631343B27943EA02437279E9
S31508015EA0120302F480521343E362FFF7A1FF0122B2
S31508015EB004F580535A60F37903B1E26070BD00BFFF
S31508015EC0004000599059030810B52B4B04469842D7
S31508015ED004D040F21931294819F0DBFC012204F5F6
S31508015EE080535A60264B274AE36063691340FCD105
S31508015EF0A361C4F89830636913F4401FFBD1636941
S31508015F00DA052DD4A36F5BBB63699B052AD4D4F844
S31508015F10881039BB2046E36FD4F88C30FFF75AFF57
S31508015F203023A1602161E16221622367C4F88030D0
S31508015F30114B9C4208D142F26002134BA2642365BD
S31508015F406165A265236661660B4B9C4202D10022FC
S31508015F5010290AD10D4B04F500546362A36210BDE2
S31508015F60636FCCE7D4F88430CEE701F1280043F813
S31508015F7020200131ECE700BF004000599059030881
S31508015F80120002005200010000C002808F330F8008
S31508015F9010B5144B0C46984204D040F26F311248A2
S31508015FA019F077FC74B92A20FEF75EF90446B0B1F8
S31508015FB00E4B984206D90B4B9B68C3F30273013308
S31508015FC0B0FBF3F40A4B04F5742404F23F24B4FB42
S31508015FD0F3F4601E7F2828BF7F20C0B210BD0124BC
S31508015FE0F0E700BF0040005990590308005A6202C1
S31508015FF040420F0038B5154B0D469842144604D059
S3150801600040F2AA31124819F044FC35B940F2AB31D5
S315080160100F4819F03EFCB4B1FFDE0E4B9D4228BF76
S315080160201D461CB92A20FEF71FF904462C44013CDB
S31508016030B4FBF5F0AC4228BF00F1FF30032828BFB6
S315080160400320C0B238BD2546ECE700BF0040005921
S3150801605090590308005A6202F8B51F46194B0E46B5
S315080160609842144604D04FF47971174819F011FC77
S3150801607026B940F2E531144819F00BFCFFB1134D6E
S31508016080134B012F08BF1D46B54228BF35461CB91B
S315080160902A20FEF7E9F804469DF8183040F2FF3049
S315080160A00133B4FBF3F46B1E1C44B4FBF5F3AC42A9
S315080160B028BF03F1FF33984228BF1846F8BD054D9E
S315080160C0E2E700BF0040005990590308404B4C00D5
S315080160D0002D3101809698002DE9F04F2DED048BA6
S315080160E08DB00646DFF83CC306AF0C461546BCE83C
S315080160F00F000FC79CE80300BE4B87E803009E42CA
S3150801610003D0EC21BC4819F0C4FBBC4F0022394628
S315080161103046FFF76FFF94F80580804538BF804603
S315080161203046FFF757FE20795FFA88F850B92A20DA
S31508016130FEF79AF8B842014628BFB0FBF8F1304697
S31508016140FFF726FFE3784FEA08721B0102F0E042E7
S3150801615003F0300313430004227800F4FE000343DE
S315080161600AB143F0020362780AB143F00403A27844
S315080161700AB143F00803B360E3882289336163896E
S3150801618043EA024333629B4B9E4200F0328201236B
S3150801619006F5805673600DB0BDEC048BBDE8F08F33
S315080161A09749C5E0D1F88041012B4FEA14442CD90F
S315080161B0022B00F0748140F2F1118F4819F069FB46
S315080161C09DE0D1F88441012BA4B2F1D8002B40F00F
S315080161D00881D1F88C11091449001CE0D1F88441D1
S315080161E0012B4FEA1444E3D8002B40F0FD80D1F887
S315080161F08C11091401EB41010DE0D1F88041012B05
S31508016200A4B2D5D8DFED7F7A09E0002B40F0E6800D
S31508016210D1F88C11091407EE901AF8EEE77A2204E0
S315080162200BF1B24202F58042906C4FF00102C0F3C5
S31508016230820000F1010E02FA0EF209EE102A24F488
S31508016240C0414FEA8141B8EEC99AF6EE008A6E4A14
S3150801625048BF41F00041002840F0E680002B40F09D
S31508016260C680D2F88C311BB207EE103AB8EEC77A5F
S3150801627037EE878ABCF1000F40F0F98005A8039133
S3150801628000F026FBDFED617A68EE277A0399DFEDE8
S31508016290606A86EE897ADFED5F6A27EE267AF1EE85
S315080162A0006AB1F1004F07EEA67A0BD0DFED5A7AF4
S315080162B006EE104A77EE276ABAEEE86A56EE267AAD
S315080162C0B0EE677AB5EEC07AF1EE10FACBBFB1EE51
S315080162D0477A78EEC78A37EE687AFDEEE87AC8BF5C
S315080162E0FDEEC77A17EE903AB3F5003FC0F2CE80BD
S315080162F06FEA51416FEA41413E4A3B01D1503F01A4
S3150801630007F1B247C9F3090307F580477B600AF12C
S31508016310010A1435BAF1020F3FF439AF2B78AF6889
S31508016320002B3FF43DAF3D493D4A012B18BF1146AD
S31508016330304C00222046CDF800800393FFF78CFEEF
S3150801634004EB0A14A16C1FFA87F921F04351039B48
S3150801635021F41D11814521F4435121F03F0138BF34
S31508016360814603F003000843697895F804C089005B
S3150801637001F01C010843A9784FEA0A1B4901C9B271
S315080163800843E9780AF10507090301F4E0410143E5
S315080163904FEA0C4000F4E0200143287C400500F454
S315080163A0600001436879000700F040500143A16489
S315080163B0A06C1549C0F30230013804283FF61DAF19
S315080163C001A454F820F000BFFB610108FB61010834
S315080163D0A5610108C3610108DD610108D1F89411BD
S315080163E018E7D1F89411F6E6D1F8941101E7D2F835
S315080163F0943138E70040005990590308005A62025F
S3150801640080969800000000000080E00F3D3B843F25
S31508016410000080430000204400000049002D31019E
S31508016420404B4C00C8590308ABB9D2F890311BB29E
S3150801643007EE103AB8EEC77A77EE677A69EE286AF8
S315080164406D4B87EEA67AD3F888311BB207EE903AE0
S31508016450F8EEE77A0CE7D2F898311BB207EE103A54
S31508016460B8EEC77A37EE677A77EE877AE6E7D5ED3B
S31508016470037ADFED626AF8EE677A87EEA67AF7EEB7
S31508016480046AC6EE877A67EE887A00E713F5003F55
S31508016490AABFC3F3110341F4003119432CE7BCF138
S315080164A0000F40F09D8005A800F012FADFED544A6E
S315080164B00BF1B24303F58043996C0CABC1F342115E
S315080164C003EB810313ED067AFCEEC77A17EE903AD1
S315080164D0B7EE004A5C2B1CBF77EE047AC7EE276A33
S315080164E007EE904ADFED475AF8EE677A08BFDFED07
S315080164F0466A67EEA57A67EEA67ADFED446A67EE25
S31508016500A67AF5EEC07AB6EE006AF1EE10FA4CBF3D
S3150801651077EEC67A77EE867A0BF1B24202F58042B9
S31508016520136DFDEEE77A0023136517EE903A17EE21
S3150801653090CA13F4004F136D18BF43F00043136557
S31508016540334B106D03EA8C43034313652A4BD3F887
S315080165508801D3F88831000C07EE900A012088409B
S31508016560F8EEE76A07EE900AF8EEE77A1BB286EECE
S31508016570A75A07EE903ADFED276AF8EEE77A35EE85
S31508016580275AC6EE877A37EE047AC7EE876AB7EED8
S31508016590047AC7EE247AB1EE007A67EE857A47EE79
S315080165A0876A07EE104ADFED1C7AB8EEC77A76EEEF
S315080165B0A76A65EEC75A46EEA57AF5EEC07AF1EEF8
S315080165C010FA4CBF77EEC67A77EE867AFDEEE77A51
S315080165D017EE903A116DC3F311030B4313658EE65B
S315080165E0D5ED037A9FED057AF8EE677AC7EE874A05
S315080165F05EE74FF0000A8DE60080E00F00007A445E
S3150801660048E19A3F00000038E71B753F0000004744
S315080166100000FC7F000080480000004910B52320D7
S3150801662000F00CFD0024FF22064B21465C65202064
S315080166309A625C60FDF7F2FD2146BDE81040212013
S31508016640FDF7ECBD0000045038B5072804460D4691
S3150801665003DD7721084819F01CF91F2C03D991216C
S31508016660064819F016F9064A064B002D08BF1346C7
S315080166700122A2401A6038BDE0590308185A0308D6
S31508016680401004504020045010B5044618B9912111
S315080166901F4819F0FEF823781B0613F0604F03D044
S315080166A092211B4819F0F5F8E3780F2B03D99521A8
S315080166B0174819F0EEF801212020FDF7AFFD012159
S315080166C02120FDF7ABFD0122124B23205A602278C7
S315080166D012069A606178A27842EA01429A61FF221B
S315080166E09A6200229A631A644FF000425A654FF083
S315080166F0FF3203F500531A6500F026FD2320E178E1
S3150801670000F030FDBDE81040232000F0B5BC00BF05
S31508016710E059030800000450F8B50126C3B207285A
S3150801672005460C46174606FA03F603DDDE2134480C
S3150801673019F0AFF81CB9DF21314819F0AAF8236816
S3150801674023F47C1323F00F031BB1E2212C4819F023
S31508016750A0F8A37A1B0413F47C0F03D0E721284879
S3150801676019F097F8E37A1B0513F07E6F03D0E92138
S31508016770234819F08EF8237B5B0513F0FE5F03D0DF
S31508016780EB211F4819F085F81E4B27F003071E65F4
S31508016790AB00226803F1A04303F588235A6030222F
S315080167A002FB05F0637B00F1A04000F5802003663B
S315080167B0E37AA27A1B0543EA0243227B43EA425360
S315080167C0C36507671AF040F80F4B227A5E6502B176
S315080167D01E64627A02B19E632279A37943EA02436F
S315080167E0084A93616179E37943EA014306498B6172
S315080167F0064B56639E64BDE8F8401AF020B800BF00
S31508016800E059030800200450001004500000045009
S3150801681010B50124C3B2072804FA03F404DD40F2D3
S315080168207B11074819F035F81AF00EF8054B5A6D21
S3150801683022EA04025A659C62BDE8104019F0FFBFBE
S31508016840E05903080000045010B50124C3B2072813
S3150801685004FA03F404DD40F299110A4819F019F80B
S3150801686019F0F2FF084BDA6A224208D15B6B9C43A6
S315080168700CBF0124002419F0E2FF204610BD0024B4
S31508016880F9E700BFE05903080000045070B5012577
S31508016890C3B20728044605FA03F504DD4FF4E0718F
S315080168A0094818F0F6FF19F0CFFF3022074B5E6B47
S315080168B002FB04335C6E19F0C2FF35420ABFC4F30A
S315080168C00A100020013070BDE05903080000045089
S315080168D04FF48032084B5A6603F5EE239B69C3F3DE
S315080168E0461203F00F010A434280C3F30342C3F37E
S315080168F00333427003707047009000500D4B984265
S3150801690008D1A3F5D023C3F85812802300F5805087
S31508016910C3657047084B984204D1A3F5D823C3F839
S315080169207412F2E7054B984204BFA3F5E023C3F8B6
S315080169309012EAE700000A5000400A5000800A5007
S3150801694070B506460C46154622B940F2A6210C48F2
S3150801695018F09FFF24B94FF42070FDF785FC044613
S315080169606D00013CB4FBF5F4064B250213EA04233A
S3150801697004D040F2CB21024818F08BFFF56170BDB7
S31508016980895A0308070080FF10B51B4B0446984235
S315080169900CD003F58043984208D003F5804398420A
S315080169A004D040F25E41154818F073FF012204F540
S315080169B080535A6040F6AA6341F2050263610023D7
S315080169C00F49A360E365E26004F500522361E361C0
S315080169D0E36491640849A3658C4203D123650023C6
S315080169E0636506E007498C42F8D001F580418C427F
S315080169F0F4D00123536010BD00000A50895A0308D8
S31508016A00FFFF010000400A5038B5294B0446984259
S31508016A100D460CD003F58043984208D003F5804310
S31508016A20984204D040F28131224818F032FF2046BC
S31508016A30FFF7AAFF012204F580535A602B8AA26840
S31508016A4043F001031343AA7B43EA8223A360A368A5
S31508016A502A7D43EA4273A360AB7C1BB12046E97CDD
S31508016A60FFF74CFFD5E901122B7B204643F48053EF
S31508016A70E360FFF765FF6B7B0BB1102363616B7DE9
S31508016A801BB1A36843F48033A360AB7D1BB1A36834
S31508016A9043F40043A360EB7D2A7E1B07120503F02E
S31508016AA0E04302F4E0021343A3652B78636138BD22
S31508016AB000000A50895A030810B5044620B940F265
S31508016AC03A21124818F0E5FE23782BB1012B17D08D
S31508016AD0022B18D0032B05D140F2FF736278D340FD
S31508016AE0DB0704D440F23D21084818F0D2FE012202
S31508016AF0637821789A4030235943054B5A5010BD83
S31508016B0040F2FF13EAE743F6FF73E7E7C25A0308C1
S31508016B1040E00350034BD3F82424D3F82004104053
S31508016B20704700BF00C003502DE9F04103780446C1
S31508016B300D4616462BB1012B21D0022B22D0032B51
S31508016B4005D140F2FF736278D340DB0703D45D2198
S31508016B50284818F09EFE284BD3F810331BB1602144
S31508016B60244818F096FE0F2D0FD8DFE805F03A35C0
S31508016B70353535353535353535353535353540F2EE
S31508016B80FF13E0E743F6FF73DDE7B421194818F070
S31508016B9080FE4FF00008204606B319F017FB0F21B7
S31508016BA067782378072F03EB430388BF083F4FEA2B
S31508016BB00313124895BFBF00BF0004330C3308FA0C
S31508016BC007F2B940184418F0A5FF85B9204656B111
S31508016BD0BDE8F04119F0FABAA846DCE7FFF76CFF01
S31508016BE0DDE7A846DBE7BDE8F041FFF765BFBDE88D
S31508016BF0F08100BF3D5B030800C0035030C003505D
S31508016C00054B9A689107FCD45A689207F9D4DA6950
S31508016C10002AF6D1704700BF00C00A5010B5074CCC
S31508016C206368DB0704D44FF49F71054818F031FEF9
S31508016C3019F0FAFA0223236110BD00BF00C00A50F9
S31508016C407E5B030808B5FFF7DBFF0122024B03F55C
S31508016C5080514A601A6108BD00C00A5010B5044B3C
S31508016C605C68012C03D1FFF7D9FF024B5C6010BDAC
S31508016C7000C00A5000E00A5038B5074DFFF7C0FFBB
S31508016C806B680446012B03D1FFF7E8FFFFF7B8FF4E
S31508016C902378EB6038BD00BF00C00A5038B50546F9
S31508016CA00C4619F0CBFABDB96268237812B112788D
S31508016CB043EAC203627843EA4203A26812B1127830
S31508016CC043EA8213E27843EA8203226912B112780F
S31508016CD043EA4223014A936438BD00BF00C00A5003
S31508016CE030B58BB0AA4819F0BFFD20B14FF44E71EB
S31508016CF0A84818F0CEFD6C46A74D0FCD0FC42B68DA
S31508016D00A64A2360FF238DF80130D2F84C3113F4DB
S31508016D10802340F03081D2F850218DF801309DF85A
S31508016D2001306C46FF2B08BF3F2368469C4D8DF802
S31508016D300130FDF75BFE3220FDF7BAFE0FCD0FC419
S31508016D400FCD0FC495E8030084E80300934BD3F8ED
S31508016D504C21100340F1F380A3F5FE431C88B4F5DA
S31508016D60807F28BF8C248DF81940FDF739FE04442D
S31508016D7084F308048B488DF81840FBF7FFFF684633
S31508016D80FDF71CFD3220FDF799FE874A874B032143
S31508016D90CDE900230023CDE9021301238020CDE9A3
S31508016DA00433FDF7B5FB0528044606D1804A136F5F
S31508016DB023F0070343F0010313677E4819F054FDD6
S31508016DC020B14FF4CE71734818F063FD6846FDF79C
S31508016DD09BFF052C06D1764A136F23F0070343F070
S31508016DE00203136720B94FF4D3716A4818F051FDAD
S31508016DF07148FEF7CDF8714819F036FD20B140F219
S31508016E00CB11644818F045FD694C0020FDF75CFE7E
S31508016E10FDF730FF236F002023F0070343F0020339
S31508016E202367FDF751FF236F654923F4744343F440
S31508016E3080632367634BD3F8FC2012F0807240F01D
S31508016E408280D4F8803023F0030343F00103C4F8A9
S31508016E508030C1F88020564CD4F8203123F007033E
S31508016E6043F00103C4F82031D4F8283123F007038D
S31508016E7043F00103C4F82831D4F8803123F0030321
S31508016E8043F00103C4F88031D4F8403123F00303F9
S31508016E9043F00203C4F84031D4F8603123F0030308
S31508016EA043F00203C4F86031D4F8403223F00303F7
S31508016EB043F00203C4F84032D4F8003223F0070342
S31508016EC043F00203C4F80032D4F8083223F007036A
S31508016ED043F00203C4F80832D4F8503223F003030E
S31508016EE043F00203C4F85032D4F8703223F0030396
S31508016EF043F00103C4F87032D4F8203223F00703B3
S31508016F0043F00103C4F82032FDF740FC4FF0E022BC
S31508016F100020136943F004031361D4F8603223F0A7
S31508016F20070343F00103C4F86032D4F8943223F01E
S31508016F30070343F00103C4F894320BB030BDD3F80C
S31508016F405041E4B20FE7D3F8FC2022F08072C3F86F
S31508016F50FC20D4F8802022F0030242F00102C4F892
S31508016F6080200022C1F88020D3F8FC2042F08072EC
S31508016F70C3F8FC206FE74FF07E6393F89C2093F9E2
S31508016F809C30002BFFF6CBAE8DF80120C7E600BF7B
S31508016F90445D0308965C0308F45C03080080E00F6F
S31508016FA0085D0308C017530200B4C404FF0E7F0727
S31508016FB000800050605D0308C0EA2101485D0308AE
S31508016FC00090005000ED00E007B5094B18689A8853
S31508016FD09B7900906846ADF804208DF80630FEF7D7
S31508016FE05FF90C20FEF794F9002003B05DF804FB65
S31508016FF0305D030813B50024064A6846536F43F00B
S315080170000103536700948DF80440FEF77DF8204686
S3150801701002B010BD004000500028ABBF00F160402F
S31508017020054B00F5614000F00F00ACBF90F8000376
S31508017030185C0009704700BF14ED00E010B55D2823
S3150801704004460DD801220A49630904F01F04A24027
S31508017050203341F82320BFF34F8FBFF36F8F10BD45
S3150801706040F22511034818F014FC002CF7DBE9E778
S3150801707000E100E0C45D030810B55D28044608D8A0
S3150801708001236109074A04F01F04A34042F821308D
S3150801709010BD4FF49871044818F0FBFB002CF7DB80
S315080170A0EEE700BF00E100E0C45D030810B55C2807
S315080170B0044604D940F23B11064818F0EAFB064B90
S315080170C0621153F8220004F01F04E040C04300F0A7
S315080170D0010010BDC45D030800E100E010B500F130
S315080170E00C03682B044604D940F24B11144818F0D6
S315080170F0D0FBEFF31083DB0702D50122104610BD42
S315080171002046FFF7D3FF02460028F6D160B2FFF703
S3150801711083FF0146EFF3118313B1B0EB131FECD2D2
S31508017120084B5B68C3F30803002BE7D0103B58B242
S31508017130FFF772FF814234BF00220122DEE700BF5A
S31508017140C45D030800ED00E0002808DB01224309BD
S31508017150034900F01F008240603341F8232070473D
S3150801716000E100E038B500F110036D2B04460D4629
S3150801717004D94FF4EF710E4818F08BFB0F2D04D983
S3150801718040F2DF110A4818F084FB60B20028ACBF50
S3150801719000F16040074B4FEA0515EDB2ABBF00F5AC
S315080171A0614000F00F0080F800531D5438BD00BF40
S315080171B0C45D030814ED00E010B519F045FB0A4B50
S315080171C01A786AB901226FF004041A7019F037FBAC
S315080171D0204605210134FFF7C5FF5D2CF8D110BD06
S315080171E0BDE8104019F02BBBF63B012010B504464B
S315080171F019F021FB024B1C6019F018FB002010BD89
S315080172005C2A012010B519F016FB034B1C6819F00E
S315080172100DFB204610BD00BF5C2A01202DE9F04375
S315080172208FB01D46136881461F6891F8313088462C
S31508017230144606AE1BB3DFF828C2BCE80F000FC61A
S315080172409CE80F0086E80F0018220021684618F00E
S315080172507EFDA3680893237B012B13D0022B14D040
S315080172601BB1D921774818F014FB0023ADF8263055
S31508017270637B032B1FD8DFE803F00B25221BDFF8FE
S31508017280E4C1DAE74FF40073F0E74FF44073EDE732
S315080172900023ADF8283001238DF80630A37BCDF8FD
S315080172A034D0042B11D8DFE803F014151515140092
S315080172B04FF44053EDE7EB21624818F0EAFA4FF430
S315080172C08053E6E74FF40053E3E7FE215D4818F0E3
S315080172D0E0FA00238DF800305B4AD8F838302946A1
S315080172E01A605A4A48465A6000229A60584ADA6031
S315080172F0424600F059FC0646002840F09B80236967
S315080173005448C5F8A430237E85F8AB30E37D85F86B
S31508017310AA30A37D85F8A930637D85F8A830A37EB8
S3150801732085F8AD30637E85F8AC30237F85F8AF30BC
S31508017330E37E85F8AE302368C5F8A03019F094FAD3
S3150801734001230422A17D607DFEF7FAFC0123217E3B
S315080173500222E07DFEF7F4FC85F8B060206919F099
S3150801736083FA98F83130384606A9002B66D0FEF71D
S31508017370DFFA95F8B03043F0040385F8B0301421EC
S31508017380227D354B03EB4210C0F8941494F816C0CD
S31508017390617D253241EA0C41C0F8AC14207EE17DBD
S315080173A003EB421341EA00415960A37B03F0FD0355
S315080173B0012B0BD195F8B030022243F0010385F871
S315080173C0B030A17E0023607EFEF7BAFCA37B023BA8
S315080173D0012B0BD895F8B030042243F0020385F847
S315080173E0B030217F0023E07EFEF7AAFC95F8B03085
S315080173F0DB0717D5A17E627E237D42EA014241F26F
S315080174009C415B0103F1A04303F570335A5041F2E5
S31508017410944202219950217FE27E03F5A55342EA5F
S3150801742001421A600D4A07F5005305213846DA6408
S31508017430FDF7F2FF30460FB0BDE8F083FEF7AEFA6E
S315080174409DE700BF255E03083FFB0208D1FB020842
S3150801745055FB02084C5D030800C00350FF3F0D03AE
S31508017460745E0308945E030840F24221014818F04D
S3150801747010BA00BF255E03083021037D02464B433F
S3150801748003F1A04303F58023D86E07491B6F884291
S3150801749008D113F0020006D0106A136D1B1A584260
S315080174A05841704700207047F73B012037B5302314
S315080174B0007D0DF10701434303F1A04303F5802342
S315080174C0DD6E1C6F18F03EFE20B140F2F931084816
S315080174D018F0DFF99DF8070040B9064B9D4203D124
S315080174E084F00204C4F3400003B030BD0120FBE779
S315080174F0B45E0308F73B012037B504460DF10701D1
S31508017500007D18F01FFE20B140F24441114818F0E1
S31508017510C0F99DF80730A3B1256DD4E912231344A8
S315080175209D4201D8AA4204D940F24F41094818F0B0
S31508017530B0F9D4E9120303449D4218BF284603B0A3
S3150801754030BD3022237D534303F1A04303F5802345
S31508017550DD6EE2E7B45E03082DE9F743D0E90434AA
S3150801756004F17C07D0F80C90013B06461022002155
S3150801757038469DB2D4F8748018F0E9FB104BC5F370
S315080175800A0543EA0513C4E91F39012394F878006B
S3150801759084F88C30C4F884803A460A4B009604F184
S315080175A06401FBF71FFF38B140F28D31064803B07D
S315080175B0BDE8F04318F06DB903B0BDE8F08300BF2C
S315080175C00000103041770108B45E03082DE9F04345
S315080175D085B000F13806044610220021304618F01D
S315080175E0B6FB4FF44473534D207DC4E90F556387A9
S315080175F0FBF71EFF20B140F2CA514F4818F049F96E
S3150801760010220021304618F0A2FB4FF44473638719
S315080176103023207DC4E90F55434303F1A04303F505
S315080176208023DB6EAB420BD1FBF722FF002876D015
S3150801763040F2D351404805B0BDE8F04318F029B9E6
S315080176400DF10B0118F07EFD20B140F2D9513A48EF
S3150801765018F01FF99DF80B30002B63D12046FFF770
S315080176604BFF03A90746207D18F08EFD20B140F295
S31508017670E151314818F00DF9039B002B04DC40F267
S31508017680E3512D4818F005F9039B04F11808013B4D
S315080176901022002140469DB2D4F8109018F057FBED
S315080176A03022237DC5F30A0553432D0145F0407564
S315080176B0C4E9065903F1A043276203F580231A6F2B
S315080176C094F82410520862F3410184F82410196FC2
S315080176D094F8242028F0030861F3000284F8242092
S315080176E01B6F626A9B0863F39F0248F0020362629A
S315080176F06364009432462146104B207DFBF772FEE7
S3150801770020B140F204610C4818F0C3F8207DFBF75C
S31508017710AFFE20B14FF4C161074818F0BAF805B0B9
S31508017720BDE8F08394F844306FF3410384F844309C
S31508017730DFE700BFF73B0120B45E0308EFFB020851
S3150801774038B55569144695F88C3023B940F26A3133
S315080177500A4818F09EF8002305F1900085F88C3048
S31508017760FBF72EFB08B1FFF7F7FE63681BB1002193
S315080177702046A2689847002038BD00BFB45E0308BA
S3150801778038B50446007DFBF753FE20B140F22D4182
S31508017790084818F07EF82046FFF76EFE0546207D5C
S315080177A0FBF766FE20B140F23241024818F071F843
S315080177B0284638BDB45E03082DE9F04F8DB09946C9
S315080177C00023044608910692C9F80030D9F80060EA
S315080177D0069B9D1B00F0C580089B9E1900F0C18081
S315080177E02046FFF7CDFF8046002840F0BA802046A4
S315080177F0FFF782FE226D904240F2BC80801A8542D4
S3150801780028BF054694F896A0BAF1000F00F0F28059
S3150801781019F01AF8236D079020460993FFF746FEDB
S315080178202F46099B834658198342D4F8981040F08D
S31508017830BC80D4E9122313448B4208BFC4F89820AC
S31508017840D4F898108A4201D88B4204D840F24251A2
S315080178508A4818F01EF8079818F0F1FFDA46207DD5
S31508017860FBF7E6FD20B140F28241844818F011F891
S31508017870207D0DF12F0118F065FC20B140F28641FB
S315080178807E4818F006F82046FFF736FE236D834634
S3150801789098429DF82F3040F2BC8023B140F28E41C8
S315080178A0764817F0F6FFA26C236DAEB2934240F00C
S315080178B0A880099304F1280823691022002140466B
S315080178C0079318F044FA3021079B013EE362099BAE
S315080178D0C6F30A062363237D36014B4328F00308C2
S315080178E003F1A04346F0407648F0020203F58023EF
S315080178F0A6621A67236DD4E912122B440A449342ED
S3150801790008BF0B469342236504D340F2DE415B4828
S3150801791017F0BFFF236D9B4505D10123204684F847
S315080179205430FFF753FE207DFBF7A2FD20B140F24C
S31508017930F741524817F0ADFF94F896303BB1BAF1CA
S31508017940000F04D0236E112120465B689847D9F8A9
S31508017950003037B1069A3B449342C9F80030FFF428
S3150801796035AFD9F80030002B14BF00201B200DB00D
S31508017970BDE8F08FD4E912310B449A4204D340F2A0
S315080179806A413E4817F085FFD4E912321344226D45
S315080179909B1A9D4228BF1D46002D7FF433AF40F246
S315080179A01651364817F075FF2CE701335A1E9142D6
S315080179B010D1C4F8983013F8012C112A01D0132AD2
S315080179C014D1013FA2F111014A424A41D04684F835
S315080179D09C2029E713F8012C02F0FD01112906D193
S315080179E0013FB8F1000F3FF41FAFEBE7D04606F8A9
S315080179F0012B19E72A463046216D18F0B2F92F46B0
S31508017A002DE7238DC3F30A12164466F30E13238555
S31508017A1070E7207D93B93023584300F1A04000F563
S31508017A208020426E436EC2F30A1223F4FF432A44AE
S31508017A3023F0700343EA021343665BE7104B049491
S31508017A4003930023CDE90153012300935A46236981
S31508017A50216817F053FF20B140F2CB41074817F0D0
S31508017A6018FF3022237D534303F1A04303F58023F6
S31508017A705A6E22F480125A663CE700BFB45E0308C8
S31508017A80EFFB02082DE9F84F90F8943004460D46AD
S31508017A90002B40F0858090F89580DFF808918E18C4
S31508017AA0B54223D094F896306BB12046FFF768FEAD
S31508017AB0F8B1D4F89820236D9A4204D040F2CD212A
S31508017AC0484617F0E6FE94F89C30002BE8D0236E62
S31508017AD02F462A785B68B8F1000F59D1236E2046E4
S31508017AE05B683978013598470028D9D00020BDE868
S31508017AF0F88F18F0A9FE0746207DFBF799FC20B1FF
S31508017B0040F2D321274817F0C4FE2046FFF7F4FCBC
S31508017B10A26C00F1FF3A924538BFE36C207D3CBF69
S31508017B2003F1FF3302EB030A94F854B0FBF7A0FC08
S31508017B3020B140F2DF211B4817F0ABFED4F89810AC
S31508017B40BBF1000F22D0236D8B4204D04FF439715B
S31508017B50144817F09EFE384618F071FEB3E7A26C7A
S31508017B609A4202D9E36C013B134499420BD013F8AC
S31508017B700129112A01D0132AF1D1A2F111035A427E
S31508017B805A4184F89C20C4F898A0E4E75346ECE7E8
S31508017B900A2AA3D10D212046984700289ED0A5E799
S31508017BA00E20A4E7B45E0308F0B589B00C46154665
S31508017BB00646A0220021204618F0C9F82746AC46F9
S31508017BC0BCE80F000FC7DCF8003005F1140C3B6068
S31508017BD004F16407BCE80F000FC7DCF80030EA6A55
S31508017BE03B60AB6AC4E9132395F83020A36484F893
S31508017BF0952095F83320C4F89830012384F8962007
S31508017C0084F89C3084F85430AB6B2366324B34606D
S31508017C107360324BB360324BF360324B7361324B54
S31508017C20B361324B3361FBF7A9FB10B1304B984274
S31508017C300FD1002107A8FBF729FB014648B9079B85
S31508017C4007A82375FBF722FB0346207D23B1FBF723
S31508017C506FFB102009B0F0BD079B84F87830FBF75D
S31508017C60E7FB0028F5D1234B0494CDE90203E36C25
S31508017C700193012300932369A26C2168207D17F0E3
S31508017C803DFE0028E5D13022237D4FF48011534370
S31508017C9042F2640203F1A04303F580239950AB6BCA
S31508017CA093F91000FFF750FAAB6B93F91000FFF741
S31508017CB0E3F904F1900017F0EDFD3046FFF796FA67
S31508017CC02046FFF783FC207DFBF7D2FB003818BF5F
S31508017CD001200001BEE700BF857A01085FFC0208A2
S31508017CE0B9770108E3FB0208E9FB0208F97C0108F8
S31508017CF0038000F0EFFB020870B50568044695F8A5
S31508017D009460002E3BD117F0CDFFFFF77BFA844232
S31508017D1002D13046FFF76AFA2B6E93F91000FFF786
S31508017D2013FA2B6E93F91000FFF788F9287D18F0DE
S31508017D30E9F920B140F29721144817F0AAFD287DE8
S31508017D40FBF7F6FA20B140F29B21104817F0A1FD86
S31508017D50FBF7CCFA38B10E4B984204D040F29F217A
S31508017D600A4817F096FD0023C4E90033C4E9053330
S31508017D70E3602B6E2846BDE87040DB68184740F281
S31508017D806621024817F085FD0F2070BDB45E030811
S31508017D90058000F00346054A0549106803448B42ED
S31508017DA08CBF4FF0FF301360704700BFA83C01201D
S31508017DB00000082070B518F047FD144E05463478C2
S31508017DC0FCB9134B1C60134B1C60134B1C6000F071
S31508017DD047F8012018F0EFFD18F0C4FC0F4B0246D6
S31508017DE0186020B9284618F02AFD232070BD2346BD
S31508017DF040F2E7310A4800F017FA0A4B18600123E6
S31508017E003370284618F01BFD0020EFE7FA3B0120E6
S31508017E10682A0120642A0120702A01206C2A01207F
S31508017E2018FCFFFF602A012000B58DB001238DF8EB
S31508017E300F3018F0D9FB00230146CDE90033074A74
S31508017E400DF10F0304A818F07DFD18B99DF80F3040
S31508017E50002BFBD10DB05DF804FB00BF3F090308F9
S31508017E6010B586B000241422214601A88DF80040D9
S31508017E7017F06DFF012313488DF8043018F0F4FC50
S31508017E80BFF34F8F6846FEF7F7FE204601A98DF826
S31508017E900440FEF703FF20460F2118F0EFF90F21E2
S31508017EA0204618F0F9F9FEF7CDFE18F0BDF9064B94
S31508017EB053209C61FFF748F95320FFF7DDF806B018
S31508017EC010BD00BF445D030800C00A5010B5044642
S31508017ED018F0A6F84FF47A729042B0FBF2F105D287
S31508017EE03621BDE810400C4817F0D3BC0B4BB3FB49
S31508017EF0F1F30B49884201D93C21F2E702FB04F070
S31508017F00B0FBF3F0022806D9BDE810400323B0FB05
S31508017F10F3F0E8F755B910BD4B5F030840420F006F
S31508017F20E7CD9A3B73B50020E8F70CFA0022044620
S31508017F30604E1146306002F0B1FBA0228021204636
S31508017F4002F0E5FB2046F7F73BFAD02240F273111F
S31508017F50054602F0A3FB6FF040422846114602F09F
S31508017F60D6FB2846544914F0B6FF2046F9F766FEB3
S31508017F7005466C2240F2551102F090FB462228462E
S31508017F80962102F0C4FB2846802117F0E6F8284618
S31508017F904A49FAF7A9F82846002117F0A8F8002156
S31508017FA0284617F063F92046F6F700FD05464FF413
S31508017FB09F72002102F072FB2846A222802102F05C
S31508017FC0A6FB00222846114604F05BF92846002242
S31508017FD0A22104F041F900228021284604F02EF955
S31508017FE02046F4F74DFB054664222321706002F012
S31508017FF055FB22223A21284602F089FB30480FF028
S3150801800095FFC0F307238DF80530C0F307438DF8B4
S3150801801006308DF8040001990022284604F054F927
S315080180202846F7F7CDF900221146054602F036FB38
S315080180306FF040422846114602F069FB00222846A5
S31508018040092104F01EF928461E4914F044FF20466A
S31508018050F9F7F4FD05461222112102F01FFB302221
S315080180602846602102F053FB2846802117F075F84F
S3150801807028461549FAF738F82846002117F037F83F
S315080180800021284617F0F2F82046F7F799F91D223C
S315080180904D210446B06002F001FB6FF040422046D4
S315080180A0114602F034FB2046084902B0BDE870408B
S315080180B014F011BF742A01208E5F03089C5F030820
S315080180C0BB442200A45F0308AB5F0308B05F030843
S315080180D010B9024B1B681847704700BFAC3C01201A
S315080180E01FB5EAF7D1FC04460520F0F71FFAC0F3DD
S315080180F007238DF808008DF80930C0F307430020DF
S315080181008DF80A30F0F712FAC0F307238DF80D300F
S31508018110C0F307438DF80E30094B8DF80C00DDE9E5
S315080181200212009320460023F2F752F80146204630
S31508018130EAF798FF04B0BDE81040FFF7F3BE00BFA9
S315080181409C0A030807B50A4B01381880002381B237
S31508018150013016BF074A184652F821000093C82273
S3150801816000230921EAF722FD03B05DF804FB00BFED
S31508018170043D0120742A0120024BB3F90000FFF7E0
S31508018180A7BF00BF043D01207BB972B90029BEBF54
S3150801819000204FF0004106E008BF00281CBF6FF021
S315080181A000414FF0FF3000F0CDB9ADF1080C6DE993
S315080181B004CE002909DB002B1ADB00F04DF8DDF8A7
S315080181C004E0DDE9022304B07047404261EB410156
S315080181D0002B1BDB00F040F8DDF804E0DDE90223A3
S315080181E004B0404261EB4101524263EB43037047DD
S315080181F0524263EB430300F02FF8DDF804E0DDE9B2
S31508018200022304B0404261EB41017047524263EBDD
S31508018210430300F021F8DDF804E0DDE9022304B0A8
S31508018220524263EB4303704753B94AB9002908BF61
S3150801823000281CBF4FF0FF314FF0FF3000F082B924
S31508018240ADF1080C6DE904CE00F006F8DDF804E09E
S31508018250DDE9022304B070472DE9F04F099D0C466C
S31508018260002B4DD18A420F4684469646B2FA82F3CE
S3150801827060D94BB102FA03FEC3F120029F4000FA0E
S3150801828003FC20FA02F217434FEA1E461FFA8EF440
S315080182904FEA1C42B7FBF6F106FB117701FB04F026
S315080182A042EA0742904208D91EEB020201F1FF3762
S315080182B002D2904200F231813946121A1FFA8CFC19
S315080182C0B2FBF6F006FB102200FB04F44CEA024C62
S315080182D0644508D91EEB0C0C00F1FF3202D2644545
S315080182E000F21E81104640EA0140ACEB040C002165
S315080182F025B12CFA03F30022C5E90032BDE8F08F57
S315080183008B4205D90DB1C5E9000100210846F5E7FB
S31508018310B3FA83F100294DD1A342C0F0F38090420C
S3150801832080F0F080064623460846002DE6D0C5E9CA
S315080183300063E3E7002B40F0A3808A1A4FEA1E4741
S315080183401FFA8EF60121B2FBF7F407FB14204FEA58
S315080183501C4242EA004206FB04F090420FD91EEB8A
S31508018360020204F1FF382CBF4FF001094FF0000952
S31508018370904203D9B9F1000F00F0CC804446121A95
S315080183801FFA8CFCB2FBF7F007FB102200FB06F67E
S315080183904CEA024C664508D91EEB0C0C00F1FF327B
S315080183A002D2664500F2B3801046ACEB060C40EAF1
S315080183B004409DE7C1F120068B4004FA01FE22FA2A
S315080183C006F720FA06FCF4408A401F434EEA0C03DE
S315080183D000FA01FE4FEA17484FEA13491FFA87FCCC
S315080183E0B4FBF8F008FB104449EA044400FB0CF915
S315080183F0A1450ED93C1900F1FF3A2CBF4FF0010BEC
S315080184004FF0000BA14503D9BBF1000F00F08B809B
S315080184105046A4EB09041FFA83F9B4FBF8F308FBE9
S31508018420134403FB0CFC49EA0444A44506D93C1948
S3150801843003F1FF3801D2A4457BD8434643EA0040FD
S31508018440A4EB0C04A0FB02984445CC46434602D350
S3150801845006D1CE4504D20138B9EB020C68EB070305
S31508018460002D6CD0BEEB0C0264EB030422FA01F377
S3150801847004FA06F6CC4000211E43C5E900643DE72F
S3150801848002FA03FEC3F1200104FA03F200FA03FC1F
S31508018490CC404FEA1E4720FA01F11FFA8EF6B4FBCB
S315080184A0F7F00A4307FB1044110C41EA044100FBAB
S315080184B006F48C420ED91EEB010100F1FF382CBFE0
S315080184C04FF001094FF000098C4202D9B9F1000FAA
S315080184D02CD04046091B92B2B1FBF7F407FB1411E5
S315080184E042EA014204FB06F1914207D91EEB020258
S315080184F004F1FF3801D291421ED84446521A44EA81
S31508018500004120E7861A64EB030301200DE7F444D2
S3150801851002384AE7023C724431E702397244CCE632
S31508018520F4440238DFE602383C4472E70238714403
S31508018530D0E7023B3C4481E7023C7244DEE7294628
S31508018540DCE600BF704700BF08B5064B044613B109
S315080185500021AFF30080044B1B6803B198472046FE
S3150801856017F03EFB00000000B82B01200EB400B541
S315080185709CB06FF000411DAB0290069007910491E3
S315080185800848094953F8042B059102A90068019383
S3150801859000F020F9029B00221A701CB05DF804EB6A
S315080185A003B07047B03C01200802FFFF70B50D4DBE
S315080185B000260D4C641BA410A64209D10B4D0026BA
S315080185C00B4C18F01DFA641BA410A64205D170BD08
S315080185D055F8043B01369847EEE755F8043B013652
S315080185E09847F2E70C3D01200C3D01200C3D012086
S315080185F0103D012038B50546002941D051F8043C03
S315080186000C1F002BB8BFE41800F0D8F81D4A1368F0
S3150801861033B9636014602846BDE8384000F0D4B821
S31508018620A34208D9206821188B4201BF19685B68E3
S3150801863009182160EDE71A465B680BB1A342FAD91E
S3150801864011685018A0420BD12068014450181160D6
S315080186508342E0D118685B68084453601060DAE722
S3150801866002D90C232B60D6E7206821188B4202BF5A
S3150801867019685B680918636008BF21605460CAE716
S3150801868038BD00BFC42B012070B50F4E0C460546F8
S31508018690316811B900F0C6FA30602146284600F063
S315080186A0C1FA431C03D14FF0FF34204670BDC41CE8
S315080186B024F00304A042F8D0211A284600F0B2FAA1
S315080186C00130F2D1EFE700BFC02B01202DE9F041BF
S315080186D0CD1C064625F0030508350C2D38BF0C259B
S315080186E0002D01DBA94204D90C2333600020BDE823
S315080186F0F081314F00F062F83B681C4644BB2946BD
S315080187003046FFF7C1FF431C044650D13C68214659
S31508018710002941D1002C44D02368304604EB0308D4
S3150801872000F080FA80453CD1216830466D1A294609
S31508018730FFF7AAFF013034D023682B4423603B6836
S31508018740002B36D05A68A24229D100225A600EE07F
S315080187502268521B1DD40B2A16D96119A34225601A
S3150801876018BF5960636808BF396062514B6030466B
S3150801877000F02AF804F10B00231D20F00700C21AA5
S31508018780B5D01B1AA350B2E7A3426268DED13A609C
S31508018790EDE723466468B1E70C464968B8E713462E
S315080187A0CEE70C233046336000F00EF89EE70560ED
S315080187B0DDE75B60FFDE00BFC42B0120014817F02F
S315080187C0CEBA00BFFB3B0120014817F0C9BA00BF6A
S315080187D0FB3B01202DE9F04F98468B899DB0074652
S315080187E01B060D46144610D50B6973B94021FFF7D0
S315080187F06DFF2860286130B90C233B604FF0FF30CC
S315080188001DB0BDE8F08F40236B610023CDF80C80C5
S315080188104FF00109DFF8A081099320238DF829304B
S3150801882030238DF82A3023469A4613F8012B0AB1CC
S31508018830252AF9D1BAEB040B0BD05B462246294609
S31508018840384617F09BFA013000F0A780099A5A4476
S3150801885009929AF80030002B00F09F8000234FF010
S31508018860FF320AF1010A049307938DF853301A93DC
S31508018870CDE90523544605224F4814F8011B17F084
S3150801888064FB049AD8B9D00644BF20238DF8533027
S31508018890110744BF2B238DF853309AF800302A2B41
S315080188A015D0079A544600204FF00A0C214611F8B4
S315080188B0013B303B092B4BD9B0B1079214E0A0EB31
S315080188C00803A24609FA03F313430493D2E7039B69
S315080188D0191D1B68002B0391BBBF5B4242F00202C4
S315080188E007930793B8BF049223782E2B0AD163788E
S315080188F02A2B32D1039B02341A1D1B6843EAE37300
S3150801890003920593DFF8C0A003222178504617F099
S315080189101CFB38B1A0EB0A004022049B01348240BB
S315080189201343049314F8011B062224488DF82810D2
S3150801893017F00BFB002836D0214B1BBB039B0733D3
S3150801894023F0070308330393099B334409936AE722
S315080189500CFB02320C460120A8E7002301344FF034
S315080189600A0C19460593204610F8012B303A092AB4
S3150801897003D9002BC6D00591C4E70CFB0121044697
S315080189800123F0E703AB2A4604A9384600930D4BA9
S31508018990AFF30080421C0646D6D1AB895B063FF58C
S315080189A02DAF09982CE703AB2A4604A9384600934C
S315080189B0044B00F00BF8EDE7B45F0308BE5F03084C
S315080189C0000000007DFD0208BA5F03082DE9FF4794
S315080189D00F7E914680460C46782F9A460C9E01F1E9
S315080189E0430207D8622F0AD8002F00F0DD80582FDE
S315080189F000F0C38004F1420684F842703AE0A7F118
S31508018A006303152BF6D801A151F823F0658A0108ED
S31508018A10798A0108F5890108F5890108F5890108A6
S31508018A20F5890108798A0108F5890108F589010896
S31508018A30F5890108F58901088F8B0108078B01085B
S31508018A40478B0108F5890108F5890108B18B0108E9
S31508018A50F5890108078B0108F5890108F5890108D7
S31508018A604F8B010833681A1D1B68326004F14206F0
S31508018A7084F842300123A8E031682368081D306074
S31508018A801E0601D50D6803E05D06FBD5B1F9005058
S31508018A90002D616878DA2D200029A16084F8430049
S31508018AA02DDA6D425D480A231646B5FBF3F103FB41
S31508018AB01157C75D06F8017D2F460D46BB42F4D90D
S31508018AC0082B0BD12368DF0708D52369616899420A
S31508018AD0DEBF302306F8013C06F1FF36921B226100
S31508018AE04B4603AA21464046CDF800A017F0A1F946
S31508018AF001306FD14FF0FF3004B0BDE8F08723F0A5
S31508018B0004032360CDE721683368080653F8045B3C
S31508018B1002D4490648BFADB26F2F33603F4814BF30
S31508018B200A230823002184F843106668002EA660EC
S31508018B30BADB216821F004012160002DB4D1002E91
S31508018B40B2D11646BCE7236843F020032360782791
S31508018B503348236884F845701F06316851F8045B69
S31508018B6002D45F0648BFADB23160D90744BF43F0AE
S31508018B70200323601DB11023D4E72848E9E72368B9
S31508018B8023F020032360F6E724480A23CDE7336858
S31508018B902568181D616930602E061B6801D51960A4
S31508018BA002E06806FBD5198000231646236197E77C
S31508018BB0336800211A1D32601E686268304617F054
S31508018BC0C4F908B1801B606063682361002384F8D7
S31508018BD0433085E72369324649464046D047013046
S31508018BE088D023689B0714D4E068039B9842B8BFD2
S31508018BF0184681E70123324649464046D0470130A7
S31508018C003FF478AF0135E36803995B1AAB42F1DCAF
S31508018C10EAE7002504F11906F5E700BFC55F030871
S31508018C20D65F030838B50023054D044608462B6070
S31508018C30FFF7B0F8431C02D12B6803B1236038BD96
S31508018C40BC2B012070B506460020EDF741FB002537
S31508018C5004460CB9284670BD20460DF029FF0128A7
S31508018C600AD020460DF02AFF864208BF254620462F
S31508018C70EDF72EFB0446ECE72546EBE72DE9F04731
S31508018C80037F0546DC078846924602D50020BDE8E3
S31508018C90F087C668BEB137464FF001093146284606
S31508018CA0D047B8420446F1D03E46ACB92B7F1907E6
S31508018CB0ECD5B9F1000FE9D02846C047044636B1CC
S31508018CC04FF00009F1E71A07F6D488470446002C45
S31508018CD0DCD026464FF00009206800F014FC030694
S31508018CE038D4276837BBEB68A342CFD073B128467F
S31508018CF01E68FFF7A7FF11210246304601F0CFFA99
S31508018D000128C3D1EB68186801F040FFEC602846DA
S31508018D102468FFF797FF10210246204601F0BFFAA3
S31508018D200128B3D1EB68186801F030FF2B69A3B9A4
S31508018D300120ACE70121384600F0D9FB20B93846B5
S31508018D4003F044FB0746CDE70121384600F0CFFB87
S31508018D500028C8D037462646A0E728469847E7E7B9
S31508018D6070B5064600F0D1FB0446002838D0C36822
S31508018D70E3B11B68B34219D1037FDA0744BF6FF326
S31508018D80000303770FF0F8FCE368834229D12046F4
S31508018D900FF0F5FCE368984223D105682046FFF7F2
S31508018DA051FF11210246284601F079FAE36823B1F9
S31508018DB01B68B34204BF0023E36020460FF0DCFCC6
S31508018DC0054668B12B682946B34220461CD10FF0E7
S31508018DD093FC2846F0F7AAFAB3680BB100225A6049
S31508018DE070BD237F2046C3F3C00543F008032377EC
S31508018DF05B0706D4E7F77AFA237F65F3C30323777C
S31508018E00D4E7E7F789FAF7E70FF0BCFCD8E770B5BE
S31508018E100D46044620B30846FFF7A2FFAB6813B90F
S31508018E20284600F098FDAB6820465C600FF048FCC8
S31508018E30064600B9FEE7056020460FF09DFC86420E
S31508018E400ED1237F2046C3F3C00543F008032377D9
S31508018E505B0706D4E7F74AFA237F65F3C30323774B
S31508018E6070BDE7F759FAF7E710B1C06800B10068B5
S31508018E70704738B5034600B9FEE7027FC2F34004DE
S31508018E808C4217D061F341020277FFF7EDFF0446E2
S31508018E9080B1DA6818461568FFF7D4FE1021024634
S31508018EA0284601F0FCF9012804D12046BDE83840DE
S31508018EB001F06CBE38BD10B1007FC0F340007047A9
S31508018EC02DE9F3414E680C462EB33046E8F776F99C
S31508018ED00746304602F06BF81022804600213046DC
S31508018EE0B56902F0B8FD2B18A3EB0803A361013B92
S31508018EF001902362122200213046756902F0ABFD0A
S31508018F004BF676330544E81B60610138E06163621C
S31508018F1002B0BDE8F08141F67603F8E72DE9F04F96
S31508018F2089B0B0F828A004468A45884607D00A467B
S31508018F30514602F0EDFD814620B9A4F8288009B012
S31508018F40BDE8F08F204601F021FE2046A4F82880CE
S31508018F5002F019FF4FF42070F0F7D6F9638D002659
S31508018F60C3F3051B6FEA0803074602960793B34541
S31508018F7017D9029B202B14D0E268F10002EBC60335
S31508018F805868C0F317051FFA80FE0798049510EA7A
S31508018F900E0F3AD1DB7913F0020308D00136B34537
S31508018FA0EAD81423029A3E4603FB027564E0525836
S31508018FB0117A1268FF2924D002EB8100994224D93B
S31508018FC010F801CBBCF1660F21D152F8233004E029
S31508018FD0662B02F1080214D14B68049A02F47F0247
S31508018FE006921A68013A0392039911F8012F03911F
S31508018FF0059252B1029A202A07D039464FF0000C41
S3150801900017E013781146002BE2D10136AFE7013399
S31508019010D4E7087A059DA84208D14868069A00F45B
S315080190207F05954202D180B27045DDD20CF1010C63
S315080190301431029A6245ECD11422029902FB01F01D
S31508019040DA6839183A521869039A48809868C860E4
S315080190501078049A087258684A60029A08610132BF
S315080190600292C1E77168434600965246204601F4CA
S315080190707F01E8F719FD1436AE42F3D13846F0F709
S3150801908055F909F0FD03012B08D1FF224FF4702190
S31508019090204609B0BDE8F04FE8F7CCBBB9F1020F9D
S315080190A07FF44DAF204601F071FD204609B0BDE8B9
S315080190B0F04F01F0B7B82DE9F041A6B005460FF01B
S315080190C01CF9064628460FF014F9172E044673D1E3
S315080190D028460FF016F903780546022B09D02D22EA
S315080190E00021204602F0B7FC06460A9020B1022369
S315080190F02B7026B0BDE8F08101460C22204602F00D
S31508019100AAFC6822074631460A90204602F0A3FCCB
S315080191106922804631460A90204602F09CFC636922
S3150801912002460A93A36941460B93E3690AA80C937D
S31508019130236A0D930EF079FA3A4668680AA90EF081
S315080191404AFB08B90123D3E71D223146204602F01E
S3150801915082FC0690C0B2FC28F4D95F22314620462B
S3150801916002F079FC0690C0B2FC28EBD920223146E0
S31508019170204602F070FC0690C0B240B12522314665
S31508019180204602F068FC0690C0B2FC28DAD92622ED
S315080191900021204602F05FFC069020B10023827A66
S315080191A003309A4201D80023A2E703EB8301415C0D
S315080191B0FC29C7D90133F4E71A2E37D1284601F01D
S315080191C006F906460AA8EBF78FF8002120460AAAEF
S315080191D000F07EFC35220021204602F03CFC069078
S315080191E028B19DF8713043F020038DF8713068225B
S315080191F00021204602F02FFC69220546002106902F
S31508019200204602F028FC2946024663690693A369AB
S315080192100793E3690893236A099306A80EF005FAEA
S31508019220304606AA0AA904F043FA62E71D2E7FF41E
S3150801923060AF284601F0CBF806AA064602A92046E1
S3150801924001F076FF02A80EF0E6F9002800F0AF80DB
S315080192500AA8EBF749F81D224FF48031204602F09F
S31508019260FAFB0190C0B202288DF8480010D91C22D9
S315080192704FF48031204602F0EEFBC0F30722C0F31B
S31508019280074301908DF849008DF84A208DF84B3037
S3150801929032224FF48031204602F0DDFB0190C0B244
S315080192A002288DF8700017D930224FF480312046F4
S315080192B002F0D1FB002801901B9040F3AF803122C8
S315080192C04FF48031204602F0C6FBC0F307430190F4
S315080192D0ADF866008DF868303E224FF4803120469D
S315080192E002F0B9FBC3B2022B01908DF8943023D951
S315080192F03C224FF48031204602F0ADFB0028019054
S31508019300219040F38F8042224FF48031204602F0AB
S31508019310A2FB3D22019024904FF48031204602F0B1
S315080193209AFBC0F30722C0F3074301908DF8810029
S315080193308DF882208DF883304FF48031204602F073
S31508019340F2FCFC280BD89DF8483013FB00F3C3F355
S3150801935007238DF848308DF870308DF894309DF8D4
S3150801936070209DF8483013439DF89420134324D068
S315080193700C224FF48031204602F06DFB01901190CA
S3150801938002A80EF048F930B10023304602AA0AA90C
S315080193900C9304F08DF906A80EF03DF968B1012386
S315080193A0304606AA0AA90C9304F082F905E006A834
S315080193B00EF031F900287FF44BAF35220021204603
S315080193C002F049FB0A9000283FF493AE00250AA84B
S315080193D0EAF78AFF294620460AAA8DF848508DF8E9
S315080193E063508DF880508DF8945000F071FB682217
S315080193F02946204602F02FFB692207462946069090
S31508019400204602F028FB636902460693A36939469A
S315080194100793E3690893236A0993FEE600238DF807
S31508019420703059E700238DF8943085E770B588B018
S315080194300D460446E7F73EF8EA0606460CD56946A0
S31508019440204604AA01F074FE6946204601F073FB22
S31508019450204604A901F06FFB636A23EA05036362E8
S31508019460EB070ED5204601F091FB2046E7F722F8D7
S3150801947038B1204602F0AAFF01F054F9204601F05E
S3150801948051F92046E7F716F8B04202D115F0C07F28
S3150801949007D0204602F09AFF08B0BDE8704001F0F7
S315080194A041B908B070BD38B5038D044643EA0105D4
S315080194B099430DD025EA03031B0603D5014600206F
S315080194C0ECF772FF29462046BDE83840FFF726BD6E
S315080194D038BD0A46038D1A4223EA010101D0FFF776
S315080194E01DBD70470AB1FFF7DEBFFFF7F2BF436A3A
S315080194F099430CBF012000207047436A194214BFE3
S31508019500012000207047008D7047806800B14068CF
S315080195107047F0B589B008460D460EF0EEFE0646D0
S3150801952028460EF0E6FE012E044605D1202109B093
S31508019530BDE8F040FFF7B7BF033E2C2E56D8DFE84B
S3150801954016F0480055005500550055002D000F012D
S3150801955055001101550055005F005500E900280125
S31508019560550055008F019401960189017F01550027
S3150801957089015500550089015500550055005500CA
S31508019580550055005500550055004D015500780107
S3150801959055005500550055002A014F002021FFF7B7
S315080195A098FF28460EF0ADFE0DF0A9FAF0B9636AE8
S315080195B01E071BD5238D0121DD07204633D4FFF76E
S315080195C072FF00222021204609B0BDE8F04000F0D4
S315080195D066BE2021204609B0BDE8F040FFF779BFF5
S315080195E002F02AFF00250646B54201D109B0F0BDB1
S315080195F0A3681B6853F8250001F094F80135F3E7D1
S31508019600436A180715D5284600F0EAFE132802D141
S3150801961001212046D3E71128FAD0142801D01228AF
S3150801962004D101212046FFF754FFCAE70A28DDD0F5
S31508019630C7E703F40163B3F5016FD7D1204600F0FC
S31508019640C0F90028D2D12046E7F7B8FD07462046DB
S31508019650E7F70CFE0646284600F0C2FE12280DD191
S31508019660204601F09FFC0546204601F0D0F8011E70
S31508019670B8BF0331002205EBA1010EE0112812D172
S31508019680204601F08FFC0546204601F0C0F8011E70
S3150801969000DA03310022A5EBA101204609B0BDE895
S315080196A0F040E7F7FDBE13281BD1204601F05FFC09
S315080196B08107D5D0002F01DC002ED1DD204601F02F
S315080196C06CFC0546204601F09FF80022011EB8BF32
S315080196D0033105EBA101204609B0BDE8F040E7F7E3
S315080196E0CBBE142882D1204601F041FC8207C7D09F
S315080196F0002F01DC002EC3DD204601F04EFC054695
S31508019700204601F081F8011EB8BF03310022A5EBFE
S31508019710A101E0E7436A5B0502D5012101F0ECFCF2
S315080197202046FFF7F2FEFFF7C6FB0646ECF7DAFD21
S3150801973010B9284600F039FE0DF0BAF9022808D00A
S31508019740042814BF022106212EB141F00801204642
S31508019750EDE60621F8E72046FFF7A5FE082139E7D9
S315080197604021F4E74021FFF7B4FE204601F0F6FB5D
S3150801977002287FF43BAF6946204604AA01F0D8FCCB
S315080197806946204601F0D7F9204604A901F0D3F924
S315080197902CE70E211EE70A22002102F05CF91622A7
S315080197A0049005460021204602F055F9049080B23E
S315080197B008B9EDB215B1204600F0B4FF204602F013
S315080197C03BFE00250646B5423FF410AFA3681B6869
S315080197D053F8250000F0A6FF0135F4E70122002120
S315080197E002F039F90222002104900746204602F0C8
S315080197F032F90A22002104900646204602F02BF986
S315080198001622049005460021204602F024F9049008
S3150801981080B240B9EDB235B96FF040439F4202D0EC
S315080198209E427FF4E3AE204609B0BDE8F04000F061
S3150801983079BF90F82A3043F0020380F82A30F2E71C
S31508019840002100F083FC0146284609B0BDE8F04036
S3150801985000F0DEBD284609B0BDE8F040FFF72BBC95
S315080198602021FFF736FE4021B4E610216FE71021CB
S31508019870B0E610B50C460846EEF7D2FD0020E7F72C
S31508019880D3FF2046E8F798F80120E7F7CDFF002136
S315080198902046EEF711FD2046FFF737FE10B12046A8
S315080198A0FFF75EFAA3687BB1186820B1EFF73EFDB2
S315080198B00022A3681A60A06808300EF001FDA068AE
S315080198C0EFF734FD0023A36010BDF0B589B00D464E
S315080198D00446E6F7EFFDE907074623D4636A2B43F7
S315080198E063622046E6F7E6FDB84202D115F0C07F6D
S315080198F007D0204602F06AFD00F014FF204600F06A
S3150801990011FFEB060CD56946204604AA01F010FCA6
S315080199106946204601F00FF9204604A901F00BF922
S3150801992009B0F0BD204601F031F9636A2B43636241
S31508019930238D9A07D5D52046FFF7E7FD0646002869
S31508019940CFD0E6F7D3FC3046FFF78EFA0028C8D009
S3150801995001F01CF9C5E710B5836804465BB92C20EC
S31508019960EFF7D2FCA06000B9FEE7438D43F47073AC
S3150801997043F00303438510BD18B10068431A5842E2
S315080199805841704770B50E68054633680C461BB1D9
S315080199900B60FFF7F7FF2660736823B12146284657
S315080199A0BDE87040184770BD10B504462068836845
S315080199B00BB12146984723681B680BB12360F5E76D
S315080199C010BD006838B190F8203013F00303F8D0C1
S315080199D0013B584258417047006838B190F8203029
S315080199E013F00C03F8D0043B58425841704738B578
S315080199F00446B0B300F096FE0020E7F715FF2046AF
S31508019A0010F089FD21462068FFF7BCFF0120E7F722
S31508019A100BFFFF224FF470212046E7F70BFF204684
S31508019A2000F03BFFE6F75CFC024638B12046FFF73B
S31508019A30D3FF18B121461046FFF7E9F9204602F08F
S31508019A40C5FC054668B12246272100F028FC2246B6
S31508019A502846282100F023FC2046BDE8384001F0BD
S31508019A6095B838BD30B585B01C2204460D4601F0BF
S31508019A70F2FF29460246204602F023F80346002053
S31508019A80DAB262F30700C3F3072262F30F20C3F3C6
S31508019A90074363F3174005B030BD30B585B058228A
S31508019AA004460D4601F0D7FF29460246204602F034
S31508019AB008F803460020DAB262F30700C3F3072267
S31508019AC062F30F20C3F3074363F3174005B030BDB4
S31508019AD0F0B587B0C2E9000106460D46144602F004
S31508019AE022F9074675B102280CD8002384F82030DC
S31508019AF084F83B3084F8483084F8583084F86C3060
S31508019B0007B0F0BD0C222946304601F0A4FF94F8AF
S31508019B1020300590E0615BB31D222946304601F0ED
S31508019B209AFF0590C0B2022884F8200020D9294658
S31508019B303046FFF797FFC0F3072384F82100C0F3E7
S31508019B400740294684F823002622304684F8223025
S31508019B5001F081FF01460590002800F00781C37ACC
S31508019B605A0700F003810C2204F1240010F077F85B
S31508019B7094F8483073B330222946304601F06BFF1A
S31508019B800590606430B332222946304601F063FFFE
S31508019B900590C0B2022884F848001BD93422294608
S31508019BA0304601F058FF94F84930312260F3040336
S31508019BB084F8493029460590304601F04CFF29467C
S31508019BC00246304601F07DFFC0F307430590E08762
S31508019BD084F8403094F8583053B338222946304631
S31508019BE001F039FF0590206510B33A22294630461F
S31508019BF001F031FF0590C0B2022884F8580017D940
S31508019C003B222946304601F026FF3922294605908E
S31508019C106065304601F01FFF29460246304601F0CD
S31508019C2050FFC0F307430590A4F84A0084F84C3066
S31508019C3094F83B306BB328222946304601F00BFFD6
S31508019C400590206328B329222946304601F003FFEF
S31508019C500590C0B2022884F83B001AD9206B03F09C
S31508019C6095FA022840F0D5805A222946304601F055
S31508019C70F2FE2946059060633046FFF70EFFC0F3F2
S31508019C80072384F83800C0F3074084F8393084F88C
S31508019C903A0094F86C30002B41D03C2229463046D4
S31508019CA001F0D9FE0590E065002838D094F86C30AB
S31508019CB0022B34D93E222946304601F0CCFE0590C6
S31508019CC0C0B2022884F86C0029D9402229463046B8
S31508019CD001F0C1FE4122294605902066304601F071
S31508019CE0BAFE4222294605906066304601F0B3FE67
S31508019CF03D2229460590A066304601F0ACFE29466C
S31508019D0002460590304601F0DCFEC0F30722C0F397
S31508019D10074384F8590084F85A2084F85B30FC2FED
S31508019D203FF6EEAE94F8203013FB07F31B1284F8C6
S31508019D30203094F83B3013FB07F31B1284F83B30B1
S31508019D4094F8483013FB07F31B1284F8483094F84B
S31508019D506C3013FB07F31B1284F86C3094F85830F7
S31508019D6013FB07F31B1284F85830C9E6202229464B
S31508019D70304601F070FE94F82F30059060F3020327
S31508019D8084F82F305B073FF4F3AE29463046FFF7D8
S31508019D9069FEC0F3072384F82400C0F3074084F85A
S31508019DA025302322294684F82600304601F053FE41
S31508019DB029460246304601F084FEC0F30743C0F344
S31508019DC0072284F82B302946059084F8290084F85F
S31508019DD02A203046212201F03EFE222229460590FC
S31508019DE084F82800304601F036FE242229460590DB
S31508019DF084F82D00304601F02EFE2522059084F8C0
S31508019E0027002946304601F026FE059084F82C00E5
S31508019E10AEE62A222946304601F01DFE29460246AB
S31508019E20304601F04EFEC0F307432B222946059022
S31508019E30208784F83A30304601F00DFE2C22059031
S31508019E4084F83C002946304601F005FE05900038A5
S31508019E5018BF012084F83D001BE773B51446C2E913
S31508019E600001592206460D4601F0F5FD0190C0B2E2
S31508019E70022884F8480053D92946304601F053FF91
S31508019E80FC289FBF94F8483013FB00F0001284F8B1
S31508019E90480094F84830022B42D929463046FFF744
S31508019EA0FCFDC0F3072384F82C00C0F3074084F8AF
S31508019EB02D305B22294684F82E00304601F0CBFD71
S31508019EC05C2229460190E063304601F0C4FD5D221B
S31508019ED00190A0632946304601F0BDFD94F84C3047
S31508019EE0019060F3020384F84C305DB1672229467C
S31508019EF0304601F0B0FD94F84C30019060F3C5038B
S31508019F0084F84C305A222946304601F0A4FD5E22D7
S31508019F10019020622946304601F09DFD84F84A00E9
S31508019F2002B070BDF7B51446C2E9000144220546E0
S31508019F300E4601F090FD0190C0B2022884F84C004B
S31508019F404BD93146284601F0EEFEFC289FBF94F80E
S31508019F504C3013FB00F0001284F84C0094F84C3096
S31508019F60022B3AD94FF48073002205F11407C4E98C
S31508019F700B23636338460DF0B9FE00EBD070401031
S31508019F80206438460DF0B7FE00EBD070401046222B
S31508019F9031466064284601F05EFD4522314601904E
S31508019FA084F84B00284601F056FD314602462846FC
S31508019FB001F087FDC0F307430190A4F8480084F82F
S31508019FC04A3056B167223146284601F044FD94F8D5
S31508019FD04D3060F3030384F84D3003B0F0BD73B51B
S31508019FE01446C2E900014D2206460D4601F033FD2D
S31508019FF00190C0B2022884F83C0055D9294630465A
S3150801A00001F091FEFC289FBF94F83C3013FB00F049
S3150801A010001284F83C0094F83C30022B44D94822BB
S3150801A0202946304601F017FD0190206300283BD0F0
S3150801A0304C222946304601F00EFD29460246304695
S3150801A04001F03FFDC0F307430190A0854922294647
S3150801A050304684F82E3001F0FEFC0190606330B181
S3150801A0604A222946304601F0F6FC0190A0634B22AC
S3150801A0702946304601F0EFFC0190003818BF01204F
S3150801A08094F83D3060F3820360F3C30384F83D30EE
S3150801A09055B167222946304601F0DDFC94F83D307A
S3150801A0A060F3010384F83D3002B070BD73B5144600
S3150801A0B0C2E90001502205460E4601F0CCFC01908A
S3150801A0C02062002840D053223146284601F0C3FCBD
S3150801A0D00190C0B2022884F83C0035D93146284699
S3150801A0E001F021FEFC289FBF94F83C3013FB00F0D9
S3150801A0F0001284F83C0094F83C30022B24D95222F1
S3150801A1003146284601F0A7FC314602460190284609
S3150801A11001F0D7FCC0F30743A377542231460090D8
S3150801A120A083284601F097FC51220090A06331468E
S3150801A130284601F090FC003818BF012094F83D30FC
S3150801A14060F3000384F83D3002B070BDF7B53C22D8
S3150801A15005460E4601F07FFC0446019080BB0024AB
S3150801A16038223146284601F076FC0746019090B11F
S3150801A1703A223146284601F06EFC0190C0B2022807
S3150801A18009D93B223146284601F065FC0744BC4201
S3150801A190B8BF3C46019031466822284601F05BFC6F
S3150801A1A06922074601903146284601F054FCB84217
S3150801A1B0B8BF38460028C8BF2418204603B0F0BDEA
S3150801A1C03E223146284601F046FC0190C0B20228DB
S3150801A1D0C5D942223146284601F03DFC04EBD47428
S3150801A1E0641001344022314601900444284601F0A6
S3150801A1F032FC4122074601903146284601F02BFCE4
S3150801A20000280190B8BF4042002FB8BF7F42B8422C
S3150801A210ACBF2418E41924EAE474A1E7806800B104
S3150801A220406A704737B50446FFF7F8FF002301AACD
S3150801A230054618212046019300F031F8A268019BD2
S3150801A24042B15362019BAB4202D0204600F09EFC0C
S3150801A25003B030BD002BF5D02046FFF77CFBA36881
S3150801A260019A5A62EEE7806818B190F82B00C0F39C
S3150801A2708100704710B50C4668B90B68186860B15B
S3150801A280C36843B100222146E2609847207EC04355
S3150801A29000F0010002E00068F1E7012010BD10B5E9
S3150801A2A088B0C8B10023CDE904329DF81C30CDE948
S3150801A2B0010023F0070301A8ADF80C108DF81C3036
S3150801A2C0EEF7A0F801A8E6F7A7F8044601A8EEF705
S3150801A2D0A1F8204608B010BD0124FAE72DE9F0419E
S3150801A2E007460C4615461E46FFF735FBB868334642
S3150801A2F02A462146BDE8F04108300DF0A6BF00B94F
S3150801A300FEE7806810B108300DF0BDBF704700B98F
S3150801A310FEE7806810B108300DF0B9BF704700B983
S3150801A320FEE7806810B108300DF0B9BF7047F8B57F
S3150801A3300F46054600B9FEE7FFF7E1FF002406468A
S3150801A340B44201D100200BE021462846FFF7DFFF82
S3150801A3500368BB4205D121462846FFF7E0FF0120E5
S3150801A360F8BD0134ECE72DE9F0410F469046054664
S3150801A37000B9FEE7FFF7C3FF0026441E002C02DAE8
S3150801A3803046BDE8F08121462846FFF7C0FF50B1A7
S3150801A3900368BB4207D14368434504D12146284691
S3150801A3A0FFF7BDFF0136013CE8E703895A1E082A73
S3150801A3B009D90B3B9BB20B2B07D840F6EF4222FA81
S3150801A3C003F3DB0701D50DF09CBF00207047038915
S3150801A3D0193B9BB2052B01D80DF093BF002070479E
S3150801A3E008B503890E2B01D0002008BD0DF089FFA1
S3150801A3F00028F9D00068F8E708B503890F2B01D0C2
S3150801A400002008BD0DF07DFF0028F9D00068F8E7A7
S3150801A41010B503890C46182B06D10DF072FF036897
S3150801A420A342ACBF0360046010BD07B52722002113
S3150801A43001F011FBC0B203B05DF804FB73B512223B
S3150801A4400021064601F007FB30220446019000214F
S3150801A450304601F000FB34220546019000213046C2
S3150801A46001F0F9FA430748BF6419204602B070BDE6
S3150801A4702DE9F04F8BB00591924600216E220446D4
S3150801A4801D4601F0E8FA6C2200210890064683462B
S3150801A490204601F0E0FA6D22012807460890814618
S3150801A4A04FF000012046B8BF012701F0D4FA012870
S3150801A4B080460890B8BF4FF001082EB9B9F5807FDC
S3150801A4C002D1B0F5807F6AD06F220021204601F0C3
S3150801A4D0C2FA702208900021204601F0BCFA089BB6
S3150801A4E0099003F0C042B2F1005F19D16FF06042E2
S3150801A4F023F0C049914513D0B9F1805FA4BFC9F1D2
S3150801A5007F6909F57F2904F11400A8BF09F6FF79C7
S3150801A5100DF0ECFB642309FB00F090FBF3F00890C7
S3150801A520099B03F0C042B2F1005F19D16FF0604296
S3150801A53023F0C049914513D0B9F1805FA4BFC9F191
S3150801A5407F6909F57F2904F11400A8BF09F6FF7987
S3150801A5500DF0D1FB642309FB00F090FBF3F00990A1
S3150801A5606269089B13440893A269099B13440993DA
S3150801A5704DB14FF6FF73FA184344B2FBF7F7B3FB35
S3150801A580F8F8C6F1000B08AB85F00105CDE90083A3
S3150801A5905A463B465146059802950DF0D5FA0BB039
S3150801A5A0BDE8F08F73B511220021064601F053FA72
S3150801A5B03022044601900021304601F04CFA34223B
S3150801A5C0054601900021304601F045FAC30748BF08
S3150801A5D06419204602B070BD73B5102200210646E3
S3150801A5E001F039FA3022044601900021304601F083
S3150801A5F032FA3422054601900021304601F02BFA41
S3150801A600830748BF6419204602B070BD73B513228B
S3150801A6100021064601F01FFA302204460190002166
S3150801A620304601F018FA34220546019000213046D9
S3150801A63001F011FA030748BF6419204602B070BD3C
S3150801A64037B500230C4601AA0821054601F019FA77
S3150801A650012804D1019BA34203D103B030BD0028D0
S3150801A660FBD100222146284601F0FDFDF5E737B565
S3150801A67000230C4601AA0921054601F002FA012820
S3150801A68004D1019BA34203D103B030BD0028FBD1FD
S3150801A69000222146284601F0EDFDF5E738B50446C6
S3150801A6A01546FFF7CDFF29462046BDE83840FFF796
S3150801A6B0DEBF37B500230C4601AA0121054601F084
S3150801A6C0E0F9012804D1019BA34203D103B030BDAF
S3150801A6D00028FBD100222146284601F0AFFDF5E707
S3150801A6E037B500230C4601AA0221054601F0C9F92E
S3150801A6F0012804D1019BA34203D103B030BD002830
S3150801A700FBD100222146284601F0A6FDF5E738B51A
S3150801A71004461546FFF7CDFF29462046BDE83840D1
S3150801A720FFF7DEBF08B590F82A2042F0010280F84B
S3150801A7302A2001F043FE90F82A2042F0040280F80C
S3150801A7402A20E7F70DFBBDE808400022352102F073
S3150801A750A8BA10B50446002289B201F0EFFD2046D9
S3150801A760BDE81040FFF7DEBF70B5044615461E4624
S3150801A770002201F086FD324629462046BDE8704092
S3150801A780FFF78CBF43690B6083694B60C3698B60B4
S3150801A790036ACB60704738B5044601F017FE646951
S3150801A7A0054648B14269A41A00F0F7FB0444284655
S3150801A7B0FFF744FE201A38BD2046FCE738B50446A3
S3150801A7C001F004FEA469054648B18269A41A00F09D
S3150801A7D0E9FB04442846FFF7FFFE201A38BD204648
S3150801A7E0FCE738B50546FFF7E9FF044605F114000D
S3150801A7F00DF081FA204438BD07B50922002101F080
S3150801A8002AF903B05DF804FB14300DF06FBA143061
S3150801A8100DF071BA70B50446FFF710FE06462046DC
S3150801A820FFF7F4FE054604F114000DF05FFA801BEC
S3150801A830401B70BD70B50446FFF7CEFE064620469E
S3150801A840FFF7B0FE054604F114000DF054FA801B1B
S3150801A850401B70BD38B543690C460B6083690546D4
S3150801A8604B60C3698B60036ACB60FFF7E7FD23681A
S3150801A870034423602846FFF7C9FEA3681B1AA36091
S3150801A8802846FFF7A9FE6368034463602846FFF775
S3150801A89089FEE3681B1AE36038BD37B5012200213A
S3150801A8A0044601F0D8F80222054601900021204607
S3150801A8B001F0D1F86FF040439D42019001D09842D2
S3150801A8C005D12046FFF72EFF012003B030BD002039
S3150801A8D0FBE72DE9F04781460D4616469A4601F0F3
S3150801A8E0ABFD00278046474501D1BDE8F087D9F879
S3150801A8F008301B6853F82740BAF1000F13D1636972
S3150801A90032462B446361A36929463344A361E3694B
S3150801A91020462B44E361236A334423620023FFF76D
S3150801A920D8FF0137DFE74FF480212046FEF7DFFD28
S3150801A9300028E4D0F5E72DE9F04704460D4616460A
S3150801A9401F4603F0010903F0020A6CB32046FFF71C
S3150801A9508AFC0AF0FF038046BAF1000F15D0B9F157
S3150801A960000F07D0204601F031FD3B463246294605
S3150801A970FFF7E1FFB8F1020F16D132462946204604
S3150801A980BDE8F0470123FFF773BD022804D132461B
S3150801A99029462046FFF76CFDB9F1000F04D0204681
S3150801A9A001F014FD0446D0E7BDE8F08713460122FD
S3150801A9B0FFF7C1BF70B588B00C4609686668A56817
S3150801A9C0CDE901610091E16801350131CDE9065111
S3150801A9D01346039104226946CDE90456FFF7ABFFF6
S3150801A9E0069B049D1A46AB42A8BF2A4602980099BF
S3150801A9F08242A8BF02468A42D4BF22602160AB4286
S3150801AA00B8BF2B468342B8BF0346059D8B42ACBFF0
S3150801AA10A360A160079B0398AB421A46A8BF2A46C2
S3150801AA208242A8BF024601998A42D4BF6260616028
S3150801AA30AB42B8BF2B468342B8BF03468B42ACBF75
S3150801AA40E360E16008B070BDF0B589B00D4601213B
S3150801AA500446FEF74CFD002869D1204601F0AEFCFC
S3150801AA600646E7F77DF90746E8F76EF886424AD1C2
S3150801AA702046FFF7D3FB636902460093A3690146A3
S3150801AA800193E36968460293236A03930CF0CDFDAB
S3150801AA906A46294628460CF0E2FD0646002846D0B5
S3150801AAA0204601222946FFF785FF204601F08EFC44
S3150801AAB0044604AFE4B301212046FEF718FDB0BBF6
S3150801AAC004F114030FCB87E80F004FF480112046D9
S3150801AAD0FEF70DFD38B12046FFF7A0FB02460146F9
S3150801AAE038460CF0A2FD012239462046FFF762FFDF
S3150801AAF03A46294628460CF0B2FDC0B1204601F077
S3150801AB0065FC0446D6E73846E8F728F88642AFD00A
S3150801AB103846E8F741F88642AAD03846E8F728F8D1
S3150801AB208642A5D03846E8F72DF88642A0D00026F9
S3150801AB30304609B0F0BD30B585B00C460546E7F795
S3150801AB400FF9E8F7D1FAF8B1236869460093636803
S3150801AB5028460193A3680293E3680393FFF774FFFA
S3150801AB6090B1AB6853B193F82B3003F00C03082B63
S3150801AB7004D10522684611460CF057FD2846E7F729
S3150801AB80EFF8694601F01CFF05B030BD30B585B058
S3150801AB900446FFF743FBD4E90623256A6169121ABD
S3150801ABA00344091A284400910390694620460192F4
S3150801ABB00293FFF7C0FF05B030BD2DE9F04389B018
S3150801ABC0456804460E4617469DB14FF48021FEF7A7
S3150801ABD08EFCD5F81490002847D0AB69B1441F44C0
S3150801ABE02846FFF72BFC09EB00062846FFF7F4FC7D
S3150801ABF007446369F61AA369FF1A56EA070331D0AF
S3150801AC002046FFF7C3FF63690093A3690193E369CC
S3150801AC100293236A03936DB1284604A9FFF71AFE26
S3150801AC200022684604A90CF0D6FD804620B92846BC
S3150801AC3000F087FD4FF0000863693A4633446361C3
S3150801AC40A36931463B44A361E36920463344E36182
S3150801AC50236A3B4423620023FFF73BFE9DB9204646
S3150801AC60FFF794FF09B0BDE8F083284600F095F98F
S3150801AC70A9EB00092846B144AE6900F093F9A6EBA1
S3150801AC8000084744ACE7224627212846FFF707FB79
S3150801AC902046FFF77BFF002204A904F114000CF0FB
S3150801ACA09AFDB8F1000F01D10028DBD0284600F043
S3150801ACB048FDD7E730B585B00446FFF7AFFAD4E9C2
S3150801ACC00623256A6169121A0344091A2844009160
S3150801ACD003906946204601920293FFF7B5FE05B037
S3150801ACE030BD38B505460C46FEF735FEAB681C6225
S3150801ACF038BD03465A6908460A609A694A60DA699C
S3150801AD008A601A6A9B68CA601BB11A6A11460CF0F6
S3150801AD108CBC704730B50446084601F0C041B1F114
S3150801AD20005F12D16FF0604520F0C041A9420CD0F6
S3150801AD306420B1F1805FA2BFC1F17F6101F57F2176
S3150801AD4001F6FF71594391FBF0F002F0C041B1F1F0
S3150801AD50005F12D16FF0604522F0C041A9420CD0C4
S3150801AD606422B1F1805FA2BFC1F17F6101F57F2144
S3150801AD7001F6FF71594391FBF2F2A242A8BF22469E
S3150801AD809042B8BF104630BD70B5044601F054FB79
S3150801AD9000250646B5421FD194F82A30D9070DD5A4
S3150801ADA06FF30003204684F82A30E5F7C9FC2046EC
S3150801ADB0E5F7BAFB15B12046ECF79CFC94F82A3066
S3150801ADC09A0711D56FF34103204684F82A300021EA
S3150801ADD0BDE8704000F0D6BCA3681B6853F825008F
S3150801ADE0FFF7D2FF0135D5E770BD07B5272200F079
S3150801ADF032FEC0B203B05DF804FB90F854305B072D
S3150801AE0004D500220B210068FFF749BA704773B5CC
S3150801AE1012220021064600F01EFE30220446019049
S3150801AE200021304600F017FE342205460190002124
S3150801AE30304600F010FE430748BF6419204602B0A9
S3150801AE4070BD73B511220021064600F004FE3022BA
S3150801AE50044601900021304600F0FDFD34220546E6
S3150801AE6001900021304600F0F6FDC30748BF64197A
S3150801AE70204602B070BD73B510220021064600F0C7
S3150801AE80EAFD3022044601900021304600F0E3FD38
S3150801AE903422054601900021304600F0DCFD830787
S3150801AEA048BF6419204602B070BD73B5132200214C
S3150801AEB0064600F0D0FD30220446019000213046B6
S3150801AEC000F0C9FD3422054601900021304600F004
S3150801AED0C2FD030748BF6419204602B070BD38B5E4
S3150801AEE004460D46FEF737FDA26892F82A3003F0AC
S3150801AEF00301A94208D065F30103204682F82A30E6
S3150801AF00BDE83840FFF742BE38BD38B505460C46A0
S3150801AF10FEF721FDAA68538DC3F38311A1421CBF15
S3150801AF2064F38913538538BD38B505460C46FEF7D3
S3150801AF3012FDAB6893F82A2064F3830283F82A206A
S3150801AF4038BD38B505460C46FEF705FDAB6893F8DE
S3150801AF502A2064F3051283F82A2038BD836823B1B1
S3150801AF6093F82A0000F003007047032070478368AE
S3150801AF701BB1588DC0F3831070470F207047806846
S3150801AF8018B190F82A00C0F381007047806818B19B
S3150801AF9090F82A00C0F301107047806808B18069EB
S3150801AFA040427047806808B1C06940427047FFF760
S3150801AFB0F9BF70B551EA020304460D46164618D084
S3150801AFC0FEF7C9FCA36829469A6920462A449A616C
S3150801AFD0DA693244DA6101233246FFF77AFC002244
S3150801AFE00C212046FFF75BF9012803D12046FFF71C
S3150801AFF0CDFD012070BD08B50346FFF7D3FF421802
S3150801B0001846BDE808400021FFF7D3BF08B5034637
S3150801B010FFF7C3FF002201441846BDE80840FFF7C1
S3150801B020C8BF2DE9F047984651EA02030546894605
S3150801B030924651D0E5F748FE2846FFF7AEFF0021B4
S3150801B0400746A9EB00092846FFF7CFFE01282ED0AF
S3150801B050B9F1000F3CDA2846E6F7B0F80446284667
S3150801B060E6F704F9204420EAE07044424C45B8BFAB
S3150801B0704C462846FFF796FFBAEB000A814629D5C2
S3150801B0802846E6F74FF809EB000626EAE676764201
S3150801B0905645B8BF5646391909EB060251EA020365
S3150801B0A01AD043462846BDE8F047E6F755B9B9F13F
S3150801B0B0000F0DDD2846E6F781F804462846E6F72F
S3150801B0C0D5F8044424EAE4744C45A8BF4C46D0E7B5
S3150801B0D00024CEE70026DEE7BDE8F08770B5054611
S3150801B0E016461C461A46E6F7C7F922463146284649
S3150801B0F0BDE87040E6F7D4B973B504460E46E5F7E0
S3150801B100E3FD00232046CDE9003301F05FF905464A
S3150801B110214614340DB902B070BD33466A4620463D
S3150801B120E6F7D2F9284601F051F929460546F1E72D
S3150801B1302DE9F04F91B04FF0FF360D461746002224
S3150801B140044611463346284600960CF054FA002266
S3150801B15033461146384600960CF04DFA1021204622
S3150801B160FEF7C5F98046C0B32046FFF7F7FE8346CA
S3150801B17098B30020EBF7ACF8BBF1020F824629D051
S3150801B1802046FFF70FFF81462046E5F7CBFF0B90D8
S3150801B1902046E6F713F807902046E6F767F8049085
S3150801B1A02046FFF7E4FE10F00C0F00F003061FD14E
S3150801B1B09EB1BBF1010F40F0058146464FF00008EC
S3150801B1C032E050460BF09BFC8442D9D05046EBF74F
S3150801B1D07FF88246BAF1000FF3D111B0BDE8F08FBE
S3150801B1E0002EFAD050460BF07DFC0328F5D1E4E792
S3150801B1F0BBF1010FF6B200F0D880BBF1030F40F0A6
S3150801B200C080B9F1000F0BDC0B9B002B08DC002E6C
S3150801B210E3D0079B002BD0DC049B002BCDDCDCE7BD
S3150801B220002E40F0C68000264FF480312046FFF7F5
S3150801B230DCFD10224FF480310890204600F00BFC0B
S3150801B24011224FF4803105900F90204600F003FC3F
S3150801B25012224FF4803106900F90204600F0FBFB36
S3150801B26013224FF480310F908246204600F0F3FBFB
S3150801B27001224FF480310F908346204600F0EBFB04
S3150801B28003900F902046FFF7C2FA09902046FFF770
S3150801B290BBFAB8F1000F039B08BF0023002E0293E7
S3150801B2A0039B08BF00230A901D224FF480312046D4
S3150801B2B00C9300F0D0FB0F90C0B2012840F28D80AC
S3150801B2C0B8F1000F40F09580002E86D00A9B079EA4
S3150801B2D01E44049BF61880D0236A069A00209B1AFE
S3150801B2E0039AEB609B1A01336B6063694FF00A0995
S3150801B2F02B60E369AB600A9BA3EB0A07029BA7EBEA
S3150801B3000B07FF1A0A9B07FB03F8E7F7EDFB09FB97
S3150801B31000F0EF2898FBF6F840F35B810020E7F789
S3150801B320E3FBA02309FB00F0503090FBF3F08045C6
S3150801B33013DC0020E7F7D8FB4FF00A0808FB00F0FA
S3150801B340EF2840F348810020E7F7CEFBA02308FB4E
S3150801B35000F808F1500898FBF3F80A9B6269F61A97
S3150801B360002E00F34281089B5244012BE36940F009
S3150801B37035810299A3EB0B0311444A1E2A60AB607F
S3150801B3802BE7BBF1020F7FF428AF50460BF0AAFB5F
S3150801B3900C287FF425AF002E3FF445AF50460BF03D
S3150801B3A0A1FBC31E5E425E413EE7003E18BF012671
S3150801B3B03AE7079B002B0EDC049B002BD4BF002623
S3150801B3C0012631E7BBF1030F3FF423AFBBF1020FAF
S3150801B3D07FF403AF06E7464626E732224FF480316B
S3150801B3E0204600F038FB0F90C0B201283FF668AF3F
S3150801B3F0F3E6099B99440B9B19EB03093FF464AFE8
S3150801B400A3697B60236AFB60089B012B4CD16369A6
S3150801B410039A53443B601344013BBB60099B059A5D
S3150801B4200020A3EB0208069BA8EB03080C9BA8EBDC
S3150801B4300308099B08FB03F393FBF9F30D93E7F75D
S3150801B44053FB0A225043EF280D9B36DD0020E7F710
S3150801B4504BFB0A225043A022503090FBF2F00D9B81
S3150801B46083420FDC0020E7F73FFB0A235843EF2806
S3150801B47025DD0020E7F738FB0A23A0224343503392
S3150801B48093FBF2F3099AA169A9EB0209B9F1000F35
S3150801B49017DC059B069A0B447B60236A9B1A0C9A58
S3150801B4A09B1A013BFB600FE7E369039AA3EB0B03C6
S3150801B4B0BB609B1A01333B60B0E70120D0E701234B
S3150801B4C0E0E70B9AA8EB030808FB02F292FBF9F9ED
S3150801B4D0A8EB090808EB0102059951180B44013B31
S3150801B4E07960FB60A3699A422FDA059A00201A440B
S3150801B4F07A6090464FF00A09E7F7F6FA09FB00F079
S3150801B500EF285EDD0020E7F7EFFAA02309FB00F03C
S3150801B510503090FBF3F0FB688044984515DD002018
S3150801B5204FF00A09D7F80480E7F7DEFA09FB00F0BD
S3150801B530EF2848DD0020E7F7D7FAA02309FB00F03A
S3150801B540503090FBF3F04044F8600C9A236A9B1A3A
S3150801B550069AA3EB0208FB6843457FF7B5AE0020C0
S3150801B560C7F80C80E7F7C0FA4FF00A0909FB00F0A3
S3150801B570EF282ADD0020E7F7B7FAA02309FB00F038
S3150801B580503090FBF3F07B68A8EB00089845BFF6AE
S3150801B5909BAE00204FF00A09D7F80C80E7F7A4FA0A
S3150801B5A009FB00F0EF2812DD0020E7F79DFAA0233A
S3150801B5B009FB00F0503090FBF3F0A8EB000078602F
S3150801B5C082E60120A7E70120BDE70120DBE701208C
S3150801B5D0F3E70120ABE64FF00108BEE62A60029ABE
S3150801B5E0A3EB0B039B1A013BC9E6049BA7EB0807D0
S3150801B5F07B4393FBF6F6BF1B1744089A0AEB07032E
S3150801B600012A63D1029A13442B6066694344013BBC
S3150801B610BE42AB6027DD5644164400202E60E7F78C
S3150801B62063FA0A277843EF284CDD0020E7F75CFA2E
S3150801B630A0237843503090FBF3F0AB6806449E4252
S3150801B64011DD00200A272E68E7F74EFA7843EF281E
S3150801B6503ADD0020E7F748FAA0237843503090FBFB
S3150801B660F3F00644AE60E469AB68A4EB0B04A342AD
S3150801B6707FF7B3AD0020AC60E7F736FA0A267043C8
S3150801B680EF285ADD0020E7F72FFAA0237043503040
S3150801B69090FBF3F02B68241A9C42BFF69EAD00205E
S3150801B6A00A26AC68E7F720FA7043EF2847DD002041
S3150801B6B0E7F71AFAA0237043503090FBF3F0241AE7
S3150801B6C02C608AE50898B8E70120CAE72B60666905
S3150801B6D0984408F1FF33BE42AB6026DD564400208C
S3150801B6E02E60E7F701FA0A277843EF2821DD0020C3
S3150801B6F0E7F7FAF9A0237843503090FBF3F0AB68EB
S3150801B70006449E4211DD00200A272E68E7F7ECF968
S3150801B7107843EF280FDD0020E7F7E6F9A023784301
S3150801B720503090FBF3F00644AE60E469029BE41ADC
S3150801B7309AE70120E3E70120F5E70120AAE70120BE
S3150801B740BDE710B588B0694604AA0446FFF7F0FCC0
S3150801B75068460BF060FF18B904A80BF05CFF78B1D6
S3150801B76068460BF058FF18B169462046FFF7E3F91A
S3150801B77004A80BF050FF18B1204604A9FFF7DBF91E
S3150801B78008B010BD2DE9F0410446FFF7FFFB8846D6
S3150801B790064698B92046FFF705FC07462046E5F711
S3150801B7A0C1FC051E0ADA002F08DD6A42BA42434681
S3150801B7B0A8BF3A4631462046E5F7CEFD2046FFF7B3
S3150801B7C0DEFB074620BB2046E5F7F8FC0646204681
S3150801B7D0E5F74CFD394605462046FFF706FB0128E5
S3150801B7E00ED0002D14DA002E12DD6942B14243460D
S3150801B7F03A46A8BF31462046BDE8F041E5F7ACBD5B
S3150801B800002E05DA002D03DD43463A463146F2E7B6
S3150801B810BDE8F08170B5047A0368FF2C0ED00020CC
S3150801B82003EB840584420ED800200BE0884203F11D
S3150801B830080303D163680120136003E018781C46E6
S3150801B8400028F3D170BD15F8016B8E4202D153F869
S3150801B8502030F0E70130E5E72DE9F74F0E461146AE
S3150801B8601A468B081F2B28BF1F234FF001090746CD
S3150801B870002490F82A5009FA03F906F47F0A05F01C
S3150801B88008057B8DC3F3051BA34505D84FF0FF3586
S3150801B890681C18BF01201CE0F8684FEAC40C00EBCD
S3150801B8A0C40393F807E01EF0020F15D00DB1013459
S3150801B8B0E7E75B6803F47F035345F8D150F80C00BA
S3150801B8C0436819EA030FF2D0FFF7A4FF0128EED166
S3150801B8D0012003B0BDE8F08FB6B2F3434FF0FF3550
S3150801B8E09BB20193A345D3D9FB6853F8340003EB04
S3150801B8F0C40C436819EA030F07D0DCF80430C3F314
S3150801B900170C03F47F039A4503D0A846454601342C
S3150801B910E8E7019B1FFA8CF81CEA030FF5D1A84545
S3150801B920F3DDFFF777FF0128EFD14645EED1CFE7E3
S3150801B930F8B5074600F080FD00240646B44200D15A
S3150801B940F8BDBB681B6853F8245001342846FFF735
S3150801B9501DF900222F212846FEF7A1FC2846FFF7EC
S3150801B96015F92846FFF7E4FFE8E7F8B5002204468B
S3150801B9700D46438DC3F3051393420BD815D1628D3A
S3150801B980013303F03F0363F30912628502F47C7203
S3150801B9908AB9FEE7E16801EBC201C879800708D5D3
S3150801B9A04968C1F31701A94203D1E06800EBC20057
S3150801B9B0F8BD0132E0E7D900E068EDF7C1FC0646BB
S3150801B9C0638DE060C3F30513A0F10807013B17D1A6
S3150801B9D01946082230460EF037FA0C20E668EDF7CC
S3150801B9E08BFCE368306018680DF0DEF9E068C3790E
S3150801B9F043F00203C371436865F317034360D7E74E
S3150801BA0006EBC30207EBC30103C982E80300DDE7BE
S3150801BA1070B5037A0446FF2B05681AD0002605EB94
S3150801BA208305237A9E4212D215F8010BECF752FED2
S3150801BA30830605D40136F4E7ECF74CFE820601D5F8
S3150801BA40012070BD013415F834000028F4D1002016
S3150801BA50F7E70024F7E737B5144600B9FEE70023F0
S3150801BA60058D009329436B46E5F74CFE012805D061
S3150801BA70204603B0BDE83040ECF7D6BD009803B0C8
S3150801BA8030BDF0B50024458DC5F30515A54201D88D
S3150801BA900020F0BDC7684FEAC40C07EBC40696F848
S3150801BAA007E01EF0010F0AD07668C6F317069E4214
S3150801BAB005D157F80C00BDE8F0400DF009BA01347C
S3150801BAC0E4E77FB50E4605460192F0B16122FFF71C
S3150801BAD0C2FF04460390C0B10368B3B1622231467E
S3150801BAE02846FFF7B8FF10F0FF0203900DD0236830
S3150801BAF0204601999847C0F307238DF80400C0F33F
S3150801BB0007408DF805308DF80600019804B070BD20
S3150801BB102DE9F743002507462E466FEA01086FEA25
S3150801BB2002097B8DC3F30513AB4240F28780FB689C
S3150801BB30E90003EBC502D07984077CD4928818EA18
S3150801BB40020F0CBF0120002019EA020F0CBF0122C7
S3150801BB50002290426FD05C5801AA102120460DF0B0
S3150801BB60B7F9002869D11121204601AA0DF0B0F9CB
S3150801BB70002862D11221204601AA0DF0A9F9002850
S3150801BB805BD11321204601AA0DF0A2F9002854D150
S3150801BB901521204601AA0DF09BF900284DD1142143
S3150801BBA0204601AA0DF094F9002846D1162120460F
S3150801BBB001AA0DF08DF900283FD16A21204601AA74
S3150801BBC00DF086F9002838D16B21204601AA0DF01F
S3150801BBD07FF990BB0121204601AA0DF079F960BBD6
S3150801BBE00221204601AA0DF073F930BB0421204633
S3150801BBF001AA0DF06DF900BB0521204601AA0DF039
S3150801BC0067F9D0B90621204601AA0DF061F9A0B954
S3150801BC100721204601AA0DF05BF970B930212046AB
S3150801BC2001AA0DF055F940B96821204601AA0DF07F
S3150801BC304FF938B10226013573E70326304603B0BA
S3150801BC40BDE8F0836921204601AA0DF041F90028D3
S3150801BC50F0D16E21204601AA0DF03AF90028E9D162
S3150801BC606C21204601AA0DF033F90028E2D16D2195
S3150801BC70204601AA0DF02CF90028DBD13A212046ED
S3150801BC8001AA0DF025F90028D4D13B21204601AAA5
S3150801BC900DF01EF90028CDD13821204601AA0DF054
S3150801BCA017F90028C6D13C21204601AA0DF010F942
S3150801BCB00028BFD13E21204601AA0DF009F9002826
S3150801BCC0B8D14021204601AA0DF002F90028B1D1C8
S3150801BCD04121204601AA0DF0FBF80028AAD14221EC
S3150801BCE0204601AA0DF0F4F80028A3D148212046E0
S3150801BCF001AA0DF0EDF800289CD1012E38BF0126C6
S3150801BD0099E773B55E2205460E46FFF7A4FE27227C
S3150801BD10C4B231462846FFF79EFE012C204638BF9D
S3150801BD20012002B070BD73B55F2205460E46FFF7C6
S3150801BD3092FEC4B2022C019003D80024204602B018
S3150801BD4070BDFC2C96BFC4EB0424FF24C4F307245E
S3150801BD501EB9284600F03AFB05462DB9022CECD946
S3150801BD60FD2C28BFFF24E9E75F2200212846FFF7BB
S3150801BD7072FE0190C0B20228DFD9FC289CBF444359
S3150801BD80C4F30724E5E737B56E2200210446FFF719
S3150801BD9062FE0546019020B1A368002B4ED102250B
S3150801BDA02EE001466C222046FFF755FEB0F5807F4E
S3150801BDB00190F1D16D2229462046FFF74CFEB0F5D8
S3150801BDC0807F0190E8D1294671222046FFF743FE7C
S3150801BDD0014601900028DFD172222046FFF73BFE7B
S3150801BDE0054601900028D7D1014660222046FFF773
S3150801BDF032FE0190C0B2FF280BD0A36833BB0125E0
S3150801BE002046FDF7A8FDA36893F82B2065F3830266
S3150801BE1019E0294673222046FFF71DFE01460190C7
S3150801BE200028EAD167222046FFF715FE019010F097
S3150801BE30FF00A368E2D113B903B030BD022093F81D
S3150801BE402B2060F3830283F82B20F5E70120F6E720
S3150801BE502DE9F84F04460F461FFA82F902F47F05C9
S3150801BE6011B30E7A1DB90846FFF7D2FDC0B9003ED7
S3150801BE7018BF01267642F6B200224FF6FF7A90469F
S3150801BE80638DC3F30513434510D8002A69D0002EE4
S3150801BE9067D029462046BDE8F84FFF22E5F7CABC18
S3150801BEA02046FEF773FEE2E7FF26E5E7E068D1459F
S3150801BEB000EBC8014B684FEAC80BC3F3170303D05D
S3150801BEC01FFA83FCCC450BD1B5F5702F03D003F4CB
S3150801BED07F039D4204D137B150F80B30BB4202D0E3
S3150801BEE008F10108CCE7CB79990705D50023FF228C
S3150801BEF029462046E5F742FCE36803EB0B02D279B3
S3150801BF0092070DD053F80B0008B10CF051FFE36806
S3150801BF1053F80B00EDF70AFA0022E36843F80B2001
S3150801BF20638D4246C3F30513D4F80CC003F1FF3BF6
S3150801BF3006E001320CEBC20E9EE803000EE903008F
S3150801BF409345F6D803F13F01638D01F03F0161F393
S3150801BF50091360466385C900EDF7F2F90122E0602D
S3150801BF608EE7BDE8F88F2DE9F041438D044603F4C9
S3150801BF707C73B3F57C7F0E46154600D1FEE7002398
S3150801BF80FF222946E5F7FAFB4EB115F47F0F06D1D4
S3150801BF903046FFF73DFD10B12046FEF7F7FD0027B5
S3150801BFA02A4631462046FFF753FF638DC3F305132F
S3150801BFB0BB4205D9E26802EBC702D27992070AD1D8
S3150801BFC0628D013303F03F0363F30912628502F4BC
S3150801BFD07C7212B9FEE70137EAE7E068D900EDF7A6
S3150801BFE0AFF98446E06000B9FEE7638DA0F1080E5B
S3150801BFF0C3F30513013B9F4217D30CEBC700082275
S3150801C00000210DF021FFE2684FEAC70802EB080399
S3150801C01042F837605A68294665F317025A6020467E
S3150801C020BDE8F041FF22E5F705BC0CEBC3020EEBB8
S3150801C030C30103C9013B82E80300DCE7F8B54B8D70
S3150801C040054613F47C7F0C46C3F305120CD028B1C0
S3150801C0500023E16851F83310A9420DD1FF224FF4AC
S3150801C06070212046E5F7E6FB204600F0E5F90026B3
S3150801C0700746BE4204D1F8BD01339A42E9D8F3E72F
S3150801C080A36828461B6853F82610FFF7D7FF013621
S3150801C090EFE72DE9F7431E460446002301920F46B2
S3150801C0A00A4606F47F01E5F769FB0023658DC5F3AA
S3150801C0B00515AB420AD3638D013505F03F0565F3D6
S3150801C0C00913638503F47C733BBBFEE7E168D8007B
S3150801C0D001EBC30292F807C01CF0010F1BD052688E
S3150801C0E0C2F31702964216D10D583EB93846ECF7F7
S3150801C0F0F1FA830602D52046FEF748FD3946284659
S3150801C100019A0CF09FFE3A463146204603B0BDE837
S3150801C110F043E5F78FBB0133CBE7E068E900EDF7BC
S3150801C1200FF90346E06000B9FEE7658DC5F305150D
S3150801C13005F1FF3905F10055023D00EBC5054FEA4A
S3150801C140C908B9F1000F1ED10822002103EB080026
S3150801C1500DF07AFE0C20E568EDF7CEF8E36845F8B0
S3150801C160390053F839000CF01FFEE16801EB0803AA
S3150801C170DA7942F00102DA715A6866F317025A60EF
S3150801C18051F83950B1E7EA79083D9207DCD1D5E98A
S3150801C1900201984488E8030009F1FF39CFE7F8B5A9
S3150801C1A00023044616460F46418DC1F305119942EF
S3150801C1B003D80DD100252846F8BDE26802EBC30273
S3150801C1C0D079C00713D55268C2F31702B2420ED10D
S3150801C1D0E268394652F833000CF0F9FD05460028A5
S3150801C1E0E8D03A4631462046E5F724FBE3E7013332
S3150801C1F0DDE770B50468A568227905F47F05294647
S3150801C2002068FFF728FC0023267929463246E06094
S3150801C210237120682346E5F7B1FAA16820682671DB
S3150801C220FFF7A3FBE268217900680CF00BFE22797F
S3150801C230A1682068BDE87040E5F7FCBA82B01346EC
S3150801C2400A46012102B0FFF724BF82B013460A4607
S3150801C250042102B0FFF71DBF82B013460A46022128
S3150801C26002B0FFF716BF82B013460A46082102B08C
S3150801C270FFF70FBF82B013460A46092102B0FFF73E
S3150801C28008BF82B013460A460A2102B0FFF701BF6A
S3150801C29082B013460A46102102B0FFF7FABE82B0F1
S3150801C2A013460A46112102B0FFF7F3BE82B01346C0
S3150801C2B00A46122102B0FFF7ECBE82B013460A46BF
S3150801C2C0132102B0FFF7E5BE84B013460022ADF88C
S3150801C2D00C10090C8DF80E101C218DF80F20039AED
S3150801C2E004B0FFF7D6BE82B013460A461D2102B036
S3150801C2F0FFF7CFBE82B013460A46282102B0FFF7E0
S3150801C300C8BE84B013460022ADF80C10090C8DF88E
S3150801C3100E1058218DF80F20039A04B0FFF7B9BE05
S3150801C32082B013460A465E2102B0FFF7B2BE82B05A
S3150801C33013460A465F2102B0FFF7ABBE82B0134629
S3150801C3400A46162102B0FFF7A4BE82B013460A4672
S3150801C350272102B0FFF79DBE82B013460A467D210A
S3150801C36002B0FFF796BE82B013460A467E2102B096
S3150801C370FFF78FBE82B013460A467F2102B0FFF748
S3150801C38088BE82B013460A46802102B0FFF781BEF5
S3150801C39082B013460A46812102B0FFF77ABE38B544
S3150801C3A004460D460AF087FB10B120460AF0BFFB8A
S3150801C3B029462046BDE83840E9F7F6BF034620B1CD
S3150801C3C018465B68002BFBD17047704700B140687F
S3150801C3D07047806858B10029038D01DAC91805D458
S3150801C3E08B4203D9036853F8210070470020704730
S3150801C3F070B58468F4B10029238D19DA0131013B3E
S3150801C40014D3206850F8230005689542F7D100290E
S3150801C410F4D170BD206850F825000668964202D10D
S3150801C4200029F6D0013901359D42F3DB0020F0E7FA
S3150801C4300025F9E72046ECE7806800B1008D7047D2
S3150801C44030B5836873B1002002461C8D944200D82A
S3150801C45030BD1D6855F8225001322D688D4208BF3E
S3150801C4600130F3E71846F3E710B5034670B14268A1
S3150801C47062B100209268118D814200DCFEE71468E2
S3150801C48054F820409C4203D00130F5E74FF0FF30C5
S3150801C49010BD70B590F82B300446DB062BD4FEF799
S3150801C4A075FB65682046ADB1E5F77AFC95F82B4032
S3150801C4B014F010041FD12846FFF743F92246272115
S3150801C4C02846FDF7ECFE22462846BDE8704029219C
S3150801C4D0FDF7E5BEE5F744FC064660B1D0F8C03283
S3150801C4E020469C4203D0BDE87040E5F759BCE5F704
S3150801C4F057FCC6F8C05270BDFFF7CBBF2DE9F04116
S3150801C500436804460D46002B66D0002964D08B4249
S3150801C51062D0FEF73BFB2846FDF71DFA2046FFF7DA
S3150801C520A3FF03466768D7F80880D8F8002038467D
S3150801C530FFF782FF0138984241DCB8F82860013ECE
S3150801C540B6B2A8F82860002E40D01046B100ECF724
S3150801C550F7FEC8F80000AE68318D3068013189B23E
S3150801C56031858900ECF7ECFE30602846FFF764FF59
S3150801C570AB6800F180401B68013843F82040384613
S3150801C5806560FFF7DEF8224627213846FDF787FE64
S3150801C590002229213846FDF782FE22462721284610
S3150801C5A0FDF77DFE002228212846FDF778FE204664
S3150801C5B0FEF7B8F82046BDE8F041FEF7E7BA02EB08
S3150801C5C08301496842F823100133B0E71046ECF7B6
S3150801C5D0ADFEBB681E60BEE7BDE8F081F8B50E4644
S3150801C5E0074698B345688DB3FFF73EFF031E00DA89
S3150801C5F0FEE72846FFF720FF002E01DA361825D474
S3150801C600B04223DDB34221D0AA68146808DC04EBE2
S3150801C6108301496844F8231001339E42F7D108E0A3
S3150801C62004EB830151F8041C44F82310013B9E4294
S3150801C630F6D11368284643F8267000222721FDF70C
S3150801C6402EFE2846BDE8F840FEF7A0BAF8BD10B59B
S3150801C650044600223C2100F024FBE36A6BB1226BFD
S3150801C6600AB12046984700232363002220466263C5
S3150801C6703D21BDE8104000F014BB236B002BFCD113
S3150801C680F3E773B500220C46143106460BF0A3F8FE
S3150801C69010B9002002B070BD01212046FCF727FF22
S3150801C6A00028F6D12046FDF7DEFD0028F1D18DF8E8
S3150801C6B000006A46172120460196FDF7F0FD9DF810
S3150801C6C00030022BE5D02046FFF7B6FE451E002DA9
S3150801C6D005DA9DF80030002BDBD12046DAE7A3689E
S3150801C6E030461B6853F82510FFF7CBFF0028D1D138
S3150801C6F0013DECE72DE9F341041D076890F8148024
S3150801C70020460E460BF0F2FA054620460BF0F3FAE0
S3150801C7102A46034641463846009600F029FC00B9E8
S3150801C720FEE702B0BDE8F08170472DE9F04FC7B0CA
S3150801C7300C460DF10C0800F11805074695E80F009F
S3150801C74088E80F000BA92046FEF71CF82046FDF7DE
S3150801C75065FD07AE024601460BA80AF066FF41468B
S3150801C76030460BAA0AF07BFFE8B396E80F0085E886
S3150801C7700F003A4619212046FDF791FD3A461A213E
S3150801C7802046FDF78CFD1B213A462046FDF787FD1D
S3150801C7904FF480112046FCF7AAFE38BB04F11402B7
S3150801C7A00DF13C09414648460AF059FFB8B1204601
S3150801C7B0FFF742FE8346D8B996E80F0085E80F00D1
S3150801C7C03A461C212046FDF76AFD3A461D212046B8
S3150801C7D0FDF765FD3A461E212046FDF760FD98E8FE
S3150801C7E00F0085E80F0047B0BDE8F08F0BAAD7E721
S3150801C7F099E80F0085E80F002D2200212046FFF752
S3150801C8002AF92B9068B94FF00009A36838461B68C6
S3150801C81053F8291009F10109E5F76AFBCB45F4D16B
S3150801C820CAE70C2200212046FFF715F981462B900D
S3150801C8300028E8D01FA800F0D7FE04F114060DF170
S3150801C840980C96E80F008CE80F002BA8CDF8A89055
S3150801C850E7F7F0F930460BF049FA824630460BF015
S3150801C8604AFA824503DB30460BF045FA02E03046C8
S3150801C8700BF03CFA401048450346A8BF4B460DF15C
S3150801C8804C09009396E80F0089E80F00009A49467B
S3150801C8909B1A01334246484614930AF0E0FE60B3F8
S3150801C8A04A461021384600F053FA00238246A26808
S3150801C8B050461268019352F82310E5F719FB019BBC
S3150801C8C001339B45F3D152461C212046FDF7E7FC6F
S3150801C8D052461D212046FDF7E2FC52461E212046FE
S3150801C8E0FDF7DDFC50461FA900F082FE4A46384690
S3150801C8F02BA9CDF8C8A000F0CFFC96E80F000DF1E2
S3150801C9005C0989E80F000B46009A49461344013B26
S3150801C910424648461A930AF0A2FE60B34A461021D7
S3150801C920384600F015FA00238246A2685046126876
S3150801C930019352F82310E5F7DBFA019B01339B4576
S3150801C940F3D152461C212046FDF7A9FC52461D216A
S3150801C9502046FDF7A4FC52461E212046FDF79FFC02
S3150801C96050461FA900F044FE4A4638462BA9CDF881
S3150801C970C8A000F091FC96E80F000DF16C0989E852
S3150801C9800F000B46009A494613441C931E9B4846C2
S3150801C9909B1A42461E930AF062FE00283FF41FAF17
S3150801C9A099E80F00002685E80F00A36838461B683A
S3150801C9B053F826100136E5F79BFAB345F5D1FFE69C
S3150801C9C070B588B00E46044618B9E6F75DF8044610
S3150801C9D060B12046E6F788FB40B194F83A3013F087
S3150801C9E0020300D0FEE71EB9C4F85C6208B070BD48
S3150801C9F02046CDE90033E6F757F80138029020467C
S3150801CA00E6F762F86D46013803902A46314604A8CE
S3150801CA100AF025FE0028E9D094F83B30072B07D108
S3150801CA20049B23F007030493069B43F0070306932D
S3150801CA3094F83930022B0ED195E80F0004F13C0623
S3150801CA4086E80F000123002235212046C4F85C320E
S3150801CA5000F027F9CAE73221204604AA00F021F995
S3150801CA600128C3D10026D4F85C32B1B28B4215D85D
S3150801CA701F2B82BF00232A46C4F85C32D4F85C32E5
S3150801CA8098BF04AA106804EB0311C8635068013300
S3150801CA90086490684864D2688A64D4E704EB011193
S3150801CAA000223C3104A80AF096FE01360028DAD0A5
S3150801CAB09CE738B505460BF020FC044628460BF0E2
S3150801CAC01AFC352C06D1D0F8F80218B1BDE8384061
S3150801CAD00CF0ACBD38BD10B504460068E5F740F961
S3150801CAE00346D0F8C0222B21C0F8C82220680022AC
S3150801CAF0BDE81040C3F8C002FDF7D1BB38B50546FD
S3150801CB000068E5F72DF9044600222C21D0F8C00269
S3150801CB10FDF7C5FB00222D21D4F8C802FDF7BFFB9E
S3150801CB20D4F8C80228B194F8D4329B0701D5FFF787
S3150801CB30B0FC002294F8D432C4F8C82262F3000388
S3150801CB4084F8D4322868C4F8CC225F21FFF727FB82
S3150801CB50D4F8C002BDE83840FEF718B80022C9B2B9
S3150801CB60FFF7E5BBFDF783BDFDF76ABDF8B50446DA
S3150801CB7000B9FEE7E5F7F4F8054608B3D0F8C06250
S3150801CB8026B100222A213046FDF789FB002700221B
S3150801CB902B212046FDF783FB3A462C212046C5F872
S3150801CBA0C042C5F8CC72FDF77AFB26B13A462D216B
S3150801CBB03046FDF774FB2046BDE8F840FDF7E6BFB1
S3150801CBC0F8BD2DE9F04F87B099469DF840300446E7
S3150801CBD015468B46059301B9FEE7E5F765FF8246DB
S3150801CBE020B12046E5F770FF064600B9FEE7204664
S3150801CBF0E5F7A0FF014607465846E6F759FE83457D
S3150801CC0000D0FEE735B139462846E6F751FE85429A
S3150801CC1000D0FEE739465046E6F724FE059B8046D6
S3150801CC2013B9484505D9FEE700FB06F34B4502D97A
S3150801CC30FEE7B9FBF0F604F51C73049332463B464E
S3150801CC405146CDE901B9049804F5237BCDF8008056
S3150801CC50E6F736FE32463B4651465846CDE9015976
S3150801CC60CDF80080E6F72CFE002D2046049914BF66
S3150801CC705A460022E5F742FF2046059907B0BDE866
S3150801CC80F04FE5F745BF002303637047006A003894
S3150801CC9018BF0120704700B9FEE700F538700BF0A0
S3150801CCA0D4BA70B588B004460E46154600211C2232
S3150801CCB001A80DF0C9F8CDE9014404F5387401223B
S3150801CCC0204601A9ADF80C6005950BF08CFA0128F0
S3150801CCD004D10022204601A90BF085FA08B070BDDF
S3150801CCE008B5024650B10020E5F7FEFE4243EF2A99
S3150801CCF0C3BFA0235032B2FBF3F20122104608BD8E
S3150801CD007047F8B5064654200C46ECF7FDFA054679
S3150801CD1000F1080794E80F0087E80F0005F11807E6
S3150801CD2094E80F0005F1380487E80F0006F11803A7
S3150801CD300FCB84E80F000123AB64B36B13B9B5635A
S3150801CD402846F8BD1A461B68002BFBD11560F7E784
S3150801CD502DE9F041884614460646E5F79DFB074648
S3150801CD604C20ECF7D1FA054600B9FEE7C66300F197
S3150801CD70180694E80F0086E80F002E1D94E80F00A8
S3150801CD8086E80F0005F1280694E80F0086E80F00EB
S3150801CD9085F81480D7F8A8323BB11A461B6C002BCC
S3150801CDA0FBD115642846BDE8F081C7F8A852F9E712
S3150801CDB00068E6F7CBBD10B54022002104460DF008
S3150801CDC043F801232362FF2384F83C300BF0D7F89C
S3150801CDD0C0F30723637740232077C0F30740A07782
S3150801CDE0636110BD7FB591F83C300546022B0C46B0
S3150801CDF024D90B6A13B3D1E909239A421ED08B8E23
S3150801CE00CA6AD11A0091216B1A44CE1A0B44013B06
S3150801CE10013A6946039302920196FFF772FF0646A5
S3150801CE204020ECF769FA21464022F0640CF017FF1E
S3150801CE300823314628463371E6F736FA04B070BD41
S3150801CE4010B1033020F00300704710B504460846B8
S3150801CE50EBF7B0FA60430730C00810BDECF766BAC5
S3150801CE600330ECF749BA03465B690846114603B134
S3150801CE7018471846704703469B680846114603B18A
S3150801CE8018471846704730B587B00A46044600B9B0
S3150801CE90FEE7856905B9FEE72B696BB141B9838858
S3150801CEA0C088013B0138009002A80AF0A4FB02AA37
S3150801CEB0114620462B69984707B030BD2DE9F84F32
S3150801CEC007461C20894693461D460A9EECF71CFA1E
S3150801CED0044600B9FEE726B929464846E6F7C2FCE4
S3150801CEE0064633462A4659464846E6F7C3FC3B6892
S3150801CEF0804633B92046ECF719FA00242046BDE8E6
S3150801CF00F88F2946984782460028F3D0657023682A
S3150801CF10294603F47F4343F4401343F01903A4F865
S3150801CF200490A4F806B026812360E6F7C1FCC4F88C
S3150801CF300C80C4E9040AA761E0E737B50B890C46FA
S3150801CF4000934B78CA888988FFF7B8FF054660B110
S3150801CF506388C26843F030034380E36821699A42D3
S3150801CF6028BF1A4600690CF07AFE284603B030BD80
S3150801CF702DE9F0410D46174698460446069E18B90E
S3150801CF8000242046BDE8F08101B9457826B929462D
S3150801CF903846E6F767FC064633462A46414638468A
S3150801CFA0E6F768FCE3688342EAD36570A780A4F8CC
S3150801CFB006802681E5E710B5044600B9FEE74388F1
S3150801CFC0DB060BD5836903B9FEE75B680BB14069DC
S3150801CFD098472046BDE81040ECF7A8B910BDF0B552
S3150801CFE089B00D46044600B9FEE7068951B90A46D5
S3150801CFF0E6F7ACFC2946E288724309B0BDE8F04081
S3150801D0000CF022BF0023CDE9003383886A46013B31
S3150801D0100293C38804A8013B03930AF020FBE8B1F5
S3150801D02004A80AF063FE002818DD04A80AF063FEC6
S3150801D030002813DDDDE904122046E6F787FC0546DC
S3150801D0406078EBF7B7F9044604A80AF04FFE4443A3
S3150801D050059F0734E410079BBB4201DA09B0F0BD0E
S3150801D0602846224600210CF0EFFE35440137F2E747
S3150801D0702DE9F84F90461E465278437805469A425E
S3150801D0800C4600D0FEE769B9DA1F032AB0F8049006
S3150801D09011D91EB330460AF029FE484546D1D6E9CC
S3150801D0A0001221E008460AF021FE8146CEBB6B78C4
S3150801D0B0DA1F032A12D8072B2869D8F8101009D0C5
S3150801D0C0082B09D0092B14BF4FF4806240220CF0BB
S3150801D0D0C6FDDEE70822FAE71022F8E7B8F80430B9
S3150801D0E04B4523D1002211464046E6F72FFC074659
S3150801D0F0ECB1D4E900122846E6F728FC0646D4F82E
S3150801D10004B0D4F80CA068782C89B8F80880EBF735
S3150801D11051F909FB00F50735ED10D34513DDBDE8D7
S3150801D120F88F30460AF0E2FD8145B8D0FEE722467F
S3150801D13021462846E6F70AFCB5F806A00646A346A0
S3150801D1400AF1FF3ADFE7394630462A460CF087FDF1
S3150801D150264447440BF1010BDFE74388194214BF04
S3150801D16001200020704730B585B0CB680C46029384
S3150801D1700B69054601930B8900934B78CA88898800
S3150801D180E6F79EFB63886B8005B030BD38B1007841
S3150801D190A0F120035F2B04D9C00940007047032082
S3150801D1A07047012070472DE9F0438BB005461E46AE
S3150801D1B0BDF84870BDF84C80DDF8509073B9B7F5E5
S3150801D1C0807F0BD1B8F5807F08D1C0E900330139DA
S3150801D1D08160541EEC600BB0BDE8F0830124002386
S3150801D1E0CDE90812CDE90413CDE9063231463A46AE
S3150801D1F0CDE90233CDE90094434602A80AF068FD59
S3150801D20043463A463146CDE9009404A80AF060FD42
S3150801D21043463A463146CDE9009406A80AF058FD38
S3150801D22043463A463146CDE9009408A80AF050FD2E
S3150801D230089B069C1A46A342A8BF2246049802994F
S3150801D2408242A8BF02468A42D4BF2A602960A34205
S3150801D250B8BF23468342B8BF03468B42B8BF0B46C5
S3150801D260099C0798013B8442AB602346A8BF034645
S3150801D2700599039A8B42A8BF0B469342D4BF6B60AC
S3150801D2806A608442B8BF04468C42B8BF0C469442D1
S3150801D290B8BF1446013C9DE72DE9F04385B00B6BF9
S3150801D2A00746002B0C46164638DD4B6B002B35DD41
S3150801D2B01146FFF726FD05466C20ECF71DF82146B9
S3150801D2C06C22E8640CF0CBFC06232B710023304654
S3150801D2D0AB640AF00BFD804630460AF00CFD04F1FA
S3150801D2E040030293A38E05F118090193238E024682
S3150801D2F00093E36A41464846FFF755FFD6E900120F
S3150801D30048460AF09FF9012229463846E36983F817
S3150801D310442005B0BDE8F043E5F7C6BF05B0BDE852
S3150801D320F0832DE9F04385B0CB6980460C46154656
S3150801D330002B48D091F84C30022B44D90B6B002BAB
S3150801D34041DD4B6B002B3EDD6C20EBF7D5FF074625
S3150801D3506C2221460CF083FCF86907F1200100F0E4
S3150801D360FBFB012805D0384605B0BDE8F043EBF7CD
S3150801D370DDBF29464046FFF7C4FC052300F118091D
S3150801D38003710646C76428460AF0B0FC07462846D4
S3150801D3900AF0B1FC04F140030293A38E02460193FD
S3150801D3A0238E394600934846E36AFFF7FCFED5E922
S3150801D3B0001248460AF046F93146404605B0BDE82E
S3150801D3C0F043E5F771BF05B0BDE8F0832DE9F041FB
S3150801D3D0A0B006460C4615461F46002B4ED01368CC
S3150801D3E005935368069393680793D3680893CB6AA2
S3150801D3F03BB90B6BB3F5807F03D14B6BB3F5807FDC
S3150801D40021D028460AF072FC804628460AF073FCA9
S3150801D41004F140030293A38E02460193238E4146EB
S3150801D4200093E36A05A8FFF7BEFE2968059B6A68AB
S3150801D4300B440593069B13440693079B0B440793DA
S3150801D440089B134408930DF124084046B26805A9C0
S3150801D4500AF005F990B10022E1690DA8E7F768F825
S3150801D46001280BD1304600232146CDE901870095D5
S3150801D4700DAAE6F77BFB0DA800F094FB20B0BDE8EA
S3150801D480F0811F2825D940F21C63984221D0A0F5C6
S3150801D4908A531F3B012B1CD9A0F5C0530B3B032B09
S3150801D4A017D9A0F50053A3F10B02042A11D9283B79
S3150801D4B0072B0ED9A0F501531F3B102B09D94FF69F
S3150801D4C0FF63984205D04FF6FF03C31A58425841E5
S3150801D4D07047012070470379042B0CBFC06C0020EC
S3150801D4E070471C2200210CF0AFBCF8B50C4694F825
S3150801D4F048300646022B114621D9E369FBB11B7850
S3150801D500EBB1236ADBB1FFF7FCFB05465420EBF7C9
S3150801D510F3FE54222146E8640CF0A1FB04232B7187
S3150801D52094F84C305B0604D5E069EF6C0CF0F4FC1A
S3150801D530F86129463046BDE8F840E5F7B5BEF8BDBD
S3150801D54010B54022002104460CF07EFC012323631A
S3150801D550FF2384F83C300AF012FDC0F3072384F850
S3150801D5602D30402384F82C00C0F3074084F82E00A0
S3150801D570636110BD7FB50B6B06460C46002B31D097
S3150801D58091F83C20022A2DD9496AE2699142D4BF11
S3150801D590C3EB0105C3EB020500959142ACBF5D18CB
S3150801D5A09D18226AA16A02959142D4BFC3EB01056F
S3150801D5B0C3EB02059142ACBF5B189B1869460393FE
S3150801D5C00195FFF79EFB05464020EBF795FE2146A0
S3150801D5D04022E8640CF043FB0723294630462B71A9
S3150801D5E0E5F762FE04B070BD302200210CF02CBCB8
S3150801D5F0F8B50446007D0F460AF03EFC60B3211DCE
S3150801D6002046FFF77EFB05463020EBF775FE3022F4
S3150801D6103946E8640CF023FB0A23EE6C2B7130685B
S3150801D620346198B14FF40021FBF761FF70B14FF4F3
S3150801D63000213068FBF7FAFE1F212A463868FCF7F5
S3150801D6402EFE4FF400213068FCF73FF929462046A3
S3150801D650BDE8F840E5F728BEF8BD10B5302200212F
S3150801D66004460CF0F1FBFF2384F820303023636174
S3150801D67010BD0379012B0CBFC06C0020704710B593
S3150801D68004462C2200210CF0DFFB238D23F4FF53E3
S3150801D69023F01F036FEA13336FEA033323852C2321
S3150801D6A0636110BD0379022B0CBFC06C0020704763
S3150801D6B02DE9F04F93B0CD6D06460C46174685B158
S3150801D6C091F86C30022B40F28D80012D40F08C8050
S3150801D6D08B6E002B05DC0B6E1BB94D6E003D18BF1A
S3150801D6E0012594F82030059394F83B30022B7DD917
S3150801D6F0236B003B18BF0123079394F84830022B8C
S3150801D70076D9636C002B73D094F8499019F0200FE1
S3150801D7106ED119F01F0918BF4FF0010994F8583056
S3150801D720022B68D9236D003B18BF01230693059B7D
S3150801D730FF2B73D194F82F305B075ED1002D72D081
S3150801D74039463046FFF7DDFA82463820EBF7D4FD35
S3150801D7508046A26E0AF1180B1146CAF84C005846C3
S3150801D76009F063FFE26D5846114609F05EFFD4E9F8
S3150801D7701812584609F066FFC446A646BEE80F00C9
S3150801D780ACE80F009EE8070038238CE80700C8F8C4
S3150801D7901430E369B4F85920C8F81C3094F85B30A2
S3150801D7A0A8F8202088F82230E36D5146C8F82430BD
S3150801D7B0A36E3046C8F8283094F86C3088F83430AF
S3150801D7C0236EC8F82C30636EC8F8303098F83530B7
S3150801D7D065F3000388F8353003238AF80430E5F742
S3150801D7E063FD1DE000257CE701257AE7002383E731
S3150801D7F04FF0000992E7002398E7002394F82E20BA
S3150801D80004F127019A4299D903EB8300085CFF28A2
S3150801D81001D10133F6E735B1002591E7002DFBD19A
S3150801D820059B022B58D997E80F000EAD85E80F0026
S3150801D830636C012B1BDD94F84830FC2B17D9E3697F
S3150801D840ABB1024694F84930C3F380010A440E92FB
S3150801D8500F9AC3F340010A440F92109AC3F3C00109
S3150801D860521A1092119A03F00103D21A11922946FB
S3150801D8703046FFF746FA80463020EBF73DFD054670
S3150801D880FFF7EBFEAC46A646C8F84C50BEE80F00BB
S3150801D890ACE80F009EE8070030238CE807006B61AF
S3150801D8A0E36904F12402EB61B4F8213007CAA5F84B
S3150801D8B0213094F8233085F8233005F1240383E8D1
S3150801D8C0070094F82030414685F820300123304678
S3150801D8D088F80430E5F7E8FC079B002B6ED0206B2F
S3150801D8E0FFF754FC01281ED80DF12C0A5146206B6E
S3150801D8F000F032F9012861D194F83D30002B40F04F
S3150801D900F080BDF830200EA9013A1092BDF83220F8
S3150801D9103846013A119200930922CDE90E330AF0ED
S3150801D92048F80EA9DEE0032848D00C2200210BA8EE
S3150801D9300CF08AFA00256FF06043CDE901350095B0
S3150801D9402B46D4E90C1209A80BF010FE099B0922F3
S3150801D950013B10930A9B3846013B119300952B46D0
S3150801D9600EA9CDE90E550AF024F80EA93046FFF79F
S3150801D970C8F980465420EBF7BFFC0546E6F7E8F9F7
S3150801D980AC46A646C8F84C50BEE80F00ACE80F00F6
S3150801D9909EE8070054238CE807006B61A36BAB85EF
S3150801D9A01B0C85F82E30636B2B62236BEB6104230A
S3150801D9B04146304688F80430E5F776FCB9F1000FA0
S3150801D9C035D039463046FFF79CF980462C20EBF7CF
S3150801D9D093FCA6468446C8F84C000546BEE80F00E7
S3150801D9E0ACE80F009EE807002C238CE807006B6162
S3150801D9F0E369E28FEB6194F840302A8485F8223096
S3150801DA0094F8483095F8292085F82830636C414602
S3150801DA106B6294F849303046C3F3040363F3040296
S3150801DA20022385F8292088F80430E5F73DFC069B92
S3150801DA30002B53D097E80F000EAD85E80F00D4E907
S3150801DA4014231A441146284609F0EFFD29463046A3
S3150801DA50FFF757F980462C20EBF74EFC0546226D59
S3150801DA6008F118071146C8F84C00384609F0DDFDDB
S3150801DA70626D3846114609F0D8FD2F46A446BCE822
S3150801DA800F000FC79CE807002C2387E8070047F615
S3150801DA90FF726B61E3694146934218BF226D3046B6
S3150801DAA01EBF9B18626D9B18B4F84A20EB6194F867
S3150801DAB04C302A840F2285F8223094F8583085F89C
S3150801DAC02830236D6B6295F8293062F3040385F8D3
S3150801DAD02930022388F80430E5F7E6FB13B0BDE8E0
S3150801DAE0F08F39463046FFF70CF980466C20EBF784
S3150801DAF003FC0546E6F79EF8AC46A646C8F84C5020
S3150801DB00BEE80F00ACE80F009EE807006C238CE81E
S3150801DB1007006B61236BEB6194F83B3085F84C3059
S3150801DB20A36BA5F848301B0C85F84A3094F83C30AD
S3150801DB3085F84B3094F83D2095F84D3062F345133E
S3150801DB4085F84D3005F120039AE8070083E80700B8
S3150801DB50E3696B6605232BE730B595B004464C227D
S3150801DB600D4601A800210CF06FF920460494FFF731
S3150801DB700DFB29468DF8140001A8E6F717FC0038B5
S3150801DB8018BF012015B030BD30B4044600681346ED
S3150801DB90856825B10A46AC46214630BC6047284609
S3150801DBA030BC704710B50446006878B1C3680BB13C
S3150801DBB021469847EAF7A0F940B1206C30B1616C6B
S3150801DBC021B1BDE81040002209F0DEB910BD01609F
S3150801DBD070474160704781607047C1607047CB10DC
S3150801DBE0C943C05C01F00701084100F00100704714
S3150801DBF037B5ADF80400C0F30720FC2802D84C78E5
S3150801DC00022C03D8BDF804300B800FE002280DD989
S3150801DC10FF2C0DD19DF804300A7813FB00F3C0F1EF
S3150801DC20FF0505FB02331B0A0B704C7003B030BDB0
S3150801DC30D378A34202D1537883420DD0C0F1FF03B2
S3150801DC40C4F1FF0463436FEA2323C0EB0020DBB270
S3150801DC50B0FBF3F09371D0710C885088BDF804308D
S3150801DC60844202D11088984212D0BDF80430D07986
S3150801DC7013800B88C0F1FF0553809DF804300C789A
S3150801DC8013FB00F305FB04331B0A137193795371D4
S3150801DC909388B9E710B485B01446022CADF8041080
S3150801DCA01A46C9B216D0032C19D0012C1CD10478F6
S3150801DCB00C44FF2CA8BFFF24E4B201469DF80530A9
S3150801DCC08DF80C408DF80D30039805B05DF8044BBE
S3150801DCD0FFF78EBF0478641A24EAE474ECE7047843
S3150801DCE014FB01F4240AE8E705B05DF8044B704714
S3150801DCF010B50222002104460CF0A6F802220021E2
S3150801DD00A0180CF0A1F802220021201D0CF09CF8A5
S3150801DD10FF23A371E37110BD2DE9F04F8BB00746C0
S3150801DD20436890F821900093836806680193C36855
S3150801DD3088460293D0E906530393D0E9044308A819
S3150801DD400493FFF7D5FF97F82230002B40F0C080E7
S3150801DD5044BBB9F1FC0F22D8019B9C4280F2BB80DF
S3150801DD60AA46002739E050460AF091F909F1010956
S3150801DD7007F8020C07F801BCC244009B0237994513
S3150801DD80F1DB029B01341E44039B1D44019B9C420B
S3150801DD9080F2A180AA4637464FF00009EDE74FF019
S3150801DDA0FF0BF3E7B9F1FC0F1F463BD8019B9F42D6
S3150801DDB080F29180AB464FF0000A4FE050460AF0D8
S3150801DDC066F98DF81D908DF81C0006EB470107983A
S3150801DDD008AAFFF70DFF0137C244009B9F42EDDBFE
S3150801DDE0029B01341E44039B1D44B5E750460AF0C5
S3150801DDF04EF914F809308DF81C008DF81D3006EB24
S3150801DE004901079808AAFFF7F3FE09F10109C24477
S3150801DE10009B9945EADB029B01371E44039B1D447F
S3150801DE20049B1C44019B9F4255DAAA464FF0000900
S3150801DE30EEE758460AF02BF914F80A308DF81C005B
S3150801DE4013FB09F31B128DF81D3006EB4A010798DF
S3150801DE5008AAFFF7CDFE0AF1010AC344009B9A45B9
S3150801DE60E7DB029B01371E44039B1D44049B1C44AC
S3150801DE709CE705980AF00BF98DF81C0034B314F8E1
S3150801DE800A3013FB09F31B0A8DF81D3006EB4A000D
S3150801DE9008AB97F822200799FFF7FCFE059B0AF1C4
S3150801DEA0010A43440593009B9A45E2DB0CB1049BA6
S3150801DEB01C44029B0BF1010B1E44039B1D44019B51
S3150801DEC09B4508DA4FF0000A0595ECE74B46DBE778
S3150801DED04FF0000BF3E70BB0BDE8F08F2DE9F04FDB
S3150801DEE087B00546D0E90167D0E9044A90F81B9046
S3150801DEF0D0F80C8004A8FFF7FBFEA869002C40F0B7
S3150801DF008780B9F1FC0F68D90AF08DF8002E024610
S3150801DF10286806F1FF3525F00F054FF0FF01D8BF38
S3150801DF200025A6F1100EBC4261DA03464FF0000C3B
S3150801DF3041E003F8202C03F81F1C03F81E2C03F8F4
S3150801DF401D1C03F81C2C03F81B1C03F81A2C03F8D8
S3150801DF50191C03F8182C03F8171C03F8162C03F8D8
S3150801DF60151C03F8142C03F8131C03F8122C03F8D8
S3150801DF70111C03F8102C03F80F1C03F80E2C03F8D8
S3150801DF800D1C03F80C2C03F80B1C03F80A2C03F8D8
S3150801DF90091C03F8082C03F8071C03F8062C03F8D8
S3150801DFA0051C03F8042C03F8031C03F8022C03F8D8
S3150801DFB0011C0CF1100CE64503F12003B9DC2B46D4
S3150801DFC000F1010CB34202DB40440134ABE700F82F
S3150801DFD013200CF813100133F4E70AF024F88DF82E
S3150801DFE00D90D5F800908DF80C00BC420EDB07B0F9
S3150801DFF0BDE8F08F09EB4501039804AAFFF7F8FD80
S3150801E0000135B542F6DBC1440134EEE70025F8E7F0
S3150801E010B9F1FC0F1CD90AF006F84FF00009D5F83A
S3150801E02000B08DF80C00B945E1DA002509E0635D19
S3150801E0300BEB45018DF80D30039804AAFFF7D8FDBF
S3150801E0400135B542F3DBC344544409F10109EAE752
S3150801E05009F0E9FF4FF0000B2B688DF80C00BB4562
S3150801E060C5DA00250EE0625D03EB450112FB09F2F4
S3150801E07012128DF80D20039804AA0193FFF7B8FD33
S3150801E080019B0135B542EEDB434454440BF1010BC8
S3150801E090E5E72DE9F04F8BB090F820300446063BB2
S3150801E0A00F2B2FD8DFE813F0E20170032E002E00A4
S3150801E0B02E002E002E002E002E00E400ED00EB00AF
S3150801E0C010002E002E009102436890F821800193DA
S3150801E0D083680668D0F80CA00293D0E9067BD0E9DC
S3150801E0E0045308A80393FFF703FE94F82230002B84
S3150801E0F040F0BC80002D3CD1B8F1FC0F1CD8029B26
S3150801E100AB4234DC0BB0BDE8F08F37F8140009F0E8
S3150801E110A5FF013408F8020C08F8019C019B08F1D7
S3150801E1200208A342F1DC56445F440135029BAB4227
S3150801E130E8DDB0460024F1E74FF0FF09F6E737F8C6
S3150801E140140009F08BFF4FEA44098DF81C008DF87D
S3150801E1501D80079808AA06EB0901FFF749FD013456
S3150801E160019BA342EBDC56445F440135C7E7002413
S3150801E170F6E7B8F1FC0F1C4621D8029BA342C1DD84
S3150801E1804FF0000939E037F8180009F067FF15F86C
S3150801E19008304FEA48098DF81C008DF81D3007989C
S3150801E1A008AA06EB0901FFF723FD08F10108019BFF
S3150801E1B04345E8DC039B56445F441D440134029BF6
S3150801E1C0A3429FDD4FF00008F1E74FEA490137F80E
S3150801E1D01900049109F042FF15F80930049913FB57
S3150801E1E008F31B128DF81C008DF81D30079808AA34
S3150801E1F03144FFF7FDFC09F10109019B4B45E4DCBC
S3150801E200039B56445F441D440134B6E74FEA49036C
S3150801E21037F81900059309F021FF8DF81C001DB385
S3150801E22015F8093013FB08F31B0A05988DF81D30FC
S3150801E23094F82220079908AB3044FFF72BFD09F122
S3150801E2400109019B4B45E1DC0DB1039B1D44049B70
S3150801E25056445F4401330493049A029B93427FF721
S3150801E26051AF4FF00009ECE74346DEE70023F2E73A
S3150801E270032120460BB0BDE8F04FFFF74DBD042141
S3150801E280F7E7436890F8218001938368076802934A
S3150801E290C368D0E9066A0393D0E9045308A804932E
S3150801E2A0FFF726FD94F82230002B40F0DD80002D83
S3150801E2B048D1B8F1FC0F20D8029BAB427FF722AFB9
S3150801E2C0B146002436E0D8F8000009F0F7FE98F8C0
S3150801E2D003308DF81C008DF81D3007EB44010798B3
S3150801E2E008AAFFF785FC013408F10408019BA3423B
S3150801E2F0E9DC039B56441F440135029BAB427FF779
S3150801E30001AFB0460024F1E7D9F8000009F0D6FEBE
S3150801E31099F803308DF81C0013FB08F31B128DF8CE
S3150801E3201D3007EB4401079808AAFFF761FC013481
S3150801E33009F10409019BA342E6DC039B56441F44E9
S3150801E3400135B9E7B8F1FC0F1C4629D8029BA3424F
S3150801E3507FF7D8AEB3464FF0000944E0D9F800007C
S3150801E36009F0ACFE15F8082099F803308DF81C0061
S3150801E37013FB02F31B128DF81D3007EB48010798B2
S3150801E38008AAFFF735FC08F1010809F10409019B00
S3150801E3904345E3DC039B56441F44049B01341D4457
S3150801E3A0029BA3427FF7AEAEB1464FF00008EEE7F7
S3150801E3B0DBF8000009F082FE15F809209BF8033006
S3150801E3C08DF81C0013FB02F308FB03F31B148DF8ED
S3150801E3D01D3007EB4901079808AAFFF709FC09F15F
S3150801E3E001090BF1040B019B4B45E1DC039B5644E8
S3150801E3F01F44049B01341D44A8E7DBF8000009F01B
S3150801E4005DFE9BF803208DF81C002DBB12FB08F25C
S3150801E410130A8DF81D3007EB490094F82220079955
S3150801E42008ABFFF737FC09F101090BF1040B019B56
S3150801E4304B45E2DC0DB1049B1D44039B56441F4426
S3150801E440059B01330593059A029B93427FF75AAEC2
S3150801E450B3464FF00009EAE715F8093013FB02F352
S3150801E46008FB03F31B0CD4E70023EBE7D0E9019380
S3150801E47090F821800668D0F80CA00193D0E9067BB4
S3150801E480D0E9045308A80293FFF732FC94F8222036
S3150801E490002A40F0988075BBB8F1FC0F17D8019B8C
S3150801E4A0AB427FF72FAE00241FE0F85C06F8130095
S3150801E4B001F8132001339945F7DC56445F440135C9
S3150801E4C0019BAB427FF71EAE0023711CF3E7FF22C7
S3150801E4D0F6E73B5D8DF81D808DF81C3006EB44018F
S3150801E4E0079808AAFFF784FB0134A145F1DC5644D5
S3150801E4F05F440135D3E7B8F1FC0F14461CD8019BDC
S3150801E500A3427FF7FFAD00232FE017F8083006EB8B
S3150801E51048018DF81C3015F8083008AA8DF81D3009
S3150801E5200798FFF765FB08F10108C145EDDC029B79
S3150801E53056445F441D440134019BA3427FF7E2AD73
S3150801E5404FF00008F1E7FA5C06EB43018DF81C2051
S3150801E550EA5C039312FB08F212128DF81D20079844
S3150801E56008AAFFF745FB039B01339945EBDC029BA0
S3150801E57056445F441D440134C1E73B5D8DF81C30A8
S3150801E580FDB12B5D13FB08F31B0A8DF81D3006EB55
S3150801E5904400079908AB0492FFF77CFB049A0134FF
S3150801E5A0A145EADC0DB1029B1D44039B56445F4419
S3150801E5B0013303930399019B8B427FF7A3AD002493
S3150801E5C0EEE74346E1E70023F3E7436890F8218045
S3150801E5D0019383680768D0F80C900293D0E9066A1C
S3150801E5E0D0E9045308A80393FFF782FB94F8222085
S3150801E5F0002A40F0C780002D3DD1B8F1FC0F19D88B
S3150801E600029BAB427FF77EADB34600242AE006EBB8
S3150801E610440216F81430507807EB440108AA43EA75
S3150801E6200020FFF7E5FA0134019BA342EFDC4F44D2
S3150801E63056440135029BAB427FF764AD0024F3E7EC
S3150801E6403BF8023C07EB4401ADF81C301BF8013CD2
S3150801E65008AA13FB08F31B128DF81D300798FFF75C
S3150801E660C7FA0134019B0BF1020BA342E8DC4F44C4
S3150801E67056440135C4E7B8F1FC0F144626D8029B67
S3150801E680A3427FF73FAD33464FF0000B3FE03BF81F
S3150801E690023C15F80820ADF81C301BF8013C07EBC5
S3150801E6A0480113FB02F31B128DF81D30079808AABF
S3150801E6B0FFF79EFA08F10108019B0BF1020B43458E
S3150801E6C0E5DC039B4F4456441D440134029BA34297
S3150801E6D07FF718ADB3464FF00008EDE733F8022C83
S3150801E6E015F80B10ADF81C2013F8012C049312FB36
S3150801E6F001F208FB02F212148DF81D2007EB4B01FB
S3150801E700079808AAFFF774FA049B0BF1010B019A03
S3150801E71002335A45E2DC039B4F4456441D440134F7
S3150801E720ADE736F81B30ADF81C30049B13F81B1007
S3150801E73005BB11FB08F10B0A8DF81D3007EB4B00E1
S3150801E740079908AB0592FFF7A5FA059A0BF1010B94
S3150801E750019B5B45E5DC0DB1039B1D444F445644C3
S3150801E7600134029BA3427FF7CDAC731C4FF0000B1B
S3150801E7700493EDE715F80B3013FB01F308FB03F3DC
S3150801E7801B0CD9E70024ECE7D0E9018390F8219026
S3150801E7900668D0F80CA00193D0E9067BD0E90453AA
S3150801E7A008A80293FFF7A4FA94F82240002C7FF4F4
S3150801E7B0A9ACCDBBB9F1FC0F1DD8019BAB427FF7C4
S3150801E7C0A1AC00242AE011463846FFF708FA404270
S3150801E7D004F8020C04F8019C0132904504F1020484
S3150801E7E0F1DC56445F440135019BAB427FF78AACA5
S3150801E7F034460022F1E74FF0FF09F5E7214638468E
S3150801E800FFF7EDF940428DF81C008DF81D9006EBD7
S3150801E8104401079808AAFFF7EBF90134A045EDDC96
S3150801E82056445F440135C8E7B9F1FC0F1FD8019B6F
S3150801E830A3427FF767AC002337E049463846FFF71E
S3150801E840CEF915F8093040428DF81C008DF81D30B7
S3150801E85006EB4901079808AAFFF7CAF909F1010960
S3150801E860C845EADC029B56445F441D440134019BBA
S3150801E870A3427FF747AC4FF00009F1E7194638463E
S3150801E8800393FFF7ACF9039B4042EA5C8DF81C0041
S3150801E89012FB09F212128DF81D2006EB43010798A7
S3150801E8A008AAFFF7A5F9039B01339845E6DC029B05
S3150801E8B056445F441D440134B9E7CB10C943C05CD3
S3150801E8C001F00701084100F00100704730B585B035
S3150801E8D0B0F17D4F1446CDE900104FEA10634FEAB7
S3150801E8E0116501D2022D14D8019B039300209DF8CE
S3150801E8F00C3063F307009DF80D3063F30F209DF884
S3150801E9000E3063F317409DF80F3063F31F6005B0AF
S3150801E91030BD022B01D80391E8E7FF2D04D105B0DC
S3150801E920BDE8304009F013BCD279AA4202D1E27897
S3150801E9309A420DD0C3F1FF02C5F1FF056A436FEA9A
S3150801E9402222C3EB0323D2B2B3FBF2F3227363731E
S3150801E9506168009809F0E4FAB0B90198637B206010
S3150801E96000988DF8073001466060019809F0EFFBC1
S3150801E970C0F307236372237B2072C0F30740A0729A
S3150801E980E372A0680390B1E72168019809F0C8FA13
S3150801E9900028E2D0F5E7F0B585B01746022F044600
S3150801E9A01A460191CDB2C1F30726C1F307402DD00E
S3150801E9B0032F3CD0012F27D1A37821780344FF2BBD
S3150801E9C0A8BFFF238DF80E30637829443344FF2B03
S3150801E9D0A8BFFF23FF29A8BFFF218DF80D30C9B2B3
S3150801E9E09DF807308DF80C108DF80F3021680398C3
S3150801E9F0FFF76CFFC0F3072320706370C0F307436A
S3150801EA00C0F30760A370E07005B0F0BDA378217864
S3150801EA101B1A23EAE3738DF80E306378491B9B1B97
S3150801EA2023EAE3738DF80D3021EAE171D7E76178BE
S3150801EA30A37811FB06F109128DF80D10217813FB45
S3150801EA4000F311FB05F11B128DF80E30090AC7E711
S3150801EA5032B1FF23FC2ACB7003D98870487008703D
S3150801EA607047D34310FB02F08A78DBB202FB03023C
S3150801EA70120A8A704A7802FB0302120A4A700A7855
S3150801EA8002FB0300000AEAE710B504220021044646
S3150801EA900BF0DAF904220021A0180BF0D5F90422AB
S3150801EAA0002104F108000BF0CFF9FF2323736373E8
S3150801EAB010BD2DE9F04F8DB00746436890F82180C7
S3150801EAC00093836805680193C36804910293D0E9AA
S3150801EAD006630393D0E9044308A80593FFF7D4FF17
S3150801EAE097F82230002B40F02981002C43D1B8F148
S3150801EAF0FC0F38D9049B042B33D1009B9F00019B43
S3150801EB009C4202DB0DB0BDE8F08F314628463A46F5
S3150801EB100BF0A5F8029B01341D44039B1E44EEE746
S3150801EB2012F8017C013103F8027C12F8027C03F821
S3150801EB30037C12F8037C03F8010C03F8047C009F9C
S3150801EB400332B94203F10403EADB029B01341D4493
S3150801EB50039B1E44019B9C42D4DA32462B46002174
S3150801EB60EDE7FF20F6E78DF81F80019B9C42C9DA85
S3150801EB70B04600272FE0B8F1FC0F1F4668D8019B65
S3150801EB809F42BFDAB2464FF0000996E098F8023084
S3150801EB9055F827108DF81E3098F8013008AA8DF817
S3150801EBA01D3098F8003005EB87098DF81C30079859
S3150801EBB0FFF78CFEC0F3072305F8270089F8013013
S3150801EBC0C0F3074389F80230049BC0F3076089F84C
S3150801EBD0030001379844009B9F42D7DB029B01340F
S3150801EBE01D44039B1E44C0E714F8083055F8281045
S3150801EBF08DF81F3099F8023008AA8DF81E3099F859
S3150801EC00013005EB880A8DF81D3099F800308DF82A
S3150801EC101C300798FFF75AFEC0F3072305F82800AA
S3150801EC208AF80130C0F307438AF80230049BC0F31F
S3150801EC3007608AF8030008F101089944009B984582
S3150801EC40D2DB029B01371D44039B1E44059B1C44D2
S3150801EC50019B9F42BFF656AFB1464FF00008EDE75C
S3150801EC6014F8093055F8291013FB08F31B128DF80F
S3150801EC701F309AF8023008AA8DF81E309AF801302A
S3150801EC8005EB890B8DF81D309AF800308DF81C308C
S3150801EC900798FFF71BFEC0F3072305F829008BF831
S3150801ECA00130C0F307438BF80230049BC0F30760B9
S3150801ECB08BF8030009F101099A44009B9945CFDBBA
S3150801ECC0029B01371D44039B1E44059B1C4456E7C2
S3150801ECD09AF802308DF81E309AF801308DF81D30F9
S3150801ECE09AF800308DF81C3034B314F8093013FB48
S3150801ECF008F31B0A8DF81F3005EB890008AB97F856
S3150801ED0022200799FFF747FE049B09F101099A4456
S3150801ED10009B9945DCDB0CB1059B1C44029B0BF15E
S3150801ED20010B1D44039B1E44019B9B45BFF6EAAE9E
S3150801ED30B2464FF00009EBE74346DBE74FF0000B1D
S3150801ED40F2E72DE9F04F89B0D0E904430646D0E948
S3150801ED50015990F81B80D0F80CA004A80093FFF77E
S3150801ED6093FE002C5CD1B8F1FC0F30D9B06909F0DB
S3150801ED70AFF8691E002D21F00F01D8BF0021034607
S3150801ED803068A5F110074C4529DA0246002610E03D
S3150801ED9042E9103342E90E3342E90C3342E90A33B8
S3150801EDA042E9083342E9063342E9043342E90233C8
S3150801EDB01036B74202F14002EADC0A46AA4202DBF1
S3150801EDC050440134DFE740F822300132F6E7414684
S3150801EDD0B06909F05CF8376803904C451EDB09B049
S3150801EDE0BDE8F08F57F82610039804AAFFF76EFDC1
S3150801EDF007EB8608C0F3072307F8260088F80130D1
S3150801EE00C0F30743C0F3076088F8023088F80300A7
S3150801EE100136AE42E6DB57440134DEE70026F8E761
S3150801EE20B8F1FC0F2DD9FF21B06909F030F84FF080
S3150801EE30000837680390C845D1DA002619E0A35DB2
S3150801EE4057F826108DF80F30039804AAFFF73EFDF0
S3150801EE5007EB860BC0F3072307F826008BF801306A
S3150801EE60C0F30743C0F307608BF802308BF8030041
S3150801EE700136AE42E3DB009B57441C4408F1010806
S3150801EE80D9E74146B06909F002F84FF0000B376837
S3150801EE900390CB45A3DA00261BE0A35D57F826109D
S3150801EEA013FB08F31B128DF80F3004AA07EB860330
S3150801EEB003980193FFF70AFD019BC0F3072207F8A0
S3150801EEC026005A70C0F30742C0F307609A70D870DB
S3150801EED00136AE42E1DB009B57441C440BF1010BA2
S3150801EEE0D7E72DE9F04F8DB090F820308346063BE1
S3150801EEF00F2B33D8DFE813F07602F4033200320021
S3150801EF0032003200320032003200570160015E01E0
S3150801EF101000320032002603436890F821900193CD
S3150801EF20836805680293C3680393D0E9064304938B
S3150801EF30D0E9046308A80593FFF7A6FD9BF822709C
S3150801EF40002F40F02B81002E48D18DF81F9040F2FA
S3150801EF500D4A40F63A09029BB3423DDC0DB0BDE8C5
S3150801EF60F08F04EB47035B7855F82710DB0809FB9C
S3150801EF7003F31B128DF81E3034F8173008AAC3F3B1
S3150801EF8045130AFB03F31B128DF81D3014F81730CD
S3150801EF9005EB870803F01F0309FB03F31B128DF822
S3150801EFA01C300798FFF792FCC0F3072305F82700E2
S3150801EFB088F80130C0F30743C0F3076088F80230C8
S3150801EFC088F803000137019BBB42CADC039B013663
S3150801EFD01D44049B1C44BEE70027F4E7B9F1FC0F66
S3150801EFE051D840F63A0B40F20D43029ABA42B5DDC2
S3150801EFF04FF0000887E016F8083055F828108DF804
S3150801F0001F3004EB48035B7808AADB080AFB03F305
S3150801F0101B128DF81E3034F8183005EB8809C3F336
S3150801F02045130BFB03F31B128DF81D3014F818302A
S3150801F03003F01F030AFB03F31B128DF81C30079814
S3150801F040FFF744FCC0F3072305F8280089F80130C7
S3150801F050C0F30743C0F3076089F8023089F8030053
S3150801F06008F10108019B4345C5DC039B01371D4493
S3150801F070049B1C44059B1E44029BBB427FF76EAF53
S3150801F0804FF00008EEE740F63A0A40F20D4BF3E777
S3150801F09016F8082055F8281012FB09F212128DF8F5
S3150801F0A01F2004EB4802527805EB880AD2080BFBAD
S3150801F0B002F212128DF81E2034F81820C2F34512F6
S3150801F0C05A4312128DF81D2014F8182002F01F0257
S3150801F0D00BFB02F212128DF81C20079808AAFFF7FB
S3150801F0E0F5FB40F20D43C0F3072205F828008AF81C
S3150801F0F00120C0F30742C0F307608AF802208AF8A4
S3150801F100030008F10108019A4245C1DC039A013757
S3150801F1101544049A1444059A164466E740F20D42CA
S3150801F12004EB47035B78DB080AFB03F31B128DF834
S3150801F1301E3034F81730C3F3451353431B128DF8A9
S3150801F1401D3014F8173003F01F030AFB03F31B12D3
S3150801F1508DF81C3006B3F35D13FB09F31B0A8DF812
S3150801F1601F3005EB87009BF82220079908ABFFF7AC
S3150801F17012FC0137019BBB42D0DC0EB1059B1E4434
S3150801F180039B08F101081D44049B1C44029B43454B
S3150801F1907FF7E4AE0027EDE74B46E0E74FF00008BE
S3150801F1A040F63A0AF2E7032158460DB0BDE8F04F9A
S3150801F1B0FFF77FBC0421F7E7436890F821800193A4
S3150801F1C0836804680293C368D0E906690393D0E9A2
S3150801F1D0045308A80493FFF757FC9BF82270002FE5
S3150801F1E040F0FD80002D59D1B8F1FC0F25D8029BBE
S3150801F1F0AB427FF7B3AEB246002745E054F8271075
S3150801F20056F8270008AAFFF761FB04EB8708C0F345
S3150801F210072304F8270088F80130C0F30743C0F331
S3150801F220076088F8023088F803000137019BBB4262
S3150801F230E4DC039B4E441C440135029BAB427FF739
S3150801F2408DAE0027F2E71AF8013C5AF8040C13FBB5
S3150801F25008F31B1207908DF81F3054F827100798EA
S3150801F26008AAFFF733FB04EB870BC0F3072304F85F
S3150801F27027008BF80130C0F30743C0F307608BF80A
S3150801F28002308BF803000137019B0AF1040ABB42DD
S3150801F290D9DC039B4E441C440135A8E7B8F1FC0FA1
S3150801F2A036D8029BBB427FF759AEB3464FF0000AE8
S3150801F2B05AE015F808201AF8013C5AF8040C13FB11
S3150801F2C002F31B1207908DF81F3054F8281007987F
S3150801F2D008AAFFF7FBFA04EB880BC0F3072304F827
S3150801F2E028008BF80130C0F30743C0F307608BF899
S3150801F2F002308BF8030008F10108019B0AF1040AA0
S3150801F3004345D6DC039B4E441C44049B01371D44EC
S3150801F310029BBB427FF722AEB2464FF00008ECE7EC
S3150801F3201BF8012C15F80A1012FB08F24A435BF880
S3150801F330040C121407908DF81F2004EB8A0354F865
S3150801F3402A1008AA07980593FFF7C0FA059BC0F388
S3150801F350072204F82A005A70C0F30742C0F307606F
S3150801F3609A70D8700AF1010A019B0BF1040B5345F7
S3150801F370D6DC039B4E441C44049B01371D4490E78D
S3150801F38056F82700059B079013F8272005BB18FB9D
S3150801F39002F2130A8DF81F3004EB87009BF822202E
S3150801F3A0079908ABFFF7F7FA0137019BBB42E7DC80
S3150801F3B00DB1049B1D44039B4E441C440AF1010AEA
S3150801F3C0029B53457FF7CAADF31C00270593ECE76B
S3150801F3D0EB5D13FB02F308FB03F31B0CDAE74FF0B3
S3150801F3E0000AEDE790F82270D0E9019390F82180A0
S3150801F3F001930668D0E90653D0F80CA00293D0E928
S3150801F40004430393002F6DD19CBBB8F1FC0F19D8A7
S3150801F410019BA3427FF7A2AD002723E012F8011F43
S3150801F42003F8011C03F8021C117803F8031C03F8FE
S3150801F430041C8118494503F10403EFDB029B56447A
S3150801F4401D440134019BA3427FF788AD33466A1EEA
S3150801F450C5F10100EDE7E85D06EB87014246FFF7D6
S3150801F460F7FA0137B945F6DC029B56441D440134C7
S3150801F470CEE7B8F1FC0F18D8019BBB427FF76EADFA
S3150801F4804FF0000B25E014F8082015F8080006EBE4
S3150801F4908801FFF7DDFA08F10108C145F3DC029B93
S3150801F4A056441D44039B01371C44019BBB427FF70D
S3150801F4B055AD4FF00008F0E714F80B2015F80B00CE
S3150801F4C012FB08F206EB8B01120AFFF7C1FA0BF1E0
S3150801F4D0010BD945F0DC029B56441D44039B0137B9
S3150801F4E01C44C9E708A8FFF7CFFA00230493049A36
S3150801F4F0019B93427FF732AD002716E0EB5D8DF84D
S3150801F5001E308DF81D308DF81C30CCB1E35D13FB30
S3150801F51008F31B0A8DF81F3006EB87009BF822209B
S3150801F520079908ABFFF737FA0137B945E6DC0CB19D
S3150801F530039B1C44029B56441D44049B0133D5E797
S3150801F5404346E7E7436890F822700193836890F889
S3150801F550218002930668D0E90443D0F80C900393FE
S3150801F560D0E9065A002F40F08180B4BBB8F1FC0FF0
S3150801F57017D8029BA3427FF7F1ACAB46002723E0DD
S3150801F58006EB870118F8012C18F8020CFFF760FA48
S3150801F5900137019B08F10208BB42F1DC4E44554490
S3150801F5A00134029BA3427FF7D9ACA8460027F0E7AE
S3150801F5B01BF8012C06EB870112FB08F21BF8020C5B
S3150801F5C0120AFFF745FA0137019B0BF1020BBB4201
S3150801F5D0EEDC4E4455440134CBE7B8F1FC0F20D894
S3150801F5E0029BBB427FF7BAAC2B464FF0000B33E0C8
S3150801F5F014F808301BF8012C06EB880112FB03F2FC
S3150801F6001BF8020C120AFFF723FA08F10108019BFD
S3150801F6100BF1020B4345EBDC039B4E4455441C445A
S3150801F6200137029BBB427FF799ACAB464FF0000806
S3150801F630EDE714F80B1013F8012C13F8020C12FB62
S3150801F64001F208FB02F206EB8B01120C0493FFF799
S3150801F650FFF9049B0BF1010B019A02335A45E8DCC9
S3150801F660039B4E4455441C440137B9E708A8FFF7E4
S3150801F6700BFA00230493049A029B93427FF76EAC1C
S3150801F6806B1C0027059319E015F817308DF81E3005
S3150801F6908DF81D308DF81C30059B13F81720C4B959
S3150801F6A012FB08F2130A8DF81F3006EB87009BF848
S3150801F6B02220079908ABFFF76EF90137019BBB4278
S3150801F6C0E2DC0CB1039B1C44049B4E4455440133B4
S3150801F6D0D0E7E35D13FB02F308FB03F31B0CE2E738
S3150801F6E0436890F822800193836890F82170029309
S3150801F6F00568D0E90443D0F80C900393D0E9066A6B
S3150801F700B8F1000F79D1CCBBFC2F1CD8029BA342C0
S3150801F7107FF724AC4FF0000829E039463046FFF759
S3150801F720CCF84042C0B202F8010C02F8020C02F809
S3150801F730030C02F8040C0137019B0432BB42ECDCD2
S3150801F7404D4456440134029BA3427FF707AC2A462F
S3150801F7500027F1E741463046FFF7AFF8404205EB8F
S3150801F76088013A46C0B2FFF773F908F10108019B0F
S3150801F7704345EFDC4D4456440134C7E7FC2F1BD8FB
S3150801F780029B43457FF7EAAB4FF0000B2BE0394666
S3150801F7903046FFF792F84042E25D05EB8701C0B2B9
S3150801F7A0FFF756F90137019BBB42F0DC039B4D4439
S3150801F7B056441C4408F10108029B43457FF7CEAB2A
S3150801F7C00027F0E759463046FFF777F814F80B207B
S3150801F7D0404212FB07F205EB8B01120AC0B2FFF792
S3150801F7E037F90BF1010B019B5B45EBDC039B4D44A0
S3150801F7F056441C4408F10108C2E708A8FFF744F972
S3150801F80000230493049A029B93427FF7A7AB4FF018
S3150801F81000081DE041463046FFF74FF84042C0B2A6
S3150801F8208DF81D008DF81C00ECB114F8083013FB97
S3150801F83007F31B0A8DF81F308DF81E009BF822204E
S3150801F84005EB8800079908ABFFF7A5F808F1010849
S3150801F850019B4345DEDC0CB1039B1C44049B4D44D0
S3150801F86056440133CDE73B46E4E700290B46B8BFCA
S3150801F870CB1D4A4202F0070201F0070158BF514267
S3150801F8800122DB10C1F107018A40C15C0A43C25457
S3150801F890704700290B46B8BFCB1D4A4202F0070242
S3150801F8A001F0070158BF51420122DB10C1F10701DE
S3150801F8B002FA01F1C25C22EA0102C25470470B4600
S3150801F8C00029B8BFCB1DDB10C05C4B4203F0070310
S3150801F8D001F0070158BF5942C1F10701084100F07B
S3150801F8E00100704710B55AB1FC2A9FBFD34310FBDC
S3150801F8F002F00C78DBB29CBF04FB0300000A087017
S3150801F90010BDF0B585B0044610461F460D46019256
S3150801F91008F0D4FB294606462046FFF7D0FF4242A7
S3150801F920D2B2022F8DF80F2019D0032F1BD0012F29
S3150801F93023D13244FF2AA8BFFF22D0B20DF10F010D
S3150801F9409DF80720FFF7CEFF9DF90F302946002BBA
S3150801F95020460DDA05B0BDE8F040FFF786BF921BD9
S3150801F96022EAE272E9E712FB06F2C2F30720E5E7AB
S3150801F97005B0BDE8F040FFF78CBF05B0F0BD2DE935
S3150801F980F04F8BB090F822700591002F40F0DE8081
S3150801F9904368426A0093836802F00708019390F866
S3150801F9A0213004680293C3680393D0E9066304937C
S3150801F9B0D0E904530693534203F0070358BFC3F132
S3150801F9C00008029B002D52D1FC2B1CD8019B9D429D
S3150801F9D080F2BC80B14600273DE0484608F057FB57
S3150801F9E010F0800F08EB0701204613D0FFF73DFF03
S3150801F9F0059B01379944009B9F42EEDB039B01352A
S3150801FA001C44049B1E44019B9D4280F29F80B14683
S3150801FA100027F0E7FFF73DFFEAE7484608F037FB1E
S3150801FA2007EB080B824659462046FFF748FF404236
S3150801FA308DF827000DF127015046029AFFF752FF6C
S3150801FA409DF927305946002B20460DDAFFF70DFFA1
S3150801FA50059B01379944009B9F42DEDB039B0135D9
S3150801FA601C44049B1E44B1E7FFF713FFF0E7FC2B88
S3150801FA7030D8019B9F4269DAB2464FF0000957E038
S3150801FA80504608F004FB08EB090B5946029020463C
S3150801FA90FFF715FF404215F809208DF827000DF1EB
S3150801FAA027010298FFF71EFF9DF927205946002ACC
S3150801FAB0204616DAFFF7D9FE059B09F101099A4492
S3150801FAC0009B9945DCDB039B01371C44049B1E44C0
S3150801FAD0069B1D44019B9F4238DAB2464FF0000946
S3150801FAE0EEE7FFF7D6FEE7E7504608F0D0FA08EB4F
S3150801FAF0090B594607902046FFF7E1FE15F809203C
S3150801FB00029B404212FB03F28DF82700120A07985E
S3150801FB100DF12701FFF7E6FE9DF927205946002A30
S3150801FB20204610DAFFF7A1FE059B09F101099A445F
S3150801FB30009B9945D8DB039B01371C44049B1E4453
S3150801FB40069B1D4495E7FFF7A4FEEDE70BB0BDE85C
S3150801FB50F08F2DE9F74FD0E904430546D0E901981E
S3150801FB60C77ED0F80CA08069019308F05CFAC0F34F
S3150801FB70C71306462868ED6900936B4203F007032D
S3150801FB8005F0070558BF5D42002C4BD1FC2F1ED846
S3150801FB90009B13FB07F6C7F1FF0744450FDA4FF041
S3150801FBA0000B37E0002E05EB07010BDAFFF75DFEC8
S3150801FBB001374F45F6DB50440134444505DB03B0B4
S3150801FBC0BDE8F08FFFF765FEF2E70027F1E776B2A9
S3150801FBD0F3E70BEB05010B460029B8BFCB1DD1F1A5
S3150801FBE0000C4FEAE3030CF0070C01F00702C35CB3
S3150801FBF058BFCCF10002C2F10702134103F0010319
S3150801FC0007FB0363FE33B3F5FE7F08D9FFF72DFE25
S3150801FC100BF1010BCB45DCDB50440134BDE7FFF7A3
S3150801FC2038FEF5E7FC2F4FF0000B3DD8C345C6DA81
S3150801FC30002666E0E35D3BB1FF2B05EB07010FD11B
S3150801FC40002E2EDAFFF711FE01374F45F2DB019B35
S3150801FC5050441C440BF1010BC345B0DA0027F4E705
S3150801FC600A460029B8BFCA1DD1F1000E0EF0070ECB
S3150801FC704FEAE20201F0070C825C58BFCEF1000C94
S3150801FC80CCF1070C42FA0CF202F0010E009AC3F10C
S3150801FC90FF0C13FB02F30CFB0E33FE33B3F5FE7FA9
S3150801FCA0D0D8FFF7F6FDCFE776B2D5E7A35D3BB32C
S3150801FCB0FF2213FB07F3A919B3FBF2F30A4600293E
S3150801FCC0B8BFCA1DD1F1000E0EF0070E4FEAE202C7
S3150801FCD001F0070C825C58BFCEF1000CCCF1070C81
S3150801FCE042FA0CF202F0010E009AC3F1FF0C5343DB
S3150801FCF00CFB0E33FE33B3F5FE7F0AD9FFF7B5FDCC
S3150801FD0001364E45D2DB019B50441C440BF1010BD5
S3150801FD108CE7FFF7BEFDF3E72DE9F04F8BB090F8BE
S3150801FD2020300446063B0F2B50D8DFE813F0750246
S3150801FD30A0044F004F004F004F004F004F004F00E7
S3150801FD402F013801360110004F004F007303436835
S3150801FD50426A0193836802F007080293C36890F820
S3150801FD6021A00393D0E906730493D0E904630593AC
S3150801FD70534203F0070358BFC3F1000890F8223035
S3150801FD800568002B40F0FF80002E4FD1BAF1FC0F19
S3150801FD9019D8029BB34219DD00243BE037F8140059
S3150801FDA008F05CF910F0800F08EB0401284610D022
S3150801FDB0FFF75BFD0134019BA342EFDC039B013690
S3150801FDC01D44049B1F44029BB34205DC0BB0BDE8EE
S3150801FDD0F08FFFF75EFDEDE70024ECE737F8140036
S3150801FDE008F03CF908EB040B814659462846FFF70B
S3150801FDF066FD40428DF8240009A948465246FFF798
S3150801FE0071FD9DF924305946002B28460BDAFFF778
S3150801FE102CFD0134019BA342E0DC039B01361D4402
S3150801FE20049B1F44B5E7FFF734FDF2E7BAF1FC0F6F
S3150801FE301C462DD8029BA342C8DD4FF0000951E0AC
S3150801FE4037F8190008F00AF908EB090B82465946F2
S3150801FE502846FFF734FD40428DF8240009A950468B
S3150801FE6016F80920FFF73EFD9DF924305946002B67
S3150801FE70284613DAFFF7F9FC09F10109019B4B45FD
S3150801FE80DEDC039B01341D44049B1F44059B1E4471
S3150801FE90029BA3429ADD4FF00009EFE7FFF7F9FC51
S3150801FEA0EAE737F8190008F0D9F808EB090B5946BB
S3150801FEB006902846FFF703FD16F80920404212FB73
S3150801FEC00AF28DF82400120A069809A9FFF70AFD15
S3150801FED09DF924205946002A28460EDAFFF7C5FC63
S3150801FEE009F10109019B4B45DBDC039B01341D44E8
S3150801FEF0049B1F44059B1E449CE7FFF7CAFCEFE7DA
S3150801FF0040F63A0240F20D4107EB49035B78DB08FC
S3150801FF1053431B128DF8263037F81930C3F34513AE
S3150801FF204B431B128DF8253017F8193003F01F03C0
S3150801FF3053431B128DF824301EB316F8093013FBF0
S3150801FF400AF31B0A8DF8273008EB0901284694F8AD
S3150801FF502230099AFFF7D5FC09F10109019B4B45A6
S3150801FF60CEDC0EB1059B1E44039B0BF1010B1D4410
S3150801FF70049B1F44029B5B457FF728AF4FF000099E
S3150801FF80ECE75346DEE74FF0000BF3E70321204683
S3150801FF900BB0BDE8F04FFFF7F2BC0421F7E7436861
S3150801FFA0426A0293836890F821800393C3680568BF
S3150801FFB00493D0E906730593D0E904630693534283
S3150801FFC003F0070302F0070258BF5A4290F822309D
S3150801FFD00192002B40F01D81002E6AD1B8F1FC0F69
S3150801FFE02ED8039BB3427FF7F1AEB946002454E0FD
S3150801FFF0D8F8000008F062F8019B814604EB030A71
S3150802000051462846FFF75BFC40428DF8240009A9B1
S31508020010484698F80320FFF765FC9DF924305146B7
S31508020020002B284613DAFFF720FC013408F10408EE
S31508020030029BA342DCDC049B01361D44059B1F443C
S31508020040039BB3427FF7C2AEB8460024F0E7FFF738
S3150802005020FCEAE7D9F8000008F030F8019B82464E
S3150802006004EB030B59462846FFF729FC99F80320A7
S31508020070404212FB08F28DF8240009A95046120ADA
S31508020080FFF730FC9DF924305946002B28460DDA35
S31508020090FFF7EBFB013409F10409029BA342D9DC01
S315080200A0049B01361D44059B1F449AE7FFF7F1FBA3
S315080200B0F0E7B8F1FC0F1C4637D8039BA3427FF73B
S315080200C085AEBA464FF0000961E0D9F8000007F09C
S315080200D0F5FF019B824603EB080B59462846FFF7B4
S315080200E0EEFB99F8033016F80820404212FB03F299
S315080200F08DF8240009A95046120AFFF7F3FB9DF969
S3150802010024305946002B284617DAFFF7AEFB08F1CA
S31508020110010809F10409029B4345D6DC049B013414
S315080201201D44059B1F44069B1E44039BA3427FF75F
S315080201304DAEB9464FF00008EDE7FFF7AAFBE6E732
S31508020140DAF8000007F0BAFF019B079003EB090BE8
S3150802015059462846FFF7B3FB16F809209AF8031002
S3150802016012FB08F24A4340428DF82400120C079803
S3150802017009A9FFF7B7FB9DF924205946002A284604
S3150802018010DAFFF772FB09F101090AF1040A029B68
S315080201904B45D5DC049B01341D44059B1F44069B35
S315080201A01E448AE7FFF775FBEDE75AF8030C9AF83F
S315080201B0002009902EBB12FB08F2130A01998DF84A
S315080201C027304944284694F82230099AFFF799FBC2
S315080201D009F101090AF1040A029B4B45E5DC0EB155
S315080201E0069B1E44049B0BF1010B1D44059B1F44F1
S315080201F0039B5B457FF7EAAD4FF0000907F1030A57
S31508020200EAE716F8093013FB02F308FB03F31B0CA3
S31508020210D4E74FF0000BEBE74368426A0193836821
S3150802022002F007080293C36890F821900393D0E975
S3150802023006730493D0E904630593534203F0070354
S3150802024058BFC3F1000890F822300568002B40F029
S31508020250DE80002E45D1B9F1FC0F16D8029BB342B7
S315080202607FF7B4AD002430E03B572846002B08EB55
S31508020270040110DAFFF7F9FA0134019BA342F3DC11
S31508020280039B01361D44049B1F44029BB3427FF71E
S315080202909DAD0024F1E7FFF7FCFAEDE708EB040A47
S315080202A051462846FFF70BFB40428DF8240009A960
S315080202B0385D4A46FFF716FB9DF924305146002B56
S315080202C028460BDAFFF7D1FA0134019BA342E5DC93
S315080202D0039B01361D44049B1F44BFE7FFF7D9FA67
S315080202E0F2E7B9F1FC0F1C462BD8029BA3427FF713
S315080202F06DAD4FF0000A4DE008EB090B594628464A
S31508020300FFF7DDFA17F809A040428DF8240009A97B
S31508020310504616F80920FFF7E5FA9DF924305946A2
S31508020320002B284614DAFFF7A0FA09F10109019B06
S315080203304B45E1DC039B01341D44049B1F44059B8A
S315080203401E44029BA3427FF741AD4FF00009EEE738
S31508020350FFF79FFAE9E717F80A3008EB0A0B59463E
S3150802036028460693FFF7ABFA16F80A20404212FB14
S3150802037009F28DF82400120A069809A9FFF7B2FABB
S315080203809DF924205946002A28460EDAFFF76DFA07
S315080203900AF1010A019B5345DDDC039B01341D4426
S315080203A0049B1F44059B1E449FE7FFF772FAEFE77B
S315080203B017F80A308DF826308DF825308DF8243056
S315080203C01EB316F80A3013FB09F31B0A8DF82730F9
S315080203D008EB0A01284694F82230099AFFF791FA9F
S315080203E00AF1010A019B5345E2DC0EB1059B1E4444
S315080203F0039B0BF1010B1D44049B1F44029B5B45A7
S315080204007FF7E4AC4FF0000AECE74B46DEE74FF025
S31508020410000BF3E74368426A0193836802F0070B0D
S315080204200293C36890F821800393D0E90673049374
S31508020430D0E904630593534203F0070358BFC3F197
S31508020440000B90F822300568002B40F00E81002E32
S315080204505ED1B8F1FC0F28D8029BB3427FF7B6AC3F
S31508020460002407F1010947E00BEB0409494628462F
S31508020470FFF725FA40428DF8240009A917F8140057
S3150802048018F81420FFF72EFA9DF924304946002B56
S31508020490284612DAFFF7E9F90134019BA342E3DCA5
S315080204A0039B01361D44049B1F44029BB3427FF7FC
S315080204B08DAC002407F10108EFE7FFF7EAF9EBE74D
S315080204C00BEB040A51462846FFF7F9F919F81420E6
S315080204D0404212FB08F28DF8240009A917F8140005
S315080204E0120AFFF7FFF99DF924305146002B2846D8
S315080204F00BDAFFF7BAF90134019BA342E0DC039B4E
S3150802050001361D44049B1F44A6E7FFF7C2F9F2E72A
S31508020510B8F1FC0F1C4631D8029BA3427FF756ACB2
S315080205207B1C4FF00009069356E00BEB080A51466E
S315080205302846FFF7C4F916F8083019F81820404279
S3150802054012FB03F28DF8240009A917F81800120AFB
S31508020550FFF7C8F99DF924305146002B284616DACA
S31508020560FFF783F908F10108019B4345DDDC039B8C
S3150802057001341D44049B1F44059B1E44029BA3424F
S315080205807FF724AC4FF0000807F10109ECE7FFF703
S3150802059080F9E7E70BEB090A51462846FFF78FF978
S315080205A0069B404213F8192016F809308DF82400E4
S315080205B012FB03F208FB02F217F8190009A9120C3A
S315080205C0FFF790F99DF924305146002B28460EDA9A
S315080205D0FFF74BF909F10109019B4B45DADC039B4D
S315080205E001341D44049B1F44059B1E4494E7FFF7F0
S315080205F050F9EFE71AF8013C9AF800208DF82630F0
S315080206008DF825308DF824303EBB12FB08F2130A0A
S315080206108DF827300BEB0901284694F82230099AFF
S31508020620FFF76FF909F101090AF1020A019B4B4525
S31508020630E0DC0EB1059B1E44039B1D44049B1F442C
S31508020640069B01330693069A029B93427FF7BEAB3B
S315080206504FF0000907F1010AE8E716F8093013FB1B
S3150802066002F308FB03F31B0CD2E70023EAE743680D
S31508020670426A0193836802F007080293C36890F8F6
S3150802068021900393D0E906730493D0E90463059392
S31508020690534203F0070358BFC3F1000890F822300B
S315080206A00568002B40F0E780002E49D1B9F1FC0F0E
S315080206B01AD8C9F1FF0A029BB3427FF787AB002417
S315080206C032E021463846FFF7FAF804EB080188B10A
S315080206D02846FFF7CAF80134019BA342F1DC039BC3
S315080206E001361D44049B1F44029BB3427FF76EAB3F
S315080206F00024F1E72846FFF7CCF8ECE7214638460E
S31508020700FFF7DDF8024604EB080B59462846FFF7C1
S31508020710D6F819FB02F200FB0A22120659462846A7
S315080207200BD5FFF7A2F80134019BA342E6DC039B33
S3150802073001361D44049B1F44BDE7FFF7AAF8F2E7FA
S31508020740B9F1FC0F1C462BD8029BA3427FF73EAB9E
S315080207504FF0000A4EE049463846FFF7B0F882469F
S3150802076008EB090B59462846FFF7A9F816F8092097
S315080207705946C2F1FF0312FB0AF200FB03221306D3
S31508020780284614D5FFF771F809F10109019B4B4573
S31508020790E1DC039B01341D44049B1F44059B1E4454
S315080207A0029BA3427FF712AB4FF00009EEE7FFF771
S315080207B070F8E9E716F80A20D2B151463846FFF72B
S315080207C07EF8834608EB0A0128460691FFF777F872
S315080207D012FB09F21212C2F1FF0312FB0BF200FB23
S315080207E0032212F0800F284606990ED0FFF73DF82D
S315080207F00AF1010A019B5345DCDC039B01341D44C3
S31508020800049B1F44059B1E449EE7FFF742F8EFE749
S3150802081051463846FFF753F84042C0B28DF82500D4
S315080208208DF824002EB316F80A3013FB09F31B0AB7
S315080208308DF827308DF826000AEB0801284694F829
S315080208402230099AFFF75DF80AF1010A019B53451E
S31508020850DEDC0EB1059B1E44039B0BF1010B1D4406
S31508020860049B1F44029B5B457FF7B0AA4FF0000A20
S31508020870ECE74B46DCE74FF0000BF3E7CB10C94336
S31508020880C05C01F00701084100F00100704710B58D
S315080208905AB1FC2A9FBFD34310FB02F00C78DBB295
S315080208A09CBF04FB0300000A087010BD37B5154645
S315080208B004460846019107F001FC022D11D0032DCA
S315080208C014D0012D18D123780344FF2BA8BFFF2388
S315080208D0D8B221469DF8072003B0BDE83040FFF79D
S315080208E0D6BF23781B1A23EAE373F1E7237813FBAF
S315080208F000F3C3F30720ECE703B030BD2DE9F04F50
S3150802090089B0436807460093836888460193C3689B
S3150802091090F821900293D0E906530393D0E9044351
S31508020920049390F822300668002B40F0A980F4B9A7
S31508020930B9F1FC0F14D8019B9C4280F2A380AA4607
S31508020940002729E0484607F0A2FBC144F0550137C3
S31508020950009B9F42F6DB029B01341E44039B1D4407
S31508020960019B9C4280F28E80A9460027F0E7B9F1E6
S31508020970FC0F1F462FD8019B9F4280F28380AB460D
S315080209804FF0000A3DE0504607F081FBF1194A464E
S31508020990FFF77DFF0137C244009B9F42F3DB029BB0
S315080209A001341E44039B1D44C5E7504607F06FFBFE
S315080209B014F8092006EB0901FFF769FF09F1010995
S315080209C0C244009B9945F0DB029B01371E44039BF8
S315080209D01D44049B1C44019B9F4253DAAA464FF0CE
S315080209E00009EEE7584607F052FB14F80A2006EB10
S315080209F00A0112FB09F2120AFFF749FF0AF1010A74
S31508020A00C344009B9A45EDDB029B01371E44039BB8
S31508020A101D44049B1C44AEE79BF802208DF81E2059
S31508020A209BF801208DF81D209BF800208DF81C20CC
S31508020A3024B314F80A2012FB09F2120A8DF81F20B1
S31508020A4006EB0A0097F8222007990593FFF72EFF6F
S31508020A50059B0AF1010AC344009A9245DCDB0CB1F4
S31508020A60049A1444029A01331644039A1544019AC5
S31508020A70934207DAAB464FF0000AEDE74A46DDE74E
S31508020A800023F4E709B0BDE8F08F2DE9F74F0546D4
S31508020A90D0E90167D0E9044990F81BA0D0F80C8088
S31508020AA08069002C5AD1BAF1FC0F3FD907F0BBFA7C
S31508020AB0002E0346286806F1FF3525F00F05D8BF34
S31508020AC00025A6F1100CBC4237DA014620E0114691
S31508020AD002F8103C02F80F3C02F80E3C02F80D3CF4
S31508020AE002F80C3C02F80B3C02F80A3C02F8093CF4
S31508020AF002F8083C02F8073C02F8063C02F8053CF4
S31508020B0002F8043C02F8033C02F8023C02F8013CF3
S31508020B1001F11002091A8C45D9DC2A46B24202DBD7
S31508020B2040440134CFE783540132F7E707F07BFAF2
S31508020B308346D5F80090BC420EDB03B0BDE8F08FC1
S31508020B4009EB050152465846FFF7A1FE0135B542A3
S31508020B50F6DBC1440134EEE70025F8E7BAF1FC0FEB
S31508020B6018D94FF0000A07F05EFAD5F800B0BA4570
S31508020B70E3DA002507E0625D0BEB05010090FFF75B
S31508020B8086FE00980135B542F5DBC3444C440AF1AA
S31508020B90010AECE74FF0000B07F045FA2B68BB4554
S31508020BA0CBDA00250BE0625D591912FB0AF2013510
S31508020BB0120ACDE90003FFF76AFEDDE90003B54232
S31508020BC0F1DB43444C440BF1010BE8E72DE9F04F06
S31508020BD089B090F820308146063B0F2B3CD8DFE8D7
S31508020BE013F0A301FD023B003B003B003B003B0028
S31508020BF03B003B00CD00D600D40010003B003B0072
S31508020C003C02D0E9018390F822B00193C36890F8B8
S31508020C10217002930668D0E90443D0E9065A039381
S31508020C20BBF1000F40F0A8806CBBFC2F11D8019BCA
S31508020C30A34211DD4FF0000B1EE035F8170007F04E
S31508020C400DFAF0550137B845F7DC029B55441E44A8
S31508020C500134019BA34202DC09B0BDE8F08F0027EC
S31508020C60F1E735F81B0007F0F9F906EB0B013A46EE
S31508020C70FFF70DFE0BF1010BD845F2DC029B55443A
S31508020C801E440134D3E7FC2F17D8019B5B45E3DDED
S31508020C904FF0000925E035F8170007F0DFF9E25DA5
S31508020CA0F119FFF7F4FD0137B845F4DC029B554408
S31508020CB01E44039B0BF1010B1C44019B5B45CBDDD8
S31508020CC00027F1E735F8190007F0C8F914F80920E2
S31508020CD006EB090112FB07F2120AFFF7D8FD09F122
S31508020CE00109C845EEDC029B55441E44039B0BF1E1
S31508020CF0010B1C44C9E740F63A0140F20D4005EBE8
S31508020D004B025278D2084A4312128DF81E2035F841
S31508020D101B20C2F34512424312128DF81D2015F804
S31508020D201B2002F01F024A4312128DF81C200CB334
S31508020D3014F80B2012FB07F2120A8DF81F2006EB95
S31508020D400B0099F8222007990493FFF7AFFD049B3D
S31508020D500BF1010BD845CEDC0CB1039A1444029A66
S31508020D60554416440133019A9A427FF775AF4FF0FC
S31508020D70000BEFE73A46E0E70023F4E7032148468B
S31508020D8009B0BDE8F04FFFF7B9BD0421F7E743689C
S31508020D9090F822700193836890F821800293C368C1
S31508020DA006680393D0E9065AD0E904430493002F50
S31508020DB040F0B780002C3AD1B8F1FC0F19D8029B43
S31508020DC0A3427FF749AFAB46002728E0D8F80000D0
S31508020DD007F074F998F80320F119FFF758FD01375F
S31508020DE008F10408019BBB42F0DC039B55441E44F0
S31508020DF00134029BA3427FF72FAFA8460027F1E7EB
S31508020E00DBF8000007F05AF99BF80320F11912FBE8
S31508020E1008F2120AFFF73BFD01370BF1040B019B9F
S31508020E20BB42EDDC039B55441E440134C7E7B8F1C7
S31508020E30FC0F23D8029BBB427FF70EAFA9464FF0A1
S31508020E40000B37E0DBF8000007F038F99BF80320BF
S31508020E5014F8083006EB080112FB03F2120AFFF730
S31508020E6016FD08F101080BF1040B019B4345E9DC69
S31508020E70039B55441E44049B01371C44029BBB42F8
S31508020E807FF7EAAEAB464FF00008EEE7D9F8000066
S31508020E9007F014F999F8032014F80B1012FB08F25C
S31508020EA04A4306EB0B01120CFFF7F1FC0BF1010B9F
S31508020EB009F10409019B5B45E8DC039B55441E4482
S31508020EC0049B01371C44B5E755F8270013F8271089
S31508020ED00790FCB918FB01F10A0A8DF81F20F019D0
S31508020EE099F8222007990593FFF7E0FC059B01373D
S31508020EF0019ABA42E8DC0CB1049B1C44039B554494
S31508020F001E440BF1010B029B5B457FF7A5AE00273A
S31508020F10EB1CEDE7E25D12FB01F208FB02F2120C92
S31508020F20DBE74FF0000BEEE7436890F82270019377
S31508020F30836890F8218002930568D0E90443D0F8C3
S31508020F400CA00393D0E9066B002F40F084800CBBFB
S31508020F50B8F1FC0F0DD8029BA3427FF77DAE00279E
S31508020F6011E031462846019A08F079FE55445E4456
S31508020F700134029BA342F4DC6EE6F05DE9194246AF
S31508020F80FFF785FC0137019BBB42F6DC55445E44FC
S31508020F900134E0E7B8F1FC0F18D8029BBB427FF791
S31508020FA05BAE4FF0000925E014F8082016F8080091
S31508020FB005EB0801FFF76BFC08F10108019B4345A5
S31508020FC0F2DC039B55445E441C440137029BBB4238
S31508020FD07FF742AE4FF00008F0E714F8092016F83A
S31508020FE0090012FB08F205EB0901120AFFF74FFC8A
S31508020FF009F10109019B4B45EFDC039B55445E440D
S315080210001C440137C9E7F25D8DF81E208DF81D20B4
S315080210108DF81C20ECB1E25D12FB08F2120A8DF87B
S315080210201F20E81999F8222007990493FFF73EFC36
S31508021030049B0137019ABA42E5DC0CB1039A1444BF
S3150802104055445E440133029A9A427FF705AE002759
S31508021050F0E74246E3E70023F5E7436890F8227093
S315080210600193836890F821800293C3680568039305
S31508021070D0E9066AD0E904430493002F40F0AB8016
S31508021080B4BBB8F1FC0F17D8029BA3427FF7E4ADB5
S31508021090B346002722E0E91918F8012C18F8020CC1
S315080210A0FFF7F5FB0137019B08F10208BB42F2DCA8
S315080210B0039B56441D440134029BA3427FF7CCADE1
S315080210C0B0460027EFE71BF8012CE91912FB08F2D4
S315080210D01BF8020C120AFFF7DAFB0137019B0BF128
S315080210E0020BBB42EFDC039B56441D440134CBE79B
S315080210F0B8F1FC0F21D8029BBB427FF7ADADB146D2
S315080211004FF0000B32E014F808301BF8012C05EBFF
S31508021110080112FB03F21BF8020C120AFFF7B7FBCF
S3150802112008F10108019B0BF1020B4345EBDC039B1B
S3150802113056441D44049B01371C44029BBB427FF75D
S315080211408BADB3464FF00008ECE714F80B1019F80C
S31508021150012C19F8020C12FB01F208FB02F205EB4C
S315080211600B01120CFFF793FB0BF1010B019B09F123
S3150802117002095B45E9DC039B56441D44049B01377F
S315080211801C44B8E716F817308DF81E308DF81D3056
S315080211908DF81C30ECB1E35D13FB08F31B0A8DF8DE
S315080211A01F30E81999F822200799FFF77FFB0137C4
S315080211B0019BBB42E6DC0CB1049B1C44039B5644D0
S315080211C01D440BF1010B029B5B457FF745AD0027DA
S315080211D0EEE74346E3E74FF0000BF4E7436890F87F
S315080211E022800193836890F821700293C368056888
S315080211F00393D0E9066AD0E904430493B8F1000FD1
S3150802120040F0AC80002C38D1FC2F1AD8029BA3429E
S315080212107FF722AD4FF0000827E041463046FFF738
S315080212202DFB404205EB08013A46C0B2FFF72FFBF9
S3150802123008F10108019B4345EFDC039B56441D4414
S315080212400134029BA3427FF707AD4FF00008F1E78E
S3150802125041463046FFF712FB404205EB08013A4683
S31508021260C0B2FFF714FB08F10108019B4345EFDC06
S31508021270039B56441D440134C8E7FC2F1BD8029B26
S3150802128043457FF7E9AC4FF0000B2BE03946304671
S31508021290FFF7F4FA4042E25DE919C0B2FFF7F7FA3E
S315080212A00137019BBB42F1DC039B56441D44049B58
S315080212B008F101081C44029B43457FF7CDAC002781
S315080212C0EFE759463046FFF7D9FA14F80B204042A1
S315080212D012FB07F205EB0B01120AC0B2FFF7D7FAA7
S315080212E00BF1010B019B5B45EBDC039B56441D444A
S315080212F0049B08F101081C44C1E741463046FFF742
S31508021300BDFA4042C0B28DF81D008DF81C001CB310
S3150802131014F8083013FB07F31B0A8DF81E008DF824
S315080213201F3005EB080099F822200799FFF7BEFA45
S3150802133008F10108019B4345DFDC0CB1049B1C4400
S31508021340039B56441D440BF1010B029B5B457FF739
S3150802135083AC4FF00008EDE73B46DEE74FF0000BA3
S31508021360F3E7CB10C943C05C01F00701084100F05E
S31508021370010070472DE9F04F87B08046D0E9017326
S315080213808069019306F096FDD8E904530393D8F8C9
S315080213900C30064698F81B90D8F800400293002DA8
S315080213A040F0B180B9F1FC0F42D9791E21F00F0144
S315080213B07800490006EB0642A3EB4707019B9D42CC
S315080213C002DB07B0BDE8F08FA30704EB000C04EBC1
S315080213D0010E18BF24F8026B234673451BD30EF180
S315080213E01F031B1BA4F11F0823F01F03C64538BFA2
S315080213F0002323441C46644517D30CF10104E41A5E
S3150802140024F0010403F1FF3EF44538BF00243C44AE
S315080214101C440135D2E7C3E90022C3E90222C3E923
S315080214200422C3E906222033D7E724F8026BE2E74F
S3150802143023880133CDE90353BB1E0593039B019A07
S315080214409342BEDA14F0030A07D04A463046218888
S31508021450E6F7BAFF4FF0010A2080D34604EB4A08A2
S31508021460059B5B4514DC07F1FF38A8EB0A0828F050
S3150802147001085745D8BF4FF00008D04404EB480A84
S31508021480B84535DB029B1C44039B01330393D5E71E
S3150802149034F81B00B8F80210814213D001464A46B6
S315080214A03046E6F791FF24F81B004A463046B8F85C
S315080214B00210E6F789FFA8F802000BF1020B08F101
S315080214C00408CDE7D8F80020049B9A4202D1C8F84E
S315080214D00050F2E7D8F800304A4630460493E6F759
S315080214E073FF24F81B00A8F80200D8F80050E4E7B6
S315080214F0BAF800104A463046E6F766FF08F10108D0
S315080215002AF8020BBCE7B9F1FC0F4FF0000B2FD8F3
S31508021510019B9B45BFF655AF4FF00008A4F1020A9E
S3150802152069E015F0010807D030462A782188E6F7DF
S315080215304BFF4FF001082080C1467A1E04EB480A89
S3150802154005EB08030492049A4A4515DCA7EB08033F
S3150802155023F00103B845C8BF0023984404EB4809A1
S31508021560B8452EDB029B0BF1010B1C44039B1D4461
S31508021570019B9B45D5DB24E74FF6FF711A888A4201
S3150802158009D124F81960AAF8026009F102090AF1D8
S31508021590040A0233D7E7002AF7D01A7834F8191062
S315080215A030460593E6F710FF059B24F819005A788A
S315080215B03046BAF80210E6F707FF059BAAF80200BA
S315080215C0E3E715F80820B9F800103046E6F7FCFEFE
S315080215D008F1010829F8020BC2E715F808203AF8BB
S315080215E0021F12FB09F23046120AE6F7EDFE08F16F
S315080215F00108AAF80000B845EFDB029B0BF1010BC4
S315080216001C44039B1D4483E72DE9F04F87B090F8ED
S3150802161020208146063A0F2A2DD8DFE812F09302D7
S31508021620EC042C002C002C002C002C002C002C0086
S315080216303B014401420110002C002C00A20343681E
S3150802164090F822500093836890F821800193C3682A
S3150802165006680293D0E9067AD0E904430493002D7A
S3150802166040F0168164BBB8F1FC0F22D9009B5D00DD
S31508021670019BA34202DC07B0BDE8F08F394630462B
S315080216802A4608F0ECFA029B57441E440134EFE757
S315080216903BF8021F37F815004246E6F795FE013574
S315080216A0ABF80000009BAB42F2DC029B57441E4497
S315080216B00134019BA342DEDD0025A6F1020BF1E708
S315080216C0B8F1FC0F1CD8019BAB42D4DD4FF0000BDE
S315080216D0A6F102092BE014F808203BF8021F37F896
S315080216E01800E6F771FE08F10108ABF80000009B46
S315080216F04345F0DC029B57441E44049B01351C44B7
S31508021700019BAB42B7DD4FF00008A6F1020BEEE7EC
S3150802171014F80B2039F8021F12FB08F237F81B00DF
S31508021720120AE6F751FE0BF1010BA9F80000009B1D
S315080217305B45EDDC029B57441E44049B01351C4461
S31508021740C1E799F82220022A4ED0032A71D0012A2B
S3150802175091D1BBF8001051B39BF801206878D208E2
S3150802176002EBD00228881F2AC1F34511C0F345109F
S315080217700844A8BF1F223F28A8BF3F20D20292B220
S3150802178002EB401290B229789BF8002001F01F0163
S3150802179002F01F0211441F29D4BF40181F3029889E
S315080217A080B2002C6BD14246E6F70EFE2880039BD8
S315080217B00BF1020B013303930235009B039A934202
S315080217C0BFDC029B57441E440CB1049B1C44059B78
S315080217D001330593059A019B93427FF74CAF002389
S315080217E0BB4635460393E8E7BBF800100029DED06E
S315080217F09BF801206878D208C2EBD0022888C1F388
S31508021800451122EAE272C0F34510401AD20220EAD2
S31508021810E07092B202EB401290B229789BF800204F
S3150802182001F01F0102F01F02891A0029A8BF4018F9
S31508021830B5E74FF6FF72BBF800109142B7D06A7847
S315080218409BF80100D208C00812FB00F22888C1F3EF
S315080218504511C0F3451010FB01F0801152114001E9
S3150802186000EBC2209BF800102A7801F01F0102F053
S315080218701F0212FB01F280B200EB52108FE7039BA4
S31508021880B8F1FC0FE25C9CBF12FB08F2120A8BE766
S3150802189000239EE70321484607B0BDE8F04FE3F769
S315080218A0D7B80421F7E7436890F822700093836853
S315080218B090F821800193C36806680293D0E906531B
S315080218C00393D0E904430493002F40F03981002C96
S315080218D040D1B8F1FC0F1CD8019BA3427FF7CBAECF
S315080218E02F464FF0000AA6F1020B2AE0FA7838468C
S315080218F03AF8021FE3F776F808F10108AAF8000099
S315080219000437009B4345F1DC029B01341E44039BCA
S315080219101D44019BA3427FF7AEAE2F464FF0000847
S31508021920A6F1020AEDE7FA78384612FB08F23BF806
S31508021930021F120AE3F756F80AF1010AABF8000089
S315080219400437009B5345EEDC029B01341E44039B7D
S315080219501D44C1E7B8F1FC0F25D8019BBB427FF7AE
S315080219608AAEAB464FF0000AA6F1020939E014F82E
S3150802197008309AF80320504612FB03F23BF8021F7E
S31508021980120AE3F72FF808F10108ABF800000AF18A
S31508021990040A009B4345EADC029B01371E44039B6B
S315080219A01D44049B1C44019BBB427FF764AEAA46B6
S315080219B04FF00008A6F1020BEBE714F80A109BF8A1
S315080219C00320584612FB01F208FB02F239F8021FFD
S315080219D0120CE3F707F80AF1010AA9F800000BF15D
S315080219E0040B009B5345E8DC029B01371E44039B0C
S315080219F01D44049B1C44B0E799F82220022A51D0C0
S31508021A00032A70D0012A7FF436AE9AF80120B978F3
S31508021A10D20802EBD1021F2AA8BF1F22D002BAF8A7
S31508021A2000207978C2F3451202EB91023F2AA8BF39
S31508021A303F2280B200EB42109AF80020397802F071
S31508021A401F0280B202EBD1021F2AD4BF80181F30B0
S31508021A50BAF8001080B2002C65D1FA78B8F1FC0FFA
S31508021A609CBF18FB02F2120AE6F7AEFC0BF1010B59
S31508021A702AF8020B0437009B5B45BDDC029B1E4419
S31508021A80039B1D440CB1049B1C44059B013305931F
S31508021A90059A019B93427FF7EEADB2462F464FF069
S31508021AA0000BE8E7BA789AF80110D208C2EBD1021D
S31508021AB022EAE272D002BAF800207978C2F3451215
S31508021AC0A2EB910222EAE27280B200EB42109AF885
S31508021AD00020397802F01F0280B2A2EBD102002A56
S31508021AE0A8BF8018B4E7BA789AF80110D208C908CC
S31508021AF012FB01F27878BAF800108008C1F3451192
S31508021B0010FB01F080115211400100EBC2209AF835
S31508021B1000103A7801F01F01D20812FB01F280B2D6
S31508021B2000EB521094E714F80B20B8F1FC0F9FBF94
S31508021B3012FB08F297F803C00CFB02F2120C93E7A9
S31508021B400023A4E7436890F822700093836890F80C
S31508021B5021800193C36805680293D0E9066AD0E931
S31508021B6004430393002F40F0FA8074BBB8F1FC0FCC
S31508021B7014D8019BA3427FF77EAD0027A5F1020B7D
S31508021B801BE0705CE2F7F0FE25F811000131009BBC
S31508021B908B42F6DC029B56441D440134019BA34248
S31508021BA07FF769AD0021F2E7F05D3BF8021F424676
S31508021BB0E2F7E6FE0137ABF80000009BBB42F3DC16
S31508021BC0029B56441D440134D3E7B8F1FC0F1DD8D5
S31508021BD0019BBB427FF74FAD4FF0000BA5F10209FF
S31508021BE02CE014F8082016F808003BF8021FE2F762
S31508021BF0C7FE08F10108ABF80000009B4345F0DC7C
S31508021C00029B56441D44039B01371C44019BBB425D
S31508021C107FF731AD4FF00008A5F1020BEDE714F896
S31508021C200B2016F80B0012FB08F239F8021F120AEB
S31508021C30E2F7A6FE0BF1010BA9F80000009B5B4533
S31508021C40EDDC029B56441D44039B01371C44BFE747
S31508021C5099F8221016F82BC002294FEADC024FEA3D
S31508021C609C0C41D0032958D001297FF404AD787819
S31508021C70398802EBD0001F28C1F345116144A8BF79
S31508021C801F203F29A8BF3F21C00280B200EB4110A6
S31508021C90397880B201F01F010A441F2AD4BF80187E
S31508021CA01F3080B2002C4FD1B8F1FC0F03D8424640
S31508021CB03988E6F789FB27F8020B0BF1010B009B23
S31508021CC05B45C5DC029B56441D440CB1039B1C4470
S31508021CD0049B01330493049A019B93427FF7CBAC8E
S31508021CE02F464FF0000BEAE778783988C2EBD00026
S31508021CF020EAE070C1F34511C002A1EB0C0121EA0A
S31508021D00E17180B200EB4110397880B201F01F010F
S31508021D108A1A002AA8BF8018C3E738887978C0F3D8
S31508021D20451010FB0CF0C90811FB02F1801149118C
S31508021D30400100EBC120397880B201F01F0111FB86
S31508021D4002F200EB5210ACE714F80B20B8F1FC0FC4
S31508021D5098BF12FB08F2398898BF120AA9E700232E
S31508021D60B8E7436890F822700093836890F8218058
S31508021D700193C36806680293D0E906530393D0E930
S31508021D8004430493002F40F03481002C44D1B8F167
S31508021D90FC0F1ED8019BA3427FF76DAC2F464FF06E
S31508021DA0000AA6F1020B2DE017F8012C3AF8021FD9
S31508021DB017F8020CE2F7E4FD08F10108AAF8000098
S31508021DC0009B02374345EFDC029B01341E44039B0A
S31508021DD01D44019BA3427FF74EAC2F464FF00008E5
S31508021DE0A6F1020AECE717F8012C3BF8021F12FBD0
S31508021DF008F217F8020C120AE2F7C2FD0AF1010A02
S31508021E00ABF80000009B02375345ECDC029B013419
S31508021E101E44039B1D44BDE7B8F1FC0F26D8019B5F
S31508021E20BB427FF728ACAB464FF0000AA6F102097F
S31508021E3039E014F808301AF8012C3BF8021F12FB95
S31508021E4003F21AF8020C120AE2F79AFD08F10108DF
S31508021E50ABF80000009B0AF1020A4345E9DC029B43
S31508021E6001371E44039B1D44049B1C44019BBB4231
S31508021E707FF701ACAA464FF00008A6F1020BE9E784
S31508021E8014F80A101BF8012C1BF8020C12FB01F2BB
S31508021E9008FB02F239F8021F120CE2F771FD0AF189
S31508021EA0010AA9F80000009B0BF1020B5345E7DC77
S31508021EB0029B01371E44039B1D44049B1C44AEE748
S31508021EC099F8221097F800C002294FEADC024FEA75
S31508021ED09C0C4BD0032965D001297FF4CCAB9AF828
S31508021EE00100BAF8001002EBD0001F28C1F3451111
S31508021EF06144A8BF1F203F29A8BF3F21C00280B264
S31508021F0000EB41109AF8001080B201F01F010A4452
S31508021F101F2AD4BF80181F30BAF8001080B2002CCE
S31508021F205AD17A78B8F1FC0F9CBF18FB02F2120A52
S31508021F30E6F74AFA0BF1010B2AF8020B0837009B5F
S31508021F405B45BDDC029B1E44039B1D440CB1049BEE
S31508021F501C44059B01330593059A019B93427FF71F
S31508021F608AABB2462F464FF0000BE8E79AF8010013
S31508021F70BAF80010C2EBD00020EAE070C1F34511AE
S31508021F80C002A1EB0C0121EAE17180B200EB41101B
S31508021F909AF8001080B201F01F018A1A002AA8BF17
S31508021FA08018B9E7BAF800009AF80110C0F345108C
S31508021FB010FB0CF0C90811FB02F18011491140010E
S31508021FC000EBC1209AF8001080B201F01F0111FB44
S31508021FD002F200EB52109FE714F80B20B8F1FC0F3F
S31508021FE09FBF12FB08F297F801C00CFB02F2120C13
S31508021FF09EE70023AFE7436890F822700093836850
S3150802200090F821800193C36805680293D0E9066AAD
S31508022010D0E904430393002F40F0F380002C38D113
S31508022020B8F1FC0F19D8019BA3427FF724AB00270E
S31508022030A5F1020B25E039463046FFF792F94042F0
S31508022040C0B2E2F791FC25F817000137009BBB42A4
S31508022050F1DC029B56441D440134019BA3427FF7DF
S315080220600AAB0027F2E739463046FFF77AF94042CB
S315080220703BF8021F4246C0B2E2F782FC0137ABF8D0
S315080220800000009BBB42EEDC029B56441D44013411
S31508022090C9E7B8F1FC0F21D8019BBB427FF7EBAA2F
S315080220A04FF0000BA5F1020934E041463046FFF72E
S315080220B058F9404214F808203BF8021FC0B2E2F76A
S315080220C05FFC08F10108ABF80000009B4345ECDC15
S315080220D0029B56441D44039B01371C44019BBB4289
S315080220E07FF7C9AA4FF00008A5F1020BEDE759469A
S315080220F03046FFF736F914F80B20404212FB08F275
S3150802210039F8021F120AC0B2E2F73AFC0BF1010BC8
S31508022110A9F80000009B5B45E9DC029B56441D4476
S31508022120039B01371C44B7E73046FFF71AF999F8BB
S3150802213022204042022AC0B231D0032A36D0012ACE
S315080221407FF499AAE2F710FC4FF6FE7279880844E2
S31508022150904246DC80B2002C48D1B8F1FC0F03D875
S3150802216042467988E6F730F927F8020F0BF1010B98
S31508022170009B4FEA8B015B45D6DC029B56441D4405
S315080221800CB1039B1C44049B01330493049A019BE0
S3150802219093427FF770AA4FF0000BAF1EE8E7E2F70B
S315080221A0E3FB798881421FDD081AD3E7E2F7DCFBF5
S315080221B07988C0F3CF0CCA0A0CFB02F200F01F0E94
S315080221C001F01F0C0EFB0CFC4FEA6C1C4CEAC22CED
S315080221D0C0F38500C1F34512504380114CEA401002
S315080221E0B8E74FF6FF70B6E70020B4E714F80B20FD
S315080221F0B8F1FC0F98BF12FB08F2798898BF120A49
S31508022200B0E70023C1E7CB10C943C05C01F0070160
S31508022210084100F00100704722B1FC2A03D9087070
S31508022220487088707047D34310FB02F00A78DBB215
S3150802223002FB0302120A0A704A7802FB0302120A16
S315080222404A708A7802FB0300000AEAE730B53AB117
S31508022250FC2A037805D90B7043784B7083788B7008
S3150802226030BDD44313FB02F30D78E4B205FB043305
S315080222701B0A0B704B78457813FB04F305FB0233F4
S315080222801B0A4B708B78807813FB04F300FB02332E
S315080222901B0AE4E730B585B0022A0191CCB2C1F334
S315080222A00725C1F3074121D0032A30D0012A1BD1C1
S315080222B003782344FF2BA8BFFF238DF80C304378FD
S315080222C02B44FF2BA8BFFF238DF80D3083780B44D0
S315080222D0FF2BA8BFFF23DBB201469DF8072003A800
S315080222E08DF80E30FFF7B2FF05B030BD03781B1B21
S315080222F023EAE3738DF80C3043785B1B23EAE37316
S315080223008DF80D3083785B1A23EAE373E3E70378E3
S3150802231013FB04F31B128DF80C30437813FB05F3F9
S315080223201B128DF80D30837813FB01F31B0AD3E7D2
S315080223302DE9F04F8BB0436807464B4301938368F8
S3150802234088460293C36891460393D0E906630493C9
S31508022350D0E90443069390F8223090F821A0056844
S31508022360002B40F0BA8064BBBAF1FC0F44D9914203
S315080223700FD0029B9C420FDA32462B4617E03146B3
S315080223802846019A07F06BFC039B01341D44049B03
S315080223901E44029B9C42F2DB0BB0BDE8F08F11781B
S315080223A019705178597091784A4499704344019842
S315080223B0591B8142F3DB039B01341D44049B1E44D3
S315080223C0D7E7BAF1FC0F1F4630D8029B9F42E3DAE1
S315080223D030464FF0000B631E40E05846E919524654
S315080223E0FFF734FF4744CB44019B9F42F5DB039B2F
S315080223F001341D44049B1E44029B9C42CCDAB3461C
S315080224000027F1E705EB0A011BF8012F0590FFF7F4
S315080224101DFF0598C2444844019B9A45F2DB039B7B
S3150802242001371D44049B1E44069B1C44029B9F4283
S31508022430B2DA30464FF0000A04F1FF3BECE713F834
S31508022440012F05EB0B0112FB0AF2120A07930590FC
S31508022450FFF7FCFE0598079BC3444844019A934537
S31508022460EDDB039B01371D44049B1E44069B1C445B
S31508022470ABE79A788DF826205A788DF825201A78AF
S315080224808DF824203CB314F80B2012FB0AF2120A28
S315080224908DF8272005EB0B0097F822200999079358
S315080224A0FFF7F8FE079BC3444B44019A9345E0DBCA
S315080224B00CB1069B1C44039B1D44049B1E44059BAE
S315080224C001330593059B029A9342BFF665AF3346DD
S315080224D04FF0000BE9E75246DAE70023F1E72DE968
S315080224E0F04F87B0D0E904438046D0E901A70D46EC
S315080224F090F81B90C6680193002C76D1B9F1FC0FAF
S315080225005AD9032925D104680AEB4A0A2346D91C53
S315080225101B1B9A4507DC012504EB0608BD4210DBA6
S3150802252007B0BDE8F08F98F8183001F8033C98F820
S31508022530193001F8023C98F81A3001F8013C0B46AA
S31508022540E5E740465246214607F089FBB044013585
S31508022550E4E70429E4D1806905F0BAFCBAF1000F70
S315080225602AF00F02B8BF0022D8F80010AAF10F0C01
S31508022570BC42D5DA0B46002510E043E9100043E9D0
S315080225800E0043E90C0043E90A0043E9080043E95F
S31508022590060043E9040043E902001035AC4503F19D
S315080225A04003EADC1346534502DB31440134DFE7D4
S315080225B041F823000133F6E7806905F089FC05FB3B
S315080225C00AFAD8F800B00590BC42A9DA4FF000081A
S315080225D006E00BEB08014A4605A8FFF737FEA844B2
S315080225E0D045F6DBB3440134EEE701FB0AF3B9F151
S315080225F0FC0F806902931ED905F06AFC4FF00009A8
S31508022600D8F800A00590B9458ADA4FF0000804F117
S31508022610FF3B07E00AEB08011BF8012F05A8FFF7A5
S3150802262015FEA844029B9845F4DB019BB2441C4460
S3150802263009F10109E7E705F04BFC4FF0000AD8F863
S3150802264000B00590BA45BFF66BAF4FF00008631E9F
S315080226500CE013F8012F0BEB080112FB09F205A88F
S31508022660120A0393FFF7F2FD039BA844029A9045C8
S31508022670EFDB019BB3441C440AF1010AE2E72DE9A8
S31508022680F04F8BB090F820300446063B01910F2B91
S3150802269000F2D082DFE813F02702B203CE02CE029E
S315080226A0CE02CE02CE02CE02CE024B015601540112
S315080226B01000CE02CE02D902D0E901B30293C36852
S315080226C090F821900393D0E906530493D0E9046362
S315080226D0059390F822300768002B40F02381002EDC
S315080226E062D1B9F1FC0F30D840F63A0840F20D4AE9
S315080226F0029BB34240F39E82394600244CE005EB26
S3150802270042035B78DB0843431B128B7035F81230A1
S31508022710C3F3451363431B124B7015F8123001328B
S3150802272003F01F0343431B120B70019B1944934585
S31508022730E5DC039B01361F44049B1D44029BB342FE
S3150802274040F3788239460022F1E740F63A0040F231
S315080227500D44F3E705EB44035B784A46DB0808FBBE
S3150802276003F31B128DF8263035F8143009A8C3F383
S3150802277045130AFB03F31B128DF8253015F814309E
S31508022780013403F01F0308FB03F31B128DF82430F0
S31508022790FFF75CFD019B1944A345DBDC039B01366D
S315080227A01F44049B1D44A3E7B9F1FC0F1C463ED8FF
S315080227B040F63A0A029BA34240F33C8239464FF05E
S315080227C0000861E005EB48035B7816F80820DB0889
S315080227D009FB03F31B128DF8263035F8183009A8C1
S315080227E0C3F345130AFB03F31B128DF8253015F8BC
S315080227F0183008F1010803F01F0309FB03F31B1243
S315080228008DF82430FFF722FD019B1944C345D9DC14
S31508022810039B01341F44049B1D44059B1E44029BD3
S31508022820A34240F3078239464FF00008EEE740F626
S315080228303A0940F20D4AF2E740F20D4205EB480327
S315080228405B7809A8DB080AFB03F31B128DF826300E
S3150802285035F81830C3F3451353431B128DF8253048
S3150802286015F8183016F8082003F01F030AFB03F3BD
S3150802287012FB09F21B12120A8DF82430FFF7E6FC46
S31508022880019B08F101081944C345D5DC039B0134B1
S315080228901F44049B1D44059B1E448BE740F20D41D1
S315080228A005EB48025278D2085A4312128DF82620AE
S315080228B035F81820C2F345124A4312128DF825201C
S315080228C015F8182002F01F025A4312128DF8242016
S315080228D036B316F8082012FB09F2120A8DF82720D9
S315080228E0099994F822200690FFF7D4FC019B0698D2
S315080228F008F10108184440F63A03C345CEDC0EB186
S31508022900059A1644039A0AF1010A1744049A1544C9
S31508022910029A524540F38E8138464FF00008ECE79A
S315080229204A46DBE74FF0000A40F63A03F0E703228D
S3150802293020469DF804100BB0BDE8F04FFFF7F8BC2F
S315080229400422F5E7436890F82180029383680768B2
S315080229500393C368D0E906690493D0E9045305933F
S3150802296090F82230002B40F0BC80002D38D1B8F107
S31508022970FC0F18D8039BAB4240F35C81B24639463A
S31508022980002425E0404698F80320FFF75FFC019BE8
S31508022990013408F104081944029BA342F2DC049BA1
S315080229A04E441F440135039BAB4240F34381B04674
S315080229B039460024F0E79AF80320504612FB08F23B
S315080229C0120AFFF743FC019B01340AF1040A19446F
S315080229D0029BA342EFDC049B4E441F440135C9E720
S315080229E0B8F1FC0F1C4621D8039BA34240F322816F
S315080229F0B34639464FF0000A33E015F808309AF81C
S31508022A000320504612FB03F2120AFFF71FFC019B32
S31508022A1008F101080AF1040A1944029B4345ECDC51
S31508022A20049B4E441F44059B01341D44039BA34249
S31508022A3040F30081B24639464FF00008EDE715F833
S31508022A400A309BF80320584612FB03F208FB02F2EF
S31508022A50120CFFF7FBFB019B0AF1010A0BF1040BAF
S31508022A601944029B5345EADC049B4E441F44059BCA
S31508022A7001341D44B8E753F8030C1978099045BB8D
S31508022A8018FB01F10A0A8DF8272007EB0A0094F8C9
S31508022A90222009990793FFF7FDFB019B0BF1010B16
S31508022AA09A44079B0433029A5A45E4DC0DB1059B06
S31508022AB01D44049B4E441F44069B01330693069A03
S31508022AC0039B934240F3B6804FF0000BF31CDA46A1
S31508022AD0E9E715F80A2012FB01F208FB02F2120CCA
S31508022AE0D1E70023EAE7436890F8218002938368D6
S31508022AF007680393D0E90453049390F82230D0F878
S31508022B000C90D0E9066A002B40F09D8075BBB8F19F
S31508022B10FC0F15D8039BAB4240F38C803946002440
S31508022B201DE012F8011F99705970117819700199F0
S31508022B300B44029C81188C42F3DC4F4456440135FF
S31508022B40039BAB4276DD3B46721EC6F10100F0E7F7
S31508022B50305D4246FFF760FB019B01341944029B34
S31508022B60A342F5DC4F4456440135D3E7B8F1FC0FCE
S31508022B701C4618D8039BA3425CDD39464FF0000B6E
S31508022B8025E015F8082016F80800FFF745FB019B13
S31508022B9008F101081944029B4345F2DC049B4F44A1
S31508022BA056441D440134039BA34243DD39464FF084
S31508022BB00008F0E715F80B2016F80B0012FB08F2CE
S31508022BC0120AFFF729FB019B0BF1010B1944029B21
S31508022BD05B45EFDC049B4F4456441D440134C9E768
S31508022BE016F80B208DF826208DF825208DF824203E
S31508022BF01DB3EA5C12FB08F2120A8DF82720F818B0
S31508022C0094F8222009990693FFF744FB019A069B3A
S31508022C100BF1010B1344029A5A45E1DC0DB1049BF0
S31508022C201D44059B4F44564401330593059A039B5D
S31508022C30934204DC0BB0BDE8F08F4246DDE74FF065
S31508022C40000B5B46E7E70023EFE7436890F821802D
S31508022C500293836807680393C368D0E906690493F5
S31508022C60D0E90453059390F82230002B40F0C48033
S31508022C70002D3AD1B8F1FC0F19D8039BAB42D9DD26
S31508022C80344639464FF0000A26E014F8012C14F8A7
S31508022C90020CFFF7C1FA019B08F101081944029BCD
S31508022CA002344345F1DC049B4E441F440135039B21
S31508022CB0AB42BFDD344639464FF00008EFE714F859
S31508022CC0012C14F8020C12FB08F2120AFFF7A4FAF6
S31508022CD0019B0AF1010A1944029B02345345EEDCB0
S31508022CE0049B4E441F440135C7E7B8F1FC0F1C4646
S31508022CF021D8039BA3429DDDB34639464FF0000A0D
S31508022D0033E015F808301AF8012C1AF8020C12FBEF
S31508022D1003F2120AFFF780FA019B08F10108194427
S31508022D20029B0AF1020A4345EBDC049B4E441F440C
S31508022D30059B01341D44039BA3427FF77BAFB24632
S31508022D4039464FF00008EBE715F80A301BF8012C54
S31508022D501BF8020C12FB03F208FB02F2120CFFF735
S31508022D605BFA019B0AF1010A1944029B0BF1020B59
S31508022D705345E9DC049B4E441F44059B01341D441C
S31508022D80B7E713F8011C18788DF8261065BB10FBF7
S31508022D9008F0020A8DF827208DF824108DF82510E0
S31508022DA007EB0A0094F8222009990793FFF772FAAB
S31508022DB0019B0BF1010B9A44079B0233029A5A456F
S31508022DC0DFDC0DB1059B1D44049B4E441F44069B44
S31508022DD001330693069A039B93427FF72BAF4FF074
S31508022DE0000B731CDA46E9E715F80A2012FB00F213
S31508022DF008FB02F2120CCDE70023EAE7436890F8D3
S31508022E0021800293836806680393C368D0E9067A29
S31508022E100493D0E90453059390F82230002B40F02E
S31508022E20B880002D38D1B8F1FC0F19D8039BAB42F4
S31508022E307FF700AFB146002426E021463846FFF761
S31508022E40E2F9019B4042C0B2907050701070013492
S31508022E501A44029BA342F0DC049B57441E440135E4
S31508022E60039BAB427FF7E6AE32460024F1E72146E2
S31508022E703846FFF7C8F9404249464246C0B2FFF70C
S31508022E80CBF9019B01349944029BA342EFDC049BD4
S31508022E9057441E440135C9E7B8F1FC0F1C461FD832
S31508022EA0039BA3427FF7C6AEB1464FF0000B31E053
S31508022EB049463846FFF7A7F94042414615F8092020
S31508022EC0C0B2FFF7A9F9019B09F101099844029BCF
S31508022ED04B45EDDC049B57441E44059B01341D44B7
S31508022EE0039BA3427FF7A6AEB0464FF00009EEE772
S31508022EF059463846FFF787F915F80B20404212FB68
S31508022F0008F24946120AC0B2FFF786F9019B0BF18D
S31508022F10010B9944029B5B45EADC049B57441E4419
S31508022F20059B01341D44BBE749463846FFF76BF952
S31508022F304042C0B28DF825008DF824003DB315F83D
S31508022F40092012FB08F2120A8DF827208DF82600AE
S31508022F5094F8222009990698FFF79CF9069B019A8C
S31508022F6009F1010913440693029B4B45DCDC0DB1BA
S31508022F70059B1D44049B57441E440BF1010B039BFE
S31508022F805B457FF757AE4FF000090696ECE74246D7
S31508022F90DAE74FF0000BF2E70B79053B012B0CD869
S31508022FA0CB6C9A6BF2B9DA6BE2B9D86A9A6E18B92F
S31508022FB0186BB0F5807F09D0A2B991F85130632B0E
S31508022FC084BF46F20143A1F850300BE0586BB0F5C6
S31508022FD0807FF1D1002AF0D093F821300E2B01D050
S31508022FE0142BEAD10020704770B50E46C169054612
S31508022FF0002969D101223046E0F7A6F9044610B93C
S315080230004FF0FF3070BD3046E0F700FA0028F7D0DF
S315080230100223A36404F138036E60AB60EC61237982
S31508023020013B092B0CD8DFE803F005141B222941C2
S3150802303037303C482846E16C04F1080201F052FB9D
S315080230400322EB699A640023EB61E0F775F9012024
S31508023050D8E72846E16C04F1080200F089FAEFE79E
S315080230602846E16C04F1080200F0C2FDE8E72846AA
S31508023070E16C04F10802E2F74BF9E1E72846E16C54
S3150802308004F10802E2F738F9DAE72846E16C04F1B6
S31508023090080200F083F8D3E72846E16CE2F742F922
S315080230A0CEE72846E16C03F0AAFAC9E72846E16C9E
S315080230B004F1080201F0A1FDC2E72846E16C04F119
S315080230C0080202F0FBFABBE700209BE7F0B585B0E1
S315080230D0154606460F460A46684629461C4604F021
S315080230E0BEFA90B16968019A009B2D68521A3F6828
S315080230F00A995D1B684601FB0255DF1B04F0F6FDC3
S31508023100E31971191844834201D105B0F0BD1A7842
S3150802311011F8014B2244FF2A28BFFF2203F8012B8C
S31508023120F1E72DE9F84356081F46A1EB52059046EA
S31508023130814605F084FC00FB05F44846E5F7B4F938
S315080231406FEA08026843E411002CD3BF8034803C3E
S31508023150C6EB2423C6EB24234FEAE010D8BF06EBBE
S31508023160242402F00102C6BF9B1806EB2424A41AE3
S315080231700028CCBF803880303B60CDBFC6EB202309
S31508023180C6EB202306EB20269B18CCBF06EB20268F
S31508023190B61ABC607B60FE60BDE8F8832DE9F04F85
S315080231A0ADF50B7D91F83C300C46022B059041D9C2
S315080231B00D6A002D3ED0D1E9091399423AD00FCAB9
S315080231C00AAF87E80F00059B0EAE394630469A6865
S315080231D0B4F8348004F043FA039058B3D4E909A941
S315080231E0A36B4545A8BF454643BB0AF5B4734B4591
S315080231F003D009F5B473534520D167A8FAF73FFA05
S3150802320094F83C300F228DF8C431E3690598ADF87D
S31508023210BC311B0C8DF8BE3147F6FF736E939DF8D1
S31508023220C53167A962F304033A4670958DF8C5312C
S3150802323000F09EF90DF50B7DBDE8F08F236AD7E9FC
S315080232400112D21A38681492FA6818441944D31A21
S31508023250129013911593BAF5B47F80F2B380B9F53B
S31508023260B47F80F2B2801022002116A80CF06FFDFE
S315080232700DF5CE78CDF800904046D4E90B125346A8
S31508023280E2F714FCCDF858800DF1B808002347F68A
S31508023290FF7239464046E2F757FC12A8CDF85C8021
S315080232A004F024FD002800F393800023039330469C
S315080232B004F021FD0690304604F018FD8046E6F734
S315080232C01BF8074696E80F000DF1680B8BE80F000E
S315080232D0002128224AA80CF03AFD94F83C30A16B4A
S315080232E04F978DF83831CDF824B1CDF844B100297D
S315080232F07ED1A28BA37FADF839218DF83B3100230D
S3150802330094F83D60049316F001063AD005FB05FBD6
S315080233105846E5F7F1FF5A46FF21064606F094FDA0
S3150802332000236A1E0DF5807BCDE92C2205EBD572AA
S31508023330584652102AA9CDE92A33E2F705FC00239A
S31508023340CDF820B0B3460993AB42C0F288805FFA43
S3150802335085FB22AB5A46A18E0FFA8AF0FFF7E1FEE9
S31508023360D4E90B1222A804F06DF95A46A18E0FFA77
S3150802337089F026ABFFF7D5FED4E90B1226A804F08E
S3150802338061F94FF000091B9B1D93069B994578DB53
S3150802339067A8E2F7BDFA2EA8E2F7BAFA039B13B1B9
S315080233A037A8E2F7B5FA3846E5F7C0FFA36B13B1BB
S315080233B054A8FAF7F7FB002E3FF43CAF3046E5F780
S315080233C0B5FF37E7AAF5B47A45E7A9F5B47946E72A
S315080233D012A804F090FC00287FF767AF37AF0123E5
S315080233E047F6FF72384612A9E2F7AEFB18975EE770
S315080233F0002254A8E1F79CF800283FF47AAF5F9AB6
S31508023400002A3FF476AF00231EAEC6E9003393883E
S31508023410D288591E013AB160F2603046D4E90B12DD
S31508023420A2EB5302A1EB530104F00CF95F9A4D96F5
S31508023430D2F810B013895278CDF828B1142A4B93D2
S3150802344002D08DF830215AE71222304604938DF8BD
S31508023450302104F050FC049B03FB00B350E75946A5
S315080234600022009508A8079302F0E8F8079B014690
S3150802347020B92A46584606F0E7FC079BAB440133B7
S3150802348062E74246FF21384606F0DEFCDDE91A23EA
S315080234903946CDF8008016A802F0D0F894F83D30E7
S315080234A00146DB078DF840012DD51B9B239A9342D3
S315080234B011DB259A93420EDC30B94246384606F0AD
S315080234C0C3FC02238DF840313B463046009522AABA
S315080234D01AA9FFF7FBFD1B9B279A934213DB299A2E
S315080234E0934210DC9DF8401131B94246384606F03F
S315080234F0ABFC02238DF840313B463046009526AA9E
S315080235001AA9FFF7E3FD049BEBB19DF84031D3B14D
S315080235104D9B1B9A58681B68A2EB000C1A9A4B988B
S31508023520D31A400800FB0C33049A791E1344C7F1D8
S3150802353001004218904512DC9DF84031012B04BF68
S3150802354002238DF84031059849A9E1F7CDF81B9B6E
S3150802355009F1010901331B931D9B013314E713F883
S3150802356001CB11F8012F12FB0CF212120A70E0E7D6
S315080235702DE9F04FB9B091F828300546022B0F46CF
S31508023580144640F2AE804B6A002B00F0AA8091F8EE
S315080235902930DA0600F0A580204604F0A7FB064685
S315080235A0204604F0A8FBD4E902C28642A8BF064612
S315080235B0FB6970109842A8BF184697F829307E6AA8
S315080235C08346D4E900E013F0040F03F01F0112BF8B
S315080235D033460BEB06035B4273440B930B074EBF52
S315080235E033460BEB06035B42ACEB03030D938B07E7
S315080235F04EBF33460BEB06035B4203440C93CB07E1
S315080236004EBF33460BEB06035B42D21A97F82030BD
S3150802361097F82880039397F8213097F822900E920C
S31508023620ABEB06060293BBF1000F5DD1002E5BDC05
S3150802363059462C222DA806F007FC24AB2D93039B92
S31508023640D4F804B08DF8C930029B8DF8CB908DF86A
S31508023650CA300B9BDDF830902768A66802930D9B4B
S3150802366009F1FF31CB458DF8C880CDE925B6D4F8E6
S315080236700CA0DDF8388003932497279103DC2846AB
S315080236802DA9E1F731F80E99C24501F101012591FB
S31508023690E168279103DB28462DA9E1F725F8CB45F2
S315080236A0D4BF0C9B6368C24525932168ACBF0E9BA9
S315080236B0E368249127930B99029B01399F4226912D
S315080236C003DC28462DA9E1F70FF80D9B0133249355
S315080236D0A3682693039B9E4203DB28462DA9E1F79E
S315080236E003F839B0BDE8F08F2146AA680FA803F09F
S315080236F0B6FF06900028F4D00FA804F0F7FA2C2299
S31508023700002107902DA806F09FFB0798E5F7F4FD20
S3150802371000273390824601231BA826EAE6720BA9E4
S31508023720CDE908770A97E2F70FFA1BA8BB45089076
S3150802373007DD24AE3B465A4621463046E2F704FAEE
S31508023740099613AB2D933593039B0B9A8DF8C930C3
S31508023750029B17A88DF8CA3023688DF8CB905B4474
S315080237609342ACBF17931792A3680D9AA3EB0B0368
S315080237709342D4BF1993199263680C9A5B44934295
S31508023780ACBF18931892E3680E9AA3EB0B03934205
S31508023790D4BF1A931A928DF8C88004F0A7FA636800
S315080237A0D4F8009002930C9BDDF82C800393A3684F
S315080237B0C14504930D9BE6680E9F059362DCDDE91D
S315080237C0043293425EDBDDE9023293424FF0010393
S315080237D08DF8D03041DDBE420CDB179B2846139389
S315080237E0199B2DA915930E9B01331493E36816931F
S315080237F0E0F77AFF0B9B0D9A93424BDBC14557DCE8
S31508023800DDE904218A4247DB23681393A368284625
S315080238101593189B2DA914931A9B1693E0F764FF28
S315080238200F9B0699119A139300297AD163680C9F04
S315080238308846FF1A5F45B8BF5F46159247453EDC84
S315080238401BA8E2F765F8BBF1000F02DD24A8E2F730
S315080238505FF85046E5F76AFD43E7BE4201DB3128C9
S315080238600DDD179B28461393199B2DA91593029BC9
S315080238701493039B013B1693E0F736FFABE700234D
S315080238800693B7E701238DF8D030DDE90232934279
S31508023890E7DDA0E7C1450BDC013B1593189B2268BF
S315080238A014931A9B28462DA913921693E0F71CFF28
S315080238B0DDE904329342B3DB0D9B0133A5E7636866
S315080238C0E66808EB0309109BA6EB0806994502DA97
S315080238D0129B9E4222DCFF215046079A06F0B4FA52
S315080238E0079B51460093139A4B4608A801F0A6FE79
S315080238F0109B8DF8D000994507DB28462DA9CDF8EF
S315080239005090CDF85890E0F7EFFE129B9E4205DCE8
S3150802391028462DA914961696E0F7E6FE08F1010840
S315080239208CE7179B13A8013B9342D4BF15931592B4
S3150802393004F0DCF9041E34DC199B0F9A0133934216
S31508023940ACBF13931392119B13A8159304F0CEF9E7
S31508023950041E7FF775AFDDE90432934267DADDE9C3
S315080239600232934263DDBE42FFF66AAF1A9E129B8B
S3150802397001369E423FF764AF22465046FF2114960F
S31508023980169606F061FA51463346139A009408A829
S3150802399001F054FE2DA98DF8D0002846E0F7A4FEC2
S315080239A0E5E7C14524DDDDE90232934220DDBE4268
S315080239B0C2DB1A9B03F10108129B9845BCDC22461E
S315080239C0FF215046CDF85080CDF8588006F03CFAD3
S315080239D043465146139A009408A801F02FFE2DA9D2
S315080239E08DF8D0002846E0F77FFE08F10108E3E7E4
S315080239F0109B189A934202DBC145DADDD7E72246C5
S31508023A00FF21504614931693069306F01DFA069B59
S31508023A105146139A009408A801F010FE2DA98DF8B4
S31508023A20D0002846E0F760FE069B0133E1E7DDF8A1
S31508023A304080189B984504DBDDE90432934295DA07
S31508023A4091E72246FF215046CDF85080CDF858809E
S31508023A5006F0FAF943465146139A009408A801F06B
S31508023A60EDFD2DA98DF8D0002846E0F73DFE08F1B8
S31508023A700108DEE72DE9F04F89B045004FEA610AF1
S31508023A80CB070446284690464CBFD3460AF1FF3B6D
S31508023A900F46E5F731FC6FF00102AB1E01934FEAC0
S31508023AA04A0302930646C14600230BFB02220392EF
S31508023AB0A34225DB4FF47F5C4246BCFBF7FC434638
S31508023AC004FB04F008EB4000834245D14FF0000C9A
S31508023AD06B420AFB03F30793631E05FB03830693F4
S31508023AE00BF1010302930BFB05530593AB190393E1
S31508023AF0A4453DDB304609B0BDE8F04FE5F716BCF4
S31508023B00019A029839F8021000EB090C79430398D6
S31508023B10621E484402EB0A0E7445D8BF4FF0000EE7
S31508023B2026F81210C8BF3CF812E0A1EB0E0EA2EB63
S31508023B300B010029D4BFB9F8001030F81210013A67
S31508023B407144E7D248462A463146049306F087F876
S31508023B50049BA9440133ABE7198839B1B1F57F5FF4
S31508023B6016BF91FBF7F1A3F800C019800233ABE741
S31508023B70002007999646511804910599904602EB3A
S31508023B800109014613887B430193019B002BB4BFAD
S31508023B904FF0000BC3F38F1B26F811B0A1EB0A0BEB
S31508023BA0BBF1000FCABF049BB8F800B033F800B0E7
S31508023BB0019BA844A3EB0B0B029B0B449C42D6BF6A
S31508023BC0069B39F8003033F81C3001315B448C42CD
S31508023BD001932844D9D1334633F8021BAEF80010B4
S31508023BE00399AE448B42F7D10CF1010C02327FE7FE
S31508023BF02DE9F04FB9B00D46D1E90A3114460290C3
S31508023C0010689268084466681144E7682A6B194482
S31508023C1016443A44C01AF61A1A446B6A0C9003EB15
S31508023C20D3735B105B42184401380E910F921090C1
S31508023C30D21AC81AF11895F834300130FE2B28BF6B
S31508023C40FF230793029B01390132129011911392B5
S31508023C5010A99A6814A80D9603F001FD002800F031
S31508023C6031834FF0FF32236811461893636818A808
S31508023C701993A3681A93E3681B9303F0D6FC18A852
S31508023C80EC6904F033F8064618A804F034F88642BC
S31508023C9018A866DA04F02AF84010A0420346A8BF1C
S31508023CA023460CA80393EC6904F020F806460CA8F0
S31508023CB004F021F886420CA856DA04F017F84710E1
S31508023CC0A742A8BF27466C6A4FF0000B3C4404FB88
S31508023CD004F04000E5F710FB0C9B6E6A24930F9BD9
S31508023CE066F00109279306EBD6735A1007EB6303AE
S31508023CF0994406F00101013204900CA80691259216
S31508023D00CDF8989003F0F2FFA9EB000024900CA8D6
S31508023D10DDF8949003F0EFFF4844002306EB07080A
S31508023D203A46279024A92DA8E1F70EFF012E404610
S31508023D3018BF7610E5F7E0FA81464FEA4803DDF840
S31508023D4010A00593D84512DC4846E5F7EFFA2DA8E8
S31508023D50E1F7DEFD012E08FB08F740F0B6820023E4
S31508023D6041E003F0C8FF97E703F0C5FFA7E742461D
S31508023D70FF21484606F068F82DAB002100935A4603
S31508023D80434648462D9FB847014640B95046059ACC
S31508023D9006F05AF8059B0BF1010B9A44D2E799F8FB
S31508023DA0003052469B0193FBF6F3494622F8023B42
S31508023DB0059B03EB0A009042ECD00F4611F8013F2F
S31508023DC03F789F421BBF9B0193FBF6F332F8023CF6
S31508023DD09BB222F8023BEEE7049A049932F81320C2
S31508023DE09209CA540133BB42F6D1002395F83570BD
S31508023DF0CDE90A3317F0010707D124AE012330466D
S31508023E00039A18A9E1F7A0FE0A9610A803F06EFF16
S31508023E10E5F772FA06462C2200212DA806F014F8B8
S31508023E2095F822302A8C8DF8CB3095F834301CA9B7
S31508023E3010A8DDF840802D913591ADF8C9208DF88E
S31508023E40C830339603F052FF00EBD07008EB6003DC
S31508023E5010A8DDF84480089303F04DFF129A00EB90
S31508023E60D07008EB6003089905931E92119B121BEA
S31508023E7001328A42ACBF1C921C911D93059A2344B7
S31508023E80013B9342D4BF1F931F92029B1CA99A68B7
S31508023E9020A803F0E4FB002840F04682129A08990B
S31508023EA01E92121B139B01328A42ACBF1C921C91B2
S31508023EB0059A1F931B1B013201339342ACBF1D9314
S31508023EC01D92029B06921CA99A6820A803F0C7FBBA
S31508023ED0002835D0039A18A920A803F07CFC78BBE1
S31508023EE020A803F003FFDDF87CB08246239BDDF8A9
S31508023EF08080DDF8489037B1039A18A920A809935B
S31508023F0003F018FD099BBAF1000F19DDA9EB0409A4
S31508023F1009F10109A8EB0908ABEB030B04FB0B88B3
S31508023F20049BDDF88C909844209B33961C93229B25
S31508023F301E9302238DF8D030219B4B4540F35182C4
S31508023F40109B059A23441C93129B1CA91B1B1E93A8
S31508023F50119B20A81D932344013B9342D4BF1F9370
S31508023F601F92029B9A6803F07AFBF8B1039A18A982
S31508023F7020A803F030FC8046C0B920A803F0B6FE9C
S31508023F80DDF8849082461D9B002F00F08682039AF4
S31508023F9018A920A8099303F0CDFC099B834600289B
S31508023FA000F04382BAF1000F00F3448295F83430E8
S31508023FB0069A8DF8C830109B1CA923441C93129BA1
S31508023FC020A81B1B1E93139B1F931B1B0133934293
S31508023FD0ACBF1D931D92029B9A6803F040FB48B33F
S31508023FE0039A18A920A803F0F6FB814610BB20A85D
S31508023FF003F07CFEB0F1000B1CDDDDF87C80DDF8F9
S315080240008CA0002F00F05982039A18A920A803F061
S3150802401091FC4B46049AA8EB0A083393209B04FBAF
S3150802402008281C93229BDDF88C901E93219B4B45F6
S3150802403040F3458295F83430DDE905508DF8C830ED
S31508024040129B13991A1B1E93119B01322344AB42EE
S31508024050C8BF03461D93089B091B9A42ACBF1C9214
S315080240601C93029BA942ACBF1F911F959A681CA973
S3150802407020A803F0F4FA68B3039A18A920A803F053
S31508024080AAFB38BB20A803F031FE129B209D1B1BFE
S315080240900133ED1A631E04FB0355049B80461D4437
S315080240A0002F00F03F82039A18A920A803F042FCC9
S315080240B02B46B8F1000F33930CDD209BDDF8849074
S315080240C01C93229B1E9302238DF8D030239B4B45CB
S315080240D080F22A820021049B6510013BA142C0F2AC
S315080240E04382DDE90550119A109B2244AA42C8BFB1
S315080240F002461D92089A1C932344013B02F1FF399A
S3150802410013994B45D4BF1E93CDF87890029B091B91
S31508024110A942ACBF1F911F959A681CA920A803F053
S315080241209EFA002840F03282109A119B1C92224471
S31508024130013A1D934A45D4BF1E92CDF8789023447E
S31508024140059A013B9342D4BF1F931F92029B1CA957
S315080241509A6820A803F083FA002830D0039A18A98F
S3150802416020A803F038FB50BB20A803F0BFFDDDF8FA
S3150802417084A080461D9B209DDDF870B037B1039A56
S3150802418018A920A8079303F0D5FB079BB8F1000FDF
S31508024190339614DDAAEB030AA5EB0B0504FB0A55B5
S315080241A0049BDDF884A01D44209B1C93229B1E932E
S315080241B002238DF8D030239B534580F23782109B19
S315080241C0139A1C932344013B06991F924B45D4BF6D
S315080241D01E93CDF87890121B029B01328A42ACBF1D
S315080241E01D921D9120A89A681CA903F038FA78B383
S315080241F0039A18A920A803F0EEFA48BB20A803F0F0
S3150802420075FDDDF87C908046DDF88CB0209DDDF8E2
S3150802421070A027B1039A18A920A803F08BFBB8F15E
S31508024220000F339614DDA9EB0B09A5EB0A0504FB6F
S315080242300955049BDDF88C901D44209B1C93229BF8
S315080242401E9302238DF8D030219B4B4540F31182F1
S31508024250DDE90501109B139A23441C93129B121B3A
S315080242601B1B1E93119B8242ACBF1F921F902344B5
S315080242708342C8BF0B461D93029B1CA99A6820A8B5
S31508024280339603F0ECF998B1039A18A920A803F01B
S31508024290A2FA68B920A803F029FD051E08DD209BAD
S315080242A0219C1C93229B1E93239BA34280F2048289
S315080242B017B924A8E1F72CFB0498E5F737F8304636
S315080242C0E5F734F839B0BDE8F08F31464046049A2E
S315080242D0FFF7D0FB0699314401290CDD4FF47F50D4
S315080242E090FBF1F0049A02EB4706B2420ED1404621
S315080242F0049AFFF7BFFB0023BB423FF476AD049A4C
S31508024300049932F81320CA540133F5E732F8023B0E
S31508024310002BEAD0FF2B1BBF9B0193FBF1F322F87C
S31508024320020C22F8023CE0E7039A18A920A803F037
S3150802433052FA00287FF4B2AD20A803F0D7FCDDF8C4
S3150802434084B08246119BDDF88080DDF8489037B14B
S31508024350039A18A920A8069303F0ECFA069BBAF169
S31508024360000F7FF79BADA9EB040909F10109A8EB38
S315080243700908ABEB030B04FB0B88049BDDF884905E
S315080243809844209B33961C93229B1E9302238DF8F6
S31508024390D030239B4B45FFF681ADCDF87490CDF80E
S315080243A07C90DFB922464146304605F058FC4B461A
S315080243B03146209ACDF800A00AA801F03FF9012853
S315080243C00ABF02238DF8D0008DF8D03002982DA9A5
S315080243D0E0F78AF9A04409F10109DAE7CDF8CC80B9
S315080243E0F4E7CDF87490CDF87C90DFB922464146C1
S315080243F0304605F034FC4B463146209ACDF800A0EB
S315080244000AA801F01BF901280ABF02238DF8D00079
S315080244108DF8D03002982DA9E0F766F9A04409F183
S31508024420FF3989E5CDF8CC80F4E7BAF1000F7FF7BA
S31508024430BDADBB46A9EB0309049BCDF8CC8004FBB2
S315080244400939209BDDF884801C93229B1E93239BAB
S315080244504345FFF6ABADCDF87480CDF87C8099F86C
S315080244600010BBF1000F1DD15246304605F0ECFC98
S3150802447043463146209ACDF800A00AA801F0DEF894
S31508024480012808BF02208DF8D00002982DA9E0F76E
S315080244902BF9A14408F10108D9E700287FF786AD70
S315080244A0B046C6E7079BFF2B1EBF95F8343013FBB1
S315080244B001F1090A8DF8C810E7E73346AAE5CDF8EF
S315080244C07490CDF87C90D7B95A46304698F80010C1
S315080244D005F0BAFC4B463146209ACDF800B00AA838
S315080244E001F0ACF8012808BF02208DF8D000029826
S315080244F02DA9E0F7F9F8A04409F1FF3996E5039AE0
S3150802450018A920A803F016FA079BFF2B18BF95F8DF
S31508024510342098F800301CBF13FB02F31B0A8DF8EF
S31508024520C830E4E73346C4E5CDF87490CDF87C90FC
S315080245309FB942462946304605F091FB4B4631461D
S31508024540209ACDF800800AA801F078F801280ABF57
S3150802455002238DF8D0008DF8D03002982DA9E0F705
S31508024560C3F809F10109B1E518190246A0EB020CD4
S31508024570654502DC03460131B0E513F801CF92F82E
S3150802458000E083F800E002F801C9EFE7039A18A9E8
S3150802459020A803F020F900287FF4C6AD20A803F06E
S315080245A0A5FB1C9B209D8046ED1A631E04FB035542
S315080245B0049B1D44002F37D0039A18A920A803F09C
S315080245C0B9F92B46B8F1000F33937FF7ADAD209BAF
S315080245D0DDF884A01C93229B1E9302238DF8D0300B
S315080245E0239B5345FFF6A0ADCDF874A0CDF87CA069
S315080245F09FB942462946304605F031FB53463146B5
S31508024600209ACDF800800AA801F018F801280ABFF6
S3150802461002238DF8D0008DF8D03002982DA9E0F744
S3150802462063F80AF1010ADBE73346CBE7CDF874A053
S31508024630CDF87CA0DFB922462946304605F00FFBA5
S3150802464053463146209ACDF800800AA800F0F6FFB4
S3150802465001280ABF02238DF8D0008DF8D0300298BF
S315080246602DA9E0F741F825440AF1010AA3E5339595
S31508024670F5E7CDF87490CDF87C90DFB92246294645
S31508024680304605F0ECFA4B463146209ACDF80080C2
S315080246900AA800F0D3FF01280ABF02238DF8D0002A
S315080246A08DF8D03002982DA9E0F71EF8254409F1B5
S315080246B0FF39C9E53395F5E72A46FF2130461D94A9
S315080246C01F9405F0C1FB23463146209A00950AA895
S315080246D000F0B4FF2DA98DF8D0000298E0F704F88F
S315080246E00134E1E52DE9F04FADB091F820300C46E2
S315080246F0022B04903BD913680CAE0C9353683146CF
S315080247000D9393680E93D368826810A80F9302F0EC
S31508024710A6FF029058B394F82F502C22C5F3020331
S31508024720002115F0070521A803BF94F8219094F8F3
S31508024730228094F8237094F824901CBF94F825805C
S3150802474094F8267007930BF002FBE36994F820A00D
S315080247508DF899908DF89A808DF89B7053B94DB95A
S31508024760049821A921968DF898A0DFF7BDFF2DB0F0
S31508024770BDE8F08FBAF1FD0F304628BF4FF0FF0AA9
S3150802478003F0B4FA8046304603F0B5FA804543464C
S31508024790A8BF0346E2695B109342A8BF13464FF0CF
S315080247A0000B814610A8059303F0A0FA059BCDE9F4
S315080247B00ABB5B45039038DDE4F79EFD5B46074678
S315080247C0314618A8059AE1F7BFF918A80A90109B6E
S315080247D00DF1500B1493129B4A461693FF2341463A
S315080247E004F124002797CDF884B0CDF8A4B08DF84B
S315080247F0983000F0C5F9064600284BD0012D4CD951
S315080248000C9A109BCDF894B09B1A026803EB4301ED
S315080248100A442292002294F82E102734914206D88E
S315080248204FF0000B4FF000080EE05F46CFE702EBB1
S315080248308200205CFF2840F02C810132EEE7726884
S31508024840DDF808B002EB03080F238DF890304FF01D
S315080248500009059A0D9C91450F9B22DB14449B1A6D
S31508024860002D40F0D080049821A9159417938DF84D
S3150802487098A02795DFF738FF2FB13846E4F756FD9B
S3150802488018A8E1F745F8002E3FF471AF304600F05C
S31508024890B2F96CE780468346D9E74FF0000BD84653
S315080248A0D5E7A3EB09030693119B4C44A34204DD07
S315080248B0139B069A9342C0F2928051463846039A4F
S315080248C005F0C2FA039B39460093149A23460AA8AE
S315080248D000F0B4FE012808BF0220119B8DF8A00043
S315080248E0A3425DDC012D1594179404D0022D13D032
S315080248F000231A4615E00D9B3168E31A03EB4302BF
S3150802490088188A5AADF8992082788DF89B207268A1
S31508024910D35C8DF89830EBE7B8F1000F3ED14246EA
S31508024920029B049821A9CDE90823DFF7DDFEDDE91C
S31508024930082313990698814251DB012D1590179089
S3150802494031D0022D43D0002A45D0022D3DD95146F9
S315080249503846039A05F078FA039B39460093149A67
S3150802496023460AA800F06AFE01280ABF02238DF828
S31508024970A0008DF8A03028E018F80310FC299FBF84
S31508024980FA5C12FB01F21212FA540133039A9342A9
S31508024990F2DB02238DF8A030029BAAE70023F5E793
S315080249A000231A46C5E706990D9B3068CB1A03EB16
S315080249B043014418415AADF89910A1788DF89B1015
S315080249C07168CB5C8DF898302AB1002314E013B9CC
S315080249D0B8F1000FF9D1049821A9DFF785FE09F18C
S315080249E0010936E718F80310FC299FBFFA5C12FB87
S315080249F001F21212FA540133039A9342F2DB0223AA
S31508024A008DF8A030E7E7022D8DF898A035D030D979
S31508024A106A1D02F00702022A36D9119A9442B8BFD1
S31508024A201446139A9342A8BF134699464C453FF734
S31508024A3023AF012D1594179415D10D9B3168E31AEE
S31508024A4003EB430288188A5ABAF1FC0FADF899208B
S31508024A5082788DF89B207268D35C9CBF13FB0AF39D
S31508024A601B128DF89830049821A9DFF73DFE013410
S31508024A70DCE701228DF8A020CFE79DF81C208DF8EF
S31508024A80A020CDF89C80C8E70BF1010B8DF8A0B0E9
S31508024A90F7E7022D3FF4D3AEDDF808B0C2E62DE9FA
S31508024AA0F0411E46037905464B43B2EB232F4FEAE4
S31508024AB023200ADCAB7829786A7831707270B37071
S31508024AC0EB78069A1370BDE8F081AF7A07EB870395
S31508024AD02B4413F8014C4C43B2EB242F09DA012F6D
S31508024AE006D96B7A4B43B2EB232F4FEA23210CDD0F
S31508024AF0FEE713F8050C13F8041C13F8032C3070A0
S31508024B007170B27013F8023CDBE7121A0B1AC2EB89
S31508024B100222B2FBF3F46FEA040848F281072A7804
S31508024B205FFA88F8697812FB08F26B79A87811FBA4
S31508024B3008F1E4B204FB032210FB08F0AB797A43CE
S31508024B4004FB0311EB79794304FB03007843C2F3B0
S31508024B50C752C1F3C751C0F3C75003F0F7F9307013
S31508024B60C0F30723C0F307407370B070EB782A7A54
S31508024B7013FB08F304FB02337B43C3F3C753A0E7D3
S31508024B80F7B5C37A064613F00704174623D0012C55
S31508024B90234606D0063303F00703032B94BF0F46BA
S31508024BA040277D1CF81C05EB450520F0030025F07F
S31508024BB003050C302844E4F79FFB044600B9FEE7D8
S31508024BC00C350544C0E90157002500F10C030360C2
S31508024BD0A168A94202D8204603B0F0BDD4E9000272
S31508024BE005EB45032A44009203442A463046FFF75A
S31508024BF056FF0135ECE7E4F799BB70B59CB0CB6973
S31508024C0004461E6815464EB16C2201A80BF0A9F897
S31508024C102A46204601A90896E0F76EFB1CB070BD2D
S31508024C202DE9F04391B00646904699460C46E1B105
S31508024C300B79082B19D8DFE803F00526261826185B
S31508024C401818260005A8F8F71AFDE37D30468DF8F0
S31508024C503C306369E268ADF834301B0C8DF83630A7
S31508024C60012305A90E93FEF783FCB8F1000F37D08E
S31508024C70B9F1000F34D04A464146304611B0BDE874
S31508024C80F043FFF72FBD8B6801AD0FCB85E80F0008
S31508024C900746284603F02AF80E21DEF7E3FD013F10
S31508024CA007442C2205A80021039705F0CDF8A37D19
S31508024CB0A28A8DF82B30E37DADF829208DF82830AD
S31508024CC0236830461A691B8905A90E93A3680B92B5
S31508024CD0059302230D958DF83030DFF705FDC4E7FD
S31508024CE011B0BDE8F0830A46002105F0ADB8FC29EB
S31508024CF00AD8022907D948F2810310FB01F0584362
S31508024D00C0F3C7507047002070472DE9F843089F43
S31508024D101D463B6A0646D41AF86997F834C0FB6AF8
S31508024D20A1EB00080CF00102B3BB3B7E03F00207BD
S31508024D3082B1BFB103F00303022B02D1E00FBDE833
S31508024D40F883032B01D00020F9E7002CD4BF0020FA
S31508024D500120F4E737B903F00303012B04D1B8F1B4
S31508024D60000F0FDD0120EAE763B918EB050FF9D446
S31508024D70401AE8D4854203DD291A3044FFF7B3FF07
S31508024D800220DCE718EB050FDDD4411A21EAE171AE
S31508024D90A942D8DA3046F1E70CF00200002A00F000
S31508024DA09E80BB6AC0B203FB08F2002B4FEAA2221E
S31508024DB005DD94420FDA003818BF0120BFE7944296
S31508024DC0F9DC08EB05025343B4EBA32F09DB7A6A35
S31508024DD004FB02220CE008EB05025343B4EBA32FB3
S31508024DE003DDB0FA80F04009A9E77B6A03FB04F207
S31508024DF042F3950212F0FF01C8EB222865D03B6BFD
S31508024E00C1F1FF014B43B8F1000F4FEA2323C3F167
S31508024E10FF020DDB45450BDD5943C1F3472108B9AE
S31508024E20C943C9B216F80800FFF761FF06F8080079
S31508024E3008F10104396B8A4227DCA5423DDD002CC4
S31508024E403BDB796ABB6A514389125143002BC1F392
S31508024E504721B8BFC94397F83430B8BFC9B29A07D1
S31508024E6048BFC943305D48BFC9B2FFF740FF305556
S31508024E7097F834309B072BD54545FFF664AFB8F152
S31508024E80000FFFF67DAF414684E7002C0FDBA542F3
S31508024E900DDD97F83430A2EB61019807C9B248BF15
S31508024EA0C943305D48BFC9B2FFF721FF30553B6B96
S31508024EB00134A542A2EB0302BCDC97F834309F0703
S31508024EC0DAD401343FF53FAF03E04446FF22B1E7A7
S31508024ED00134A542FFF654AF291B30194EE77B6A07
S31508024EE0C0B25C43002B4FEAA422D4BF1146511C20
S31508024EF088453FF760AF08EB05018A423FF771AF75
S31508024F0044F38D2EC4F387021C4444F38D29CE45FF
S31508024F104FEA0421AEEB080406D0002B80F29480F7
S31508024F20002A39D1FF22013C002C1FDBA54227DDCE
S31508024F30C1F387211144C1F3470108B1C943C9B274
S31508024F40305DFFF7D4FE305597F83430980708D508
S31508024F50A9EB08018D427FF7F6AE0029FFF610AFDE
S31508024F6018E70134AC42A8BF2C46B5E70028EFD1B2
S31508024F700134AC42A8BF2C46002C3FF4E4AEFFE64F
S31508024F800028E5D10134AC42A8BF2C46002C3FF4D8
S31508024F90DAAE7FF7F5AE9FE7002CBB6A49DBC3F1B1
S31508024FA0000802FB08F8A5424FEAA8280ADD08FB12
S31508024FB002F1C1F3472108B1C943C9B2305DFFF70F
S31508024FC096FE305597F83430796A621E03F002036A
S31508024FD03CB3954221DDC8F1FF08494208FB01F1BD
S31508024FE0891208FB01F1C1F347210BB9C943C9B2BA
S31508024FF0B05CFFF77CFEB05497F83430990707D5B2
S315080250009542FFF6BDAE002A3FF4BAAE1146C1E696
S315080250100134A542BFF660AFA4E6002B3FF4A2AE68
S31508025020EEE7002B7FF4ACAE002D7FF79BAE012492
S3150802503052E700287FF4A4AE0134A542FFF692AEE9
S31508025040002C7FF49DAE47E7C2F1FF01BA6A002C35
S3150802505001FB02F24FEAA22ECEF1FF0804F1010289
S315080250602DDBA5420BDD0EFB01F1C1F3472108B981
S31508025070C943C9B2305DFFF73AFE30557B6A08FB71
S3150802508003F39B1297F83400954200F002002ADDDA
S3150802509008FB03F3C3F3472108B1C943C9B2B05C9D
S315080250A0FFF725FEB05497F834309B070ED5A54274
S315080250B0FFF649AE002CFFF663AE21466AE6621C8D
S315080250C00AD108FB03F300229B12DBE70234AC4247
S315080250D0A8BF2C46002C5CE71CF0020F05D0A5429F
S315080250E0BFF64EAE2FE60028E1D10234AC42A8BF85
S315080250F02C46002C3FF427AEECE72DE9F74F0C9D22
S315080251000746AC68D5F80CC0A1EB040BD5E904E454
S31508025110BEF1B30F894616469846A2EB0C0A00F36F
S315080251209380B32C00F3FD80BEF1000F07D194459E
S3150802513000F36481002C00F0828001244CE1002CEB
S3150802514000F01A81A64519DC944500F3598105F148
S31508025150180332460093494643463846FFF7D5FDBB
S315080251606A690446B42AEB6840F01481B34240F3F4
S315080251701581002C40F00A81002402E0944504DDE2
S315080251800124204603B0BDE8F08F6A6FEB6B02FB81
S315080251900AF20AFB03330EF1FF3059284FEAA2221C
S315080251A04FEAA32304F1FF310BD8002B10DA592951
S315080251B04FF0000310D95B3CB22C98BF03EAE373A5
S315080251C00AE0AEF15B0EBEF1B20F98BF03EAE373D3
S315080251D05929F0D823EAE373D21A03EB6201A1EB49
S315080251E00B014145A8BF414600290C4629DD05F1B8
S315080251F01803009332460B4638464946FFF785FDA3
S31508025200824618B921463846FFF76DFD4445A8BFC0
S31508025210444624EAE4742744A8EB0408503504EB10
S3150802522009014346324638460095FFF76EFD0446A5
S3150802523018B941463846FFF756FDA245A1D00224C1
S315080252409FE74FF0010AE1E7BEF1B40F73D0B42C21
S3150802525040F39580A64512DC94453FF778AF66453C
S315080252604FF003047FDA50354346324649463846FC
S315080252700095FFF74AFD002C3FF47EAFB4E0944553
S31508025280FFF67EAF6FF487706FF487716A6FEB6B08
S3150802529002FB0AF20AFB0333704458284FEAA22299
S315080252A04FEAA32321440AD8002BB8BF0023582962
S315080252B010D95B3CB22C98BF03EAE3730AE0AEF15D
S315080252C05B0EBEF1B20F98BF03EAE3735829F0D812
S315080252D023EAE373D21A03EB6201A1EB0B01414500
S315080252E0A8BF414600290C4618DD05F15003009374
S315080252F032460B4638464946FFF707FD824618B935
S3150802530021463846FFF7EFFC4445A8BF444624EA3F
S31508025310E4742744A8EB0408183580E74FF0010A1D
S31508025320F2E7BEF1000F23D1944518DDB42C96D1CD
S315080253300320033818E094450DDDB42C3FF47FAF03
S31508025340002C3FF41DAFB32C0CDD50350095FFF74A
S31508025350DCFC012448E0B42C36D10120E9E7B42C60
S315080253603FF40EAF0124E01E18BF0120440008E7EF
S3150802537094457FF7ECAED9E79445EEDCE7E694452B
S315080253803FF7E5AEB42CE8D014BBD1E7032C7FF483
S3150802539056AFCDE75AB99E42BFF6EBAE002C3FF4A4
S315080253A0EBAE032CD9D0012C3FF4EAAE47E7B32A79
S315080253B006DC9E42BFF657AF002C3FF4DDAED2E7BD
S315080253C09E42FFF650AFF7E7002CB1D0B32C17DC9C
S315080253D0B4454FF00304C6DC5035434632464946C7
S315080253E038460095FFF791FC00283FF4C5AE032C1A
S315080253F09FD0012C7FF423AF0128D5E7002CACD02F
S315080254000324B0E72DE9F04F87B0DDF84090054652
S3150802541099F81C800F4692461C46D9F80810D9F806
S315080254200C00D9F81020D9F8143018F00108D9F868
S315080254301860029103900492059328D1824503DAF3
S31508025440002007B0BDE8F08F9A45F9DC06EB010C9F
S31508025450BC4500F3838007EB040CA2EB060EF44569
S3150802546005DD3044504539DC9B1B534536DBCE1BE4
S31508025470B442E5DB002E75DAD11B481C0028DFDDB5
S3150802548084427EDD211A2844FFF72DFC79E0824505
S3150802549001DA0120D5E79A45FBDC06EB010CBC458F
S315080254A013DD3044504519DC9B1B9A4516DCC81B94
S315080254B020EAE070844264DBD11B091A01314318E1
S315080254C0A342DFDC00295CDBDDE7A2EB060C07EB77
S315080254D0040EF445EBDA30448245E5DA02A8CF1B1E
S315080254E002F004FC834602A802F005FC039BD9F8E5
S315080254F02010AAEB03029642CCBFB21A801BCB68D5
S31508025500CCBF02F1FF32121A501C33F8129033F84C
S3150802551010008B68BB4433F81220ABEB060B4B68C2
S31508025520F11993448A1AA0EB0909561E1F18B8F1F5
S31508025530000F28D0B046DA46A6EB08034B4559DBDE
S31508025540A242A8BF22465C4522EAE272CCBFABEB76
S315080255500201A11A21EAE171A81895E730448245A9
S3150802556082DABBE728463146FFF7BDFB0498C01B23
S31508025570013000287FF764AF844283DC0EB9844287
S3150802558087D002205DE73246D846B31A994516DC1B
S31508025590B9F1000FA8BFCB44A345A8BFA3462BEA7F
S315080255A0EB70211A2844FFF79EFBA6EB090101318D
S315080255B0A142A8BF2146284621EAE17164E7B8F16B
S315080255C0000F17F801AD08DB444506DD15F808108B
S315080255D05046FFF78CFB05F80800002A06DB9442C2
S315080255E004DDA95C5046FFF782FBA854013A08F18C
S315080255F00108CAE717F8013DBAF1000F6FEA03037B
S31508025600DBB20ADBA24508DA184615F80A10019336
S31508025610FFF76DFB019B05F80A00B8F1000F08DBDE
S31508025620A04506DA15F808101846FFF760FB05F8D4
S31508025630080008F1FF380AF1010A7DE72DE9F74368
S3150802564000240F4690469946061F56F8045F25B968
S315080256500134E0B203B0BDE8F08300954A464146FC
S3150802566038462D680A9BA8470028F3D0022808BFA7
S315080256700124EAE72DE9F3411C46B42BC4BFA3F182
S31508025680B40424B2074604F15A0000B20D4616467F
S31508025690E2F70AFF05EB60182046E2F705FF9DF8D8
S315080256A0203006EB601001930090434632462946A5
S315080256B03846E0F761F902B0BDE8F0812DE9F04716
S315080256C096B001F11C0906460D468268494605A8A8
S315080256D001F0C5FF002873D02B6A7468B168013BD4
S315080256E027680093D1E9012309A8096801F083FF15
S315080256F0D4E9011209A85242494201F0A3FF3846E9
S3150802570009A9F7F76CFCB168AA6ACB68013200935B
S315080257108B6809A8096801F06EFFD4E9011209A885
S315080257205242494201F08EFF384609A9F7F757FC5B
S31508025730AA6AEB69B1680092013B2A6A096809A854
S3150802574001F059FFD4E9011209A85242494201F06F
S3150802575079FF384609A9F7F742FCD5E90912B36871
S3150802576000929B682A6A013109A801F044FFD4E92C
S31508025770011209A85242494201F064FF0DF13408A8
S31508025780384609A9F7F72BFC4946EA6A0023404638
S31508025790E0F7DAF9002305A8CDE9038302F0A6FAB1
S315080257A00646E3F7A9FD0546069F4FEA8609089BC2
S315080257B0BB4208DA2846E3F7B9FD4046E0F7A8F8FF
S315080257C016B0BDE8F0873246FF21284604F03CFBB6
S315080257D03B462946059A009603A8FFF72FFF01289C
S315080257E0824621D0D4E9013205992046C91ABA1A45
S315080257F0F7F7DEFA0346BAF1000F11D0294605EB90
S31508025800060C614510D011F8010B0433FF281FBF9F
S3150802581013F8012C12FB00F2121203F8012CF0E71E
S315080258204A46514604F010FB0137C0E7F0B51C465C
S31508025830036A856963B9B5F5807F28D1C369B3F56B
S31508025840807F24D1090221601202059B1A60F0BDED
S31508025850C36A0669C91A036BB5F5807FA2EB03030F
S31508025860426901FB02F206FB1322466A20D1C76986
S31508025870B7F5807F1CD106EBA2062660D0E9044262
S315080258805A4304FB0123826A02EBA302DDE7036B98
S31508025890D21AC36A1204C91A090491FBF5F1436ABA
S315080258A019442160C36992FBF3F2836A1A44CCE76E
S315080258B0120292FBF5F206EBA2062660D0E9042450
S315080258C0634302FB0133C2691B0293FBF2F3DAE775
S315080258D02DE9F04F89B000268A469046374604934A
S315080258E09DF86030179D039005930196169B019AC1
S315080258F09A4202DB09B0BDE8F08F129B03EB26231E
S31508025900191209D4514507DA139A02EB27225FEADC
S31508025910222C01D4C44503DB4FF00003EB708DE063
S315080259201C06D8B254BFC0F17F03A0F180031998B0
S31508025930039C00FB01FE04985FFA82F900FB0CEE59
S31508025940039858BF0293704490F802B048BF029376
S3150802595085F802B090F801B058BF4FF0FF3385F8CA
S3150802596001B014F80EE04FF0FF34EC70059C48BF06
S315080259700123120655BF4FF0FF320122C9F17F09F2
S31508025980A9F1800985F800E0002C73D003EB010E1B
S31508025990BEF1FF3F61D0D6456CDA02EB0C0EBEF1C2
S315080259A0FF3F54D0C64565DA4FF0FF3419998DF892
S315080259B01F404B43C118C35C91F802C08DF81830DA
S315080259C0049B49785A4383188DF8191099785B789D
S315080259D08DF81E108DF81D30835C28688DF81C30F2
S315080259E007998DF81AC08DF81B4002F099FA78B912
S315080259F08DF81F902968079802F0A9FBC0F30723C0
S31508025A0028706B70C0F30743C0F30760AB70E87089
S31508025A100699286802F084FA80B9029B29688DF8EB
S31508025A201B30069802F093FBC0F3072328706B70AD
S31508025A30C0F30743C0F30760AB70E870019B0435F7
S31508025A4001330193159B1F44149B1E444EE759B913
S31508025A50013302D0BAF1010F1AD1029BC3F1FF0337
S31508025A60C3EB03231B1259E70AF1FF3291420FD106
S31508025A70012BF1E7A9B90133EFD0BAF1010FECD046
S31508025A80BCF1000F13D1013202D0B8F1010FD5D102
S31508025A90C9F1FF09C9EB09294FEA292985F80390B3
S31508025AA0CCE70AF1FF308842EAD1012BE7E708F191
S31508025AB0FF336345C2D1012AE9E72DE9F04F89B0E0
S31508025AC01E46DDE917499DF86430154606939DF88A
S31508025AD068300590079302FB0603009306EBD6731C
S31508025AE05B1001930023039102930493189B169A61
S31508025AF0A9EB03039A4202DC09B0BDE8F08F129BB8
S31508025B00029A03EB222C5FEA2C210AD4039B9942C0
S31508025B1007DA139B049A03EB2220031201D49D424F
S31508025B200FDC4FF0000389F80030049B159A09F13F
S31508025B30010913440493029A149B02341A440292EA
S31508025B40D4E74FEA410A1CF0800F5FFA8CF803FB90
S31508025B5006AA0CBFC8F17F08A8F18008C2B2059F41
S31508025B600BBF4FF0FF3E4FF0010E4FEA48084FEACF
S31508025B7048080006059858BFC2F17F02504437F814
S31508025B800AA0079F4BBF803A4FF0FF3C4FF0010C2B
S31508025B90520048BF5200A4F800A0002F6BD00EEBAB
S31508025BA0010ABAF1FF3F57D0039FBA4563DA0CEBF5
S31508025BB0030ABAF1FF3F5ED0AA455CDA06FB0CFB84
S31508025BC0069F30F81EA030F80B00002F40D0019F28
S31508025BD003FB0711009B07FB0CFC03EB010B5B5C49
S31508025BE089F800301BF80CC01BF80E1063451FBF5E
S31508025BF002FB0CFCC2F5807E03FB0ECCCCF3072C11
S31508025C008B421FBF08FB01F1C8F5807E03FB0E110C
S31508025C10C1F307218C444FEA6C0389F80030002B44
S31508025C2083D02188814202D150453FF47EAF02F0EB
S31508025C30FE02E2F7C9FB8346218808F0FE025046B7
S31508025C40E2F7C2FB7F225946E2F7BEFB20806CE7E9
S31508025C50FF2389F80030E4E7069A8AB3019A534388
S31508025C60009AD05CC8F1FF0800FB08F84FEA28281A
S31508025C7089F8008059E70698C0B1DDE9000703FBF9
S31508025C800700405CA1B9BEF1FF3FEBD00399012999
S31508025C90E8D0BBB9BCF1FF3F01D0012D18D1C2F142
S31508025CA0FF024243121289F800203EE7FF20E9E785
S31508025CB0039F07F1FF3A8A45EBD1BEF1010FE7E7E9
S31508025CC0FF20CFE7691E994202D1BCF1010FE5E731
S31508025CD089F8000029E72DE9F04FB3B04FF00A081A
S31508025CE00B939DF800316FF0090714933E9B0D92B2
S31508025CF0DB6A3E9A5E422D9696FBF8F6126B77435E
S31508025D002B923E9A1291526BFF1A2C923E9ADDF80A
S31508025D10F0B0D2E9100132AA02E9030030B2E2F782
S31508025D20C3FB751C824628B2E2F7BEFB054606F19E
S31508025D305A0000B2E2F7B8FB814606F15B0000B2F0
S31508025D40E2F7B2FB07FB00F3A8EB070209FB0233F3
S31508025D507D4393FBF8F30AFB025595FBF8F55B11B5
S31508025D602A93309B12981B022E93319B6D111B02AC
S31508025D702F93299501F0BAFF0C90129801F0BBFFF8
S31508025D80149B1990062B0BD13E9B0C9A93F84B3019
S31508025D90022B34BF0223042353431593002313E033
S31508025DA0149B0F2B05D1102002F09FF80C9B43433E
S31508025DB0F3E7149B142B76D10C9B5B001593419B3E
S31508025DC0199A159901FB023313933E9B93F84D30AA
S31508025DD003F01002C3F300131A933E9B1692DB6A72
S31508025DE01793002B69D13E9B3E9A196C0B9B126B3B
S31508025DF0013B5B1A534301EB23213E9B3E985A6CA7
S31508025E00406B0BF1FF339B1A434302EB2322129B8F
S31508025E109B688B42A8BF0B461D46129BDB689342C2
S31508025E20A8BF13461E46129BD3E90007BA42A8BF6B
S31508025E303A4622AB8142A8BF0146009325A821AB68
S31508025E40FFF7F4FC24AB29463246009323ABFFF74F
S31508025E50EDFC0C9D21A8012D0FC8C1BF121A120212
S31508025E6005F1FF3592FBF5F2D8BF179A0E92199AE9
S31508025E70012AC1BF5B1A1B0202F1FF3293FBF2F33E
S31508025E80D8BF00231D9300F180030F9301F180030D
S31508025E901F9300231C931893DDE91832934212DBF1
S31508025EA033B0BDE8F08F149802F01FF80C9B4343F9
S31508025EB01593149B122B82D070E700230E931D9321
S31508025EC01F930F93E5E7179BE3B91F9B1C9A03EBF6
S31508025ED022231193179B1093149B063B0E2B00F259
S31508025EE09E80DFE813F012029C009C009C009C0036
S31508025EF09C009C009C006900AD0040008600F501EC
S31508025F009C000E02129B12995D68189B25A81D44D7
S31508025F1022AB00932A46096821ABFFF787FC129940
S31508025F2024AB00932A46896823ABFFF77FFC0C98BB
S31508025F30239D01282199249B229A11DD6D1A013885
S31508025F402D029B1A95FBF0F51B0293FBF0F30E95B7
S31508025F50109301F180030F9302F180031193BBE7BB
S31508025F6000230E93F4E74FF00008419DCDF87880A0
S31508025F70CDF86C800C9B1B9A934250DD0F9B03EB6A
S31508025F80282211120BD40B9B8B4208DD1E98119BFB
S31508025F9003EB2023181202D4834500F3D88000238A
S31508025FA02B601B9B109A01331B931E9B04351344CB
S31508025FB01E930E9B9844DDE74FF0000EF04641997A
S31508025FC0419B0C9ACB1A9A4229DD0F9B03EB2E258D
S31508025FD02F120AD40B9BBB4207DD119B03EB282029
S31508025FE05FEA202C01D4E3452CDC4FF000030B704A
S31508025FF078E0042307931A9B5A460693419B0B990A
S3150802600005930C9B0D980493109B03930E9B029386
S31508026010119B01930F9B00933D9BFFF759FC419BF4
S31508026020159A13444193139B13B10C9A1344139371
S31508026030189B01331893DDE91C3213441C932BE792
S315080260400323D7E72C06EAB254BFC2F17F02803A8D
S31508026050C3B255BF4FF0FF36012652005200000662
S315080260603D980D9C0CFB007004EB0009205C169C05
S3150802607055BFC3F17F03803B4FF0FF35012554BF5F
S315080260805B005B000870002C41D007EB060ABAF1E8
S31508026090FF3F33D00B9C544539DD0CEB050ABAF1A8
S315080260A0FF3F25D0D34532DD19F806603D9CB04244
S315080260B018BF5E4304FB05F51CBFC3F5807700FBDA
S315080260C0076619F8055018BFC6F30726A8421FBF68
S315080260D05543C2F5807300FB0355C5F307252E44C5
S315080260E076100E70109B013198440E9B9E4467E70A
S315080260F00B9C4FB9012C18D1012E16D1C2F1FF0201
S31508026100424312120A70EDE7651EAF42F3E78FB9F2
S315080261100136F3D00B9C012CF0D0BCF1000F10D144
S31508026120013502D0BBF1010FDCD1C3F1FF034343B2
S315080261301B125CE70B9C04F1FF394F45EDD1012E8A
S31508026140EAE70BF1FF329445CCD1012DECE75FFA71
S3150802615082F93D9C120655BF4FF0FF320122C9F162
S315080261607F09A9F180091F064FEA810700FB047718
S315080261700D9CDEB204EB070CE759169C55BF4FF08F
S31508026180FF330123C6F17F06803E2F60002C00F004
S3150802619081808F187C1C73D00B9CBC427ADDC71891
S315080261A07C1C67D0BB4575DD5CF822000CEB8201CE
S315080261B03D9A239053430CEB03025CF8030092F8D2
S315080261C003A0CF782490BAF1000F0ED1EB78C6F16E
S315080261D0FF0673431B12EB7057BBEB78C9F1FF0935
S315080261E009FB03F31B12EB70DBE62499286801F01E
S315080261F097FE0028F0D1EA784AB106FB0AFAC6F1F8
S31508026200FF0302FB03AA4FEA2A2A85F803A08DF8A0
S3150802621093602968249801F09AFFC0F3072328702F
S315080262206B70C0F30743C0F30760AB70E870D3E73F
S315080262302399286801F074FE00287FF4B2AEEA7842
S315080262403AB109FB07F7C9F1FF0302FB03773F12CD
S31508026250EF708DF88F902968239801F078FFC0F3C4
S31508026260072328706B70C0F30743C0F30760AB704F
S31508026270E87096E60B9B51B9012B1DD1012A1BD159
S31508026280EB78C9F17F0909FB03F3DB11ABE7013BA5
S315080262909942F2E729B90132F2D00B9A012A04D1BE
S315080262A0EEE70B9C671EB942F8D050B9013303D00A
S315080262B0BBF1010F7FF475AEEB78C6F17F06734327
S315080262C0E3E70BF1FF3290427FF46BAE012BF1E765
S315080262D01A9B089300230793139B5A460693419BDE
S315080262E00B9905930C9B0D980493109B03930E9B95
S315080262F00293119B01930F9B00933D9BFFF7DDFBD6
S315080263008DE61A9B08930123E5E73E9B93F84B30EB
S31508026310012B21D80027BA463E46DDF804C10C9B5C
S31508026320B3427FF77CAE0F9B03EB272005120BD4F3
S315080263300B9BAB4208DD119B03EB2A215FEA212E58
S3150802634002D4F34500F3C3804FF00002419B03F8E1
S3150802635016208CF8012014E10027B946B84641995F
S315080263600C9B43457FF75BAE0F9B03EB27252E124B
S315080263700AD40B9BB34207DD119B03EB29205FEA84
S31508026380202E01D4F34509DC00230B60109B08F18B
S31508026390010899440E9B04311F44E1E7EAB22D062F
S315080263A055BFC2F17F02803A4FF0FF35012554BF2F
S315080263B05200520004063D9CC3B20EFB046C0D9CAF
S315080263C058BFC3F17F0364441B940D9C48BF803BAE
S315080263D014F80CA04FF0FF34CC70169C55BF4FF042
S315080263E0FF3001205B005B0081F800A081F801A064
S315080263F081F802A0002C44D006EB050ABAF1FF3F49
S3150802640033D00B9C54453CDD0EEB000ABAF1FF3F34
S3150802641025D0D34535DD1B9C655D3D9C60431B9CA1
S31508026420265C0D9810F80C0085420FBF05465D43A1
S31508026430C3F5807C00FB0C5518BFC5F307258642B9
S315080264401FBF5643C2F5807300FB0366C6F30720D7
S315080264500544C5F347050D704D708D7096E70B9888
S3150802646066B901281CD1012D1AD10D9BC2F1FF0272
S3150802647013F80C3053431B12CB7087E70138864258
S31508026480F0E7B6B90135F0D00B9C012CEDD0BEF180
S31508026490000F15D1013003D0BBF1010F7FF476AF9F
S315080264A00D9AC3F1FF0312F80C205A431212CA704E
S315080264B06CE70B9C04F1FF3A5645E8D1012DE5E756
S315080264C00BF1FF3296457FF461AF0128E6E73D9C62
S315080264D0C2B20EFB04590D9C00064C441E940D9C38
S315080264E058BFC2F17F0214F80980419C48BF803A1E
S315080264F004F816804FF0FF34CBB255BF4FF0FF3089
S31508026500012052005200090654BFC3F17F03803BA3
S315080265108CF80140169C55BF5B005B004FF0FF31BB
S31508026520012154BF1B931B93002C45D02C18631CC6
S3150802653035D00B9BA3423FDD0EEB0104631C28D02A
S31508026540A34539DD1E9C205C3D9C804504FB01F178
S315080265501E9C615C07D01B9B5843C3F5807508FBDC
S315080265600500C0F3072088451FBF5143C2F5807353
S3150802657008FB0311C1F30721419B0844401003F8A5
S315080265801600109B01369A440E9B0CF1020C1F440E
S31508026590C5E60B996DB9012922D1012820D10D9B97
S315080265A0C2F1FF0213F8093053431B128CF801306B
S315080265B0E7E70139A942EFE72DB90130EFD00B9889
S315080265C0012805D1EBE70B9C04F1FF384545F7D0C6
S315080265D0BEF1000F0DD1013102D0BBF1010FD0D1AE
S315080265E00D9A1B9B12F80920C3F1FF035A43121294
S315080265F0AFE60BF1FF329645C3D10129EFE72DE944
S31508026600F04FD3B0CA6B4E6B1346B242A8BF33469D
S31508026610CC6A0290A342D4BF07930794886B0B6C8B
S315080266200D4683421F46A8BF0746096B0DF12C0883
S315080266308F42D4BF08970891B242B8BF3246A242E7
S31508026640ACBF099209948342B8BF03468B42ACBFDA
S315080266500A930A91029B40469A6807A900F0FFFF2F
S31508026660002800F0CA80E86A696B05F12C038842A3
S3150802667005F1340B05F13C0A04AC17AE19AF0DF15E
S315080266806C0940F0BD801946204601F039FB94E8B2
S31508026690030086E803005946204601F031FB94E8D8
S315080266A0030087E803005146204601F029FB94E8D7
S315080266B0030089E80300189A1A9B9A4203DD3946B1
S315080266C0304601F02AFB1C9C17AE96E8C00CAAEBD2
S315080266D00603E41B5C431B9BABEB07029B1B02FBFB
S315080266E01344002110220FA809F031FBE30FE443FB
S315080266F00DF1A0093A4631464846CDE900B353465C
S31508026700DFF73AF9DDE917121C9BE40F36AE30467D
S31508026710019400931B9BDFF72FF91A9A1C9B199970
S315080267209A420ABF0223CDE90034CDE9002344A8E0
S315080267301B9BDFF721F944AB4046CDE90F9611932F
S3150802674001F0D4FA8246E2F7D7FD4FF0000B07466E
S3150802675098E80F0013AC84E80F00B5F81D3007A8B7
S31508026760ADF88930EB7F16918DF88B302B7F95F833
S315080267702B908DF8883023971D9425948DF89CB01C
S31508026780CDF878B001F0B2FA064607A801F0B3FAD6
S315080267903146024605F12000FEF7F2F909F007092B
S315080267A00646002800F08980B9F1020F40F087807A
S315080267B0079AD8F80030219444689B1A03EB4301E0
S315080267C01C440F2302688DF880300A441E92D8F8BA
S315080267D004B0D8F80C305B4573DA3846E2F7A6FD02
S315080267E044A8DFF795F828A8DFF792F836A8DFF766
S315080267F08FF816B13046FEF7FEF953B0BDE8F08FB2
S31508026800EA6B904211D11946204601F079FA94E8CA
S31508026810030086E803005146204601F071FA94E81F
S31508026820030087E8030059463EE7914213D15946C9
S315080268302046039301F064FA94E8030086E803000D
S315080268405146204601F05CFA94E80300039B87E868
S315080268500300194628E71946204601F051FA94E83A
S31508026860030086E803005946204601F049FA94E8EF
S31508026870030087E803005146204601F041FA94E8EE
S315080268800300189A1A9B89E803009A4203DD3946DF
S31508026890304601F042FA189A1C9B9A4203DD494691
S315080268A0304601F03AFA1A9A1C9B9A42BFF603AF8F
S315080268B04946384601F031FAFDE6044687E75C4662
S315080268C085E75246FF213846CDF850B0CDF858B084
S315080268D003F0BAFACDF800A05B463946D8F800208C
S315080268E00FA8FEF7ABFEB9F1010F8DF890001DD186
S315080268F0089B3168ABEB030303EB430288188A5AF9
S31508026900ADF8892082788DF88B207268D35C2A7F4D
S315080269108DF88830FC2A04D813FB02F31B128DF873
S31508026920883002981DA9DDF7DFFE1CE0B9F1020FD7
S31508026930F7D1002CF5D002280DD100232397534511
S31508026940EFDAE15CFC299FBFFA5C12FB01F2121234
S31508026950FA540133F3E7012803D123948DF8909072
S31508026960DFE70028DDD10BF1010B32E7036803B933
S31508026970FEE75B6818470146006810B1836803B1F1
S31508026980184770472DE9F0470D4691469A468046C4
S3150802699000B9FEE741B3002406460C60337D4A4639
S315080269A013F0040F0CBF53460023294630463768B6
S315080269B0B84728B1EB7BDB0712D5002C08BF344653
S315080269C0F669002EEAD184B1237D266813F0040FF6
S315080269D00CBF534600234A4629462046B047264658
S315080269E001202E60BDE8F087FEE7D8F80C20204685
S315080269F002EBD273C3F34F03EB800233AB80EB682F
S31508026A002C6003F07E4343F0807343F480332A817B
S31508026A106C81EB60E6E710B586B0134600B9FEE76F
S31508026A201F292BD940F21C62914227D0A1F58A521E
S31508026A301F3A012A22D9A1F5C0520B3A032A1DD9B7
S31508026A40A1F50054A4F10B02042A17D9283C072CF5
S31508026A5014D9A1F501521F3A102A0FD94FF6FF622F
S31508026A6091420BD04FF6FF02914207D00A46694679
S31508026A70FFF788FFBDF8040006B010BD0020FBE74B
S31508026A80C068704703680A78934209BF4B78981A18
S31508026A904068C01A704703680A88934209BF4B8840
S31508026AA0981A4068C01A704700880B88C01A70473F
S31508026AB000B10078704700B1007A704708B1D0F883
S31508026AC0A800704710B9086048607047037803F059
S31508026AD0FD03012B02D04FF0FF30F4E7036B406B46
S31508026AE00B60F1E750B1037803F0FD03012B04D1E3
S31508026AF090F8980000F00F0070470020704738B1F0
S31508026B00037803F0FD03012B01D1006F70470020C3
S31508026B1070470023C1E9003340B1037803F0FD034F
S31508026B20012B01BF836C0B60C36C4B60704718B1B5
S31508026B30837A43F008038372704770B588B00446B7
S31508026B400E46154600211C2201A803F07DF9CDE95F
S31508026B500144B0340122204601A9ADF80C6005951E
S31508026B6001F041FB012804D10022204601A901F0C7
S31508026B703AFB08B070BD70B5012BDDE9044502DCAD
S31508026B80C61E012E07D9013804282BD8DFE800F0E3
S31508026B900C03221B130000238A1A2B60236802EBBC
S31508026BA0D27203EB620304E000232B6023688A1A7D
S31508026BB01344236006E0012B04DD8A1A013B92FB8B
S31508026BC0F3F22A6070BD8A1A92FBF3F22B681A4412
S31508026BD02A60E3E70133891A91FBF3F129602368F6
S31508026BE00B44E6E700232B60ECE7136851B1013B3F
S31508026BF0002B136001DA002070478268126852F887
S31508026C0023007047013313608268118D8B42F5DBCE
S31508026C10F1E707B51822F4F71EFF03B05DF804FB87
S31508026C2007B51922F4F717FF03B05DF804FB07B599
S31508026C301A22F4F710FF03B05DF804FB07B51B220E
S31508026C40F4F709FF03B05DF804FB38B500210546E1
S31508026C50FFF7DFFF04462846F3F7D9FD002104446F
S31508026C602846FFF7DDFF204438BD38B50021054622
S31508026C70FFF7DDFF04462846F3F7C6FD0021044464
S31508026C802846FFF7DBFF204438BD10B5044600222C
S31508026C90F5F762FB2046BDE8104000220121F5F710
S31508026CA04DBB70B5044616461D460022F5F75BFB3A
S31508026CB0314620460022F5F75DFB2946204600228A
S31508026CC0F5F75FFB2046BDE8704000220121F5F783
S31508026CD035BB10B504460022F5F75AFB2046F5F7F0
S31508026CE075FBBDE81040F3F71DBD2DE9F0410546D9
S31508026CF0DDE906671846089C9DF8243011B1002282
S31508026D00226022E0A2F1040C5FFA8CFCBCF1020FAD
S31508026D1003D8012E084608BF0122BC46002107EB0C
S31508026D208608E0450AD14FF0000C091A062A0CD843
S31508026D30DFE802F0092B310B413A33005CF804EB29
S31508026D4086447144EDE7C4F800C0A6464FF0000C2D
S31508026D5006F1FF38E04534D806F18042013A54F884
S31508026D60220057F8222010442268801A5BB10022BA
S31508026D70043C54F8043F57F82210EB1A01325B1A06
S31508026D8096422360F5D1BDE8F081691A01EBD1710B
S31508026D9049102160D9E7691AFBE7691A701E91FB47
S31508026DA0F0F0C4F800C0D0E7691A91FBF6F000EBE0
S31508026DB0D0725210A4E7691A701C91FBF0F0206099
S31508026DC0C3E757F82C10DEF800200CF1010C0A4430
S31508026DD002444EF8042FBDE72DE9F041069F04460A
S31508026DE015461E460FB100233B600022204601F0DD
S31508026DF089FB38B93B46324629462046BDE8F0416A
S31508026E0001F0A4BABDE8F08138B5846C0546B4B180
S31508026E10206820B101F079FA2068E2F787FAE0697A
S31508026E2008B1F6F7C8F8206A08B1F6F7C4F8606838
S31508026E30E2F77CFA2046E2F779FA0023AB6438BD1A
S31508026E4038B58D6C0C462DB1286C18B1F6F7B3F827
S31508026E5000232B642046BDE83840FFF7D5BF10B59E
S31508026E600446806C28B94420E2F74EFA00B9FEE7D8
S31508026E70A06410BD70B5036805461B6A0E4698479E
S31508026E80044678B12B68324601465B69284698471C
S31508026E902046AD6900F0DCF83146A847204600F0E6
S31508026EA0FCF8012070BD2DE9F041036815465F6ABA
S31508026EB01346002204460E46B84701280FD1002081
S31508026EC0BDE8F08129462046FFF7D4FF0028F6D010
S31508026ED0236800225F6A31462B462046B8470228B5
S31508026EE0F0D023682A4631462046BDE8F0411B69A0
S31508026EF0184782B0F8B50793036805460F46164643
S31508026F009847044600B9FEE7002307AAC36000F1C2
S31508026F101003C0E90057866007CA83E807006B6852
S31508026F2020469847054640B92046E2F7FFF92C461F
S31508026F302046BDE8F84002B0704704F11C0002F092
S31508026F40ADFBF5E72DE9F0410E469046054600B938
S31508026F50FEE701B9FEE700F11C07384602F0A0FB7E
S31508026F60EC682CB9384602F09DFB2046BDE8F08154
S31508026F702B68424631462846DB689847044600286D
S31508026F80F0D000F06AF8EDE7F8B5064615460C4665
S31508026F9001B9FEE700F11C07384602F081FB2046DC
S31508026FA0294600F063F8204600F04AF860B9204600
S31508026FB000F04AF840B12046B66900F049F8294679
S31508026FC0B047204600F069F83846BDE8F84002F0B6
S31508026FD069BB2DE9F0410E469046054600B9FEE723
S31508026FE001B9FEE700F11C07384602F059FBAC6806
S31508026FF02CB9384602F056FB2046BDE8F0814246D7
S3150802700031462846FFF74FFF04460028F1D000F024
S3150802701024F8EEE78068003818BF0120704700B1EF
S315080270200162704700B9FEE743680133436070475F
S3150802703000B9FEE74368013B23EAE37343607047FE
S3150802704000B9FEE74068704700B9FEE7007B704763
S3150802705000B9FEE78368C01A704708B500B9FEE7AB
S31508027060FFF7E0FFBDE80840FFF7F2BF00B9FEE709
S3150802707043680BB1FFF7DCBF704700B9FEE7084467
S3150802708070471030704700B9FEE701B9FEE70023E2
S315080270900160826043600373704708B500B9FEE772
S315080270A0FFF7D6FFBDE80840E2F740B900B9FEE7A8
S315080270B00368DB69184738B51446054600B9FEE782
S315080270C049B98368EA6814446018984294BF002054
S315080270D00120400038BDC36B08469847AB68014695
S315080270E08342EFD20120F5E7012070470068704716
S315080270F0F8B5054600B9FEE700F13007384601F053
S315080271003EFB044610B906463046F8BD2368696850
S315080271101869FFF7B2FF0646FFF792FF0028F3D079
S315080271202146384601F032FBEBE72DE9F0410F46DE
S31508027130054600B9FEE700F13006304601F01CFBB1
S31508027140044648B905F1240001F00FFE304601F065
S315080271505FFBEC60BDE8F08123686968D3F81080AC
S315080271604046FFF78AFFFFF76BFF18B939464046D4
S31508027170AB6998472146304601F004FBE0E72DE962
S31508027180F0419046044600B9FEE701B9FEE700F170
S315080271902407384601F0FFFC054628B3066941462E
S315080271A03046A3699847E36B30469847E3686168B7
S315080271B01B1AE3603046FFF760FF0646E26A2B6950
S315080271C02946134453F8048C384601F080FD3046AC
S315080271D0FFF763FF04F13000414601F08DFA40469D
S315080271E0BDE8F041E2F7A2B8BDE8F081F8B5044679
S315080271F000B9FEE701B9FEE70846FFF729FF04F1E1
S31508027200240701460546384601F0C5FC0146A8B1E1
S31508027210E26A03693846134453F8046C01F057FDD1
S31508027220314604F1300001F067FA3046E2F77EF89B
S31508027230E36B28469847E3681B1AE360F8BD2DE915
S31508027240F0410E46054600B9FEE701B9FEE700F130
S315080272503007384601F090FA48B9314605F124005C
S3150802726001F099FC044688B92046BDE8F081036816
S315080272706968D3F810804046FFF7FFFE3146044698
S315080272802B69404698470028E7D1EDE7EA6A036981
S315080272903846134453F8046C01F06EFA3146024636
S315080272A0384601F082FA69682069BDE8F041FFF7BD
S315080272B0E4BE10B54020E2F71FF8044600B9FEE71F
S315080272C04022002102F0C0FD204610BD2DE9F341FF
S315080272D00E46044600B9FEE701B9FEE700F12408A6
S315080272E0404601F06DFC0090B0B105696168284618
S315080272F0FFF7C3FE314662680746284602F0AFFC2E
S3150802730004F1300001F098F905460190A8B9404603
S31508027310009901F020FD0095009D55B16168286924
S31508027320FFF7ABFEE36B054630469847E36803442E
S31508027330E360284602B0BDE8F0816946042202F0FD
S315080273408EFC0422009BE06A1B6904380DEB0201DD
S31508027350184402F084FC214638466268FFF793FE19
S31508027360DAE708B502460B46127A1B7A40689A4251
S3150802737049680ED1012A08D102F0C3FD002801D1BD
S31508027380002008BD06DD0120FBE7002AF8D1884265
S31508027390F6D0F8D84FF0FF30F3E738B5C56804469B
S315080273A010212846F5F7D9FE10B12846F5F703FE4F
S315080273B0237A012B04D16068BDE83840E1F7B6BFED
S315080273C038BD08B502460B4612791B7900689A42FF
S315080273D009680ED1012A08D102F093FD002801D1CD
S315080273E0002008BD06DD0120FBE7002AF8D1884205
S315080273F0F6D0F8D84FF0FF30F3E70379012B02D124
S315080274000068E1F793BF704713B54FF480630093A2
S31508027410002304461946026B406B01F0F7FA626ACA
S31508027420E36A9B1A584302EBA02002B010BDF7B5D7
S315080274301F464FF48063009300230D461646044602
S315080274401946026B406B01F0E1FA089B324600933B
S3150802745029463B4601F0DFF9626AE36A9B1A5843FA
S3150802746002EBA02003B0F0BD002816DA6423891ABD
S315080274700029B8BF49420A225943C0F30903B1FB9E
S31508027480F3F1C0F309535343994228BF1946C0F38F
S3150802749089205043884238BF0846704770B5456A06
S315080274A0C66A04463246006B2946FFF7DDFF3246B6
S315080274B029462063E06BFFF7D7FF32462946E06389
S315080274C0A06BFFF7D1FF3246A0632946206CFFF76F
S315080274D0CBFF206470BD30B542F2107542F2F674E5
S315080274E0A84294BF03462346A94294BF08462046AB
S315080274F0AA4298BF14460A220533B3FBF2F30530B3
S31508027500B0FBF2F0053403F1004303EB8023B4FB2E
S31508027510F2F003EB005030BD07B500224FF480634A
S315080275201146009340F25123FFF781FF03B05DF83D
S3150802753004FBD0E90C329A42ACBFC06A406A704773
S3150802754007B5B0F94E300093B0F94C30B0F94A207D
S31508027550B0F94810FFF76BFF03B05DF804FB016052
S3150802756070474160704701637047494241637047FB
S315080275704FF000434162C0E90A3270470162704720
S31508027580C16070470161704741617047C1637047C6
S3150802759081637047416470470164704790F85430BC
S315080275A061F3C30380F854307047C1617047A0F88D
S315080275B04C30BDF90030A0F84810A0F84A20A0F8CF
S315080275C04E30704730B50568836840685B1B03EB2D
S315080275D0D37300EB630005EB63055C104B680A681E
S315080275E01B1A5B43521B644302FB0232944234BFAA
S315080275F00020012030BD8360009BC0E90012C360F1
S315080276007047036819440139816070474368194411
S315080276100139C1607047836802689A1AC36840686C
S31508027620181A013002FB0000704703685B1A0360F0
S3150802763083680B44836043689B1A4360C368134498
S31508027640C360704703680B44036083680B44836016
S31508027650436813444360C3681344C360704770B5F4
S3150802766015680B684C689D42B8BF1D4653688E68FC
S31508027670A342B8BF23469468C968D268B442A8BF71
S3150802768034468A42A8BF0A46A5420560436084601A
S31508027690C26004DC9342CCBF0020012070BD0020EA
S315080276A0FCE710B514680B689C42D4BF04600360FB
S315080276B054684B689C42D4BF4460436094688B68A4
S315080276C0D2689C42ACBF84608360CB689A42ACBFE6
S315080276D0C260C36010BD2DE9F04F85B00C6805681D
S315080276E00E46AC4260DBD0F8088044455CDC4C6848
S315080276F04768BC4258DBD0F80C904C4554DC002A4B
S3150802770003DC012005B0BDE8F08FA8EB0504A9EB60
S31508027710070001340130641040108442A8BF0446B1
S315080277209442A8BF1446009500226846254407EBF2
S31508027730040ACDE90175CDF80CA0FFF7CCFF024685
S3150802774030B12C44029431466846FFF73BFFD9E72D
S3150802775031466846A9EB040BCDF804B0CDF80C9077
S31508027760FFF7B9FF024628B125440295ABEB04049C
S315080277700194E8E731466846A8EB04050095CDF87A
S315080277800880FFF7A8FF024610B12D1B0095EDE70A
S31508027790314668460197CDF80CA0FFF79CFF0028F2
S315080277A0AFD02D1B0095CEE70020ABE702688B68A9
S315080277B09A420EDC82680B689A420ADB4268CB68F8
S315080277C09A4206DCC0684B689842B4BF0020012082
S315080277D07047002070472DE9F34107680B680C468D
S315080277E09F42154603DA002002B0BDE8F0814368DD
S315080277F049688B42F7DB8668A1688E42F3DCD0F8CB
S315080278000C80E1688845EEDCFAB169462046CDE986
S315080278100073FFF760FF0028E5D02A46694620462E
S315080278200096FFF758FF0028DDD02A46694620460B
S31508027830CDE90078FFF74FFF0028D4D02A466946DB
S3150802784020460096FFF747FFCEE70120CCE72DE951
S31508027850F0410C460546114620461646FFF7A6FF96
S31508027860002862D000222046FFF7B5FF00285FD124
S3150802787063687168D4F808C0D4F800E09942E268EF
S31508027880C4BFC5E900E3C5E902C1A2EB0302616808
S31508027890F368C8BF0120591A521A002AACEB0E0720
S315080278A013DDE1688B4210DAD4F808E0216800F1AA
S315080278B0010C4FEA001805EB001045F80810C0E95C
S315080278C0013E1344C3604FFA8CF073686168F2682C
S315080278D09942B8BF1946E368D4F800C09342A8BFD4
S315080278E01346326862450EDD8B420CDD00F1010E4D
S315080278F04FEA001805EB001045F808C0C0E9011266
S31508027900C3604FFA8EF0B2682468141B3C1B002C25
S3150802791009DD0701EA51461C224405EB0010C0E9BD
S315080279200223416070B2BDE8F0814FF0FF30FAE7FA
S315080279300020F8E72DE9F34186680B680C469E425B
S31508027940154634DBD0F80C804B6898452FDB076860
S315080279508B689F422BDC4368C9688B4227DC1AB9BD
S31508027960002002B0BDE8F08169462046CDE90073E1
S31508027970FFF7B1FE0028F3D12A466946204600964B
S31508027980FFF7A9FE0028EBD12A4669462046CDE92B
S315080279900078FFF7A0FE0028E2D12A46694620466B
S315080279A00096FFF798FE80F00100C0B2D9E70120E1
S315080279B0D7E72DE9F74FD1F80090D1F80C80D1F826
S315080279C004A001938B68A8EB0A04A3EB090E023AFA
S315080279D00EF1010C671CD0E90065132A00F2B1808A
S315080279E0DFE802F01F3B40455358630A686C7A8306
S315080279F087959A9DA0A3A7AB83689B1B013303EBCC
S31508027A00D3720CEBDC735B10C3EB6203C26807EB41
S31508027A10D774521B013202EBD2726410C4EB6204B1
S31508027A200AE083689B1B013303EBD3720CEBDC730E
S31508027A305B10C3EB62030024019A334413440C9A85
S31508027A402C4414440B604C6063443C44013B013CA7
S31508027A508B60CC6003B0BDE8F08F83689B1BA3EBF9
S31508027A600E03E8E7C3685B1B1C1B0023E4E7836875
S31508027A709B1B013303EBD3720CEBDC735B10C3EB7A
S31508027A806203C268521B141BD6E783689B1BA3EBCF
S31508027A900E03F6E7C36807EBD7745B1B013303EBE8
S31508027AA0D3736410C4EB6304DFE783689B1BA3EB01
S31508027AB00E03ABE76FEA08045444D6E76FEA0804F4
S31508027AC0836854449B1B013303EBD3720CEBDC73C0
S31508027AD05B10C3EB6203AFE76FEA0808836808EB3B
S31508027AE00A049B1BA3EB0E03A6E7C468641B0134B6
S31508027AF0BBE783689B1B013303EBD3720CEBDC7386
S31508027B005B10C3EB6203C468641B013494E78368A1
S31508027B109B1BA3EB0E03F6E7DB434B448BE7DB43E6
S31508027B204B4473E7DB434B44ABE783689B1B013348
S31508027B3081E783689B1B013368E783689B1B0133D4
S31508027B409FE70024234677E72DE9F04F85B01F46C5
S31508027B509DF8403081468B46DDF83CA0019312B968
S31508027B60B7F5807F09D04E46484600245C4500F1A9
S31508027B70080009D192BB14462BE00E9BB3F5807F11
S31508027B80F1D105B0BDE8F08FDAF8001050F8083CDC
S31508027B9001345B1A40F8083CDAF8041050F8043C41
S31508027BA05B1A40F8043CE1E756F8083C013403FB4B
S31508027BB007F2DAF8003003EB222346F8083C0E9A5D
S31508027BC056F8043C5A43DAF8043003EB222346F803
S31508027BD0043C5C4506F10806E6D1D2E7B2F5616FC8
S31508027BE052DDA2F561620A2392FBF3F86FF00901EE
S31508027BF00FFA88F001FB0824E0F756FC08F10105A4
S31508027C00039028B2E0F750FC054608F15A0000B284
S31508027C10E0F74AFC029008F15B0000B2E0F744FC88
S31508027C200A23C4F10A0C654344430399029A01FBE9
S31508027C300C5502FB0C4495FBF3F594FBF3F44FF059
S31508027C40000C6D116411DC459BD0DAE90008B7F522
S31508027C50807F59F83C2073681BD10E99B1F5807F55
S31508027C6017D102FB04FE03FB15EE634302FB053341
S31508027C7000EBAE2008EBA32149F83C00083646F88B
S31508027C80041C0CF1010CDEE7002AB8BF02F561629A
S31508027C90A9E7019971B17A430E9902FB04FE4B4397
S31508027CA003FB15EE634302FB053300EBAE4008EB1C
S31508027CB0A341E1E702FB04FE03FB15EE634307FB60
S31508027CC00EFE02FB05330E9A00EBAE405343EEE777
S31508027CD01FB59DF81C400294069CCDE90034134654
S31508027CE00A460121FFF730FF04B010BD8368006819
S31508027CF0181A01307047C3684068181A013070476D
S31508027D00D1E90012C0E900127047D1E90012C0E9B0
S31508027D1000127047C0E90012704730B50246D0E932
S31508027D2000540B46D1E9000182E80300C3E9005476
S31508027D3030BD00F0C043B3F1005F12D16FF060426C
S31508027D4020F0C04393420CD06420B3F1805FA2BFF7
S31508027D50C3F17F6303F57F2303F6FF734B4393FB5C
S31508027D60F0F0704710B500230446C0E90131C2603D
S31508027D7002FB01F0E1F7C0FA206000B9FEE710BD88
S31508027D8010B50446006818B1E1F7D0FA002323605B
S31508027D900023C4E9013310BD38B50D46C16804464F
S31508027DA069430068E1F7CCFA00B9FEE76368206028
S31508027DB0AB42A56088BF656038BDD0E90113B1EB57
S31508027DC0530F01D8FFF7E8BF704738B50368044672
S31508027DD00D4603B9FEE7D0E90113994202D10431EF
S31508027DE0FFF7DAFFD4E90030E268294600FB0230E1
S31508027DF001F035FF636801200133636038BD4368CB
S31508027E008B4206D9036803B9FEE7C06800FB013056
S31508027E1070470020704738B5426804468A420D46C4
S31508027E2015D9531E8B4204D14360FFF7C6FF0120C2
S31508027E3038BDFFF7E4FF521BE168013A4A430144A1
S31508027E4002F02EF863682046013B6360EDE70020E6
S31508027E50EEE7406870470021FFF7D1BF70B5C468E6
S31508027E60D4E90056E0F78AFD2046E1F75FFA304684
S31508027E702B46BDE870401847C31FDBB20E2B9DBFC9
S31508027E8047F2FF20D84000F00100002070471FB5D6
S31508027E9000230246C0B2C2F3072460F3070364F361
S31508027EA00F23C2F3074262F3174361F31F631846AF
S31508027EB004B010BD82B0030A420902F4FC6203F45C
S31508027EC078431343C0F3C400184480B202B0704723
S31508027ED082B0034600F47F02C0B200F17F4010442C
S31508027EE003F47F43184402B0704708B5E0F762FA14
S31508027EF00730C0F3C70008BD82B000F47F0313FA47
S31508027F0080F002B0704707B5FFF7F6FF024608464B
S31508027F10FFF7F2FF131A5842584103B05DF804FB03
S31508027F2082B0431A5842584102B0704782B003469B
S31508027F300020DAB262F30700C3F3072262F30F20C6
S31508027F40C3F3074363F3174002B0704782B00023B6
S31508027F5062F3070361F30F2360F31743184602B06F
S31508027F60704782B04FF6FF730020DAB262F3070059
S31508027F701B0A63F30F2040F47F0002B0704782B0F9
S31508027F80002002B070471FB50446FFF7F8FF0A46FD
S31508027F902146C0F307238DF80D30C0F307438DF849
S31508027FA00C008DF80E30039804B0BDE8104000F0BE
S31508027FB0A0B8C178FF2912D011B9042201F044BF32
S31508027FC0827812FB01F212128270427812FB01F2D7
S31508027FD012124270027812FB01F2121202707047F4
S31508027FE010B4FF290A461BD021B902225DF8044BB8
S31508027FF001F02ABF01880378C1F3451103F01F0374
S3150802800011FB02F113FB02F309121B1243EA411395
S315080280104178C90811FB02F1091243EAC12101801C
S315080280205DF8044B704782B0C0F30743C0F30722DA
S3150802803003EB830103EB410302EB8201C1EB01115E
S3150802804002EB4102C3EBC303C0B21344C0EBC00048
S3150802805003EB8000C0F3072002B07047C0F3451255
S31508028060C0F3C42302EBC20101EB011103EB830344
S3150802807000F01F0002EB8102C3EBC313C0EBC00082
S31508028080134400EB40101844C0F307207047837866
S3150802809003EB830203EB42034278C3EBC30302EB0F
S315080280A08201C1EB011102EB410213440278C2EBD1
S315080280B0C20203EB8200C0F30720704782B0C0F306
S315080280C00743C0F3072203EB830103EB410302EBE9
S315080280D08201C1EB011102EB4102C3EBC303C0B239
S315080280E01344C0EBC00003EB8000C0F3072002B0C4
S315080280F07047F0B585B015460746844648F28106AC
S31508028100C2F1FF02C1F307445443C0F3074000FB20
S3150802811005440020C1F30723C9B253434A43FFB2B9
S3150802812007FB0522CCF3072C0CFB0533724373437A
S315080281307443C2F3C75262F30700C3F3C75363F328
S315080281400F20C4F3C75464F3174005B0F0BDF0B569
S3150802815085B0B0F17D4F0091C2B2C0F30726C0F3D5
S3150802816007454FEA10674FEA11611BD2022F9DF8A5
S3150802817000309DF801009DF802401ED9C7F1FF0C98
S315080281800CFB04F40CFB00F00CFB03F305FB0744A1
S3150802819007FB060007FB0233C4F30725C0F30726CD
S315080281A0C3F30722002062F3070066F30F2065F384
S315080281B0174061F31F6005B0F0BD1A46064625460C
S315080281C0F0E782B00346C0F3074202EB4202C0B2AE
S315080281D002EB8002C3F307201044C0F3C70002B0C3
S315080281E07047016070472DE9F0410D46174606466D
S315080281F010B90120BDE8F081FFF72DFE044630468E
S31508028200FFF727FE00268046043C4645F1D054F87F
S31508028210042F13680BB90136F7E79368C3F3C03125
S31508028220B942F8D1C3F30E0313B129899942F2D19F
S3150802823053682846EB6023681B6898472B7E13F021
S315080282400200D6D1DB07E6D5D4E7F7B504460C20FB
S315080282500F4616461D46E1F74FF8019000B9FEE7AC
S31508028260C0E9015607602046FFF7F3FD20B904224C
S3150802827001212046FFF776FD204601A9FFF7A5FD55
S31508028280019803B0F0BD00B9FEE7FFF7E2BD08B5F5
S3150802829000B9FEE7FFF7B3FD00B1006808BD38B5BF
S315080282A00D46044600B9FEE7FFF7F1FFE1F73EF88F
S315080282B029462046FFF7AFFD003818BF012038BD12
S315080282C0F8B5044600B9FEE7FFF7C3FD06462046A1
S315080282D0FFF7C1FD00250746B54204DB2046BDE887
S315080282E0F840FFF74DBD57F82500E1F71FF80135AD
S315080282F0F2E700687047406870470089C0F30E00CD
S31508028300704700697047C068704738B504464068C8
S31508028310C0B10369C3B121689847636805465A68BC
S3150802832052B1A36843B1013203D0D86808B1E0F765
S31508028330FDFFA068E0F7FAFF0023C4E90033A36053
S31508028340284638BD0B25FBE70925F9E72DE9F04F45
S3150802835087B004468B461546994613B10023C9F8D9
S3150802836000306068002800F0C780D0F804804669AB
S31508028370B8F1000F22D0002E00F0C180D0F81CA060
S31508028380BAF1000F00F0BB800023A2680493966836
S31508028390D2E900C16645D76826D20023324621684B
S315080283A0D047A84580F08280606804AB00935A469D
S315080283B02B4646692168B04780465AE0002E00F0EF
S315080283C09E8004AB0093CDF810802B465A4621684E
S315080283D0B0478046B9F1000F02D0049BC9F80030B5
S315080283E0404607B0BDE8F08F8E42D6D88A1B0131C7
S315080283F0531CA1EB0C01C91AB8F1FF3F0393394488
S3150802840002D19D4203D91546039BAB420CD32A4699
S31508028410584601F024FC0495A268049993684FF023
S3150802842000080B449360D5E75846039A01F017FCF7
S31508028430D4E901035A68D0F81CA000232168013246
S31508028440D04700230593039B6068A5EB030A9B4468
S31508028450D04505AB009310D253465A464769216860
S31508028460B8478046059B039E1E44AE4294BF0496B7
S315080284700495B8F1000FADD1CEE743693A461E46D8
S3150802848021684346B047A2688046536801331360A1
S315080284900598824528BF8246411E0B4453603946D9
S315080284A058461FFA8AF201F0DAFBDBE747B940467B
S315080284B0A768E0F721FFA368F860DF6807B9FEE757
S315080284C000236068059305AB00933A464346216844
S315080284D0D0F814A0D047A16880460E60059A58467F
S315080284E0AA4202F1FF3328BF2A4633444B60394673
S315080284F0049201F0B4FBBCE74FF00B0870E74FF0AB
S3150802850009086DE737B5044640681346002830D097
S315080285104268C56922B10DB1026A52B909200EE054
S31508028520002DFBD00A46AC46216803B0BDE83040B0
S315080285306047012B08D0022B0BD013B1002003B0E1
S3150802854030BDA3689960F9E7A26893680B44936003
S31508028550F4E70A462168A8470028F0D1606821682E
S31508028560036A01AA98470028E9D1A368019A9A6082
S31508028570E5E70B20E3E72DE9F041064690460C466F
S31508028580002942D0087878B14B783A2B14BF4F1C91
S315080285908F1CDFF75DFF0546002838D083682BB9A4
S315080285A0EB684BB9092005E00F46F2E79847002821
S315080285B0F6D10120BDE8F0816A687560013206D1FC
S315080285C036601020E0F7A0FEB06068B9FEE74246C2
S315080285D0394628469847431E03331AD86B683060D3
S315080285E0002BEED10020E5E76B68013307D16368FB
S315080285F0C360002303608360A3684360F2E74FF019
S31508028600FF3303606FF00103F7E70B20D2E703207D
S31508028610D0E70C20CEE709B10368CA50704711B1FA
S31508028620036819444A6070470023033121F00301A5
S31508028630C0E901330160704738B50446006808305E
S31508028640E0F75AFE054680B1014600222046FFF7AA
S31508028650E2FF6268FFF7E3FF616811B12A46FFF796
S31508028660DAFFA368656003B9A560284638BDF8B580
S315080286700E46054668B161B14368994203D1BDE821
S31508028680F840FFF7D9BF00680830E0F735FE044620
S3150802869010B900242046F8BD2B680246F75828462A
S315080286A03946FFF7BCFF3A462146FFF7B4FF224692
S315080286B03146FFF7B0FF32462146FFF7B0FFE9E73A
S315080286C038B5054600680830E0F716FE044688B154
S315080286D0014600222846FFF7A2FF2146AA68FFF7AD
S315080286E09AFFA96811B12246FFF799FF6B68AC6039
S315080286F003B96C60204638BD38B50B4640B1D0E99F
S315080287000014A3420AD10B445968416009B9816031
S3150802871038BD0022BDE83840FFF77DBF85685C5842
S31508028720AB4209D184600CB94460F1E72146BDE841
S3150802873038400022FFF773BF0B445D6821462A467C
S31508028740FFF76DFF22462946E4E7F8B50E460546C9
S3150802875008B1446804B9F8BD2B6823445F6846B972
S3150802876028462146FFF7C8FF2046E0F7DFFD3C46CC
S31508028770F0E72046B047FAE700B14068704700B113
S315080287808068704703681944486870470368C85880
S315080287907047034640B14268002002B9704719681B
S315080287A001300A445268F8E7704770B591420C46A0
S315080287B015461BD0DAB10368D658A64216D021460A
S315080287C0FFF79AFF22463146FFF729FF324621462E
S315080287D0FFF721FF22462946FFF71DFF2A462146B3
S315080287E0FFF71DFF05B9846006B9446070BD08B17C
S315080287F08668E2E70646E0E730B1436833B980683F
S31508028800B0FA80F04009704701207047002070478F
S315080288100021FFF79ABF2DE9F74F0546002800F019
S315080288208680B0F5806F00F082805E1A0C9B01EBA1
S3150802883041089B1A06EB460603EB430302EB420783
S31508028840DA1BA6EB0809C6F58066009206FB00F25B
S3150802885009EBA22C00FB0CFC08EBAC2C00FB0CFC75
S31508028860C3F58063C0EBAC2C01930CF10103022B18
S3150802887061D904464FF0080A4FEA490B02EB420255
S315080288800BEBA222624308EBA222531C022B0FD93E
S315080288904FEAEC718902D3174FEA8C2041EA9C51C0
S315080288A0EFF772FC20B1BAF1010AA4EB000424D155
S315080288B0002D42DBB5F5806F41DC2C464FF4806112
S315080288C0002204FB06F309EBA323634308EBA32365
S315080288D063439812C5EBA3230133022B1DD98542A4
S315080288E0CCBF224621468C1A04EBD47402EB6404EC
S315080288F0A24212D09142E4DC0FE004FB06F209EB35
S31508028900A22C04FB0CFC08EBAC2C04FB0CFCC5EB00
S31508028910AC2C0CF10103022BB0D8019B009A6343DD
S3150802892002EBA323634307EBA3276743BD1228463B
S3150802893003B0BDE8F08F0446EFE70024EDE74FF4F5
S315080289408064EAE70028B8BF01234FF02D02B4BFBE
S31508028950404200230029BEBF49420233DBB28842A5
S315080289608BBF51435043B1FBF0F1B0FBF1F188BF25
S315080289701033CAB288BFDBB2162A16D92C2A1FD8D8
S31508028980292A1FD8252A1FD8202A8CBF032004206B
S31508028990DA06084448BFC0F15A0003F001029B07F1
S315080289A017D59AB1B43080B27047012A08D9052A78
S315080289B008D9092A08D90F2A34BF03200420E7E771
S315080289C00020E5E70120E3E70220E1E7C0F1B40071
S315080289D0E9E7002AE7D0C0F5B470E4E730B5034604
S315080289E00C460120002102B930BDD50741BF00FB64
S315080289F004F503FB0155A0FB0301491903FB04F522
S31508028A00A3FB0334521004EB4504ECE710B58A4283
S31508028A1004461846029B04DBA2420EDDA14204DB91
S31508028A2010BDA24209DAA142FADD1B1A641A5C4396
S31508028A30521A94FBF2F42044F2E71846F0E75A3049
S31508028A4000B2DFF731BD4B689A684A6002B111601D
S31508028A500A681A601AB9036099600B6070479068D1
S31508028A6088420CBF93605360F6E78B685A688A603F
S31508028A7002B111600A681A601AB9036059600B607C
S31508028A807047506888420CBF53609360F6E738B562
S31508028A900546144611B10B7B012B39D10B462968C1
S31508028AA08B4234D06168994235D1A1680B7B3BB9B8
S31508028AB0012228460A7321462373FFF7D6FFA168C7
S31508028AC0D1E9012312B1107B012809D113B1187B10
S31508028AD0012805D100230B73236821461C46DAE7D1
S31508028AE013B11B7B012B07D10123137300232846DD
S31508028AF00B73FFF7A8FFA168237B28460B73012394
S31508028B0023738A6821461373FFF7AFFF296809B1F1
S31508028B1001230B7338BD0B7B3BB9012228460A7326
S31508028B2021462373FFF78FFF61684B6813B11A7BDF
S31508028B30012A11D18A68002ACCD0107B0128C9D013
S31508028B4013B11B7B012B07D101231373002328467C
S31508028B500B73FFF78AFF6168237B28460B73012391
S31508028B6023734A6821461373FFF76DFFCEE770B584
S31508028B700E461546044600B9FEE701B9FEE702B9F4
S31508028B80FEE70C22002101F05FF900230120C4E967
S31508028B900036A56070BD70B50E46054600B9FEE7FB
S31508028BA004680CB9204670BD30466B68216998473F
S31508028BB00028F7D0D4E90132A8BF13461C46F0E7CD
S31508028BC02DE9F84F0F46054600B9FEE7FFF7E3FF22
S31508028BD00446B0B91420E0F797FB044600B9FEE74D
S31508028BE0A868E0F791FB8046206100B9FEE70023FA
S31508028BF023732E68C4E9013336B901232C60266033
S31508028C0023732046BDE8F88F27616B6831692069AE
S31508028C109847D6E9013213EA200338BF1346BBB98F
S31508028C20237338466B68316926609847002811DA3B
S31508028C30746027464FF001094FF0000A396809B1F6
S31508028C400B7B4BB101222B681A73C4F81080D8E744
S31508028C501E46DAE7B460ECE70E68736899421ED1DD
S31508028C60B3684BB11A7B3AB901221A7381F80C9090
S31508028C7086F80CA03746E1E7D1F808B0BB4504D11F
S31508028C802846FFF7F2FE0F46594681F80C90284609
S31508028C90314686F80CA0FFF7D6FE3E46EAE723B130
S31508028CA01A7B12B983F80C90E0E7D1F804B05F4555
S31508028CB004D12846FFF7C7FE0F46594681F80C909D
S31508028CC02846314686F80CA0FFF7CFFEE5E7F8B549
S31508028CD00C46D1E901312268257B1BB321B30B4629
S31508028CE049680029FBD1CAB15168A1420CBF536039
S31508028CF093601A68996894421F7B11D001B10A6081
S31508028D00A66851609E60336026681D736568012FE8
S31508028D101E605D602B6018D1A8B9FEE70360E8E71C
S31508028D201A46F1E711B10B4619461A6042B1536861
S31508028D30A3420CBF51609160012D06D118B9FEE716
S31508028D40012D016001D1FFF7A2FE25692046E0F751
S31508028D50EDFA2846F8BD08B500B9FEE7FFF7B7FFF2
S31508028D6010B1E0F7E3FA012008BD70B5054600B96F
S31508028D70FEE704680CB92C6070BD26466468002CB0
S31508028D80FBD1B468002CF8D1346834B16368B342B5
S31508028D904FF000030CBF6360A3603069E0F7C6FAC0
S31508028DA03046E0F7C3FAE5E70C22002101F04CB899
S31508028DB010B5037A0446FF2B02D00068E0F7B6FA2C
S31508028DC02046BDE810400C22002101F03DB8F8B556
S31508028DD0037A0446581EC2B2FD2A0E4630D82768C0
S31508028DE007EB83052A462B4412F8011BB14225D10B
S31508028DF000EB8000E0F780FA10B300221146237ACE
S31508028E002060013BDBB22372013D00EB830E15F8AD
S31508028E1001CFB44508D057F8223040F8213095F8EA
S31508028E2000C00EF801C0013194F808C00132944519
S31508028E30EDD23846E0F77AFA0120F8BD9A42D3D144
S31508028E400020FAE773B50D46017A0446FF29019216
S31508028E5037D005B9FEE7006828B101EB81024B1E3F
S31508028E6002445E1C26D10131C9B201EB8101E0F749
S31508028E7067FA30B3237A206000EB8302111D013BA7
S31508028E8023D2237A0133DBB25A1E237202EB8303FF
S31508028E90C554237AAD08019A03F18043013B1F2D7D
S31508028EA040F8232028BF1F2501226368AA401343DE
S31508028EB0636006E012F8016DAE4204D1019A40F8E9
S31508028EC0232002B070BD013BCBE7D65CCE54D6E771
S31508028ED070B5047A0368FF2C0ED0002003EB8405D4
S31508028EE084420ED800200BE0814203F1080303D125
S31508028EF063680120136003E018781C460028F3D142
S31508028F0070BD15F8016BB14202D153F82030F0E773
S31508028F100130E5E7007AB0FA80F04009704782B07E
S31508028F200A46012102B0FFF78DBF82B00A46022126
S31508028F3002B0FFF787BF82B00A46072102B0FFF7E1
S31508028F4081BF82B00A46032102B0FFF77BBF82B017
S31508028F500A46682102B0FFF775BF82B00A46692140
S31508028F6002B0FFF76FBF82B00A46102102B0FFF7C0
S31508028F7069BF82B00A46112102B0FFF763BF82B009
S31508028F800A46122102B0FFF75DBF82B00A461321D4
S31508028F9002B0FFF757BF82B00A46142102B0FFF7A4
S31508028FA051BF82B00A46152102B0FFF74BBF84B003
S31508028FB00023ADF80C10090C8DF80E101C218DF843
S31508028FC00F30039A04B0FFF73DBF82B00A461D214F
S31508028FD002B0FFF737BF84B00023ADF80C10090CB6
S31508028FE08DF80E1023218DF80F30039A04B0FFF77F
S31508028FF029BF82B00A46282102B0FFF723BF84B0F0
S315080290000023ADF80C10090C8DF80E1031218DF8DD
S315080290100F30039A04B0FFF715BF82B00A46322111
S3150802902002B0FFF70FBF82B00A46302102B0FFF73F
S3150802903009BF82B00A46342102B0FFF703BF82B0E5
S315080290400A46352102B0FFF7FDBE82B00A4638212C
S3150802905002B0FFF7F7BE84B00023ADF80C10090C76
S315080290608DF80E1039218DF80F30039A04B0FFF7E8
S31508029070E9BE82B00A463A2102B0FFF7E3BE82B0E1
S315080290800A463B2102B0FFF7DDBE82B00A463C2102
S3150802909002B0FFF7D7BE82B00A46412102B0FFF7F7
S315080290A0D1BE82B00A46422102B0FFF7CBBE84B0D7
S315080290B00023ADF80C10090C8DF80E103D218DF821
S315080290C00F30039A04B0FFF7BDBE82B00A463E21AE
S315080290D002B0FFF7B7BE82B00A46482102B0FFF7D0
S315080290E0B1BE84B00023ADF80C10090C8DF80E1031
S315080290F04C218DF80F30039A04B0FFF7A3BE82B055
S315080291000A46502102B0FFF79DBE82B00A46512197
S3150802911002B0FFF797BE84B00023ADF80C10090C15
S315080291208DF80E1052218DF80F30039A04B0FFF70E
S3150802913089BE84B00023ADF80C10090C8DF80E1008
S3150802914058218DF80F30039A04B0FFF77BBE82B020
S315080291500A465A2102B0FFF775BE82B00A465C215A
S3150802916002B0FFF76FBE82B00A465E2102B0FFF771
S3150802917069BE82B00A460C2102B0FFF763BE82B00E
S315080291800A462D2102B0FFF75DBE82B00A4661216A
S3150802919002B0FFF757BE82B00A46622102B0FFF755
S315080291A051BE82B00A46642102B0FFF74BBE82B0B6
S315080291B00A46662102B0FFF745BE82B00A46742106
S315080291C002B0FFF73FBE90F900200378002A0FDAB3
S315080291D003F0E002C02A0DD003F0F002E02A0BD019
S315080291E003F0F800A0F1F003584258418000704796
S315080291F001207047022070470320704773B5002389
S315080292000246019301B901A90B68D556D05C002D17
S3150802921003F1010402DB0C6002B070BD00F0E00548
S31508029220C02D0ED10C60125D02F0C004802C4CD108
S31508029230800100F4F86002F03F02104402330B602A
S31508029240EAE700F0F005E02D17D10C60145D04F092
S31508029250C005802D39D19D1C0D60525D02F0C005F6
S31508029260802D32D1000380B202F03F02A4011044DD
S3150802927004F47C6420440333E1E700F0F805F02D9A
S315080292800C6022D1145D04F0C005802D1DD19D1CF1
S315080292900D60555D05F0C006802E16D1DE1C0E60E7
S315080292A0925D02F0C006802E0FD180042403AD0120
S315080292B000F4E01004F47C3405F47C6502F03F0205
S315080292C00443154428190433B9E70020A4E770B506
S315080292D00024054626468E4202D02B5D28190BB974
S315080292E0204670BDFFF76FFF012838BF01200136FF
S315080292F054FA80F4EFE773B5002406460D46019446
S31508029300019BAB4202D3204602B070BD304601A98A
S31508029310FFF774FF0134F3E737B5002405460194D5
S31508029320019BEB5C13B9204603B030BD284601A960
S31508029330FFF764FF0134F3E718B3A0F59C43B3F5CE
S31508029340A44F1DD300F17F4303F1FF135D2B17D9F9
S31508029350A0F54053FF2B13D9A0F53A537F2B0FD90B
S31508029360A0F547532F2B0BD9A0F57E40A0F1100389
S315080293700F2B05D930381F288CBF002001207047D3
S315080293800120704782B07F2815D9B0F5006F14D234
S315080293900021C0F3871300F03F0043F0C00340F0FA
S315080293A0800200208DF804308DF805208DF806100D
S315080293B08DF80700019802B07047B0F5803F0CD2CD
S315080293C0C0F30733C0F3851200F03F0043F0E00311
S315080293D042F0800240F08001E3E7B0F5881F10D220
S315080293E0C0F38743C0F30532C0F3851100F03F008E
S315080293F043F0F00342F0800241F0800140F0800021
S31508029400D0E70020D7E773B5042506460B68013B6B
S315080294100B600C683019FFF7D6FE30B1304601A949
S315080294200194FFF7EBFE02B070BD2CB1013D013C81
S3150802943015F0FF050C60ECD10020F4E72DE9F041A8
S31508029440884617460546F0B1EAB100F04BFD0446D8
S31508029450384600F047FD0646A8B104444146284668
S31508029460FFF735FF2B19311874425A1B914206D958
S31508029470324639462844BDE8F04100F0F0BB1A5D91
S3150802948003F80129F1E7BDE8F081F8B50C4617465D
S31508029490054680B100F026FD214606462846FFF716
S315080294A016FF2C1839462046FFF711FF2346361AAF
S315080294B05A1B964200D2F8BD1A5C03F8012BF7E74D
S315080294C0F7B50B4601910C460021024607460846A7
S315080294D0DFF704FF461C3046DFF70EFF054600B9E4
S315080294E0FEE723463A463146DFF7F8FE284603B03A
S315080294F0F0BDF8B50F461946064615461C46FFF74F
S315080295007DFE386020B1206800213044FFF776FEE0
S315080295102860F8BD2DE9FF410F4690461E460546CE
S3150802952020B90024204604B0BDE8F081002AF8D00C
S315080295300378002BF5D0002401940029F1D0019B71
S31508029540BB4203D3002CC8BFA41BEBE7284603AAD9
S3150802955002A901ABFFF7CDFFDDE902124046FDF78E
S315080295605AFA0028EBD004443444E8E72DE9F04FD0
S3150802957085B00025044617468846C0E900559DF879
S3150802958040A0039319B312B31AF0010F0F9B18BF29
S315080295906FF0604310460F93FDF772FA06461FFAFC
S315080295A080FB18F8053008EB05099BB95DB119F877
S315080295B0013C0A2B01D00D2B05D10E9B13FA86F21C
S315080295C063681344636063682BBBB6B2666005B012
S315080295D0BDE8F08F00233946039A009348460F9B4D
S315080295E0CDF804A0DFF78EF863680E9A01469A183A
S315080295F012EB0B0F0544EAD40E9A5B4413446360DC
S315080296003A46039B4846FFF785FF23688342ACBF69
S3150802961023602060C5E70E9A9B1A6360D7E700B9F4
S31508029620FEE7037D43F001030375704700B9FEE7C1
S31508029630037D6FF300030375DFF75CB910B50446C3
S3150802964000B9FEE7E2F7EAF92368C01A0138606052
S3150802965010BDC06870472DE9F04780460F4614468C
S315080296609946089D0CB9264612E04FEA540A09FBA8
S315080296700A7640463146A847002808DDE44304F046
S315080296800104AAEB040A06EB09075446EAE7FCD1E9
S315080296903046BDE8F087704770477047012070472B
S315080296A0012070470120704738B504460D4620222E
S315080296B0002100F0C9FB0322237B204662F3030341
S315080296C0C4E9045523731421BDE83840FEF7ACBF3C
S315080296D0037B03F00F03032B0CBF006900207047BE
S315080296E010B5044600B9FEE700682146037E43F03A
S315080296F001030376FFF700F8237CDB0702D5E0684F
S31508029700DFF714FE2046BDE81040DFF70FBE08B5A6
S31508029710FEF7F9FDBDE80840FFF7E2BF00B9FEE72C
S315080297208068704738B5054600B9FEE7FFF724F8A2
S31508029730014660B92B7E28466FF300032B76FFF7A6
S315080297401BF8044658B92B7EDB07F3D438BD0B7CCD
S3150802975028466FF341030B74FFF714F8E8E76368CA
S3150802976063B1227C910709D42946204698472B7E65
S31508029770DA07DFD4237C43F0020323742146284602
S31508029780FFF700F8DDE7027B02F00F02032A04D195
S315080297900269C0E90412FFF7C5BF704738B5054626
S315080297A0FEF7A9FD04462846FEF7A7FD2638172820
S315080297B01AD8DFE800F06F191919191919191919A0
S315080297C01919191919190C1A293449574957D4F864
S315080297D03C0300F0D0FED4F840330344C4F84033C7
S315080297E0E2F71CF9C4F83C0338BDD4F83C0300F090
S315080297F0C2FED4F844330344C4F84433D4F8483395
S315080298000133C4F84833EFE794F86C3343F00103A5
S3150802981084F86C33E2F702F9C4F84C03E4E794F8E7
S315080298206C33D4F84C036FF3000384F86C3300F0FE
S31508029830A2FED4F850330344C4F85033D4F8543350
S315080298400133C4F85433CFE794F86C33DA0704D5F6
S31508029850E2F7E4F8C4F85803C6E7E2F7DFF8C4F813
S315080298606003C1E794F86C33DB0709D5D4F85803CB
S3150802987000F081FED4F85C330344C4F85C33B3E7E2
S31508029880D4F8600300F077FED4F864330344C4F8CE
S315080298906433A9E7D4F83403DFF770F804F54570A2
S315080298A0BDE83840DFF778B92DE9F843FFF7D1FE6E
S315080298B0D0F88C3304460133C0F88C3300F54E7564
S315080298C0D0F8680300F057FE06460020D9F71AFCBE
S315080298D0D4F84033016833B14FF47A72D4F8483376
S315080298E05343B3FBF6F34FF47A72B2FBF1F29A42A0
S315080298F094BFC4F87023C4F87033DFF70FF9D4F8AD
S315080299004833C0F16400C4F874031BB1D4F8442385
S31508029910B2FBF3F3C4F87833D4F85433002B40D0AF
S31508029920D4F85C13D4F864230A44B2FBF3F2C4F8FD
S315080299308023D4F85023521AB2FBF3F3D4F88C23BB
S31508029940C4F87C33D4F88433511E03FB0100B0FB00
S31508029950F2F0D4F87033C4F88403D4F8880300FB11
S315080299600133B3FBF2F32946C4F8883304F545708C
S31508029970FFF709FFD4E9E187D4F83C93D4F88C635E
S3150802998058220021284600F05FFAC4E9E187C4F8A4
S315080299903C93C4F88C63E2F741F8C4F86803BDE85F
S315080299A0F883C4F88033C9E770479A4238BF8854A7
S315080299B0704770472DE9F74F1746DDE90C5499466B
S315080299C0DDE9116313F0020280468B46DDE90F1AC0
S315080299D09DF8380000921DD103F0010C3EB1BCF18E
S315080299E0000F04D010B913F00C0F00D0013E4FF04F
S315080299F0300E02E005F804E00134544501D2202C69
S31508029A00F8D1BCF1000F05D04FF0300CA64201D9AF
S31508029A10202C18D1DA0613D55A052ED4BCB15445D2
S31508029A2001D0B44229D1621E11D0102943D1990618
S31508029A30A4F102047ED4782129553021541CA95454
S31508029A40202C25D00CE005F804C00134DEE71029E5
S31508029A500DD1990635D478222A70302202246A70EA
S31508029A60C8B32D222A55013413E06222F4E70229EB
S31508029A70FBD0302201242A70F2E7102923D19A0654
S31508029A8056D4202C04D07821621C2955202AD4D1F8
S31508029A9020249B0738D03A4625441444A24237D19B
S31508029AA0009B23B1D51BAE4207EB050439D82046E5
S31508029AB003B0BDE8F08F0229BFD16221A954013251
S31508029AC0E4E75822C8E7022903D1202CE0D022462F
S31508029AD0F3E72246DAE7590701D52B22C2E71A0726
S31508029AE0D7D52022BEE74B4659462020C0470AF161
S31508029AF0010A019B564503EB0A02F4D8321BB4420B
S31508029B0088BF00223A44C7E73B1BA2460193F0E707
S31508029B1002F1010A4B46594615F8010DC04752464D
S31508029B20BCE74B46224659462020C0470135BAE7CC
S31508029B30202CADD05821621CA7E72DE9F04391B03D
S31508029B40189D1A9F1D9E2DB926F0100416F4806FD3
S31508029B50264622D116F0200F14BF4FF0410E4FF0C1
S31508029B60610EAC4600250DF12008AEF10A0EBCFBCB
S31508029B70F7F907FB19C95FFA89F4B9F1090F94BF16
S31508029B8030347444E4B2BC4508F8014B05F10105CA
S31508029B90BCFBF7F401D3202D10D11C9C0696059424
S31508029BA01B9CCDE903749DF86440CDE9015408ACC9
S31508029BB00094FFF7FFFE11B0BDE8F083A446D6E78E
S31508029BC02DE9F04F95B0CDE90A23DDE91E76DDE9E8
S31508029BD0229B57EA0603CDE90801269C05D124F003
S31508029BE0100314F4806F1C4637D114F0200F14BFEB
S31508029BF04123612300250DF1300AA3F10A083146F3
S31508029C004A465B463846EEF70FFBD2B2092A94BF9C
S31508029C10303242444F45D2B276EB0B0605F10105C6
S31508029C200AF8012B01D3202D14D1259B06940593FE
S31508029C30249BDDE90801CDE903939DF88030CDE93F
S31508029C4001530CAB0093DDE90A23FFF7B3FE15B007
S31508029C50BDE8F08F07460E46D1E70025E5E770B561
S31508029C600F2A0AD8034601390244934200D170BD2D
S31508029C7011F8014F03F8014BF7E700F0030301F06F
S31508029C800306B34204460D4600F09980154601F1D3
S31508029C902003202D13F8206C04F1200403F120037D
S31508029CA00DD8531E23F01F03C418013B0B4402446C
S31508029CB013F8011F04F8011B9442F9D1D7E704F8F7
S31508029CC0206C13F83F6C203D04F81F6C13F83E6CA9
S31508029CD004F81E6C13F83D6C04F81D6C13F83C6C02
S31508029CE004F81C6C13F83B6C04F81B6C13F83A6CFA
S31508029CF004F81A6C13F8396C04F8196C13F8386CF2
S31508029D0004F8186C13F8376C04F8176C13F8366CE9
S31508029D1004F8166C13F8356C04F8156C13F8346CE1
S31508029D2004F8146C13F8336C04F8136C13F8326CD9
S31508029D3004F8126C13F8316C04F8116C13F8306CD1
S31508029D4004F8106C13F82F6C04F80F6C13F82E6CC9
S31508029D5004F80E6C13F82D6C04F80D6C13F82C6CC1
S31508029D6004F80C6C13F82B6C04F80B6C13F82A6CB9
S31508029D7004F80A6C13F8296C04F8096C13F8286CB1
S31508029D8004F8086C13F8276C04F8076C13F8266CA9
S31508029D9004F8066C13F8256C04F8056C13F8246CA1
S31508029DA004F8046C13F8236C04F8036C13F8226C99
S31508029DB004F8026C13F8216C04F8016C69E7EBB13C
S31508029DC0C3F10403C418034615F8011B013A03F844
S31508029DD0011BA342294601D0002AF5D1202A01F106
S31508029DE0200503F120040BD801391A4493423FF4A3
S31508029DF03EAF11F8014F03F8014BF7E70346EDE7CB
S31508029E0055F8203C294644F8203C55F81C3C203A93
S31508029E1044F81C3C55F8183C44F8183C55F8143CD0
S31508029E2044F8143C55F8103C44F8103C55F80C3CE0
S31508029E3044F80C3C55F8083C44F8083C55F8043CF0
S31508029E4044F8043C2346C9E710B510F003030BD0C7
S31508029E50C3F1040342B1034400F8011B984202F11C
S31508029E60FF3201D0002AF7D101EB012303EB0143AC
S31508029E7003EB0163202A00F1200403D8024490422E
S31508029E800BD110BD204644E9083344E9063344E9B8
S31508029E90043344E90233203AECE700F8011BEEE703
S31508029EA010B4884202D38B18834203D25DF8044B5E
S31508029EB0FFF7D5BE884207D8421E8B420AD011F850
S31508029EC0014B02F8014FF8E7531E194403449A1A44
S31508029ED0934202D15DF8044B704711F8014903F821
S31508029EE00149F5E7034600201A5C02B970470130BA
S31508029EF0FAE7421E11F8013B02F8013F002BF9D19D
S31508029F007047431E013913F8012F11F8010F0AB1E0
S31508029F108242F8D0101A704770B50646FFF7E2FF7C
S31508029F20451C2846DFF7E8F9044618B12A463146A1
S31508029F30FFF795FE204670BD4368032B00D8FEE75F
S31508029F4023F0030318440430704708B50246FFF7A6
S31508029F50F3FF026008BD38B5431803F10C021C1D55
S31508029F600F3323F003039A4200D0FEE7436823F037
S31508029F7003035A1A151F0A449A4200D0FEE7636879
S31508029F8003F003032B43636023F003030B2B00D870
S31508029F90FEE7436803F003030B4343602046FFF7DB
S31508029FA0D4FF436843F0020343606368204643F0E4
S31508029FB00103636038BD034668B14A1E11EA02000E
S31508029FC000D0FEE7134449420B40B3F5803F03D263
S31508029FD00C2B38BF0C231846704770B5CD6805B9E7
S31508029FE0FEE78C6804B9FEE7E560AC6003EB421550
S31508029FF000EB8505EE6B8E4211D1A042EC630ED1C1
S3150802A000012100EB82056C6901FA03F324EA0303D2
S3150802A0106B6123B90369914023EA0103036170BDA9
S3150802A02010B57F2889BFB0FA80F30023C3F11A045A
S3150802A030E04092BF801080F02000C3F119030B6044
S3150802A040106010BD73B50446486801AA0D4620F093
S3150802A05003006946FFF7E4FFDDE9002606EB421333
S3150802A06004EB8303D96B01B9FEE7C5E90214CD6097
S3150802A07005F10B0105F1080021F00301884200D021
S3150802A080FEE7DD630123216903FA02F00143216138
S3150802A09004EB82046269B3401A43626102B070BD7E
S3150802A0A038B505460C4641B302B9FEE74B68D907EF
S3150802A0B000D4FEE723F0030302F110018B420ED30C
S3150802A0C011462046FFF747FF01462046FFF73DFFA8
S3150802A0D04B68284643F002034B60FFF7B3FF20465E
S3150802A0E0FFF72AFF4368083423F00203436054F853
S3150802A0F0043C23F0010344F8043C204638BD37B536
S3150802A10005460C46486801AA694620F00300FFF78F
S3150802A11087FFDDE900232146284603B0BDE8304023
S3150802A120FFF75BBF73B5002304460D46CDE900333E
S3150802A13019B90026304602B070BD7F2981BFB1FA2F
S3150802A14081F30120C3F11A0398408ABF00F1FF3058
S3150802A1500846401801AA6946FFF762FF009A092ACB
S3150802A160E7DC4FF0FF31019B04EB8200406901FAFC
S3150802A17003F303400FD1013201FA02F322691A40AE
S3150802A180D7D092FAA2F2B2FA82F204EB82035B69A0
S3150802A190009203B9FEE793FAA3F3B3FA83F303EB48
S3150802A1A0421204EB8202D66B0193002EC1D072686A
S3150802A1B022F00302954200D9FEE731462046009A6C
S3150802A1C0FFF70BFFB6E738B502460846FFF7B4FEB7
S3150802A1D00C46054600B9FEE74368DB0714D54B680B
S3150802A1E0032B00D8FEE701461046FFF788FF626890
S3150802A1F0032A00D8FEE76B68043223F003031344EC
S3150802A20020466360FFF7A1FE204638BD18B150F814
S3150802A210040C20F00300704738B5083A11F003031E
S3150802A2200C4622F0030215D14FF6F471A2F10C0581
S3150802A2308D4211D8254655F8043942F001026A6062
S3150802A2402946FFF7FFFE2846FFF77FFE02234360F3
S3150802A250204638BD0024FBE71C46F9E730B510F066
S3150802A260030113D10246C0E9020000F1380342F89D
S3150802A270101F00F5A76442F8041F03F1800543F88E
S3150802A280040FAB42FBD19C42F5D130BD0020FCE75E
S3150802A29070B50E460546FFF7E1FF0446A6F23C52A4
S3150802A2A005F23C51FFF7B8FF204670BD00F23C505C
S3150802A2B0704738B5044608460421FFF77CFE054672
S3150802A2C001462046FFF72EFF2A4601462046BDE8EC
S3150802A2D03840FFF7E5BEF8B506460C46002939D0E0
S3150802A2E051F8047CF90700D5FEE7A4F108052846CB
S3150802A2F0FFF72BFE436843F00203436054F8043C1D
S3150802A30043F0010244F8042C9A0719D554F8085C5C
S3150802A31005B9FEE76B68DB0700D4FEE72946304637
S3150802A320FFF7EDFE6A68032A00D8FEE754F8043CF4
S3150802A330284623F00303134404336B60FFF705FE34
S3150802A34029463046FFF73FFF01463046FFF77AFEB9
S3150802A3503846F8BD0F46FBE72DE9F84F064615467F
S3150802A3600C4631B152B9FFF7B6FF00273846BDE8A9
S3150802A370F88F1146BDE8F84FFFF79BBFA1F1080910
S3150802A3804846FFF7D9FD51F804BCD0F804800421E9
S3150802A3901046FFF710FE2BF0030A5545074601D96A
S3150802A3A00028E2D01BF0010F00D0FEE7BA452DD2F5
S3150802A3B018F0010F06D028F003080AF1040398449E
S3150802A3C0B84512D229463046FFF773FF07460028DA
S3150802A3D0CCD055452A46214628BF5246FFF73FFCB0
S3150802A3E021463046FFF777FFC0E749463046FFF772
S3150802A3F0EAFE4846FFF7A0FD436823F002034360DE
S3150802A40054F8043C23F0010344F8043C54F8043C91
S3150802A410DA0700D5FEE723F0030307F11002934299
S3150802A4200FD339464846FFF796FD4368014623F09F
S3150802A430020343603046FFF7C6FE01463046FFF781
S3150802A44001FE274692E738B504460D46FEF7A3FDF8
S3150802A45029462046BDE83840FEF7A3BD38B504466E
S3150802A4600D46FEF780FD29462046BDE83840FEF730
S3150802A47080BD84B00846114604B0FDF784BD38B5E0
S3150802A48004460D46FEF77BFD29462046BDE83840C0
S3150802A490FEF77BBD38B504460D46FEF770FD294624
S3150802A4A02046FEF772FD29462046FEF75CFD294640
S3150802A4B02046BDE83840FEF75CBD70B504464068E4
S3150802A4C00D4608B1FFF7F9FF236823B1294620464E
S3150802A4D0BDE87040184770BD70B50E68054633680A
S3150802A4E00C4633B196F82220D20602D50B60FFF746
S3150802A4F0F3FF214628462660BDE87040FFF7DDBF18
S3150802A50008B528B1D7F72CFCBDE80840D8F7D2BD64
S3150802A510D8F7BAFAF8E738B50546FFF7F1FF044661
S3150802A52040B12846D7F748FA29462046BDE83840BA
S3150802A530FFF7D2BF38BD07B5FFF7E2FF28B91120EA
S3150802A54003B05DF804EBDDF7F1BF03690020ADF84F
S3150802A55004301B0C8DF806309DF8043063F30700AF
S3150802A5609DF8053063F30F209DF8063063F3174014
S3150802A57003B05DF804FB10B50446E1F74FFA001B79
S3150802A58010BD70B5034693F84C20C06A12F0060255
S3150802A59002D15B6B184470BD042A01D11B6BF9E723
S3150802A5A0022AF8D1D3E90E24D3E90C51A242C8BF34
S3150802A5B004F5B47413198D4203EBD373D4BF0E4654
S3150802A5C001F5B476B5EB630F4FEA630201DA284464
S3150802A5D0E1E79642CCBF40188018DCE710B5D0E90F
S3150802A5E00E431B1B002B16DBB3F5B47F16DA8B4220
S3150802A5F017DBB1EB630FB4BF012300230122DB0093
S3150802A60043EA021390F84C2022F01802134380F80A
S3150802A6104C30012010BD03F5B473E3E7A3F5B47318
S3150802A620E2E7C3F5B474944207DC0123E6E70123A3
S3150802A6300022E4E700231A46E1E7C1F5B47494421E
S3150802A640F5DD13448B42F5DA0020E3E707B550221D
S3150802A650F1F701FA03B05DF804FB07B51222F1F728
S3150802A660FAF903B05DF804FB07B51322F1F7F3F91B
S3150802A67003B05DF804FB07B51022F1F7ECF903B055
S3150802A6805DF804FB07B51122F1F7E5F903B05DF8A9
S3150802A69004FB2DE9F84F0F46002104469046FFF7C2
S3150802A6A0DCFF002106462046FFF7DEFF0021824630
S3150802A6B02046FFF7E0FF002105462046FFF7E2FFA6
S3150802A6C081462046F0F7A0F8A0EB060B2046F0F7E5
S3150802A6D09EF8401BA0EB0900ABEB0A0B834520460C
S3150802A6E013DAF0F791F8831BA3EB0A03626903EB0B
S3150802A6F0D3735B101A4432443A60A2691A442A4454
S3150802A7007A60C8F80030BDE8F88FF0F780F8431B86
S3150802A710A3EB0903EAE72DE9F74F8B464FF400311D
S3150802A720914605469846FFF791FF00EBD0704FEA2F
S3150802A730600AA9EB60092846FFF723FFB5F85C30E3
S3150802A740C618B6B206F15A0000B2DDF7ADFE0446E7
S3150802A75030B2DDF7A9FE4FF4403101902846FFF7E3
S3150802A7607CFF4FF4403107462846FFF77DFF4FF43A
S3150802A770403100902846FFF77EFF4FF440310646E7
S3150802A7802846FFF77FFF09FB04F1019BDBF800402F
S3150802A790009A09FB03F304EBE134E71B1444DBF8E4
S3150802A7A00420A7EB0A0702EBE332961B0244544441
S3150802A7B0A6EB0A065244C8F80070C8F80840C8F85A
S3150802A7C00460C8F80C2003B0BDE8F08F2DE9F0410B
S3150802A7D08CB007460E4615469846F0F76BFA0028DF
S3150802A7E03CD0AE423AD0FC6AB6F5B47FC8BFA6F5ED
S3150802A7F0B476B5F5B47F2644C8BFA5F5B4752C441E
S3150802A800B6F5B47F05AA3846C8BFA6F5B47606A932
S3150802A810B4F5B47FC8BFA4F5B474FFF73AFF41464E
S3150802A8203846FFF713FF4146054651223846F1F7E7
S3150802A83012F90890003818BF01200DF12008CDE959
S3150802A8400208DDE906013346CDE90045BDF81420C4
S3150802A850D8F71AFE41463846F0F76DF90CB0BDE84E
S3150802A860F08173B53C224FF440310546F1F7F3F80F
S3150802A870422204464FF4403101902846F1F7EBF89C
S3150802A88040224FF44031019004442846F1F7E3F898
S3150802A890002801904FF040024FF4403128462BDD44
S3150802A8A0F1F7D9F80346019041224FF44031284680
S3150802A8B01C44F1F7D0F8002801904FF041024FF4FA
S3150802A8C0403128461DDDF1F7C6F8034601903822C5
S3150802A8D04FF4403128461C44F1F7BDF83B220646A0
S3150802A8E001904FF440312846F1F7B5F83044A042BA
S3150802A8F0B8BF204602B070BDF1F7ADF801904342E9
S3150802A900D2E7F1F7A8F801904342E0E710B588B01C
S3150802A910044601AA02A9FFF7BCFE019A204604AB27
S3150802A92002A9FFF7F8FE2046FFF79BFF021E03DD8A
S3150802A930114604A8FCF779FE204604A9F0F7FBF8AD
S3150802A94008B010BD38B50D46B1F5B47FC8BFA1F53C
S3150802A950B475D0E90C135A1B5B1A48BF03F5B473D6
S3150802A960002AB8BF02F5B4720446D01A0028B8BF46
S3150802A9704042B4280BDD2046F0F708F92046FFF7D7
S3150802A980C5FF20462563BDE83840FFF7BFBF93429F
S3150802A99006DD4FF400332A462046FFF717FFEDE798
S3150802A9A0ECDA0A464FF400332946F5E738B50D4680
S3150802A9B0B1F5B47FC8BFA1F5B475D0E90C31EA1A6E
S3150802A9C0CB1A48BF03F5B473002AB8BF02F5B472AE
S3150802A9D00446D01A0028B8BF4042B4280BDD2046E8
S3150802A9E0F0F7D4F82046FFF791FF20466563BDE8E5
S3150802A9F03840FFF78BBF934207DD0A464FF4003310
S3150802AA0029462046FFF7E2FEECE7EBDA4FF400337D
S3150802AA102A46F6E738B504460D461146FFF7C6FF3D
S3150802AA2029462046BDE83840FFF78CBFF7B50446ED
S3150802AA30006C10F5004F36D0D4E90E3594F84C2048
S3150802AA40AB42C2F34102C8BF05F5B475012A0BD061
S3150802AA50022A35D03ABB0095D4E91112FDF7D6FF82
S3150802AA60A16B0546024634E0D4E911C20CEB020793
S3150802AA7007EBD7775E1906EBD676B0EB670F4FEA88
S3150802AA8066064FEA670110DA0A4600966146FDF73E
S3150802AA90BDFF014605462046FFF754FF31462046CC
S3150802AAA0FFF784FFA56503B0F0BD33460095FDF7B1
S3150802AAB0ADFF054631462046FFF744FF2946EEE735
S3150802AAC00093D4E911122B46FDF7A0FF054601466D
S3150802AAD0E26B2046FFF79EFFE4E738B50D46B1F56F
S3150802AAE0B47FC8BFA1F5B475D0E90E135A1B5B1A19
S3150802AAF048BF03F5B473002AB8BF02F5B472044618
S3150802AB00D01A0028B8BF4042B42808DD2046F0F71C
S3150802AB103DF82046A563BDE83840FFF787BF934254
S3150802AB2005DD00232A462046FFF750FEF1E7F0DA54
S3150802AB300A4600232946F6E738B50D46B1F5B47F2D
S3150802AB40C8BFA1F5B475D0E90E31EA1ACB1A48BFC7
S3150802AB5003F5B473002AB8BF02F5B4720446D01AD4
S3150802AB600028B8BF4042B42808DD2046F0F70EF8A0
S3150802AB702046E563BDE83840FFF758BF934206DD35
S3150802AB800A46002329462046FFF720FEF0E7EFDAB9
S3150802AB9000232A46F7E738B504460D461146FFF75D
S3150802ABA0CBFF29462046BDE83840FFF796BF002965
S3150802ABB005DBB1F5B47F05DAC162EFF7E7BF01F548
S3150802ABC0B471F4E7A1F5B471F3E710B4026C8A42E2
S3150802ABD00ED0846CA142A8BF2146446CA142B8BFDC
S3150802ABE021468A4204D05DF8044B0164FFF71EBF72
S3150802ABF05DF8044B704710B50C46002104F150006D
S3150802AC00DDF75AFB04F160000021BDE81040DDF7CC
S3150802AC1053BB4FF0FF3203681868DA6000F150023E
S3150802AC20934203D19B68C362EFF7B0BF00F160029B
S3150802AC30934204BF9B688363F6E7C1600068EFF737
S3150802AC40A5BF73B5C66A8E4215D0436B9942A8BF93
S3150802AC501946036B0D46816B9942B8BF1946A9423C
S3150802AC60B8BF29468E4206D0009200F1500300F181
S3150802AC702C02E1F7F7F902B070BD38B50025642356
S3150802AC80C1E90C534FF0FF330C46C1E91731CB66C5
S3150802AC9091F87030204623F03F0381F87030C1E9FD
S3150802ACA01055C1E91415C1E919558D63CD62CD63F5
S3150802ACB08D6481F84C508D650821EEF7B7FB204666
S3150802ACC01021EEF7B3FB2A4629462046BDE838404E
S3150802ACD0FFF7B7BF13B590F8703003F00703022BDE
S3150802ACE015D1436B9942A8BF1946036B9942B8BF5F
S3150802ACF01946C36A9942A8BF1946836B8B4206D086
S3150802AD00009200F1600300F13802E1F7ABF902B0F4
S3150802AD1010BDC36D013314BF806DC06A704790F8C9
S3150802AD20703003F00703022B01D0006B7047C36E25
S3150802AD30013314BF806E806B704790F8700000F084
S3150802AD400700704790F8703003F00703012B0AD109
S3150802AD50036B002B07DA426B002A04DD806BC31AE9
S3150802AD605842584170470020704710B50C461021CA
S3150802AD702046EEF75BFB2046BDE810404FF48061A3
S3150802AD80EEF7A3BD10B50C46086BDEF7CFFA606B7B
S3150802AD90DEF7CCFA0023C4E90C3310BD07B5152239
S3150802ADA00021F0F758FE03B05DF804FB2DE9F04FD9
S3150802ADB08FB00446039106A9EFF7E4FC2046EFF7A5
S3150802ADC023FD05902046EFF722FD1222002102906C
S3150802ADD02046F0F740FE1322834600210A902046B9
S3150802ADE0F0F739FE1022804600210A902046F0F735
S3150802ADF032FE1122814600210A902046F0F72BFEE8
S3150802AE001422824600210A902046F0F724FE0746BD
S3150802AE100A902046FFF7C2FF5B4607EBD77500EBA1
S3150802AE20D0766D1007F00107013576103D440136DC
S3150802AE3000F0010006440D2DA8BF0D250D2EA8BF52
S3150802AE400D26B8F10D0FA8BF4FF00D08B9F10D0F79
S3150802AE50A8BF4FF00D09BAF10D0FA8BF4FF00D0AA2
S3150802AE600D2BA8BF0D2300270493059B0195A3EB81
S3150802AE700803023B0593A36BBB4209D84FF6FF733F
S3150802AE80A26BBA4208BF1F4638460FB0BDE8F08F1C
S3150802AE90216B3B01CB5801EB07129B45D2E901C056
S3150802AEA0D168A8BF049D069AACBFA2EB050EA2EB19
S3150802AEB0060E7344E145B8BF019D0A93079BB8BFC6
S3150802AEC0A3EB050E059DA8BFA3EB090E8542D4BFC9
S3150802AED0424492191044029AF444A2EB0A02023A34
S3150802AEE08A42CABF019A53449B1819440C900D9181
S3150802AEF0002203990AA8CDF82CC0FCF7ECFB00281F
S3150802AF00BCD10137B7E7F0B58BB04FF6FF7399425C
S3150802AF1004460D4650D0836B8B424DD90A01016B0C
S3150802AF208A5801EB051302925A6806A903929A688F
S3150802AF30DB6804920593EFF725FC142200212046CC
S3150802AF40F0F789FD064601902046FFF727FF0746D8
S3150802AF502046D6F705FFD7F7C7FD0A2390FBF3F27B
S3150802AF6096423346B8BF134697423846B8BF10468C
S3150802AF70069E029AF11A0A4407990292039A0F1A2E
S3150802AF803A440392049A33441A44059B08440344F8
S3150802AF900593236C04929D420AD1636B33F81530EC
S3150802AFA05B0505D502A8FCF7A6FE039B1B1A0393AD
S3150802AFB0204602A9EFF7BFFD0BB0F0BD09B1E1F7D4
S3150802AFC06BBB704710B50446826B406B5200FEF7A6
S3150802AFD046FE2046E16ABDE81040FFF7EFBF38B5E6
S3150802AFE0836B04468B420D4603D84FF6FF7399428C
S3150802AFF00AD12046216CFFF786FF2946204625649A
S3150802B000BDE83840FFF77FBF38BD70B51546826B7D
S3150802B01004468A420FD9466B36F8112022EA0502FF
S3150802B02026F81120FFF76FFF6B0504D52046BDE809
S3150802B0307040EFF7F7B870BD70B5002405460E46A6
S3150802B040AB6BA34200D870BD214632462846FFF7AD
S3150802B050DCFF0134F4E770B5836B04468B420D4678
S3150802B06016461AD990F84430D90705D5F20503D5FC
S3150802B0704FF48071FFF7E0FF626B294632F815300C
S3150802B0802046334322F81530FFF73DFF730504D5F2
S3150802B0902046BDE87040EFF7C5B870BD70B500240C
S3150802B0A005460E46AB6BA34200D870BD2146324612
S3150802B0B02846FFF7D0FF0134F4E7006C7047836B2C
S3150802B0C08B4207D9436B33F811309A430CBF0120E0
S3150802B0D0002070470020704770B54FF4807204460E
S3150802B0E0FFF7EDFF06460D4620464FF48071FFF73F
S3150802B0F0A3FF3EB129462046BDE870404FF4807250
S3150802B100FFF7A9BF70BD4B1E19D5013801F10B0314
S3150802B110012B1CD1820718D16421B0FBF1F201FB85
S3150802B120120242B94FF4C873B0FBF3F203FB1200E2
S3150802B130B0FA80F35B0903F11C00C0B270470B2B0F
S3150802B140C4BF0130A1F10D03E2E70023F3E70722AA
S3150802B15093FBF2F2C2EBC2029B1A03F0010048BF4C
S3150802B1604042C0F11F00E8E7F8B50446FDF7C1F80A
S3150802B17005462046FDF7C5F8C36C07465B68B3F576
S3150802B180A02F40F08180F2F774FA06463846F2F7A5
S3150802B19089FA044696B3FB6C9F68062F4CDD40225B
S3150802B1A039462846FFF78BFF00286ED016B10023D2
S3150802B1B086F8203044BB4FF4004239462846FFF74A
S3150802B1C07EFF002845D0002E6AD06623284686F8D8
S3150802B1D02030FFF7B0F9C0F3072386F82100C0F341
S3150802B1E0074086F8230086F822302846FFF765FFCF
S3150802B1F0B8422ED1B22386F820302AE0002843D05E
S3150802B200FB6C9F68062FCADC00234FF400423946BE
S3150802B210284684F82830FFF752FFD0B12846FFF7B0
S3150802B2208AF9C0F3072384F82000C0F3074084F89C
S3150802B230213084F82200C6E7002386F82030002849
S3150802B240E2D14FF4004239462846FFF738FF002874
S3150802B250BBD14FF4804239462846FFF730FF98B1F2
S3150802B26094B1FF23284684F82830FFF764F9C0F31F
S3150802B270072384F82130636A84F820000133C0F377
S3150802B280074084F822006362F8BD4FF4004239464B
S3150802B2902846FFF714FF0028DBD0002C93D0BDE721
S3150802B2A02846FFF70AFFD4E7022994BF01230023A1
S3150802B2B04FF4C872A0EB0303B3FBF2F203F10100E9
S3150802B2C000EB930010444FF06402B3FBF2F3A0EBD9
S3150802B2D0030094BF0C23002319440C23C1EB41112C
S3150802B2E03E39B1FBF3F107230844B0FBF3F3C3EB92
S3150802B2F0C303C01AC0B2704770B504464FF4404142
S3150802B300C06AFFF799FE94F93610A08EFFF7CCFFB4
S3150802B310A36B054663BBD4E90C23534033F07F4342
S3150802B32028D194F93330E06AE9184FF48042BDE82F
S3150802B33070400631FFF78FBEA26B32F8261002EB79
S3150802B3408603A28E91420ED193F9021094F9362001
S3150802B350914208D193F903104FF400422944E06A56
S3150802B3600631FFF778FE0136E36BB342E4D8D2E73B
S3150802B3700026F9E770BD3430704770B5FCF7B9FF9F
S3150802B3800546F1F723F8FFF7F6FF0021044628469B
S3150802B390F1F71FF80646E2F7A1FD64214378027821
S3150802B3A0303B4B434FF47A71303A01FB02330A21A0
S3150802B3B08278303A01FB0233C2782188303A134444
S3150802B3C03046591A00F087FF01212846F1F701F89D
S3150802B3D094F90210BDE87040013900F07CBF38B517
S3150802B3E00546FCF786FF04462846FCF78CFF054609
S3150802B3F0204600F086FF04462846FFF7BCFF621C7B
S3150802B400018852B22846BDE83840E1F787BEF8B54A
S3150802B4100446FCF76EFF05462046FCF774FF044611
S3150802B420284600F06EFF07462046FFF7A4FF0646A9
S3150802B4302846E2F753FD03460278417864203039FC
S3150802B44041434FF47A70303A00FB02110A209A7887
S3150802B450DB78303A00FB0211303B1944C91B2046FF
S3150802B46096F9022089B2BDE8F840E1F757BE07B55A
S3150802B4700122F0F7F0FA03B05DF804FB07B51522CE
S3150802B480F0F7E9FA03B05DF804FB70B50D4601F171
S3150802B4902C062B6B304653B9FDF7BAF905F1380677
S3150802B4A0EB6B3046E3B9BDE87040FDF7B1B9FDF77D
S3150802B4B063F904460028ECD0037C5A0702D4406894
S3150802B4C0DDF734FF237C9B0702D42068DDF72EFFC5
S3150802B4D030462146FDF710F92046DDF727FFD8E763
S3150802B4E0FDF74AF9044601463046FDF705F92046B6
S3150802B4F0DDF71CFFD4E710B50C46142104F12C0025
S3150802B500FDF792F8182104F13800FDF78DF80022AC
S3150802B5106423C4E91122C4E91333C4E91522C4E930
S3150802B52017336FF0004203230521C4E919230A23BE
S3150802B530C4E91B1394F8743023F00F0343F0010394
S3150802B54084F8743010BD07B530220021F0F783FA6B
S3150802B55003B05DF804FB07B512220021F0F77BFA67
S3150802B56003B05DF804FB2DE9F04385B0036F04468A
S3150802B5708B420E4667D9EFF74DF905462046D5F7B1
S3150802B5801DFE94F8743007461A0705D4204605B0FE
S3150802B590BDE8F043EFF7FABA03F00703012B55D1DA
S3150802B5A02046FFF7D0FF80462046FFF7D4FF63699F
S3150802B5B04822034403EB08004FF4A021C71B204688
S3150802B5C0F0F749FA4FF40031804600902046FFF71B
S3150802B5D04EFFA369226A00EB08015B1A1144039124
S3150802B5E0216F814601398E42019313D205FB06F378
S3150802B5F0B3FBF1F22B44B3FBF1F3A2EB080243448B
S3150802B600121A03443A443B4469462046009202937E
S3150802B610EFF791FABEB1731E6B43226F013AB3FB81
S3150802B620F2F3A3EB0803A3EB09033B44009305FBE0
S3150802B63006F3B3FBF2F343444B443B440293694695
S3150802B6402046EFF778FA05B0BDE8F083022B9DD1C4
S3150802B65000212046FFF712FF236F80460544204645
S3150802B660B5FBF3F5FFF76FFF636905FB06F9C61825
S3150802B6702046FFF770FF0644694620464E44EFF718
S3150802B68081F8F31B1D44A3EB080302950093D6E742
S3150802B69007B510220021F0F7DEF903B05DF804FBC6
S3150802B6A02DE9F04FCDB000F1140B01F1180510AEDB
S3150802B6B004468A462A4659463046FBF7D0FF0028F2
S3150802B6C000F09F8095E80F0014AF87E80F00DAF8BC
S3150802B6D020300D900C9396E80F0085E80F00236F33
S3150802B6E0012B40F28E802046FFF72DFF07462046A3
S3150802B6F0FFF731FF06462046FFF7CAFF02902046AB
S3150802B700EFF788F808902046EFF794F863690490F3
S3150802B71020460393D5F752FDA36905902046069362
S3150802B720EFF745FC2A468046594618A8FBF797FFC5
S3150802B730002866D020A8F1F703FF4FF4A02120AA1B
S3150802B7402046EEF74CFC30A8D8F7CEFD30AA4FF4C7
S3150802B75000312046EEF7BCF94FF400312046FFF7D8
S3150802B76086FE00EBD0704FEA600902224FF40031E0
S3150802B7702046F0F770F91C9000EBD0704310019345
S3150802B780019A2C9B4A45A8BF4A4603EBD371B2EBF2
S3150802B790610FC8BF9DF8BD203E44C4BF42F01002E7
S3150802B7A08DF8BD20012B08BF9DF8BD30069A04BF4F
S3150802B7B043F010038DF8BD30039B1E44059BF31A14
S3150802B7C00993029B3B441344A3EB08030B93236F91
S3150802B7D00A9304F12C0318460793FCF7DAFF01389B
S3150802B7E0229032900798FCF7CAFF06460C9B4B44F8
S3150802B7F001330F9346B90AF1180414AB0FCB84E848
S3150802B8000F004DB0BDE8F08F337C13F001030BD067
S3150802B810229B013B2293329B013B32933146079886
S3150802B820FCF7B4FF0646E5E7B2683189ADF8AC2005
S3150802B830120C8DF8AE20B27A23938DF8E32094F891
S3150802B840742033931207099A58BFF36827922992EC
S3150802B850327CADF8E110C2F30012716804EB820281
S3150802B860506C51F8235004992D1A4D43D26C0C93FF
S3150802B870121A95FBF2F50B9A4D1B154400229046B7
S3150802B88006920D9A2A95A2EB090202950E92226F4A
S3150802B890424522D80A990898814227DA424525D193
S3150802B8A0726852F823206FF000439A421ED0299BF1
S3150802B8B05046A3EB09024B441C921E93019A2A9BFB
S3150802B8C030A99A1A1D92019A13441F931CAA08F1C9
S3150802B8D0FF333393F1F7ECFE08E029980F99DDF868
S3150802B8E0A8E088422790CDF8A0E006DD329B013B0E
S3150802B8F03293229B013B229390E7069F511EB7FB88
S3150802B900F1F1099F96F810B039440C9FCBF3001B4E
S3150802B9104744B7FBF2FC02FB1C72D6F804C0299115
S3150802B92004EB8B0B03910592DBF844105CF822209A
S3150802B930049F521A7A43DBF84CB0ABEB010B92FB2D
S3150802B940FBF7049A0399D71B0B9A17440E9A2A9760
S3150802B950013A914231DBB8F1000F2ED00A9A0899C2
S3150802B9604FEA830B8A4230DB5CF823206FF00043F0
S3150802B9709A4222D0059A5CF822209A421DD0029B4E
S3150802B980BD42B8BF3D46BB42A8BF3B460293039B96
S3150802B990984212D0591E029B29919D4208BF013531
S3150802B9A02A953D46029B2791504620A92893F1F7EE
S3150802B9B0E1FD299B029701332993069B089A08F110
S3150802B9C0010813440693059B61E7A0EB09021C9242
S3150802B9D0019A4844AEEB02021D92019A1E907244E5
S3150802B9E01F925CF823206FF000439A420AD0059A08
S3150802B9F05CF822209A4205D0504620A9CDF88C80C0
S3150802BA00F1F7B8FDB9F1000FD7D0019B002BD4D0BE
S3150802BA10736853F80B206FF000439A42CDD008F1B1
S3150802BA20FF3350461CAA30A93393F1F741FEC4E707
S3150802BA302DE9F04F87B0894617461E46044600B9D7
S3150802BA40FEE701B9FEE7036F934205D8002030608E
S3150802BA50706007B0BDE8F08FEEF7DCFE05462046BB
S3150802BA60EEF7E8FE94F87430029003F00703012B10
S3150802BA7044D17D43236F013BB5FBF3F53560204680
S3150802BA80FFF761FD05462046FFF765FD3368284442
S3150802BA90034433602046D5F791FB336899F81020A2
S3150802BAA01B1A336094F87430C2F300121B074CBF9A
S3150802BAB00023D9F80C3004EB82021F44236F516C21
S3150802BAC0B7FBF3F003FB1077D9F80430029853F862
S3150802BAD02730D26C5B1A4343521A93FBF2F3C31A0A
S3150802BAE073602046FFF7D4FD736805442B447360E0
S3150802BAF02046EFF75CFA7368181AA9E7032B11D1E7
S3150802BB0099F81010D9F80000C1F3C001009504EBAA
S3150802BB108101CA6D0023496D50F82700FCF776FFAC
S3150802BB203060ACE7022BAAD104F12C0B5846FCF77D
S3150802BB3030FE4FF4A02182462046FFF79FFC0021E3
S3150802BB4004902046FFF79AFC236F0390591E01FBC7
S3150802BB501058B8FBF3F8A5EB08037B43B3FBF1F3E4
S3150802BB6058463360FCF70BFE00230146B9B9039A1F
S3150802BB70216F15447D43049AB5FBF1F50AF1FF31AD
S3150802BB8003FB08F302FB1188B3FBFAF3B8FBFAF8D6
S3150802BB902B4408EBD87803EB680333606FE78945D3
S3150802BBA0E5D0013358460593FCF7F0FD059B01469F
S3150802BBB0DCE72DE9F04FE7B000F1380305461846F1
S3150802BBC08A460093FCF718FE002849D10AF118069E
S3150802BBD002AC3146204605F11402FBF740FD002867
S3150802BBE03ED096E80F0006AF87E80F0094E80F00EC
S3150802BBF086E80F000EA8F1F7A3FC4FF4C0210EAA9F
S3150802BC002846EEF7ECF92EA8D8F76EFB2EAA4FF4C3
S3150802BC10C0212846EDF75CFF4FF4C0212846FFF7FE
S3150802BC2026FC00EBD0704FF4C0214FEA6008284684
S3150802BC30FFF71DFC00EBD0704FEA60090098FCF78D
S3150802BC409EFDB9F1000318BF0123B8F1000F08BF22
S3150802BC5000230446019334B906AB0FCB86E80F00DE
S3150802BC6067B0BDE8F08F40220EA91EA8FDF7F7FFC0
S3150802BC7070222EA94AA8FDF7F2FFE368A289ADF859
S3150802BC80A4301B0C8DF8A630A37BADF849218DF89C
S3150802BC904B31637DDA075AD5D4E900376A69A9694F
S3150802BCA002EB030B0F44ABEB08010A9108EB0B01FD
S3150802BCB00C91A7EB09010B9109EB07010D91217D67
S3150802BCC08B0719D011F0010F08BF5A468807CDE92C
S3150802BCD0252754BF5A46EA695046CDE92727002246
S3150802BCE01EA921924D92F1F745FC019B23B15046BC
S3150802BCF00AAA4AA9F1F7DCFC227D12F00C0F1AD027
S3150802BD00510754BF3946A96913074FF0010348BFC3
S3150802BD102F6ACDE9261B50461EA921934D93CDF8CD
S3150802BD2094B02897F1F726FC019B23B150460AAA3C
S3150802BD304AA9F1F7BDFC109B01331093309B0133DE
S3150802BD40309321460098FCF721FD044683E76FF0FD
S3150802BD500043A2689A42F4D00AAB28462169FFF743
S3150802BD6067FEDDE90A3799E738B591F830300C46AF
S3150802BD7013F0010503D1C86ADDF7D8FAE56238BDC2
S3150802BD802DE9F04FCBB00546FCF7B3FA0446284630
S3150802BD90EEF71DFB5A22002104902046EFF75BFEC0
S3150802BDA005902E90FAF76CFE27220021804620463F
S3150802BDB0EFF751FE302200212E90C7B22046EFF748
S3150802BDC04AFE102205462E9000212046EFF743FE32
S3150802BDD0012F2E9000EB050B40F0B38013220021B1
S3150802BDE02046EFF738FE05462E90152200212046FA
S3150802BDF0EFF731FE12224FF400312E900646204606
S3150802BE00EFF729FE13224FF400312E908246204680
S3150802BE10EFF721FE10224FF400312E90814620467C
S3150802BE20EFF719FE11224FF4003106902E902046A4
S3150802BE30EFF711FE68224FF400312E900990204642
S3150802BE40EFF709FE69224FF4003107902E9020463B
S3150802BE50EFF701FE08902E902EA8D8F745FA4FF470
S3150802BE60003120462EAAEDF733FE012F099B70D129
S3150802BE70E269521B0F92A2EB0802A2EB0A02A2EB9C
S3150802BE80090201320D92A1690698594401EB08028A
S3150802BE9002440D981A44CDE911010E910F99013AFF
S3150802BEA0CDE91312109211A8DDE90712FBF7BDFBC3
S3150802BEB0049811AA2EA9F1F7FBFB5C220021204661
S3150802BEC0EFF7C9FD5B228146002119902046EFF75C
S3150802BED0C2FD00256FF06042CDE90125CDF800903C
S3150802BEE00346059AE16A19900BA8FDF73FFB19A8C4
S3150802BEF0D7F72EFF19AA29462046EDF7AEFFE36AC1
S3150802BF000DA82093FBF7F7FEA0EB080000EBD07014
S3150802BF10012F0B9A4FEA600024D10D9B9B1B1793A6
S3150802BF209B1A1593A3690C9A5B4403441A44189204
S3150802BF30049815AA19A91693F1F7D7FA4BB0BDE8D2
S3150802BF40F08F122200212046EFF785FD2E90054438
S3150802BF504BE7626915440D95454455444D44013DE8
S3150802BF600F9590E70F9B1E44324415961792D9E710
S3150802BF700022CB6ADA627047C06A10B10021F0F774
S3150802BF8028BA704773B50446FFF7F6FF064618B394
S3150802BF90EEF73DFC05462046EEF74CFC85421BDDD6
S3150802BFA05A2200213046EFF756FD0190FAF768FD4E
S3150802BFB05C22054600213046EFF74DFD216C05440B
S3150802BFC001900022E06A6943D5F76AFAE06A02B08C
S3150802BFD0BDE87040EEF7DABD02B070BD10B50C468A
S3150802BFE04FF480612046EDF721FA20460421EDF749
S3150802BFF01DFA20464FF40031EDF767FC2046012171
S3150802C000EDF763FC2046BDE81040E3F7D9B938B529
S3150802C010C86A0C4618B1F0F73CFA0023E36294F8B2
S3150802C0204C3013F0100503D1A06BDDF77FF9A56339
S3150802C03038BD2DE9F047A2B014464FF6FF72944276
S3150802C04006460F4661D0C56A0DA8B5F828809845F8
S3150802C0501FBF2B8595F82A3043F0080385F82A3046
S3150802C060D7F776FE4FF4802128460DAAEDF7F5FE9E
S3150802C0705C224FF480212846EFF7EDFC09901B90CD
S3150802C0803046FFF779FF064600283ED01598FAF79C
S3150802C090F7FC1B99B3690A1804FB023201EBD17348
S3150802C0A0A2EB630202926B6902440A44013A0193C3
S3150802C0B007F11804EB690DF1140A04922146504659
S3150802C0C001AA0393FBF7CBFAB8B194E80F000DF176
S3150802C0D0240989E80F009AE80F0084E80F00304621
S3150802C0E000F019FF06F1140214900DA93846F1F76B
S3150802C0F0FCF999E80F0084E80F0095F82A30A5F8AC
S3150802C10028806FF3C30385F82A3022B0BDE8F0878A
S3150802C1102DE9F047A0B092464FF6FF7292450546C2
S3150802C1200E464AD0C46A5A22278D4FF480219F426E
S3150802C1301CBF238594F82A3020461CBF43F0080307
S3150802C14084F82A30EFF787FC4FF480215C22814677
S3150802C15004902046EFF77FFC804604904846FAF79B
S3150802C1608FFC81462846FFF707FF826909EB080319
S3150802C1700AFB032208EBD873A2EB630201924A4434
S3150802C180EB6A4244013A03925A69DB6904A80293AC
S3150802C1900092D8F7A9F84FF48021204604AAEDF7B1
S3150802C1A097FC6A46304604A9F1F782FA94F82A30CF
S3150802C1B027856FF3C30384F82A3020B0BDE8F087D9
S3150802C1C0F7B506460D46FFF7D7FE0446C8B183699A
S3150802C1D05A220021ED1AEFF73EFC0190FAF750FCBD
S3150802C1E05C22074600212046EFF735FC00EBD073A8
S3150802C1F005EB6305074495FBF7F0F36B834200D81A
S3150802C200581E03B0F0BDF8B504460D4601B9FEE75F
S3150802C21000230139C363E26B11F8013F0132B3B956
S3150802C2202846C4E90F236364FDF75CFE471CA06B2E
S3150802C23038B194F84C3013F0100602D1DDF776F8CF
S3150802C240A6633846DDF758F8A06320B9FEE70A2B3D
S3150802C25008BFE263DFE72946FDF74BFE94F84C3048
S3150802C26020466FF3041384F84C30EEF78FFCE06A2D
S3150802C27018B1BDE8F840EEF789BCF8BD38B50446F2
S3150802C2800D4601B9FEE700230139C363E26B11F8D3
S3150802C290013F0132D3B9C4E90F23636494F84C30E1
S3150802C2A0DB0603D4A06B08B1DDF740F894F84C30EE
S3150802C2B0204643F0100384F84C30A563EEF766FC7B
S3150802C2C0E06A38B1BDE83840EEF760BC0A2B08BF11
S3150802C2D0E263DBE738BD10B5036C04468B420FD028
S3150802C2E0C36B8B4298BF03F1FF31C36AC0E91011D1
S3150802C2F00BB1FFF747FE2046BDE81040EEF746BCF5
S3150802C30010BD006C7047F8B50446806B0D4616469C
S3150802C31060B1FDF7E7FD00231946814202D0626C3F
S3150802C3209A4205D1002306F1FF3C0AE00870F8BDDF
S3150802C330A26B525C01310A2A08BF0133EDE7EA54BF
S3150802C3400133CA18824207D2A76BBA5C0A2A03D0FB
S3150802C350002EF4D09C45F2D80022EA54E7E72DE9EC
S3150802C360F04FDDB00546FBF7C4FF04462846EEF754
S3150802C3702EF83022002183462046EFF76CFB122264
S3150802C380054600213C902046EFF765FB1322431928
S3150802C39000213C9020460593EFF75DFB3C9000EBAD
S3150802C3A005090CA8D7F7D4FC4FF4003120460CAA8D
S3150802C3B0EDF753FD276B2FB9802220463CA9FFF7DC
S3150802C3C0A2FF3CAF27220021204694F84C60EFF7E3
S3150802C3D042FBC5B2012D219004D006F00F06731E4A
S3150802C3E05D425D41606B002833D0F0F7CFFE02282C
S3150802C3F080466BD19DF87B30149A02936FF06043A6
S3150802C40001931A9B21A80093616B1B9BFDF7AEF85B
S3150802C410DDE921A62046A36909933344013B0B9320
S3150802C42050F8143F08935344013B0A93002D5BD0FE
S3150802C430002307220093059B08A9FBF7BAFAB8F16D
S3150802C440020F56D1636B584608AA0CA91393F1F743
S3150802C4504CF821A8D7F77CFC0021204621AAEDF743
S3150802C460FCFC9DF8CF30299A02936FF06043019342
S3150802C4702F9B06A800933946309BFDF777F8636928
S3150802C480069A08931344013B079A0A93A36904F18F
S3150802C490140009931344013B0B93636B002B4BD196
S3150802C4A00922009308A9FBF784FA236B28972BB96C
S3150802C4B09DF8D03043F040038DF8D030584608AA8C
S3150802C4C021A9F1F712F85DB0BDE8F08F606B21A9DA
S3150802C4D0F1F742FB012815BF4FF0FF36BDF888A0D9
S3150802C4E0B246BDF88A6095E708220095C9F10003AD
S3150802C4F0A2E721A8D7F79EFB06EBD676204621AA05
S3150802C5004FF400310AEBDA7AEDF70CFD72104FEAB6
S3150802C5106A0131A8FBF7FEFB6E224FF40031204672
S3150802C520EFF799FA636B06902C9008AA584621A948
S3150802C5302893F0F7F6FE8CE72DB100230822009324
S3150802C540C9F10003AEE70722059B0095AAE72DE984
S3150802C550FF4104460121ECF7A6FF2046E56AEFF7FC
S3150802C5602DFF01462846EFF7C9FF4FF0FF31E06A73
S3150802C570F0F734F80121E06AECF758FF002223218C
S3150802C5802046EDF78CFE2046FFF7F6FC0646A16B21
S3150802C59000F0A1FC6FF04041E06AEEF78AF83046F7
S3150802C5A0D4F792FBE06AEEF72FF905462046EEF736
S3150802C5B02BF9854210DC4FF4887394F84C2002F06C
S3150802C5C00F02D340DB0707D52046E56AEEF71CF9CA
S3150802C5D001462846EEF76DF83046EEF718F930228E
S3150802C5E005460021E06AEFF736FA10228046002156
S3150802C5F00390E06AEFF72FFA112200EB080703907F
S3150802C6000021E06AEFF727FA3D4400EB08031D44D0
S3150802C61094F84C30039003F00F07082F67D1236A6A
S3150802C62005EB0308D6F730FAD6F74EFA804564DDED
S3150802C630D4F81880D6F728FAD6F746FA236AC01A23
S3150802C64080454CDD0427A369013BAB42A8BF2B46B4
S3150802C650E06A1946EEF744F82046FFF793FC082FDE
S3150802C6605FD100230D2221460093E06AD4F74AFBE4
S3150802C670E06AD4F729FB94F84C3003F00F03013B28
S3150802C680012B19D8E06AEEF799F80746E06AEEF741
S3150802C690A8F80546D6F7F8F9D6F716FAA8420BDC33
S3150802C6A0D4F82C80D6F7F0F9D6F70EFA2D1A791B9C
S3150802C6B040460139EDF7DBFF0021A26B3046EFF762
S3150802C6C020FB0023022801461A4602D0032818BF77
S3150802C6D00121304604B0BDE8F041EEF745B8D6F779
S3150802C6E0D3F9D6F7F1F9236AC31A013BADE7042F4A
S3150802C6F003D1D4F81880A84501DB2B46A5E7D6F75F
S3150802C700C3F9D6F7E1F9236AC01A804507DAD6F7DC
S3150802C710BBF9D6F7D9F9236A0827C31A95E7A36995
S3150802C72093E7042FE06A04D100230A2200932146E4
S3150802C7309CE7012F03D1002310220093F7E7022F6B
S3150802C74096D1002313220093F1E710B5012104467E
S3150802C750ECF7BFFE4FF6FF73E06A0121A364EDF71B
S3150802C760B4F82046BDE8104000222421EDF797BD13
S3150802C77008B50121C06AECF7BAFE80F00100C0B222
S3150802C78008BD37B50446D9F7ADFD0546FAF7B7F938
S3150802C79050BB2046FFF7ECFF00B32046FFF7D5FF54
S3150802C7A0D4E910329A420BD020212046636401AAAA
S3150802C7B00193EDF774FD01281ED12046EEF7E6F93E
S3150802C7C02846FAF775F9042816D12046ECF79DFE95
S3150802C7D0002103B0BDE83040ECF74BBB204603B05E
S3150802C7E0BDE83040FFF7B3BE2046636C236403B04E
S3150802C7F0BDE83040EEF7CAB903B030BD10B591F8BE
S3150802C80058300C4603F00303013B012B0AD8C86AC9
S3150802C810DCF78CFD0023E36294F8583043F00303F7
S3150802C82084F8583010BD38B504460D46C16B006D04
S3150802C830FBF77FFA216C2860606DFBF77AFA68606D
S3150802C84038BD2DE9F0438BB0044690468946D4F7A5
S3150802C8503BFA2046EDF7D8FF05462046EDF7D7FF07
S3150802C860064604AF39462046FFF7DDFF0297B4F8BD
S3150802C8704C3032460193B4F8483029460093636C2B
S3150802C88006A8F0F790FC6269069B511E0B440693B4
S3150802C890A3690799581E0144079108990132114460
S3150802C8A0099A01331A442046089106A90992EEF715
S3150802C8B042F9C4E912982046D5F752FA8046002171
S3150802C8C0D6F700FC2046EDF7ADFC40460121D6F727
S3150802C8D0F9FB0297B4F84C3032460193B4F8483063
S3150802C8E029460093636C06A8F0F75DFC6269069B0D
S3150802C8F0511E0B440693A3690799581E01440791D2
S3150802C900089901321144099A013308911A442046BA
S3150802C91006A90992EEF70FF90BB0BDE8F0832DE9E7
S3150802C920F0418AB090F85930044603F00F030A2BF7
S3150802C9300D466DD8B5F5616F64DA002D65DB636C5B
S3150802C940AB425CD02046D4F7BFF92046EDF75CFF30
S3150802C95006462046EDF75BFF804604AF3946204679
S3150802C960FFF761FF0297B4F84C3042460193B4F8D8
S3150802C970483031460093636C06A8F0F714FC6169E7
S3150802C980069BA2690B440693079B2046134407930A
S3150802C990089B0B440893099B06A913440993EEF7CF
S3150802C9A0CAF865642046D5F7DBF905460021D6F7AD
S3150802C9B089FB2046EDF736FC01212846D6F782FB8D
S3150802C9C00297B4F84C3042460193B4F848303146DF
S3150802C9D00093636C06A8F0F7E6FB6169069BA269F9
S3150802C9E00B440693079B204613440793089B0B4464
S3150802C9F00893099B06A913440993EEF79CF80AB013
S3150802CA00BDE8F081A5F5616594E705F5616594E7EA
S3150802CA10002594E72DE9F0418AB090F85930154679
S3150802CA2003F00F030A2B88BF00250E4688BF2E4641
S3150802CA30036D0446B34202D1436DAB4266D020462B
S3150802CA40D4F742F92046EDF7DFFE07462046EDF712
S3150802CA50DEFE804604A92046FFF7E5FE04AB0293F4
S3150802CA60B4F84C3042460193B4F84830394600933C
S3150802CA70636C06A8F0F797FB6169069BA2690B44EB
S3150802CA800693079B204613440793089B0B44089377
S3150802CA90099B06A913440993EEF74DF82A4631462F
S3150802CAA004F15000FBF736F92046D5F759F9054641
S3150802CAB00021D6F707FB2046EDF7B4FB01212846ED
S3150802CAC0D6F700FB204604A9FFF7ADFE04AB029396
S3150802CAD0B4F84C3042460193B4F8483039460093CC
S3150802CAE0636C06A8F0F75FFB6169069BA2690B44B3
S3150802CAF00693079B204613440793089B0B44089307
S3150802CB00099B06A913440993EEF715F80AB0BDE87E
S3150802CB10F08138B590F85930044603F00F030B2B11
S3150802CB201FD10021FFF7FBFE002220461146FFF720
S3150802CB3071FFE36B1BB3236C0BB32046EDF764FE60
S3150802CB40E36B0502204695FBF3F5EDF760FE226CD2
S3150802CB50000290FBF2F229462046BDE83840FFF76C
S3150802CB6070BE0C2B0BD10021FFF7D9FE00222046FE
S3150802CB701146FFF74FFF4FF480721146ECE738BDB6
S3150802CB802DE9F0418AB00E460446EDF7FFFF30461E
S3150802CB90F0F7FCFA0328054614D194F8583003F046
S3150802CBA00303013B012B02D8E06ADCF7BFFB002333
S3150802CBB0E36294F8583043F0030384F858300AB015
S3150802CBC0BDE8F081304607A9F0F7C6FF0128F6D17D
S3150802CBD0B5BB94F8583003F00303013B012B02D886
S3150802CBE0E06ADCF7A3FBE662BDF820309DF81D007B
S3150802CBF0E363BDF822308000236494F8583000F0CD
S3150802CC007C0005F0030523F07F032843184384F8C4
S3150802CC1058002046EDF741FE2046FFF77AFF636C7F
S3150802CC203BB9A36CB3F5807F03D1E36CB3F5807F80
S3150802CC3002D02046EDF7F6FA2046EDF7A7FFBEE743
S3150802CC406B1EDBB2012BCFD8E76AB7420BD094F83A
S3150802CC505830304603F00303013B012B2CD9FDF76C
S3150802CC605BF960B3E062022DBED15A22002120464A
S3150802CC70EEF7F1FE5B220746002105902046EEF705
S3150802CC80EAFE5C228046002105902046EEF7E3FE86
S3150802CC906FF0604300220590CDE9013200904346C9
S3150802CCA03A46314605A8FCF761FC059BADF82030EB
S3150802CCB0069BADF8223097E7FDF72EF900B9FEE795
S3150802CCC0E062002FCFD03846DCF730FBCBE710B551
S3150802CCD090F85C3004469B0603D5006B08B1DCF776
S3150802CCE025FB94F85C306FF3451384F85C30002317
S3150802CCF0236310BD10B50C460846FFF7E8FF94F803
S3150802CD005C301B0702D4E06ADCF710FB0023E362FF
S3150802CD1010BD8165EDF73ABF4165EDF737BF70B5CE
S3150802CD200C46022C054619461046DDE90423069EE2
S3150802CD3010D1FCF7EFFB04463046FAF7D7FF04EBAF
S3150802CD40D4742B6800EBD0706410C4EB60042344DF
S3150802CD502B6070BD032CFCD1FCF7DCFB0446304685
S3150802CD60FAF7C4FF2B68001B0344F1E7022A02D034
S3150802CD70032A0ED07047436B002BDCBF4B6B436311
S3150802CD804B6C43640B6C03640B6903618B6B8363A3
S3150802CD907047436B002BDCBF4B6B43634B6C43649E
S3150802CDA00B6C03640B690361704707B55C220021AB
S3150802CDB0EEF751FE03B05DF804FB07B55B220021CE
S3150802CDC0EEF749FE03B05DF804FB07B55A220021C7
S3150802CDD0EEF741FE03B05DF804FB37B501220021E8
S3150802CDE090F85C400546EEF736FE6FF040439842EF
S3150802CDF0C4F3001401900ED1052200212846EEF74D
S3150802CE002AFE6FF06043984205D195F82B301B072E
S3150802CE1058BF44F00204204603B030BDF8B50D46AB
S3150802CE200446EDF7B3FE05B9E56A2846FDF75AF852
S3150802CE30461CE06AA8420FD194F85C301B0714D44A
S3150802CE4031462846DCF77CFA28B1E0622046BDE87E
S3150802CE50F840E1F79DBEFEE738B194F85C3013F06E
S3150802CE60080702D1DCF762FAE7623046DCF744FAD1
S3150802CE70E06200B9FEE72946FDF73BF894F85C3014
S3150802CE806FF3C30384F85C30E0E70EB477B5079E08
S3150802CE90044606B9FEE7EDF779FEE06A38B194F87A
S3150802CEA05C3013F0080502D1DCF740FAE56208A9FE
S3150802CEB030460191FCF704FB94F85C30E0626FF3AC
S3150802CEC0C303204684F85C30E1F762FE03B0BDE88E
S3150802CED0704003B0704770B590F85C30044613F0A2
S3150802CEE008060D4604D1C06A10B1DCF71FFAE662DD
S3150802CEF035B194F85C30E56243F0080384F85C3097
S3150802CF002046BDE87040E1F743BE4164EDF73EBEF8
S3150802CF108164EDF73BBEC06A704701B9FEE7E1F7E7
S3150802CF207DBD2DE9F04F91B006468A4601B9FEE766
S3150802CF300CA9EDF78FFCF36A0CA80393FAF7D6FE51
S3150802CF4005900CA8FAF7D7FE06903046FFF73DFF84
S3150802CF5080463046FFF729FF04463046FFF72DFF85
S3150802CF6007464046F9F78CFD81463046FFF735FFFE
S3150802CF700025834604EB09030793039B2B4402937C
S3150802CF80039B5B5DA3BB2C4600213046F26AEEF793
S3150802CF90B8FE022850D13B464246611B0298FCF76E
S3150802CFA0B9FA06460CA8FAF7A1FE06EBD67600EB06
S3150802CFB0D0707610C6EB600600230995CDE90A33D0
S3150802CFC0002C62D1A146DDE90A124046F9F723FD93
S3150802CFD0DAF80020A9EB07039A4259DBC319013391
S3150802CFE04B449A42CCBF0020012011B0BDE8F08F15
S3150802CFF0079B4B440493049A069B934209DA96F8D4
S3150802D0005C3003F00703012B04BF4BF004035FFAFD
S3150802D01083FB00233A4600934146059B0298CDF8C6
S3150802D02004B0DBF76FFBDAF804302C184B45ABDD9E
S3150802D0302546DDF81090A0E703280BD13B46424669
S3150802D040611B0298FCF766FA06460CA8FAF74EFE2A
S3150802D050861BB1E70026AFE7099DB1463E18099B34
S3150802D0609C42B0D309AB03980BAA0AA9FCF741FA6A
S3150802D070DDE90A124046F9F7CEFCDAF80030304408
S3150802D0808342E9DAB14609959DE79946013CE6E706
S3150802D0900020AAE7406C7047806C704710B50846B6
S3150802D0A00C46FDF748FAC0F3072384F82D30FF2310
S3150802D0B084F82C0084F82F30C0F3074084F82E0039
S3150802D0C010BD00F0C043B3F1005F17D16FF06042A4
S3150802D0D020F0C043934211D06420B3F1805FA2BF0F
S3150802D0E0C3F17F6303F57F2303F6FF734B4393FB79
S3150802D0F0F0F08842A8BF084620EAE070704700238D
S3150802D100C1E90B3391F83430084623F0030381F85A
S3150802D11034300221ECF78AB901F15C00FBF778BBDF
S3150802D12010B50C4601212046F9F7AFFD2046BDE8A9
S3150802D13010400221ECF77AB910B50C4600212046B8
S3150802D140F9F7A3FD0223204600211A46F9F7A9FD9D
S3150802D1502046BDE810400221ECF768B910B5FBF786
S3150802D160D2F8436B04464BB1006C38B1D96A99B10F
S3150802D170FFF754FE0121206CECF758F9A36CA3B112
S3150802D180606D90B1D96A59B1FFF748FE606D012109
S3150802D190BDE81040ECF74AB90121ECF796FBEDE73A
S3150802D1A00121BDE81040ECF790BB10BD10B591F80F
S3150802D1B030300C461BB9C86A08B1DCF7B7F8002349
S3150802D1C0E36284F8303010BD10B508460C46EFF716
S3150802D1D0FDF8C16A2046EFF791F920460121F9F7D1
S3150802D1E054FD0223204600211A46F9F75AFD204625
S3150802D1F0BDE810404FF48041ECF767BB10B5044612
S3150802D200806B78B3636B6BB394F86A10C1F3410110
S3150802D210012906D002291ED051B9EFF7DFF90121FB
S3150802D22003E00021EFF7DAF90021606BF9F751FD07
S3150802D230A06BD3F785FA606BD3F782FAA06BD3F7A4
S3150802D24043FDA06BEDF7F6FA012130B9A06BBDE8F4
S3150802D2501040ECF73ABB0121DFE7A06BBDE81040AE
S3150802D260ECF7E4B810BD036D8B4209D0C36B8B4251
S3150802D27008D190F8690001288CBF00200120704768
S3150802D280012070470020704710B504465C30FBF752
S3150802D290BFFA002384F8683010BD38B50446406BDF
S3150802D2A00D4610B1E16AEFF729F9002D3ED004F1D7
S3150802D2B05C00FBF7C1F900B9FEE7056094F868302F
S3150802D2C028460133216B84F86830EFF717F9A06D09
S3150802D2D0656320B1A36C012163B3ECF7E4F8A36C90
S3150802D2E093B394F86A30D9070AD51A074FF00101A1
S3150802D2F0206D22D5ECF79AF80221206DECF7E5FAB3
S3150802D30094F868300121012BE06B27D9ECF78EF8E7
S3150802D3100221E06BECF7D9FA204600222021ECF72D
S3150802D320BEFF2046BDE83840FFF768BF2046FFF734
S3150802D330ABFFCCE7ECF7CDF8D1E7ECF7C6FA02215A
S3150802D340206DECF773F8DBE794F868300121012BBE
S3150802D350E06BDBD894F86A301B07D7D4ECF7B5FA3A
S3150802D3600221E06BECF762F8D6E7F8B50446FAF75D
S3150802D370C4FF072840D12046FAF7BBFF05462046D8
S3150802D380FAF7C1FFC36B04469D4202D0036D9D4264
S3150802D39032D194F868302946204684F86930FFF776
S3150802D3A062FF48BB04F15C073846FBF7E5F901461C
S3150802D3B006463846FBF7E6F90546E8B131463846E9
S3150802D3C0FBF79AF93046DBF7B1FF94F8683029463D
S3150802D3D0013B384684F86830FBF78EF994F86830D2
S3150802D3E02046013B84F868302968FFF756FF28462D
S3150802D3F0BDE8F840DBF79ABFF8BDEDF738B907B5CF
S3150802D4005A22EEF728FB03B05DF804FB0021EEF77B
S3150802D410E0BF07B55C220021EEF71DFB03B05DF8FD
S3150802D42004FBF0B585B00E4600210546FFF7E7FF77
S3150802D4304FF4802104462846FFF7E1FF07462046B7
S3150802D440F9F71EFB04463846F9F71AFB074628463B
S3150802D450FFF7DFFFE31903EBD37300EB63072846F5
S3150802D460AC69EDF7D4F900EBD07004EB600307EB77
S3150802D470D772A3EB620373603B44F360694628469E
S3150802D480EDF780F9009B3360029BB36005B0F0BDEF
S3150802D490F8B590F83C30044603F00303012B34D167
S3150802D4A0826BC16A036BB1FBF2F1B3FBF1F5520869
S3150802D4B04A4301FB15331344B3FBF1F5036301FB3E
S3150802D4C01533134400214363FFF799FF05462046A7
S3150802D4D0FFF79FFF06462846F9F7D2FA074620467F
S3150802D4E0EDF7A8F905462046FFF790FF07EBD77335
S3150802D4F0216B05EBD5755B10C3EB65033E4401FB57
S3150802D5001631BDE8F840EDF7B2B8F8BD08B50068BF
S3150802D510EEF75CFFBDE80840FFF7BABF2DE9F74F03
S3150802D52004460E461546FFF771FF00230746C4E96F
S3150802D5300C33E362721EE36A12F8018F0133B8F103
S3150802D540000F13D1E36294F83C30A5B965F30103E1
S3150802D5503146384684F83C30FFF760FC3846236B80
S3150802D560636303B0BDE8F04FECF75CBEB8F10A0F8F
S3150802D57008BFE362DFE7012262F30103414684F84A
S3150802D5803C302046FFF73BFFD4F82C90F9F778FA9F
S3150802D5905B22414605462046EEF75DFA4FF47A735A
S3150802D5A0054409FB05F593FBF5F30F2BA8BF0F23DB
S3150802D5B0032BB8BF0323DA0758BF0133A3633046E8
S3150802D5C0FCF790FCA56B00F1010900FB0555012D3E
S3150802D5D038BF01252846DBF78FFE4FF0000A804642
S3150802D5E0A26B09EB000B924515D30023454441462D
S3150802D5F005F8013C3846FFF711FC4046DBF796FE74
S3150802D600A36BE16A5A084A434B4320462263E36204
S3150802D610FFF73EFFA2E73146FCF76BFC0A235846A2
S3150802D6200AF1010A0BF8013CDAE72DE9F04FB5B029
S3150802D6300546FAF762FE06462846FAF75AFE1A2EF3
S3150802D640044618D12846ECF7C2FE054614A9204618
S3150802D650FFF7E7FE18A8D6F747FE4FF480212046C3
S3150802D66018AAECF735FA284614AA18A9F0F720F8EA
S3150802D67035B0BDE8F08F1D2EFAD12846ECF7A7FE85
S3150802D680814618A8D6F764FB18AA4FF480212046CB
S3150802D690ECF7E3FB09F11805204608A90DF1300855
S3150802D6A0FFF7BFFE2946404608AAF9F7D8FF002821
S3150802D6B0DED02046FFF7AAFE0746FFF72CFCDDE977
S3150802D6C0266B05902046DDF880A0EDF79DF801222D
S3150802D6D05B46CDE9010205995246009606A8FBF774
S3150802D6E045FF2046EDF793F8002106462046FFF748
S3150802D6F086FEC368BA6903EBD37302EB6302A369B6
S3150802D700834606EBD67603EB660338464FEA660A85
S3150802D710D61AEDF77CF8DBF80C30A269C01A002895
S3150802D720C4BFB60396FBF0F6209B9244DB68079AC1
S3150802D7300021D21A724303EBD3730AEBA2362046B0
S3150802D7403022A6EB6306EEF786F9122283460021FB
S3150802D75014902046EEF77FF9824613220021149090
S3150802D7602046EEF778F963699A440AEB0B03CDE98A
S3150802D7701036E36914AC1B1AA3EB0B031293079B2F
S3150802D780334413939DF8AB3043F001038DF8AB3065
S3150802D79095E80F0084E80F0098E80F0085E80F0067
S3150802D7A03846FFF7B8FB10AA1F9018A94846EFF7A4
S3150802D7B09CFE94E80F0085E80F0059E72DE9FF4122
S3150802D7C04FF4807804460E46454600278CB94FF436
S3150802D7D0803202AB0093304692FBF8F3019492FB37
S3150802D7E0F5F27942CDE90244FAF772FA04B0BDE8D5
S3150802D7F0F0816E2200212046EEF72DF90290384478
S3150802D8006C22002107B22046EEF725F96D2205465D
S3150802D810002102902046EEF71EF9012DB8BF012518
S3150802D82001280290B8BF012008FB00F008FB05F5A5
S3150802D8304FEA20282046EEF7C9FD2D120446C5E711
S3150802D84070B586B00546FFF7E1FD0446E8B14FF428
S3150802D85080212846FFF7D3FD5B224FF48021064636
S3150802D8602846EEF7F8F8054604902046FFF753FBDC
S3150802D87000236FF060420146CDE90123009304A814
S3150802D8802B463246FBF772FE049806B070BDF0B41A
S3150802D89090F83C400B4604F00304012C1146C26A78
S3150802D8A016D1846BB2FBF4F4A34211D2056BB5FB15
S3150802D8B0F4F76743ED1BEE1A1FFA86FC36B2002E02
S3150802D8C0CCBF66467642B6EB540F0AD81C46E31915
S3150802D8D0934228BF02F1FF33C0E90C33F0BCE2F7EA
S3150802D8E017BA9D428CBFE4181C1BF0E72DE9F04FCE
S3150802D8F085B000240646B0F84870036CC7F30E07D5
S3150802D900D0F844A0039307F1FF3B00F12C09BC426F
S3150802D91002D305B0BDE8F08FB36C5A46C3F3CE33D3
S3150802D920B4FBF3F503FB154500212046039BCDF80E
S3150802D93000A0FBF76BF8B5FA85F5804648466D09EF
S3150802D940FAF71DFF014608B90134E0E7CB684345FB
S3150802D95007DC0B69434504DB4B69FF2B05D14C6198
S3150802D960CD614846FAF712FFECE7A3421CBF8C6169
S3150802D9700D62F6E707B54C22EEF76DF8034600206E
S3150802D980DAB262F30700C3F3072262F30F20C3F386
S3150802D990074363F3174003B05DF804FB07B5132288
S3150802D9A0EEF759F803B05DF804FB07B51222EEF755
S3150802D9B052F803B05DF804FB07B51022EEF74BF8F0
S3150802D9C003B05DF804FB07B51122EEF744F803B07D
S3150802D9D05DF804FB2DE9F84F0F46002104469046F0
S3150802D9E0FFF7E3FF002106462046FFF7D7FF00218F
S3150802D9F082462046FFF7E0FF002105462046FFF74C
S3150802DA00E2FF81462046ECF7FFFEA0EB060B204616
S3150802DA10ECF7FDFE401BA0EB0900ABEB0A0B8345B6
S3150802DA20204611DAECF7F0FE831BA3EB0A036269C0
S3150802DA305B081A4432443A60A2691A442A447A6054
S3150802DA40C8F80030BDE8F88FECF7E1FE431BA3EBFC
S3150802DA500903ECE7F0B587B015461C4600226FF0BD
S3150802DA6060430646CDE901328B6B04A80093CB6B63
S3150802DA70D1E90712FBF77AFD96F83C30012B1DD83F
S3150802DA802B68049A3046A3EB520103EB520321603A
S3150802DA906D684FF40031A36007D1FFF794FF059B29
S3150802DAA0284460600344E36006E0FFF785FF059BB0
S3150802DAB02D1AE560ED1A656007B0F0BD082B23D074
S3150802DAC020D8022B01D0042BF6D16A680599022BBD
S3150802DAD0A2EB510002EB51022F686060E26021D18D
S3150802DAE0049B4FF400313046FF1AFFF75EFF3F1AD8
S3150802DAF04FF40031304627602D68FFF756FF2D1A7E
S3150802DB00A560D9E7102BD7D1286804996A68059BBE
S3150802DB10A0EB5100A2EB5302014420606260A160AF
S3150802DB201344C0E74FF400313046FFF737FF2D683C
S3150802DB30049B384420604FF4003130461D44FFF7F9
S3150802DB402DFF0544DCE770B50C4601F12C06236B64
S3150802DB5030461BB9BDE87040FAF75ABEFAF70CFE12
S3150802DB60054601463046FAF7C7FD2846DBF7DEFBCF
S3150802DB70EDE7F7B506460C461D461746002A3ED07F
S3150802DB806A4648213846FBF7A3F901281AD10098B4
S3150802DB9020636A464C213846FBF79AF9012818D1C0
S3150802DBA0009BA3851B0C84F82E306A464D21384605
S3150802DBB0FBF78EF901281BD19DF8000084F83C007A
S3150802DBC003B0F0BD482229463046EDF744FF0190DE
S3150802DBD0DEE729463046FFF7CDFEC0F3072384F871
S3150802DBE02C00C0F3074084F82D3084F82E00DCE7B9
S3150802DBF04D2229463046EDF72EFFC0B2DEE719461A
S3150802DC00FFF7B8FEC0F3072384F82C00C0F30740D9
S3150802DC104D22294684F82D3084F82E003046EDF739
S3150802DC201AFF4822019084F83C0029463046EDF74F
S3150802DC3012FF2063C4E72DE9F04FADB0044608464B
S3150802DC40ECF7C5FBB4F848300646C3F30E03012BBE
S3150802DC500DD994F83C30022B00F0A480082B0BD087
S3150802DC6008D8012B40F29E80042B00F09B802DB031
S3150802DC70BDE8F08F102BFAD10CA8EFF79CF808AF85
S3150802DC80002120460CAAECF711FA3946204604AAC6
S3150802DC90FFF7A0FED4E914231A440092D4E910121D
S3150802DCA00846FAF7B3FED4E914231A440092D4E9D3
S3150802DCB0101205461046FAF7A9FE024697E803002F
S3150802DCC017AB83E80300049B30460CA904F12C0B1E
S3150802DCD0CDE91552ADF86430EFF784F85846FAF7ED
S3150802DCE04EFD05460028C2D01CA8EFF764F80DF1D0
S3150802DCF0280A002120461CAAECF7D8F951462046E4
S3150802DD0005AAFFF767FED4E914231A440092D4E958
S3150802DD101012E868FAF77AFED4E914231A44009234
S3150802DD208146D4E910122869FAF770FE2F688046F0
S3150802DD30002F00F015815021384606AAFBF7C8F8CD
S3150802DD40012840F0EF80069824905221384606AA08
S3150802DD50FBF7BEF8012840F0EC80069BADF88C3044
S3150802DD601B0C8DF88E305321384606AAFBF7B0F8FD
S3150802DD70012840F0ED809DF818008DF8AC0027AB1D
S3150802DD809AE8030083E80300059B30461CA9CDE9FF
S3150802DD902598ADF8A430EFF725F829465846FAF73C
S3150802DDA0F5FC9EE70CA8EFF7CBFB002120460CAA50
S3150802DDB0ECF715F9302200212046EDF74CFE00213A
S3150802DDC080461C902046FFF7F7FD002100EB080568
S3150802DDD02046FFF7F8FD002100EB08072046FFF76B
S3150802DDE0E4FD002181462046FFF7D8FDD4E917C293
S3150802DDF094F83C3000EB080E022B60D1E3691899BF
S3150802DE0003EB5103A3EB0E03013BA16908930A93A3
S3150802DE10236A0D44DB1BA5EB5C0503EB520309954C
S3150802DE200B9302AD284608A9F9F76FFF95E8030098
S3150802DE3013AB83E8030028460AA9F9F766FF95E8B3
S3150802DE40030015AB83E8030004F12C0930460CA93C
S3150802DE50EFF790FB4846FAF792FC054600283FF48E
S3150802DE6006AF1CA8EFF76CFB002120461CAAECF7AC
S3150802DE70B6F8AB6A6F6A4FEA530894F83C307F08E3
S3150802DE80022B01D0042B45D12B6BDDF820A01F44B1
S3150802DE90AB6BA3EB080BD046002320462A681CA9C5
S3150802DEA0FFF767FE30461CA9CDE923A7CDE9258BE6
S3150802DEB0EFF760FB29464846FAF768FCCDE7042BDC
S3150802DEC009EB080005D16369189903EB510303446A
S3150802DED09AE7012B0DD0A3B100239E46E169099367
S3150802DEE0091A0B9301EB5201AEEB5C0308930A91F4
S3150802DEF097E7636918999E44A36903EB51032B4478
S3150802DF00ECE76369189900EB030E236A03EB5103E6
S3150802DF10DB1BE3E7EB6AA3EB070A099F6B6BBB46BE
S3150802DF209844B9E7482200212046EDF794FD079068
S3150802DF300AE700212046FFF71DFDC0F307238DF8E7
S3150802DF408C00C0F307408DF88D308DF88E000AE7F5
S3150802DF504D2200212046EDF77EFD0790C0B20CE760
S3150802DF6039462046FFF706FDC0F307238DF88C00D5
S3150802DF70C0F307404D2239468DF88E0020468DF8AB
S3150802DF808D30EDF768FD482207908DF8AC003946CA
S3150802DF902046EDF760FD07902490F0E62DE9F04F54
S3150802DFA0A1B00446924610A80F469946DDF8A8B0D5
S3150802DFB0EFF7C6FA10AA00212046ECF710F803225A
S3150802DFC0BAF1000F15D04FF400312046EDF743FDA4
S3150802DFD0002680460C9094F83C30022B67D0082B1A
S3150802DFE012D00FD8012B62D9042B60D021B0BDE81C
S3150802DFF0F08F4FF4A0212046EDF72DFDD0460646B8
S3150802E0000C90E8E7102BF1D10CA92046ECF722FC7C
S3150802E0100CA8F9F76BFE05460CA8F9F76CFE43083F
S3150802E020B3EB550F0CA840F20981F9F75FFE0A25F2
S3150802E030236D0C9A5F43B4F848306F43C3F30E035B
S3150802E040013BB7FBF3F7636D0D9905FB03771C9B41
S3150802E050400801440244C01A94F83C30BAF1000F51
S3150802E06018BF46460025082B4FF480730A920AAC5D
S3150802E0700244C9E900210CBF861B36181A464846CF
S3150802E0800B91019539460094F9F722FE0A9B394607
S3150802E0903344CBF800300B9B5846CBF804304FF488
S3150802E0A08073CDE900451A46F9F712FE9EE730223B
S3150802E0B000212046EDF7CFFC002105460C902046AC
S3150802E0C0FFF77AFC0021431920460293FFF77BFCEF
S3150802E0D00021431920460393FFF760FC00214319E8
S3150802E0E020460493FFF761FC4FF4A021431920460A
S3150802E0F00993FFF753FC4FF4A02107902046FFF738
S3150802E10054FC4FF4A02105902046FFF755FC4FF426
S3150802E110A02106902046FFF756FC089094F83C008A
S3150802E1201C9A0228099B37D1E569069905EB52051F
S3150802E130049AAD1A029A5118A2690A44BAF1000F52
S3150802E14018BF4646B4F848800228C8F30E0808F1F4
S3150802E150FF3838D1474516D0089A039B1344226ADA
S3150802E160D21A87B120460492ECF751FBDDE9023256
S3150802E1701344069A1344089A1344C01A784390FB28
S3150802E180F8F0049A121A013DC9E90052AD1BCBF800
S3150802E1900050CBF8042029E7042865694FEA520C97
S3150802E1A01FD1029A069965445118A2691D440A4468
S3150802E1B0B4F84810BAF1000F28D0C8F10006C1F326
S3150802E1C00E0808F1FF380428C4D0474520D105991E
S3150802E1D0E5690B44ED1AC9E90052CBF800503244FE
S3150802E1E0D7E7012807D10799049A0A441544A26970
S3150802E1F002996244A1E7059A216A9A1815440CEB1A
S3150802E20001020399521A0028D2D097E77642D6E736
S3150802E210002FE0D02046CDE90232ECF7F5FA029B50
S3150802E220049A1A441346079A1344059A1344C01AC1
S3150802E230784390FBF8F0039A0544CCE7F9F75BFDBF
S3150802E240F5E62DE9F04FA9B0B0F848900446C9F3AF
S3150802E2500E09B9F1010F40F28E8090F83C30102B6E
S3150802E26000F08980082B00F08680002608A8EFF7C0
S3150802E27067F94FF4003108AA2046EBF7B0FE18A852
S3150802E280EFF75EF94FF4A021204618AAEBF7A7FE8E
S3150802E29009F1FF330393A36C0021C3F3CE33B6FB14
S3150802E2A0F3F703FB1767636C30460093236C039AF4
S3150802E2B0FAF7ACFBB7FA87FB04F12C0A80465046FC
S3150802E2C04FEA5B1BFAF75BFA054668B1EB6843450A
S3150802E2D02DDC2B6943452ADB27BB4FF400336A68DA
S3150802E2E008A92046FFF745FC06AB5A463146009375
S3150802E2F0204604ABFFF752FEB4F84820149B249933
S3150802E300C2F30E0227B3B2422BD10B4694F83C2035
S3150802E310082A26D0102A24D0022A01D0042A31D16A
S3150802E320E3651EE04FF4A023AA6818A9D9E7204698
S3150802E33008AA4FF40031EBF752FE20464FF4A0210B
S3150802E34018AAEBF74CFE29465046FAF71FFABBE71E
S3150802E350B242DBD02EB994F83C20082A01D0102A02
S3150802E3600CD15046FAF70BFA05465FFA86FB5DB9F9
S3150802E3700136B1458FD829B0BDE8F08F022A01D0FF
S3150802E380042ACDD12366ECE7EB6898450ADB2B69AC
S3150802E390984507DCF7B94FF400336A6808A920469E
S3150802E3A0FFF7E7FB6B699B451DD1EB69BBB1149B74
S3150802E3B0059AD9072A6306D594F83C20022A01D081
S3150802E3C0042A0ED101336B6229465046FAF7DEF962
S3150802E3D00546CCE74FF4A023AA6818A9DFE7249BD1
S3150802E3E0E6E7013BEFE7AB699B45EDD12B6A6BB1DB
S3150802E3F0149B059AAA63DA0706D594F83C20022AE2
S3150802E40001D0042A04D1013BAB62DDE7249BF0E785
S3150802E4100133F9E738B50546ECF7F6F90446284616
S3150802E420ECF7F5F98442B4BF0020012038BD38B5AF
S3150802E43000250C4691F8A030204623F0030381F804
S3150802E440A030C1F89C504FF48071EAF7EFFF102113
S3150802E4502046EAF7EBFF4FF480612046EBF735FAE0
S3150802E4602846D4F741FB1D280CDD2846D4F73CFB89
S3150802E470142300F10A0191FBF3F12046BDE8384066
S3150802E480ECF72FBC0121F8E72DE9F3470C460546C0
S3150802E4905110002B4CD023685B1A23601344013BAE
S3150802E4A0A36083696360036AE36012224FF4403112
S3150802E4B02846EDF7D0FA1322019007464FF4403169
S3150802E4C02846EDF7C8FA1022824601904FF44031E9
S3150802E4D02846EDF7C0FA1122019080464FF44031E2
S3150802E4E02846EDF7B8FA6822814601904FF4403182
S3150802E4F02846EDF7B0FA6922064601904FF44031F4
S3150802E5002846EDF7A8FA034622683744D21B22604A
S3150802E510A26856443244A26062688044A2EB0802AA
S3150802E5206260E2684B441A44E26002B0BDE8F087D2
S3150802E53063685B1A63601344013BE36043692360C3
S3150802E540C369A360B1E708B5FCF7F7FB012803D056
S3150802E550831E58425841400008BD2DE9F04F87B046
S3150802E5600F460446D7F7BEFE0646F8F7A1FA012873
S3150802E57040F0A3803046F8F7C2FA002840F09D80A2
S3150802E580304602A9F8F79EFA0322204602A9ECF7BA
S3150802E5900DFA2046FFF73EFF05468FB194F8A030E4
S3150802E5A0DB070DD4002800F08B80D4F89420029B58
S3150802E5B09B1A002B96F82420B8BF5B4293427CDB59
S3150802E5C0D4F89C8004F13806B8F1000F0ED1204623
S3150802E5D0FFF7B9FF94F8A030012843F0010384F845
S3150802E5E0A03071D804F12C03C4F89C302722D4E950
S3150802E5F00C3700212046FF1AEDF72DFA5FFA80F84C
S3150802E60004902046FFF706FFB8F1010F0CBF8046BB
S3150802E6104FF0000894F84C90002D00F0DB8012228F
S3150802E62000212046EDF717FA0021824613220490AC
S3150802E6302046EDF710FA834604902046ECF7E4F8F4
S3150802E640C14514BFE1696169029BA0EB0A0214BFC6
S3150802E650A1EB0B018A44A2EB0B0214BFCB1AA3EB64
S3150802E6600A0342B102EBD271491007FB031393FB6B
S3150802E670F2F2236B1344D4F89C20D4E90C10B2426C
S3150802E6800CBFE06AA16B8342A8BF03468B42B8BFA0
S3150802E6900B461168994210D01360002D00F0C48011
S3150802E6A04FF400712046EAF7C1FE2046ECF76EFAEF
S3150802E6B0002220212046EBF7F2FD07B0BDE8F08FD5
S3150802E6C0D4F89820039B73E702288FD1D7F70AFE5E
S3150802E6D004A9F8F7F7F90322204604A9ECF766F924
S3150802E6E0272241462046EDF7B6F90190C7B22046E1
S3150802E6F0FFF790FE012F94F84C301DD1F8B9059911
S3150802E700002B57D1D4F888309942FFF66BAFD4F86C
S3150802E710803099424BDCA26FD4F88000D4F8883056
S3150802E720801A00EBD07002EB6002521A002AD4F863
S3150802E7309000B8BF52421CE00028E0D047469F42EC
S3150802E74004992CD1D4F88C308B42FFF64BAF636F09
S3150802E7508B422CDC626FE06FD4F88430801A00EBAF
S3150802E760D07002EB6002521A002AD4F88C00B8BFA5
S3150802E7705242C01A00EBD07003EB60035B1A002BFF
S3150802E780B8BF5B429A421EDD04F12C03C4F89C30E2
S3150802E79094F8A0306FF3410384F8A03026E7D4F842
S3150802E7A084308B423FF71EAFE36F8B42D2DAC4F84E
S3150802E7B09C601BE7D4F8903099423FF713AFA36FDA
S3150802E7C09942F4DBA7E794F8A030C4F89C6043F0BA
S3150802E7D00203E1E7102229462046EDF73CF92946CD
S3150802E7E08346112204902046EDF735F982460490B5
S3150802E7F02046ECF70CF8C14514BFA169216AA0EBC3
S3150802E8000A02039BA2EB0B020DBF8A448B44A3EBBD
S3150802E8100B0AAAEB030A02EBD2735B1007FB0A3355
S3150802E82093FBF2F3226B25E74FF480713AE72DE961
S3150802E830F047BCB00546F9F75CFD04462846EBF7F7
S3150802E840C6FD2722002181462046EDF704F92090CD
S3150802E850C5B22046FFF7DEFD012D074694F84C8027
S3150802E860204622D177B1FCF76DFA06462046EBF729
S3150802E870CEFF824606B3E36A002B1DDAA8451DD1F0
S3150802E880E36B1CE0FCF75EFA06462046EBF7BCFF94
S3150802E8908246002E3ED0E36A002B3BDAB8F1000F1F
S3150802E8A03BD1A36C002501930AE0FCF74BFA064616
S3150802E8B0002FEAD00025D9E7A845E1D1636C009379
S3150802E8C004A8D5F711FD4FF44031204604AAEBF708
S3150802E8D0FFF83B46524669462046FFF7D5FD009BA0
S3150802E8E02046C4F88430019B04F18406C4F88830B3
S3150802E8F0029BC4F88C30039BC4F89030FFF723FEC2
S3150802E90002280CD03246484604A9EEF7D1FE3CB09E
S3150802E910BDE8F087B8F1000FC3D1236CC2E77022B5
S3150802E92004A920A8FBF79BF93246484604A9EEF744
S3150802E930BFFEDFB1A8450CBFE36B636C00933B4691
S3150802E940524669462046FFF79FFD009B7022636781
S3150802E950019B20A9A367029B04A8E367039BC4F84B
S3150802E9608030FBF77CF904F17402CCE7A8450CBFAA
S3150802E970A36C236C0193E2E70A21D0F8803093FB5B
S3150802E980F1F3012BB8BF0123C0F88030E2F73EB994
S3150802E9900A23D0F88020816F5A43C36F002BB8BF71
S3150802E9A05B428B42B8BF0B469342A8BFC0F8802091
S3150802E9B0E2F72CB9426FD0F88010002A13DA5318FE
S3150802E9C0002B10DD5B420B44816F8B4206DD90F80B
S3150802E9D08530DB0709D5914209D1C36F934208D026
S3150802E9E04367E2F713B91346EDE70B46F6E70B461C
S3150802E9F0F6E77047426FD0F88010002A12DD8A4285
S3150802EA0010DA8B1A5B1AC16F8B4206DA90F88530D8
S3150802EA10DB0709D5914209D1836F934208D0436730
S3150802EA20E2F7F4B81346EDE70B46F6E70B46F6E7C8
S3150802EA307047FBF787BFFBF7B9BF10B50C46022133
S3150802EA402046EAF7F3FC2046BDE81040C8224FF4F8
S3150802EA507A71E2F733BA4FF0FF330068C362ECF714
S3150802EA6095B8C162ECF792B808460021D9F724BCDA
S3150802EA7010B54FF0FF330C46CB6220461021EAF759
S3150802EA80D5FC20460821EAF720FF2046BDE81040BB
S3150802EA904FF48061EAF719BF2DE9F041C0B0054687
S3150802EAA0F9F727FC04462846EBF791FC0646694621
S3150802EAB02046EBF7CFFE08A8D5F716FC4FF400312F
S3150802EAC0204608AAEBF704F86A4608A93046EEF784
S3150802EAD0EFFD2046EBF79BFE074604F11400F9F713
S3150802EAE005F9E26AA0EB0708531C5AD043465A4373
S3150802EAF048BFFF321512272200212046ECF7ABFF4A
S3150802EB00D4E905322490C0B2012808BFA8EB05054E
S3150802EB10012F1D443B46B8BF01230592226A013BD9
S3150802EB202B4407924FF4403112222046069304954D
S3150802EB30ECF791FF1322804624904FF44031204689
S3150802EB40ECF789FF1022074624904FF440312046FD
S3150802EB50ECF781FF05464FF44031249011222046F6
S3150802EB60ECF779FF049A2490A2EB08020492069A1B
S3150802EB703A440692059A521B0592079A024424A819
S3150802EB800792D5F7B1FB204624AA4FF44031EAF79B
S3150802EB909FFF304604AA24A9EEF78AFD40B0BDE8D5
S3150802EBA0F0812046EAF7AFFC10F0010F14BF454684
S3150802EBB00025A0E707B51222ECF74DFF03B05DF872
S3150802EBC004FB07B51322ECF746FF03B05DF804FB16
S3150802EBD007B51022ECF73FFF03B05DF804FB2DE9F9
S3150802EBE0F04F8BB0074610468A4690460593F7F7CC
S3150802EBF047FF179B0025C418189B1C44FB6A03FB96
S3150802EC000AFADDE915235646D3180793FA6A02EB80
S3150802EC100A03B34203D820460BB0BDE8F08F7B6BDC
S3150802EC2053F8261003EB8600002947D0A946D7F8E1
S3150802EC303CC0013A5CF825300692069A4A4504D940
S3150802EC4050F804BBBBF1000F1CD10A7812F002027D
S3150802EC5024D10292079A08319B1A0193149B4246C1
S3150802EC60009308A8059BFAF781FC179A099BA9EB5A
S3150802EC7005051344189A2E4413449C42B8BF1C46F1
S3150802EC804D461BE09BF800B009F1010E1BF0010F7F
S3150802EC90DBD05CF82E20F1461344CEE74046F7F760
S3150802ECA0EFFE179B1844189B1844A04206DD4046FF
S3150802ECB0F7F7E6FE179BC418189B1C440136013564
S3150802ECC0A4E7F8B500250C462F46D4E90B32534380
S3150802ECD0AB42606B0CD808B1DAF728FBA06B08B117
S3150802ECE0DAF724FBE06BB0B1BDE8F840DAF71EBBF1
S3150802ECF050F82530AE0063B1586820B1DAF716FB32
S3150802ED00636B9B595F60636B9859DAF70FFB636B0A
S3150802ED109F510135D9E7F8BD10B501230420C1E991
S3150802ED200B330C46DAF7E8FAE063206B8000DAF771
S3150802ED30E3FA8223E26BA06313600360D4E90B3122
S3150802ED405943606B8900DAF7FBFA002360630360B4
S3150802ED5010BD2DE9F3411C46002305460E4698468A
S3150802ED609045236039D1272200212846ECF773FE05
S3150802ED700190C0B20128284636D1ECF70EF923686D
S3150802ED80034423602846EBF73FFD23680021C71A90
S3150802ED902846FFF716FFEB6B381AA06053F828309F
S3150802EDA0C01A206000231F46B74263602FD1002194
S3150802EDB02846FFF70DFF6368034463602846ECF7AD
S3150802EDC0F1F86368181AAB6B606053F82730184479
S3150802EDD00138E06002B0BDE8F081E96B51F828100D
S3150802EDE008F101080B44BBE7ECF7D7F823680021C2
S3150802EDF01B1A23602846FFF7DDFE23681844EB6BCF
S3150802EE00206053F8283018440138A060CAE7AA6B74
S3150802EE1052F8272001371344C6E730B585B0D0E942
S3150802EE2010216B460446FFF794FF0099002911DA70
S3150802EE300123002249422046ECF7F3F8019A002AF8
S3150802EE4015DA012352420021204605B0BDE83040BA
S3150802EE50ECF7E7B82046029DEBF7D6FC8542EDDDD6
S3150802EE602046EBF7D1FC01230022411BE3E72046AB
S3150802EE70039DEBF7CCFC854205DD2046EBF7C7FC84
S3150802EE800123421BDFE705B030BD2DE9F04F8DB0F7
S3150802EE904FF4A0210446FFF78DFE4FF4A0210790F8
S3150802EEA02046FFF78EFE4FF4A02108902046FFF772
S3150802EEB08FFE11224FF4A02183462046ECF7CBFDA4
S3150802EEC05B224FF4A0210B9005462046ECF7C3FDC2
S3150802EED05C224FF4A0210B9006462046ECF7BBFDB8
S3150802EEE05A224FF4A0210B9007462046ECF7B3FDB1
S3150802EEF006224FF4A0210B9080462046ECF7ABFD84
S3150802EF004FF4A0210B90814607222046ECF7A3FD79
S3150802EF10002182460B90236B994208D32046EBF7D1
S3150802EF20BCFC20460DB0BDE8F04FEBF72FBE089BA0
S3150802EF3042460293079B2046CDE90073CDE903B505
S3150802EF4033460991FFF74BFE5045A8BF504609992B
S3150802EF50A36B4845ACBF43F8210043F82190013121
S3150802EF60D9E70121EDF735BA0021EDF732BA7FB5B7
S3150802EF700546F9F7BEF904462846F9F7BEF90646E4
S3150802EF802046EDF723FA302E054606D10022C16A3D
S3150802EF9004B0BDE87040E2F7A9BC0B2E37D1D7F70B
S3150802EFA0A1F910B1037A012B31D0204602A9D2F772
S3150802EFB0B3F995F83030204613F00C0F29D0EBF749
S3150802EFC029FC2722044600212846ECF744FD029B29
S3150802EFD0E20F0190C0B2224401280CBFC3EB6203C0
S3150802EFE003EB620393FBF4F4EE6AD7F77BF924EAA0
S3150802EFF0E474024600B1012221462846E2F776FC6D
S3150802F000B44204D0002220212846EBF748F904B07E
S3150802F01070BDEBF70FFC039C00EBD07304EB6304A3
S3150802F02094FBF0F4E0E7704710B5486B0C4618B14C
S3150802F030DAF77CF900236363A06B18B1DAF776F97D
S3150802F0400023A363206B18B1DAF770F90023236350
S3150802F05010BD7FB590F8642002F001048C4218D0E6
S3150802F060003918BF0121C46A61F3000280F86420DE
S3150802F0706269036DC56D13440093A369D0E9151639
S3150802F0801944019132442B44694602920393EBF7E1
S3150802F09052FD04B070BD07B55A220021ECF7DBFC1D
S3150802F0A003B05DF804FB70B50546F9F726F9044680
S3150802F0B02846F9F71EF90646EDF788F92E3CA4B25A
S3150802F0C0012C05460BD830460021FDF7A7FE284637
S3150802F0D0E2F7CEFC2846BDE87040E2F789BC70BD6F
S3150802F0E090F8643061F3410380F86430704770B574
S3150802F0F090F870300446C3F3C0028A420D462BD0FC
S3150802F10061F3C30380F870306420D1B1D9F710F9DE
S3150802F1106FF040410646E06AEBF7CBFA0022314629
S3150802F120E06AEDF792F88DB16FF040412046EBF7B1
S3150802F130D7FA00232046BDE870401A461946EBF76F
S3150802F140CDBFD9F7F5F82E460146E4E72A4602214D
S3150802F1502046EDF724F8ECE770BD0164704790F895
S3150802F16070305B0702D4C06AFDF7D5BE406B7047A4
S3150802F170C06C70470068E2F73FBE90F87000C0F3B3
S3150802F180C000704738B50446C06AFDF783FF4FF6DC
S3150802F190FF73984205460BD0E06A4FF6FF71FDF7FA
S3150802F1A0B4FEE06A4FF6FF71BDE83840FDF7B0BE1F
S3150802F1B0E06AFDF771FFA842EED138BD73B5C36C9C
S3150802F1C00446002B40D07F2301A9ADF80430E2F7AC
S3150802F1D0F5FE0128054637D1E06AFDF79CFE06468C
S3150802F1E0E16C2A460139FAF750F93146E06AFDF729
S3150802F1F015FE2046FFF7C6FF236B3BB1E06AFDF713
S3150802F2008AFE037813B92046EBF7C0FC94F87030EF
S3150802F210E16C5B070ED501390122606BFAF735F905
S3150802F220656B2846FAF75EFE411C2846DAF788F827
S3150802F23060B16063E16C20460139E2F70BFD0022FA
S3150802F24020212046EBF72BF802B070BDFEE738B551
S3150802F2500446C56C691CE2F7FDFCE36C9D4204D0CA
S3150802F2602046BDE83840FFF7A9BF38BD38B590F843
S3150802F27070300446C3F380028A420D4627D061F3F2
S3150802F280820380F87030B9B1C06AFDF744FE0546BC
S3150802F290606BDAF74BF82846FAF73EFE606300B968
S3150802F2A0FEE72046E2F7A8FD2046FFF76BFF204659
S3150802F2B0BDE83840E2F7DCBBFFF764FF616BE06A42
S3150802F2C0FDF7ACFD606BDAF731F86563EFE738BD39
S3150802F2D0C16C0131E2F7BEBCC16C11B10139E2F76A
S3150802F2E0B9BC704730B585B00446C16C02AAC06A7B
S3150802F2F0E0F7D8F85C2200212046ECF7ACFB05467D
S3150802F3002046FFF7C8FEF7F7BBFB039B054401350A
S3150802F3101D44A36CE06A03950293EBF778FA8542DB
S3150802F3200ADA012202A9E06AFDF7F7FDA56C014691
S3150802F3302046E2F78FFCA56405B030BD30B585B02E
S3150802F3400446C16C02AAC06AE0F7ACF85C22002146
S3150802F3502046ECF780FB05462046FFF79CFEF7F7AA
S3150802F3608FFB039B284401381B1A0393A36C0122C3
S3150802F37002A9E06A0293FDF7D0FD01462046A56C74
S3150802F380E2F768FCA56405B030BD2DE9F7430446EB
S3150802F390F8F7B3FF05462046F8F7ABFF0B2D0446F0
S3150802F3A045D1D6F79FFF10B1037A012B3FD02046ED
S3150802F3B0EBF730FA06462046EBF73CFA694607466B
S3150802F3C02046D1F7A9FF009D06EBD67305EB630528
S3150802F3D095FBF6F57543019E07EBD77306EB6306B5
S3150802F3E096FBF7F64FF000087E432046EDF724F821
S3150802F3F0404501D80F2516E041462046ECF7E9FFBD
S3150802F4000746EBF7C8F981463846EBF7D7F94D4573
S3150802F41010D186420ED1E76200222021204697F8B3
S3150802F4202C50EAF73CFF29462046EBF76EFD03B05F
S3150802F430BDE8F08308F10108D7E70120DCF7E2BA54
S3150802F44010B50020E4F710FF4FF47A73B0FBF3F01F
S3150802F4500138B0F1807F0BD24FF0E0240F216061B2
S3150802F4604FF0FF30E7F77EFE0023A36107232361EF
S3150802F470D8F786FCE3F70AFA00F061FCBDE810400B
S3150802F480E3F77AB908B500F02AFCFFF7D9FF00F0CE
S3150802F4904AFCE3F7B7F9FAE713460422E6F750BC43
S3150802F4A013460422E6F74CBC13460422E6F748BC88
S3150802F4B037B5154604468DF80710C8B141780022BB
S3150802F4C00078FFF7F1FF002261792079FFF7E8FF5C
S3150802F4D02A46A0680DF10701E4F7D2FA054648B9AB
S3150802F4E0207801226178FFF7DFFF284603B030BD96
S3150802F4F00120FBE70220F9E737B5154604468DF8E1
S3150802F5000710C8B1417800220078FFF7CDFF012223
S3150802F51061792079FFF7C4FF2A46A0680DF1070131
S3150802F520E4F7AEFA054648B9207801226178FFF772
S3150802F530BBFF284603B030BD0120FBE70220F9E7EE
S3150802F540F8B50F4616462B21012204461D46FFF73B
S3150802F550AFFF014608B10220F8BD01222046FFF797
S3150802F560CBFF0028F7D1394601222046FFF7C4FF10
S3150802F57001460028EFD101222046FFF7BDFF0028E9
S3150802F580E9D1012231462046FFF7B6FF0028E2D12B
S3150802F5902A2101222046FFF78BFF01460028DAD1ED
S3150802F5A001222046FFF7A8FF0028D4D129460122C6
S3150802F5B02046FFF7A1FF01460028CCD101222046AA
S3150802F5C0FFF79AFF0028C6D1012220469DF8181097
S3150802F5D0FFF792FF0028BED101222C212046FFF711
S3150802F5E067FF003818BF01204000B5E710B504468A
S3150802F5F010B90124204610BDC17800228078FFF791
S3150802F6004BFF3220E8F710FC0122E178A078FFF7D9
S3150802F61043FFC820E8F708FC012220461146FFF7F7
S3150802F62047FF0028E5D1C820E8F7FEFB0122112191
S3150802F6302046FFF73DFF0028DBD17820E8F7F4FBE8
S3150802F640012213212046FFF733FF0028D1D10122D8
S3150802F65020212046FFF72CFF0028CAD101222621A5
S3150802F6602046FFF725FF0028C3D10122082120469C
S3150802F670FFF742FF0028BCD1012234212046FFF7BA
S3150802F68017FF0028B5D1012238212046FFF710FFBF
S3150802F6900028AED10122B1212046FFF709FF002832
S3150802F6A0A7D1012220461146FFF726FF0028A0D13E
S3150802F6B001222C212046FFF71FFF002899D101229B
S3150802F6C02D212046FFF718FF002892D10122C521D5
S3150802F6D02046FFF7EDFE00288BD101220E21204697
S3150802F6E0FFF70AFF002884D10122C3212046FFF72B
S3150802F6F0DFFE00287FF47DAF01228A212046FFF72C
S3150802F700FBFE00287FF475AF01222A212046FFF767
S3150802F710F3FE00287FF46DAF012236212046FFF75B
S3150802F720C7FE00287FF465AF012208212046FFF7AD
S3150802F730E3FE00287FF45DAF01223A212046FFF757
S3150802F740B7FE00287FF455AF012205212046FFF7B0
S3150802F750D3FE00287FF44DAF204601222921FFF768
S3150802F760A7FE044600287FF444AFC820E8F75CFBEE
S3150802F77040E77047704770477047704708B5E3F728
S3150802F780BFF900F0D6F9BDE80840E3F7ADB970470E
S3150802F79008B5E3F725FBE3F7D9FBE3F79BF9BDE8E1
S3150802F7A0084000F051B808B500F010F800F00AF861
S3150802F7B0BDE80840E3F722B97047704770477047BB
S3150802F7C070477047E3F72CB9E3F77EB90F20704705
S3150802F7D070B5002506462C46052C20D8DFE804F02D
S3150802F7E003070B0F13175B210820E3F75FFB0C21B6
S3150802F7F00820E3F75BFBD1210820E3F757FB8021BA
S3150802F8000820E3F753FB00210820E3F74FFB6C1CA3
S3150802F8102946E4B208202546E3F748FB0624A4F164
S3150802F8200E03012B05D85A210820E3F73FFB0134C2
S3150802F830D2E7102C05D1BDE870405D210820E3F718
S3150802F84035BBB31F195DEFE708B5082000F025F8A8
S3150802F850BDE80840082000F02BB807B5012320F0C0
S3150802F8607F4040EA8170019068460093FFF7B0FF37
S3150802F87003B05DF804FBFEE700239A4200D1704705
S3150802F88010B550F8234041F8234001339A42F8D183
S3150802F89010BDFEE70023036070474FF06042012364
S3150802F8A0D2F8001E83400B430020C2F8003E704780
S3150802F8B04FF060410122D1F8003E824023EA02035A
S3150802F8C00020C1F8003E704710B588B00C460E9964
S3150802F8D0009207910D99024606919DF830100591FE
S3150802F8E00B9904919DF8281003910021CDE9013165
S3150802F8F008462346E3F70CFC08B010BD10B588B0DD
S3150802F90004460E98009207900D98224606909DF896
S3150802F910300005900B9804909DF82800039000206B
S3150802F920CDE901300B460121E3F7F2FB08B010BD21
S3150802F930F0B585B00446857A90F808E0477AC27A27
S3150802F94090F80CC0467BE37B807B8DF8085084F8E0
S3150802F95044200D4684F845308DF800E08DF801C044
S3150802F9608DF804708DF805608DF809008DF80C2065
S3150802F9708DF80D30002938D0257FE5B92A460421AD
S3150802F9806846E3F7FFFA2A46012101A8E3F7FAFADD
S3150802F990A37F0421012B94BF2A46012202A8E3F77A
S3150802F9A0F1FAE37F23B90122042103A8E3F7EAFA6D
S3150802F9B0002005B0F0BD002201216846E3F7E2FA0D
S3150802F9C0042100220DEB0100E3F7DCFAA37F0221F2
S3150802F9D0012B94BF0022012202A8E3F7D3FAE37FA0
S3150802F9E0002BE5D101220221DFE70A4668460221F9
S3150802F9F0E3F7C8FA2A46022101A8E3F7C3FAA37F66
S3150802FA000221012B94BF2A46012202A8E3F7BAFA79
S3150802FA10E27F002ACCD11146C7E710B50446002179
S3150802FA20E5F7FAFC2046BDE810400521E5F7F4BCE7
S3150802FA3010B504462320E7F751FB30B994F8543041
S3150802FA40002BFBD005E0E3F733FD94F85430002B86
S3150802FA50F9D010BD70B5054614460E4600F0EBFE09
S3150802FA602B685C4034405C402C60BDE8704000F076
S3150802FA70DDBE08B500F0E6FABDE808400021E4F765
S3150802FA80A1BB0029CCBF01210021E4F79BBB0221BF
S3150802FA904FF42070E5F758B870477047436D0B422C
S3150802FAA0FCD1704708B54368DA0714D58368DB07C3
S3150802FAB002D50369D90707D50A2350218363FFF7BD
S3150802FAC0EDFF836C9A07FCD1012200F500535A60B8
S3150802FAD043689B07FCD408BD836C5B06FCD541646E
S3150802FAE07047836C5A06FCD54164836C1B06FCD5A9
S3150802FAF0C06B80B2704770B5054614460E4600F0D4
S3150802FB009AFE2B685C4034405C402C60BDE870402D
S3150802FB1000F08CBE70B5054614460E4600F08BFE04
S3150802FB202B685C4034405C402C60BDE8704000F0B5
S3150802FB307DBE00F000B800207047E7F7D1B8D0F8CC
S3150802FB40A0301B689A6C120643BFDB6B00200B7051
S3150802FB501B20704738B50446D0F8A0301D68AB6C38
S3150802FB605906FCD5002394F8A9101A4694F8A80059
S3150802FB70E6F7E6F8002394F8AB101A4694F8AA00BA
S3150802FB80E6F7DEF894F8B030DA0707D5002394F8DA
S3150802FB90AD101A4694F8AC00E6F7D2F894F8B030ED
S3150802FBA09B0707D5002394F8AF101A4694F8AE00BF
S3150802FBB0E6F7C6F8042205F50053002128461A6519
S3150802FBC0E5F72AFCD4F8A40000F051FE002038BD5F
S3150802FBD008B5D0F8A0301868FFF77EFF002008BDE8
S3150802FBE0FEE780F89510704790F89500704737B58C
S3150802FBF092F85430144633B1936D0BB1D06D9847D1
S3150802FC00002384F8543094F896301BB32046E7F75D
S3150802FC104DFCF8B1236E132120465B6898471025E0
S3150802FC20236E20461B680DF10701984778B99DF89F
S3150802FC30073003F0FD02112A05D1A3F1110253423E
S3150802FC40534184F89C30013D15F0FF05E8D1204662
S3150802FC50E7F7BCFC002084F8540003B030BD70B549
S3150802FC6090F8943005460C46C3B10B69B3F5006F9C
S3150802FC7016D800F0E9FD95F88C30064665614BB159
S3150802FC80214605F19000E3F789F8304600F0D7FDE2
S3150802FC90002070BD2046E7F75FFCF6E70E20F8E77E
S3150802FCA02120F6E738B548B10024056800F0CCFDF6
S3150802FCB0C5E9164400F0C3FD204638BD2220FCE7FC
S3150802FCC07047704708B5FFF759FDFFF761FDFFF763
S3150802FCD06AFDFFF771FDBDE80840FFF76EBD08B57E
S3150802FCE0FFF7EEFFE7F768FAE7F76EF9FFF725FF82
S3150802FCF0E7F780F9E8F75EF8FFF7E3FF00F007F8A1
S3150802FD00FFF745FDBDE80840FFF7DCBF704708B5B9
S3150802FD10FFF730FDFFF72FFDFFF72EFDFFF72DFD4D
S3150802FD20FFF7F4FF08BD08B5FFF748FDFFF747FDE3
S3150802FD30FFF746FDBDE80840FFF743BD704708B523
S3150802FD40E8F7CEF9BDE808400120E8F7FBB9024416
S3150802FD500346934200D1704703F8011BF9E770473F
S3150802FD6070470A44431E914200D1704710B511F8F4
S3150802FD70014B914203F8014FF9D110BD2DE9F04725
S3150802FD801F468E6882460C46BE4290460B682DD8A0
S3150802FD90B1F90C2012F4906F26D06569096905EB52
S3150802FDA04505A3EB01097B1C05EBD5754B446D1084
S3150802FDB09D4238BF1D46530527D52946E8F786FCD6
S3150802FDC0064660B34A462169FFF7CBFFA38923F4A7
S3150802FDD0906343F08003A38126614E446561A5EBD7
S3150802FDE0090526603E46A560BE4200D93E46324611
S3150802FDF04146206800F08FF8A36800209B1BA36089
S3150802FE00236833442360BDE8F0872A4600F0ABF83E
S3150802FE1006460028E0D121695046E8F7EBFB0C2399
S3150802FE204FF0FF30CAF80030A38943F04003A3819C
S3150802FE30E9E72DE9F047164698468A6807460B69A8
S3150802FE400C46DDF820909342B8BF1346336091F80A
S3150802FE5043200AB1013333602368990642BF3368E7
S3150802FE6002333360256815F0060506D104F1190A2E
S3150802FE70E36832689B1AAB422BDC94F8433022685B
S3150802FE80003B18BF0123920630D404F143024146CF
S3150802FE903846C847013023D023681A3454F80A2C46
S3150802FEA003F00603042B0ABF54F80E5C00253368D8
S3150802FEB04FF0000608BFED1A54F8123C08BF25EAAF
S3150802FEC0E5759342C4BF9B1AED18B5421AD10020B4
S3150802FED008E00123524641463846C847013003D155
S3150802FEE04FF0FF30BDE8F0870135C1E7E1185A1C2B
S3150802FEF030200233224481F8430094F8451082F8F0
S3150802FF004310C2E70123224641463846C847013014
S3150802FF10E6D00136D9E7884210B501EB020402D9C8
S3150802FF208442234607D8431EA14208D011F8012B62
S3150802FF3003F8012FF8E7024401468A4200D110BDB0
S3150802FF4013F8014D02F8014DF7E7C9B20346024418
S3150802FF5010B59342184601D1002003E00478013314
S3150802FF608C42F6D110BD2DE9F041804615460C4665
S3150802FF7021B91146BDE8F041E8F7A8BB2AB9E8F766
S3150802FF8039FB00242046BDE8F08100F01AF88542C4
S3150802FF90064602D8B5EB500FF4D829464046E8F78C
S3150802FFA095FB07460028ECD0B5422A46214628BFCB
S3150802FFB03246FFF7D6FE214640463C46E8F71AFB8C
S3150802FFC0E0E751F8043C181F002BBCBF0B58C018B9
S3150802FFD070470000014B1868704700BF9C3C01201F
S3150802FFE00A4B1B6F03F00703013B032B03D8DFE819
S3150802FFF003F00A030608FEE7054B18687047054B27
S31508030000FBE7054870470548704700BF0080005066
S315080300109C3C0120A43C012080D54302002D3101DC
S3150803002008B5FFF7DDFF054B1B6FC3F30333013336
S31508030030B0FBF3F0024B186008BD00BF0080005008
S31508030040983C01200048704700B4C4040048704730
S31508030050002D3101014B1868704700BFA43C0120ED
S315080300600048704780D543024FF40022184B5A665E
S315080300704FF0B4439868C0F304400C280AD8DFE865
S3150803008000F00B0909090909072119091B1D1F0096
S3150803009010487047002070479B6803F04073B3F11C
S315080300A0807F11D0B3F1007F10D00B4A002B08BF15
S315080300B0104670470948704709487047094870470A
S315080300C009487047094870470948704709487047FF
S315080300D000900050405DC60000093D00C0EA2101BA
S315080300E080BA8C010048E801005A62020024F40031
S315080300F080841E0040420F00014B1868704700BFFA
S31508030100A03C012008B50A4A127852B107280AD832
S31508030110084A02EB00131B7B3BB1E6F779FB002089
S3150803012008BD0548FCE70548FAE70548F8E700BFB0
S31508030130EA3B0120DC290120028000F0018000F05F
S31508030140078000F010B50B4A0C46127862B10728EF
S315080301500CD859B1084A02EB00131B7B43B1E6F7E7
S3150803016073FB2070002010BD0448FCE70448FAE737
S315080301700448F8E7EA3B0120DC290120028000F065
S31508030180018000F0078000F010B50B4A0C46127880
S3150803019062B107280CD859B1084A02EB00131B7B36
S315080301A043B1E6F773FB2060002010BD0448FCE763
S315080301B00448FAE70448F8E7EA3B0120DC2901206A
S315080301C0028000F0018000F0078000F010B50446B5
S315080301D020B94FF4D8711248FFF75BFB23782BB18C
S315080301E0012B17D0022B18D0032B05D140F2FF732E
S315080301F06278D340DB0704D440F2B3110848FFF70B
S3150803020048FB0122637821789A4030235943054BEA
S315080302105A5010BD40F2FF13EAE743F6FF73E7E7C8
S31508030220C25A030840D00350034B5A68D20702D573
S31508030230DA69002AF9D1704700C00A5038B9064B63
S315080302405A68D20702D59A6D002AF9D170478C21CC
S315080302500248FFF71EBB00BF00C00A50FB5B03083A
S3150803026010B9044B5964704740F2C7110248FFF7A7
S3150803027010BB00BF00D00A50FB5B030810B9044B40
S315080302805964704740F203210248FFF702BB00BFD7
S3150803029000E00A50FB5B030810B9044B1964704766
S315080302A040F23F210248FFF7F4BA00BF00E00A50C4
S315080302B0FB5B030808B510B9044B186C08BD044862
S315080302C040F27A21FFF7E5FA0020F7E700C00A5063
S315080302D0FB5B030838B504460D46FFF7AFFF14B9B1
S315080302E01DB1012D04D0002001E0034BD86C38BDA5
S315080302F0014B186DFBE700BF00C00A5070B50646F0
S315080303000D461446FFF79AFF16B915B1012D03D00A
S3150803031070BD034BDC64FBE7014B1C65F8E700BFC4
S3150803032000C00A5070B50D4608B3036813F4E07F9E
S3150803033003F03F06C3F3821212D0012A12D0022A0F
S3150803034015D10C4C9B0603D591210B48FFF7A1FA4F
S3150803035055B104F5805401230020B340236070BDD2
S31508030360064CEFE7064CEDE704F50054F3E70E20D9
S31508030370F5E700BF6C800050185A030864800050E4
S315080303806880005030B50E4C416123688BB92060F4
S3150803039083600DE0891A9A681D4641616AB113465E
S315080303A05A698A42F6D935B1A860521A83605A61E6
S315080303B030BD0025F4E72060F7E798608260F7E729
S315080303C0682A01200D490B68A0B10022A3B1834214
S315080303D003D1836822B90B6003E01A469B68F5E7E5
S315080303E0936083680BB9002070475A6941690A44C8
S315080303F05A61F8E72220704702207047682A0120CD
S3150803040038B500F0A7F90025084B094C1A68236884
S31508030410C31A2AB123B15169994203D3C91A51613F
S31508030420206038BD55615B1A9268F2E7682A012095
S31508030430642A012038B5154D2B682BB35B69A3B124
S31508030440134A022014681C4400F0B5FA204600F04B
S3150803045095F900230F492A680B7022B1D0888007C3
S315080304600AD501230B70002038BD022000F0A3FA39
S31508030470022000F0CDF9ECE79268002AF3D0506920
S315080304800344012BEAD9EEE72220EDE7682A012087
S31508030490642A0120F93B012070B516469DF81420FD
S315080304A0C0E903360271049ABDF8183002600022C7
S315080304B004460D468260C380EEB900F04BF9284422
S315080304C0A0619DB12E4600F0B6F90546FFF798FFE1
S315080304D031462046FFF756FF104B1B68A34201D14E
S315080304E0FFF7A8FF284600F0A1F902E0E368656173
S315080304F07BB9002070BD00F02DF93044A061002DB2
S31508030500E0D1E3686561002BDDD020462168984772
S31508030510D9E7204621689847EBE700BF682A0120F8
S3150803052038B5044618B300F086F90546FFF768FFA1
S31508030530104B1868A04209D02046FFF743FF04462C
S3150803054080B1284600F072F9204638BDFFF73AFF16
S3150803055004460028F5D1FFF76DFF222802D10220B1
S3150803056000F044F9284600F061F90024ECE7222458
S31508030570EAE700BF682A012038B50C460546A8B144
S31508030580A1B100230B7000F05FF90121084B1B682A
S3150803059033B900F054F9002038BD9D4204D12170C7
S315080305A02278002AF9D0F4E79B68F1E72220F3E7DB
S315080305B0682A012070B500F047F9064600F0CAF824
S315080305C0084B044601201D6800F0E0F918B100F055
S315080305D0C1F804460135304600F031F9204629466C
S315080305E070BD00BF702A012038B50021044640F2C9
S315080305F0E730054B4FF47A721D680023E5FB0401C7
S31508030600E7F712FE38BD00BF6C2A01202DE9F8432F
S31508030610C207044607D54B4A136801331360FFF72D
S31508030620EFFEFFF707FFA30740F18A8000F00CF9F6
S315080306304FF0000805464646FFF7E2FE424F3C6880
S315080306400CB16369A3B10022404B012E1A7003D182
S3150803065018F0020F18BF1E70FFF7ECFE222802D10E
S31508030660022000F0C3F82846BDE8F84300F0E7B8CF
S3150803067023465A693AB91A792179914288BF1C46A1
S315080306809B68002BF5D1284600F0D9F82569DDB11A
S3150803069000F060F8A269A0EB02084FEAE873A845E0
S315080306A073F1000311DB23691344A361E36813B1F0
S315080306B0204621689847B4F8068000F0C5F8013645
S315080306C00546FFF79DFEBAE7A84600F0BDF8814642
S315080306D02046FFF777FE484600F0B1F82369002B5A
S315080306E0E4D0B5EB08054FEAE87363EB4303012D42
S315080306F073F1000304DA40F247611548FFF7C9F8B6
S31508030700A38B33B1E28B13449BB2B3F57A7F0FD233
S31508030710E38300F099F8804629462046FFF732FE20
S31508030720A369226940461344A36100F088F8BDE72C
S31508030730A3F57A73E383A369013D013BA361E8E764
S31508030740BDE8F883702A0120682A0120F83B0120B6
S31508030750005F030808B5FFF767FD014B986908BDF5
S3150803076000C00A5007B5044B01A9187900F077F8B9
S31508030770019803B05DF804FB885D0308F8B50446E1
S3150803078000F059F80746FFF74FFD154B9D6900F032
S315080307900EF906460020FFF78DFD830704D4731B65
S315080307A0032B01D8AE420FD10021631B022B98BF3E
S315080307B0EC1C0846B4F1FF3F2CBF2246621EFFF726
S315080307C09DFD022000F0F7F8384600F02FF8054B98
S315080307D01A7822B10121044A916400221A70F8BDDD
S315080307E000C00A50093D012000D00A50830700F0D3
S315080307F0010106D50123044A41F002011370034A95
S3150803080093640020FFF73ABD093D012000E00A5032
S31508030810830742BF0222014B1A64704700D00A506D
S315080308204FF4004070474FF47A70704710B962B6B8
S31508030830BFF36F8F7047EFF3108072B6704780F37C
S315080308401188BFF36F8F7047EFF31180302383F35B
S31508030850118870470123816480F85430704709B1C1
S3150803086000F008B8222070470121FFF75BBD00217D
S31508030870FFF758BD70B506460D46FFF7E5FF044674
S31508030880202E59D8DFE806F0111A581F22255828B2
S315080308902B582E58313458373A3D584058435855F3
S315080308A058465849584C584F5200FFF799FB0026AB
S315080308B028602046FFF7C3FF304670BD4FF4C0706B
S315080308C0E3F7D2FCF3E74FF42070F9E74FF44070EF
S315080308D0F6E74FF46070F3E74FF40070F0E74FF470
S315080308E08060EDE74FF44060EAE74FF4C060E7E75E
S315080308F04FF4F060E4E74FF4B060E1E74FF4D060FB
S31508030900DEE74FF41060DBE74FF4E060D8E74FF417
S31508030910A060D5E74FF41860D2E74FF42860CFE715
S315080309204FF48070CCE74FF42060C9E74FF4486072
S31508030930C6E74FF40860C3E700202126B8E700237B
S315080309400B707047F0B587B01F4600230D46164651
S3150803095004468DF81730A8B1C3610DF11701FFF7E7
S315080309600BFE9DF817207AB9BDF834302946029351
S315080309709DF830302046CDE900733346FFF78CFDEA
S3150803098007B0F0BD2220FBE70320F9E710B50446BC
S315080309900020FFF78FFC012C04D0022C05D1C0F3ED
S315080309A0400010BD00F00100FBE70020F9E7002135
S315080309B00846FFF78FBC00F00101830748BF41F0E3
S315080309C002010020FFF74CBC38B5FFF73DFF04468C
S315080309D00020FFF76FFC830700F0010548BF45F0C9
S315080309E0020500F003010020FFF756FC2846FFF72F
S315080309F00DFE2046BDE83840FFF721BF0000000082
S31508030A00F8B500BFF8BC08BC9E467047F8B500BFEA
S31508030A10F8BC08BC9E4670476F626A000000000077
S31508030A20C18E010873980108139501080000000098
S31508030A30180A03088200000082000000CA020000A8
S31508030A4010004000000402041000100040000004D7
S31508030A5008104000010000E0010000E0010000E08A
S31508030A60010000E080808081818282838485868775
S31508030A70898A8C8D8F91939597999B9EA0A2A5A7FA
S31508030A80AAADAFB2B50055AAFF0011223344556685
S31508030A90778899AABBCCDDEEFF0000007D610008CC
S31508030AA0F55F0008000000001000000003000000C6
S31508030AB000FF0100C00A0308000000000000000050
S31508030AC0641D030874180308D0170308D40A030817
S31508030AD010000228E40A03082F17030891160308CF
S31508030AE03D31000000010000000000000001000085
S31508030AF002000000000200000000000000000000E1
S31508030B0000000000000001000000000000000000D3
S31508030B100000000000010A0006FB00000000F4F3D1
S31508030B20020B0504F7020B01090207000000000087
S31508030B300000000000000D02FE0000000000000097
S31508030B4000000000000400F90000000000FC040493
S31508030B500000FE00FE0200FE00FEFFFC000000008F
S31508030B60FE0000FDFD0000FE00FC00000000000082
S31508030B70000000FEFE00FD00FA00E50000FC00048C
S31508030B80070000FC02020704FC040000F30000004F
S31508030B900000000000000000F8000000000000004C
S31508030BA000000000000000FAFDF500F7FE00000053
S31508030BB000000900F9FEFF0100FC0000FEEF00003B
S31508030BC0000000000000000000EEFE09000000001F
S31508030BD00000000000000000F7000000000000000D
S31508030BE00000000700020000FC00000000000000EF
S31508030BF000000000000000000000090201000000D8
S31508030C0000000000000000000000000000000000D3
S31508030C1000000000000000000000000000000000C3
S31508030C2000000000F80000000000000000000000BB
S31508030C30000000000000000000000002040207FE96
S31508030C40000004FEF9E102060400FD00080007009F
S31508030C500700EB00FD070007FE0402000001FE0083
S31508030C6000FC12001200070009030407000000F83D
S31508030C700000000001FE0002FCFDFC0200FE00006D
S31508030C8000F70000000000000000000000F100006B
S31508030C900000000000000000000000000001F4004E
S31508030CA0F200000000FE0016FDFD0202FE00FD0232
S31508030CB00000F40000000000000000000000EA0045
S31508030CC002000000000000000000000000F2000D12
S31508030CD00000F8000700F1EAF1FC070000F1000341
S31508030CE0FB00FD00000000000000000000000006F5
S31508030CF007E50000000000000000000000000B00EC
S31508030D000200000000000202FDFC00FFFFFE0000D7
S31508030D10FE000000FC00FE00FBFC00FAF9F9FC00EB
S31508030D20FC00FC00000000FE0000020002FE0001B9
S31508030D3000000002FE000000FE0202FF000000FCA5
S31508030D4000FF0000000000010003FE00FD00FC0098
S31508030D5000FE00070000FE0000000000FF01FEFE83
S31508030D600000FE00FE000000000000000000FFFF78
S31508030D7000FEFD0000000000010000FE00FEFEFE6E
S31508030D80000000000000000000FF00000000FEFD58
S31508030D9000FD00F9FEF9040000FC02040600FAFF50
S31508030DA0FD00FFF502FE02F402000001F400F4FE62
S31508030DB0EDFE00F50004060003000000000000FC39
S31508030DC0FD00F9000000FE000000FE000000000020
S31508030DD0FFFF00FFFD00000000000000FEFE00FE0E
S31508030DE0FDFE0000FE0000000000000000000000F9
S31508030DF0FEFE00FD00FE00FC020000FD01020200EB
S31508030E000000000000FE0000000000020000FE00D3
S31508030E10FEFEFD000000000000000200FE000000C8
S31508030E2000FEFD00FC0007FE01F9000006F5F4F7D5
S31508030E30FC0200FEF1FC00FC00FC03FCF200FA00D5
S31508030E400001FF02FE000200F9F700F5FBFBFBF9C0
S31508030E50FDFA00FCFA01000100FE00000002000290
S31508030E600000000000000000000000FE00FF00FF75
S31508030E70FE00FCFBFBFF00F9000000000000FE007B
S31508030E8000000001FF00000002000000000000004F
S31508030E90000B00000000000002000000FE00000036
S31508030EA00000000000000000FC0002000000000033
S31508030EB00000000000000000FE000000FC00000027
S31508030EC000F5F9000000FDF50000FE0200FA000037
S31508030ED00000000000000000FC0000FC0000000009
S31508030EE000000000000000000200FC0000000003F0
S31508030EF00002FCFC00FEFEFD000000000000F900F5
S31508030F00FE00FDFE00FBFAF9FE00FC00F9000000F6
S31508030F1000120000010000FD000200F600000000B8
S31508030F2000EBFC0707FEF70002FD00F5FFFD02F0E4
S31508030F30FE030003F8FDF8F9F70000F3000D0000BF
S31508030F40FF000000FFFFFEFAF900EB0000000000B7
S31508030F50000000000100000000000000000000007F
S31508030F600000000000FE00FFFEFD0000FC00FE007E
S31508030F700000000000000000000000000000FF0061
S31508030F80FC000004FF0300FB02FEFFFAFE00FDFE61
S31508030F90FE00FDFC0000FEFFFEFCFD0000FE000255
S31508030FA0FE00FB000000FC00FC00FCFC0200000045
S31508030FB00000000000FC0200FD00FEFDF9FEFEFE37
S31508030FC0FFFEFDFF0000000000FEFEFE000000001D
S31508030FD003FE00FE000000FEFDFEFEFDFE00020904
S31508030FE0FF00FA00FE0400FEF7FD030000F5FC020D
S31508030FF0FC0200FEFEF900FD010000FC00000002F1
S3150803100002FCFC00FCFEFDFEFE00FC01FCFC0700E6
S3150803101000000000000000000200000000000000BD
S3150803102000000000000000000000000000000000AF
S31508031030FC000000000000000000000000000000A3
S31508031040000000000000000000000000000000008F
S31508031050000000000000000000000000FE00000081
S31508031060000000000000000000000000000000006F
S3150803107000000000000000000000FEFE0000000063
S315080310800000000000000000FD0000FD0000FEFE59
S3150803109000000000FE00000000FF0000000000FE44
S315080310A000000000FD00FC000000F90002FB04003C
S315080310B0FEF50000FBFE00F7FAFA0000F6FEF7F766
S315080310C0F500FA00020FFD00FBFEFFFEFCFAFCF832
S315080310D0F7FBFE0000FE00010000F0FE0705FBF823
S315080310E00001F900F5FEFE04EBFD010000F1FDF435
S315080310F0FEF00000F0000D0100FE00000000FFFEF8
S31508031100F7FE00F100000000F900FE00FFFAF50003
S3150803111000FFFDF9FE00FE00000000F6FEF9F9FEE9
S31508031120FCFAFEFC00FCFEF9FD00FDFCFEFC0001DA
S3150803113000FEF9000400FC00000000030002FC099D
S3150803114000FEFEFD000000000000F900FE00FDFEA3
S3150803115000FBFAF9FE00FC02090000000012000079
S31508031160010000FD0002000000000000000000006E
S3150803117000000000FEFC0000000000FF000000FE67
S31508031180FE0000FCFE0000FC0004FF000000000057
S31508031190000100000000030402FE00F9FC0007F941
S315080311A0F9FCFC090402EDFE04FE00FE02FEF8004B
S315080311B0FE02FDFEF9FE0000070400FA00F4FD0630
S315080311C0FDF701FDF9F9FE090200FD00FA00020721
S315080311D0FBF8F7FA070001F0FE02FCFEFB00FBF83A
S315080311E0FDFDFE0000FBFBFE000705FEF400F4FD13
S315080311F000F8F3FFF9FCF9FA060000FD00FCFE000F
S31508031200FEFC0004F9020000F400FEFBFCFEF9FAFA
S31508031210F9FB00F9FEFBFCF9FE0000010BFC00F9E3
S31508031220FE00FEFCFBFAFAF7FDFC0400FD00F5FDE3
S315080312300104F9F8FCF907FE01EBFC04FBFCF800D2
S31508031240F9F7FDFEFEFEFBF9FF00000706FEF100B7
S31508031250F3FB05F7F1FCF8F7F5F90400000000FDC8
S31508031260000002FD0402FC040000F9FF00FF000170
S3150803127001FE000000000000FE0000000002070057
S3150803128000FD00000000FEFEFD0000000102000054
S3150803129000000200FE000900040101FD000400002D
S315080312A0000200000000000000000000000700061E
S315080312B00000000000000000000000000000F3002A
S315080312C0FE04000700001603FCFC0202FE01F500FB
S315080312D0000BF30000000000000000000000F10905
S315080312E01F000000000000000000000000F30000DB
S315080312F000000000000000000000000000000000DD
S315080313000000000000000000FC0000FCFE000000D6
S3150803131000000000000000000000000000000000BC
S31508031320FE00FA0000010000021DFCFE0706FA0291
S3150803133000000202FD00000000000000000000009B
S31508031340E3060000000000000000000000000000A3
S31508031350000000FA000000FA00000000FBFF00008E
S3150803136000FB00FD00F5000000000000000000007F
S3150803137000F10000000001000000000000FE00006C
S31508031380FC00FD00FA000000FC02FD0000FAFEFB6B
S315080313900000FA00FE00F500FE0000EEFCF7FEF87A
S315080313A00000F100FAFF0000000000000000FDFC49
S315080313B0FEFC00000000FB00FB03FE0400FEFBFE30
S315080313C0FCFC00FDFFFE02FAFF000000ECFEFD0038
S315080313D0FB00FEF5FE0000FEFE000000000200FE14
S315080313E0FCFE0400000000000000000000000000EE
S315080313F000000000000000000000000000000000DC
S3150803140000000000000000000000000000000300C8
S315080314100000000000FB00FE000000FC02000000C4
S31508031420FAFEFC0000FA00FE00F500000000EA00E0
S31508031430FCF8F50000F100FEFD00000000000000C6
S3150803144000FEFDFFFD01000004FD00070BFEFEF98B
S31508031450030B0405FA03090306050600000000004A
S315080314600000000000000E0BFCFE00FE120A12002C
S315080314700000020000080000FC0000000000000055
S315080314800000FE000000000000000003000000004A
S31508031490EDFDFEF7F50000F1000000000000000076
S315080314A0000000000000000000FC0000000000002F
S315080314B0000000FE0000000000000000030000001A
S315080314C000EDFDFEF7F50000F70000000000000040
S315080314D0000000000000000000000000FE000000FD
S315080314E0FB0200FE020402F90000FE0200020000ED
S315080314F00000FA00FEFEFC00FEF7000EFE00FBFEEF
S3150803150000FEFC00FEFAFCFD000000FC00000000E3
S315080315100000000000FE00000000000000000300B9
S31508031520000000EDFDFEF7F50000F10000000000E5
S31508031530000B00000000000000000000FC00F9FD9D
S31508031540FE07FEFEF701FF01FEFA0005000201028F
S31508031550FBF7FD00F7FCFAF7F700FCFCFDFDFEFEC2
S31508031560FDFE00FEFF030003FE0007000000000067
S3150803157000000000000000FEFEFE0000FA00FF0067
S31508031580FC0000000000000000000000F30000005B
S315080315900000000000000000FEFE00FD0000000041
S315080315A0FE0000FCFE0200FCFCFE00FAFEFBFEFD4C
S315080315B000FC0000000000000000000000F1000726
S315080315C00000FC00000000FD00FE0000FF0000FE16
S315080315D000FB000009FDF9F902020200FA02030200
S315080315E0070207FEFA0000F70000F9FA0000FC00FC
S315080315F0FDFC00FD00FD00FE0300FEF9FE080000E9
S31508031600FE00FC000003FB0002FE020000F900FED8
S31508031610FF00FE02FE000000F7FDFB00F90000F5DF
S315080316200008FE00FC000100FE00FEF900FE0200B1
S31508031630000000FE000002FD010000FDFE00FD00A3
S315080316400000000000000000000000000000000089
S31508031650F200050000FE000000000000FEFE000088
S31508031660000400050000000000F2F3010A0704F76E
S315080316700209000800040000000000000000000042
S31508031680000C00000000000000000000000000003D
S3150803169000000001020003040502060708090A09F7
S315080316A00A0B0C0D0E0F10110C121314151500004E
S315080316B00016171819171919191719191A191919AB
S315080316C01917191719031B1C1D1D1E1F2021222359
S315080316D00024002526272727002726282926262A01
S315080316E02A272A272A2B2C2D2E2E2F2E300000238D
S315080316F00931090000000000000000000000000096
S3150803170000000000000000000000000000000000C8
S3150803171000000000000000000000000000000000B8
S3150803172000000000000000000000000000000000A8
S315080317300001020003040502060708090A090A0B41
S315080317400C000D0E0F101112130C141400000015C3
S3150803175016171819161A1B1C1D1D1E1F201D1D16CC
S3150803176021222303241E2525262728292A2B002C54
S31508031770002D2E2F303132332D343435302D2D2E86
S315080317802E36373839333A3A3B3A3C290000093D75
S31508031790090000000000000000000000000000002F
S315080317A00000000000000000000000000000000028
S315080317B00000000000000000000000000000000018
S315080317C00000000000000000000000000000000008
S315080317D0200000005F000100000000000000000078
S315080317E000000200B0000000F3F76000F8170308D2
S315080317F0000000003E0003000000721F51EF58EF7F
S315080318005BEF5CEF5DEF61EF63EF65EF69EF6CEF3D
S3150803181071EF76EF77EF78EF8EEF93EF98EF9BEF15
S315080318209CEF9DEFA1EFA2EFA3EFA4EFB7EFB8EFFD
S31508031830BEEFC0EFC1EFC4EFC7EFC8EFC9EFCBEFF9
S31508031840E3EFE5EF14F015F017F019F030F037F081
S315080318503AF043F06CF074F0ABF03BF190F191F190
S3150803186092F193F194F1D7F1E3F13DF254F2AAF42C
S3150803187012F7F2F700000000000000000000C003A2
S31508031880000000000000C003030A00000F008005E3
S31508031890050500051C00D0090A0A00004E00B00819
S315080318A0090F00FE9200D00B0C0A0000CE00A00917
S315080318B00A0B00FF0501F002030500050D01B0043C
S315080318C0040E01FD2901C004040E00FD4501A0050F
S315080318D006060005570120080807000273013003AE
S315080318E0030500FE7B01600505030003830130033E
S315080318F0030300008801F004070EFFFFB90150092E
S31508031900090A0000E6013005040A0000FA01100876
S31508031910080A000022020008080A00004A026009B1
S315080319200A0A00007C021008080A0000A402A0089C
S31508031930090A0000D1026008080A0000F902000932
S31508031940090A00002603A008080A00004E0330030C
S31508031950030800005A033003030B00FD6B0320083A
S31508031960080800018B03200808060002A3032008C1
S3150803197008080001C3030008080A0000EB03800EE9
S315080319800E0D00FD4604400A0C0AFF008204A00A55
S31508031990090A0100AF04200A0A0A0000E104900BB1
S315080319A00A0A010013056009080A01003B05E00855
S315080319B0080A01006305D00A0A0A00009505600BA8
S315080319C0090A0100C2055004020A0100CC053007C2
S315080319D0070AFF00EF05100A0A0A01002106500844
S315080319E0080A01004906600D0B0A01008006600B10
S315080319F0090A0100AD06C00B0C0A0000E906200A15
S31508031A00090A01001607C00B0C0D00FD6407300A0E
S31508031A10090A01009107B008090A0000BE07300841
S31508031A20090A0000EB07100B090A01001808F00958
S31508031A300B0AFF004F08C00F100A00009F08700921
S31508031A400A0A0000D10810090B0AFF000809300921
S31508031A50090A00003509B004040E01FD5109F00412
S31508031A60070EFFFF8209B004040E00FD9E09300825
S31508031A7007060102B3090007070100FFB709600853
S31508031A8005020109BC09600808080000DC09900979
S31508031A90080B0100080A000808080000280A90092C
S31508031AA0090B00005A0A9008080800007A0AF0048D
S31508031AB0060B00009B0AB009090B00FDCD0A900925
S31508031AC0080B0100F90AE003020B0100040B0004EA
S31508031AD0050EFEFD270BA008080B0100530BE003B8
S31508031AE0020B01005E0BD00E0D080100920B900944
S31508031AF008080100B20BE00809080000D60B900994
S31508031B00080B01FD020C9009090B00FD340CC005F6
S31508031B1005080100480C000707080000640CD005F7
S31508031B20060A0000820C800908080100A20CD007E7
S31508031B300908FF00C60C900C0D080000FA0CC00734
S31508031B40080800001A0DD007090BFFFD4C0D5007B6
S31508031B5007080000680DF004050E00FD8B0D300420
S31508031B60020E01FD990DF004050E00FDBC0D2008BB
S31508031B7008030003C80DE00506050006D70D600433
S31508031B8004030003DD0D000E0F0FFFFE4E0E000EBD
S31508031B900E0B00009B0E000E0E0D00FFF60E000E38
S31508031BA00E0B0000430FA0090A0B00007A0F000E64
S31508031BB00E0F00FEE30F000E0E0F00FE4C10C00FB3
S31508031BC0100D00FFB410000E0E0F00FE1D11C00FFE
S31508031BD0100B00007511000E0E0F00FEDE11000734
S31508031BE0070C00FF0812800A0B0C00FF4A12C00FED
S31508031BF0100E00FEBA12000E0E0B00000713A00902
S31508031C000A0F00FE5213400C0A0E01FE9813400CED
S31508031C100D0F00FEFA13400C0D0D00FF4F14400C78
S31508031C200D0D00FFA414400C0A0E01FEEA14400C25
S31508031C300E0DFFFF4515C008090D00FF8015C008E6
S31508031C40090D00FFBB15400C0D0D00FF1016400CC7
S31508031C500D0400032A16C00F100B0000821680110C
S31508031C60120F00FE0917C00F110FFFFE8917000E8A
S31508031C700E0D00FFE417400C0D0800011818400C60
S31508031C800D0800014C188011120B0000AF18000E46
S31508031C900E0B0000FC18000E0E0F00FE6519000E51
S31508031CA00F0FFFFED619400C0D0D00FF2B1A400C23
S31508031CB00D0F00FE8D1A400C0D0D00FFE21A400CA5
S31508031CC00D0C00FF301B000E0E0B00007D1BC00819
S31508031CD00A0FFFFEC81B400C0D0F00FE2A1C400C02
S31508031CE00D0F00FE8C1CC00F100B0000E41C000E29
S31508031CF0100FFFFE5C1D800A0B0F00FEAF1D80113F
S31508031D00120D00FF241E8011120A00007E1E801188
S31508031D10120A0000D81E8011120A0000321F801111
S31508031D20120A00008C1F8011120A0000E61F801198
S31508031D30120C00FF5220400C0C0F00FEAC20400C86
S31508031D400D0F00FE0E21000E0F0FFFFE7F218011DF
S31508031D50120B0000E221800A0B0F00FE3522100E3B
S31508031D600F0A00000EA0D90D90C80C80B70A60119F
S31508031D700B80D91F0991F0881F0880F0880000009E
S31508031D80000D203C00000F0069002FFFFFFFF7013D
S31508031D905C11A610006900C300008800D2009FFFEB
S31508031DA0FFFFF012C523E22000D203C00000F004AF
S31508031DB0B0000000700000000E00000000E0000004
S31508031DC019EFEA300CD6E6A702F40E00001F80E0EE
S31508031DD000006FEF50000016FFE500000E0AF00141
S31508031DE000E05F13F85E6EB005CFFE9100000E00AB
S31508031DF000000070000008DD3000A7004B02D00485
S31508031E00C0007700D01D20004B03D0A7000007DCD5
S31508031E1034C4CC3000001D2D22D00000A63B00B3ED
S31508031E200005C03A00A3001D200D00D000A600043B
S31508031E30CC40004DFC300000F718C00001F205D075
S31508031E400000BB6E4000005FF3000007E6DB03807B
S31508031E502F301DBAA05F0001DF401FB448FEC00340
S31508031E60BFFC40B200000000001F01F01F00F00095
S31508031E700003F10B900F404F007D009B00AA00AAB8
S31508031E80009B007D004F000F400B9003F15E000E90
S31508031E906008C004F001F300F500E600E600F5016A
S31508031EA0F304F008C00E605E0000930088A6C2091A
S31508031EB0FE404DDDB142935000520000045000002D
S31508031EC008A0000008A0001FFFFFF30339B3300082
S31508031ED008A0000008A0000103F61E60E12C00001C
S31508031EE00003FFF90333100003F52E4000000E40EC
S31508031EF00004E000009A00000E400004F000009A77
S31508031F0000000E400003F000009A00000E50000384
S31508031F10F000009A00000E500003F00000004CFE8B
S31508031F2070004FB68F900DB0005F32F40000E74F94
S31508031F3020000CA4F20000CA2F40000E70DB000537
S31508031F40F204FB68F90004CFE700EFFB44CB00ABD0
S31508031F5000AB00AB00AB00AB00AB00AB00AB07DFDD
S31508031F60EA108E857EC0010006F1000006F0000027
S31508031F700D900000CC00001CC00001DB00001DE52D
S31508031F8044427FFFFFF97FFFFFF024445F90000080
S31508031F90BC000009E100003FD81000046DD0000022
S31508031FA002F4100002F4BD757DD019DFEA100000B3
S31508031FB00DA0000000AC00000007E10000004F4040
S31508031FC0100002F600F5001DA000F5007FFFFFFFD5
S31508031FD0F3133333F730000000F500000000F50073
S31508031FE009FFFFF00AB444400C8000000E7000009D
S31508031FF00FFFFC4003345CF2000000F7100000F703
S315080320008E856CF108DFFB30002AEFD5003FD657E3
S31508032010400CC0000002F40000004F5BFFA104FE61
S31508032020845DD03F80003F30E80003F206F845DCC4
S315080320300005DFE9109FFFFFFD9D4444E99C00046A
S31508032040F200000BB000002F400000AD000001F6BF
S31508032050000008E000000E8000006F1000019EFEDD
S315080320609100BE636EC00F60006F00CC202BC002C8
S31508032070EFFFE200DC424CD05F20001F55F200025E
S31508032080F50ED535DE001AEFEA1003BFEA202FA4B2
S315080320904BE18E0000E99D0000DD4F7129FF07FF24
S315080320A0FC9E000210AC000002F607658FB00AEF2B
S315080320B0D7002E53F50000000000003F52E42E53CC
S315080320C0F50000000000002E52F60D21D001000095
S315080320D000003100006CF2018ED6000FC300000A1F
S315080320E0FB40000017EE70000005C3000000001F48
S315080320F0FFFFF30333333000000000000000001F26
S31508032100FFFFF303333330040000000ED71000003B
S315080321105CF92000002AF20003AFB106DE82001C38
S315080321206000000000000007DFEA109E746EC0011D
S315080321300006F0000009C000008E200006F2000029
S3150803214008700000000000000B8000000C900000DF
S31508032150006CEFDA4000003DA41016D90001E5092A
S31508032160EE98CA900A80BD43AFC0D30F13F2000C92
S31508032170C0693C06D00007C03B4B06D00007C02CFD
S315080321803C03F2000CC04A0F10BD439EE3C50A8008
S3150803219009EE91CF9001E50000000000003DA41070
S315080321A028000000007CEFD9100000000CF10000A5
S315080321B000003FD700000000B96E00000002F20ECF
S315080321C050000009A007D000001F3000F400007F6C
S315080321D0FFFFFB0000E733334F2005F000000C90A8
S315080321E00C90000006F18FFFFEC408E3334BF28E12
S315080321F000001F58E00018F18FFFFFF808E3333794
S31508032200F68E000009C8E000009D8E33347F78FF00
S31508032210FFFD700007CFFB4000CF966AF50AE20080
S3150803222000301F600000004F200000004F20000010
S31508032230001F600000000AE200003001CF966AF52D
S315080322400007DFFB408FFFFEA4008E4446CF708E47
S31508032250000007F38E000000DA8E0000009D8E0052
S3150803226000009D8E000000DA8E000007F38E4446B8
S31508032270BF708FFFFEA4008FFFFFF68E4444418E86
S315080322800000008E0000008FFFFFC08E3333208EC0
S315080322900000008E0000008E4444428FFFFFF98F32
S315080322A0FFFFF68E4444418E0000008E0000008E28
S315080322B00000008FFFFFC08E3333208E0000008E90
S315080322C00000008E0000000007CFFC5000CF966A7E
S315080322D0F60AE20000201F600000004F20000000FD
S315080322E04F200000B91F600000B90AE30000B900D7
S315080322F0CF966AF80007DFFC608E000008E8E00066
S31508032300008E8E000008E8E000008E8FFFFFFFE8CE
S31508032310E333339E8E000008E8E000008E8E00004B
S3150803232008E8E000008E8E8E8E8E8E8E8E8E8E8EB2
S3150803233002FFFFC00444BC000009C000009C000063
S3150803234009C000009C000009C02000BA0EB58F60C2
S315080323503CFE808E00004F508E0004F6008E003F30
S3150803236070008E03F800008E2EC000008EECF60077
S31508032370008FB07F30008E000AE1008E0000CC008B
S315080323808E00001EA08E0000008E0000008E000046
S31508032390008E0000008E0000008E0000008E0000F4
S315080323A0008E0000008E4444408FFFFFF28E00002B
S315080323B00008E8F7000002FE8FF10000BFE8DCA082
S315080323C0004F9E8D2F300D87E8D09C06E07E8D0149
S315080323D0E7E507E8D006FC007E8D000A2007E8D06B
S315080323E00000007E8E100008E8FC00008E8FF900BE
S315080323F008E8E6F6008E8E09F308E8E00CE18E8E0F
S31508032400001EB8E8E0003FEE8E00006FE8E000002B
S31508032410AE0007CFEB500000CF966BF9000AE20037
S31508032420005F601F6000000AD04F20000006F04FCF
S3150803243020000006F01F6000000AD00AE200005FD1
S315080324406000CF966BFA000007DFEB50008FFFFDA5
S315080324507008E4458FB08E00005F38E00001F58E02
S3150803246000003F48E0014DD08FFFFFB208E3331069
S31508032470008E00000008E00000000007CFEB5000C4
S3150803248000CF966BF9000AE200005F601F60000048
S315080324900AD04F20000006F04F20000005F01F6009
S315080324A000000AD00AE200005F6001DF855AFA00DD
S315080324B00008DFFC5000000001EC21940000001B1B
S315080324C0FFC10000000012008FFFFD7008E4458F6E
S315080324D0B08E00005F38E00001F58E00003F38E05B
S315080324E0014DD08FFFFFC208E333DA008E0002F6F0
S315080324F008E00005F3019EFDA200CE646B702F4031
S31508032500000001F800000006FD950000016AEE5080
S315080325100000009F00200005F13FA547EB004BEFA5
S31508032520E910FFFFFFFF2444BD44400009C0000033
S31508032530009C00000009C00000009C00000009C0C0
S315080325400000009C00000009C00000009C00009CDD
S3150803255000000BA9C00000BA9C00000BA9C000002C
S31508032560BA9C00000BA9C00000BA8E00000D94F4B3
S315080325700003F50CF868FD0009EFE9100CB000003C
S315080325800AC05F200001F500E900008E0008F0008C
S315080325900E70001F6005F10000AD00C9000003F4CA
S315080325A03F3000000CBAC00000005FF500000000D1
S315080325B0EE00006F10000DB00002F21F60003FF13D
S315080325C00008D00BB0008BE6000D7006F000E69B02
S315080325D0002F2001F503F14F108D0000CA09B00E34
S315080325E060D800006F0E6009B2F300001F9F100445
S315080325F0F9D000000CFB0000EF80000007F600008E
S315080326009F30003F50000DA008F2009D0000CC0447
S31508032610F300002F9E70000006FC00000009FE1060
S3150803262000004F4DB00001E802F7000BD0007F20F1
S315080326307F20000BD00CB000009C002F50002F30D9
S31508032640009E000C900000E805F1000005F3E60083
S3150803265000000CFD000000003F4000000002F300EC
S315080326600000002F3000000002F300004FFFFFFFB9
S315080326709144444AF3000003F6000001EA0000000F
S31508032680CC0000009E1000006F4000003F70000061
S315080326901ED4444436FFFFFFFC8FF68D318D008D23
S315080326A0008D008D008D008D008D008D008D008DB1
S315080326B0008D318FF65D000000F200000B800000EC
S315080326C06D000001F200000B8000006D000001F2AE
S315080326D000000B7000006D000001F200000B700093
S315080326E0006D000001F2BFF325F302F302F302F3D0
S315080326F002F302F302F302F302F302F302F325F3FE
S31508032700BFF300AD00001EC4000885A000E20E104A
S315080327105B00970B5002E0EEEEEEE00BC00009B04B
S3150803272004CFEA100B745DB0000004F004CEEEF299
S315080327301F8214F24F1004F21F703DF204DFD7F222
S31508032740BA000000BA000000BA000000BA8EFC30D6
S31508032750BFD54BF3BE1000CABA00007EBA00007E8E
S31508032760BE1000CABFD55BF3B98EFC30007DFD6091
S3150803277009F748F42F5000205F0000005F000000AF
S315080327802F50002009F748F4007DFD600000001F64
S3150803279040000001F40000001F4008EFC4F40AF7E4
S315080327A048FF42F50007F45F00002F45F00001F4E7
S315080327B02F50006F40AE637EF4008EFC4F40008EB0
S315080327C0FC400AD538F42F20008C5FEEEEFF5F211C
S315080327D011112F70001009F846E4007DFE80009E53
S315080327E0E305F44108C000CFFFF029D32008D00041
S315080327F008D00008D00008D00008D00008D0000090
S315080328007EFC4E60AF747FF62F50005F65F00000C4
S31508032810F65F00000F62F60006F609F747FF500752
S31508032820EFC4F50000003F20CB646EB003AEFD8015
S3150803283000BA000000BA000000BA000000BA8EFB16
S3150803284020BFC56DD0BE0003F2BA0000F4BA00007B
S31508032850F5BA0000F5BA0000F5BA0000F5BAA80003
S31508032860BABABABABABABABA000AB0009900000034
S3150803287000AB000AB000AB000AB000AB000AB00018
S31508032880AB000AB000AA064E71DFA0BA000000BA70
S31508032890000000BA000000BA001CC0BA01CC00BA96
S315080328A01CD100BBCF6000BFDBE100BD11DC00BA61
S315080328B0003F70BA0007F3BABABABABABABABABA1A
S315080328C0BABAB99EFA15DFD40BFB45EDE64AF2BE52
S315080328D00006F6000E7BA0004F2000C9BA0003F1DC
S315080328E0000C9BA0003F1000C9BA0003F1000C9B23
S315080328F0A0003F1000C9B99EFB20BFB45DD0BE003F
S3150803290003F2BA0000F4BA0000F5BA0000F5BA00FB
S3150803291000F5BA0000F5007DFD60009F748F702FE7
S3150803292050007F05F00001F35F00002F32F5000722
S31508032930F009F748F70007DFD600B98EFC30BFC4A5
S315080329403AF3BE1000CABA00007EBA00007EBE1073
S3150803295000CABFD55BF3BA7EFC30BA000000BA00E2
S315080329600000BA000000008EFC3F40AF748EF42FBF
S3150803297050007F45F00001F45F00002F42F5000781
S31508032980F40AF748FF4008EFC4F40000001F4000AC
S315080329900001F40000001F40B98E4BFD71BE100BF9
S315080329A0B000BA000BA000BA000BA00005DFEA13BB
S315080329B0F735A06F000001EE9610016AEF300000AC
S315080329C0D96C646F62AEFD7008D00008D000CFFFE3
S315080329D0F029D32008D00008D00008D00008D0007A
S315080329E005F551009FE3C80002F3C80002F3C800C7
S315080329F002F3C80002F3C90003F3AB0007F35F83CE
S31508032A007EF306DFC5F30D90000AA06E0001F300FE
S31508032A10F5007D0009C00E60003F24F00000C8B928
S31508032A20000006FF3000000FC000C80006F1000DC5
S31508032A3056D000CF6003F01F302F9C009A00B807CA
S31508032A40B2F10E4005E0D60C74E0000F6F007C99D6
S31508032A500000AFA001FF400005F4000BE0004F3073
S31508032A6007E109D02F4000D9D900003FD000004F15
S31508032A70E10001E7BB000BB01E707E1005F30D9055
S31508032A80000AA06F0001F300F6007D0009C00D607F
S31508032A90002F34F00000C9A9000005FF2000000E2E
S31508032AA0C0000000E5000094AD00001BFC200000F8
S31508032AB05FFFFFA13337F40001E70000CB00008E68
S31508032AC010004F40001EA33326FFFFFC006EA00F25
S31508032AD09201F4001F4001F4003F303FC0006F30FD
S31508032AE001F4001F4001F4001F4000FA2005EA8B99
S31508032AF08B8B8B8B8B8B8B8B8B8B8B8B8BBE5002A6
S31508032B00AE0005F0005F0005F0004F1000DF104F20
S31508032B105005F0005F0005F0005F002AE00BE400B3
S31508032B2007EC40B41E25DFC00100000004CC302B9F
S31508032B3001C05700932B01C005CC3006A10FF60B35
S31508032B40E2000000000000000000000000027BFB1A
S31508032B50000000049DFFFFD00003AFFFFFFFFD0049
S31508032B6000AFFFFFFFDFD0000AFFFFB610ED00003E
S31508032B70AF9400000ED0000AF1000000ED0000AF8C
S31508032B801000000ED0000AF1000045FD0000AF104A
S31508032B9001EFFFD0179DF1005FFFFC0EFFFF10004A
S31508032BA0AFFD31FFFFE00000010003BDA3000000F5
S31508032BB0000050188888888405FABFDDDDDDFDAF7F
S31508032BC0E47F100000CA4EE04F100000C80EFEEF67
S31508032BD0100000CFEFE03FEEEEEEF80EF68F7666C6
S31508032BE066EB6FF8AF100000CC8FE03F100000C80B
S31508032BF00EFCDF655555EECFC25FFFFFFFF92C5775
S31508032C00750577777775FFFF1FFFFFFFFFFFFF2F19
S31508032C10FFFFFFFFEFFF0EFFFFFFFE01100011117D
S31508032C201110EFFE0EFFFFFFFEFFFF2FFFFFFFFF53
S31508032C30FFFF1FFFFFFFFF68870788888886688767
S31508032C400788888886FFFF1FFFFFFFFFFFFF2FFF09
S31508032C50FFFFFFDFFD0DFFFFFFFD00000000000182
S31508032C605000000000001DF80000000001DFFD0011
S31508032C700000001DFFE22D600001DFFE20DFF700E4
S31508032C801DFFE2008FFF71DFFE200008FFFEFFE253
S31508032C900000008FFFFE2000000008FFE20000008E
S31508032CA000007D2000000000000000007F60000B8C
S31508032CB0E2EFF600BFF84FFF6BFFD104FFFFFD10ED
S31508032CC0005FFFE10000BFFFF6000BFFDFFF60BFF9
S31508032CD0FD14FFF5CFD1004FF6171000036000006F
S31508032CE00011000000000000FF000000006F21FF34
S31508032CF012F70006FF61FF16FF601FF901FF109F19
S31508032D00F16FE001FF100EF6AF8001FF1008FACF4E
S31508032D106001FF1006FCAF8000AA0008FB7FD00005
S31508032D2000000DF71FF80000008FF107FF91002A36
S31508032D30FF70009FFFEEFFF9000005CFFFFD50006F
S31508032D40000002442000000000000000000000000C
S31508032D500AFFA0000000000CFFC0000003D6DFFF37
S31508032D60FD6D300EFFFFFFFFFFE05FFFFFAAFFFFCA
S31508032D70F51AFFF4004FFFA103FFD0000DFF30043F
S31508032D80FFF0000FFF404FFFFB22BFFFF42FFFFFAB
S31508032D90FFFFFFF209FEFFFFFFEF9000505EFFE51E
S31508032DA0050000000CFFC000000000047740000087
S31508032DB000000003100341000000009FF50DF50015
S31508032DC000001BFDFF8DF5000002DFB12DFFF500A6
S31508032DD0004FF83EC2BFF50007FF55FFFE39FE4018
S31508032DE09FE38FFFFFF56FF6AC2AFFFFFFFF73E63E
S31508032DF0005FFFFFFFFFF100006FFFD77FFFF200C1
S31508032E00006FFF900DFFF200006FFF900DFFF200B9
S31508032E10004FFF700BFFE1000000003300000000C5
S31508032E20000BFFB0000000000CFFC0000000000C00
S31508032E30FFC0000000000CFFC0000000000CFFC02C
S31508032E400000008FFFFFFFF800002EFFFFFFE200E0
S31508032E500002EFFFFE200000002DFFE20000799933
S31508032E6082DE289997FFFFFB22BFFFFFFFFFFFFFC5
S31508032E70FFFFFFFFFFFFFFFAB3CFACCCCCCCCCCC24
S31508032E80CA0006BBBBBBBA3000004FFFFFFFFFE11A
S31508032E900000EF30000006FB0009F800000000CF31
S31508032EA0504FD0000000002FE1DF84420000344B6E
S31508032EB0F9FFFFFD0001FFFFFBFFFFFF988BFFFFF5
S31508032EC0FCFFFFFFFFFFFFFFFCFFFFFFFFFFFFFF07
S31508032ED0FB9FFFFFFFFFFFFFF60000000000003324
S31508032EE000018DFFC600EF004EFFFFFFE4DF04FF7E
S31508032EF0B3004CFFFF0EF90000008FFF6FC00001FF
S31508032F00FFFFFF8E500001DEEEED0000000000001B
S31508032F100022222200000021FFFFFF100008F8FF0D
S31508032F20FBBC10001EF4FFFC100001DFC0FEEFE837
S31508032F30448EFE10FE1AFFFFFFC100FD0028BB9456
S31508032F400000000002700002EF0002EFFDFFFFFF22
S31508032F50FFFFFFFFFFFFFFFFFFFFFFFFFFFF3447F3
S31508032F60FFF00005FF000005C00000000000027026
S31508032F7000000002EF00000002EFF0000DFFFFFF64
S31508032F800220FFFFFFF08E1FFFFFFF00E7FFFFFF93
S31508032F90F03F5FFFFFFF08903447FFF0000000058E
S31508032FA0FF0000000005C00000000000000000004C
S31508032FB0000000077000000002700005FA00000018
S31508032FC02EF000814F600002EFF001DD07F0DFFF0E
S31508032FD0FFF0321E80F6FFFFFFF08E27E0B9FFFFF2
S31508032FE0FFF00E73F19BFFFFFFF03F54F09AFFFFCC
S31508032FF0FFF0890AC0D83447FFF0007F43F3000087
S315080330005FF002F60CB0000005C00000BF10000018
S3150803301000000009E30000000000000210003788E2
S315080330208888888873EFFFFFFFFFFFFEFE32DFFF06
S31508033030FFFFFFF9007FFFFDFFFFFD10CFFFA07F16
S31508033040FFFFFFFFFA0007FFFFF35FA00000CFFFB4
S315080330503003000000CFFC0000000000CFFFCCCCFB
S31508033060CCCCCCFFAFFFFFFFFFFFF9000020000029
S315080330700001FA00000006FF1000000DFF700000B3
S315080330806FFFF10001EFFFFA000BFFFFFF605FFF21
S31508033090FFFFE0CFFFFFFFF6FEBFFFFFF9FD4FFF80
S315080330A0FFF9BF49FFFFF53FE52EFFD006FFFFFDFA
S315080330B0200028BA600004300000311FE00006F93A
S315080330C01FE0007FFA1FE009FFFA1FE0AFFFFA1FB0
S315080330D0EBFFFFFA1FFFFFFFFA1FFFFFFFFA1FE6CB
S315080330E0FFFFFA1FE05FFFFA1FE004FFFA1FE00085
S315080330F03EFA0FD00002D7000000000002000000CD
S3150803310000000CFB2000000000FFFF900000000FEA
S31508033110FFFFE6000000FFFFFFFC30000FFFFFFF85
S31508033120FF9100FFFFFFFFFFE60FFFFFFFFFFFF221
S31508033130FFFFFFFFFFFD0FFFFFFFFFF800FFFFFF86
S31508033140FFB2000FFFFFFD400000FFFFF70000007E
S315080331500FFFA1000000006A4000000000001444AD
S31508033160200144420DFFFF10DFFFF1FFFFF30FFFBE
S31508033170FF3FFFFF40FFFFF4FFFFF40FFFFF4FFF83
S31508033180FF40FFFFF4FFFFF40FFFFF4FFFFF40FF72
S31508033190FFF4FFFFF40FFFFF4FFFFF40FFFFF4FFAE
S315080331A0FFF40FFFFF4FFFFF30FFFFF39FFFC00939
S315080331B0FFFC001444444444420DFFFFFFFFFFF1A4
S315080331C0FFFFFFFFFFFF3FFFFFFFFFFFF4FFFFFFC9
S315080331D0FFFFFF4FFFFFFFFFFFF4FFFFFFFFFFFFA9
S315080331E04FFFFFFFFFFFF4FFFFFFFFFFFF4FFFFF49
S315080331F0FFFFFFF4FFFFFFFFFFFF4FFFFFFFFFFF89
S31508033200F39FFFFFFFFFFC0002100000420FE200DE
S3150803321003FB0FFE3004FB0FFFF404FB0FFFFF5401
S31508033220FB0FFFFFFAFB0FFFFFFFFB0FFFFFFFFB82
S315080332300FFFFFD6FB0FFFFD14FB0FFFC104FB0FA8
S31508033240FB0004FB0CA00003FA00000000000000CA
S315080332500012000000000003FF60000000002EFFBC
S31508033260F500000001EFFFFF4000001DFFFFFFF31D
S315080332700000CFFFFFFFFE200AFFFFFFFFFFE00E60
S31508033280FFFFFFFFFFF203999999999950058888DB
S31508033290888888700FFFFFFFFFFFF30FFFFFFFFF0D
S315080332A0FFF40BFFFFFFFFFFD10000000000000043
S315080332B03F9000003FFC00003FFD10003FFD10005B
S315080332C03FFD10001FFD100000CFF4000000CFF4EF
S315080332D0000000CFF4000000CFF4000000CFE000A8
S315080332E00000A4000000000000CD1000001FFD1020
S315080332F000003FFD1000003FFD1000003FFD1000D9
S31508033300003FFD000008FF900008FF900008FF90AB
S315080333100008FF900002FF900000078000000000ED
S315080333200004500000000002FF60000000003FF7A1
S315080333300000000003FF70000000003FF7000006CE
S31508033340999AFFC99980FFFFFFFFFFFF3DFFFFFF24
S31508033350FFFFF201113FF71110000003FF70000091
S3150803336000003FF70000000003FF70000000000C98
S31508033370D30000006999999999980FFFFFFFFFFFFA
S31508033380F3DFFFFFFFFFFF2000000000000000003F
S315080333900156640000000003BFFEEFF91000007F2A
S315080333A0FA1003DFE40008FFA009B41EFF504FFF1D
S315080333B0200BFF26FFE1EFFF09CFFF63FFFABFFFED
S315080333C009FFFF54FFF61EFF51DFFB09FFB003EFAA
S315080333D0E204305FFC10002CFF956AFF90000000A2
S315080333E049DFFD920000000000000000000000CD48
S315080333F020000000000000008FF50014664000005E
S315080334000004EFACFFEFFF910000001CFFA1004D85
S31508033410FE300000009FF5AB31EFF40007B105FF5E
S31508033420FFE17FFE100FFE302DFFF54FFF900CFFD7
S31508033430E000AFF65FFF6002FFF40006FFEFFB0054
S31508033440004FFD10003EFFC0000002DFE85401BF35
S31508033450E300000005AEFF6007FF60000000000000
S3150803346000004EF60000000000000001A100000065
S315080334700000000000000000003ED000000000002D
S31508033480000CFF80000000000006FFFF200000007C
S315080334900000EFFFFB00000000008FFCCFF40000E4
S315080334A000002FFB00FFD00000000BFFC00FFF70CA
S315080334B0000004FFFD01FFFF100000DFFFE02FFF00
S315080334C0FA00007FFFFF9BFFFFF3001FFFFFB00E0D
S315080334D0FFFFC00AFFFFFE24FFFFFF60FFFFFFFF9A
S315080334E0FFFFFFFA06CCCCCCCCCCCCCB300000000B
S315080334F00000360000000000007F80DDDB00008D41
S31508033500EFF8FFFFB007FFFFFD556FF46FF8AFE263
S31508033510000574FF907E2000003FFA0000000002B9
S31508033520EFB2504A00012EFD1DF48FB0FFFFD10BF9
S31508033530FFFFFBFFFE2000CFFFFB12210000029FC7
S31508033540C000000000005B00000007A000000000A8
S3150803355008FFB000000008FFFFB0000008FF95FF52
S31508033560B00008FF9005FFB007FF900005FFB09F66
S3150803357090000005FD004000000003104C200000E9
S3150803358000B60BFE200000CFF02EFE2000CFF4007D
S315080335902EFE20CFF400002EFECFF40000002EFFEF
S315080335A0F4000000002EF4000000000013000000E1
S315080335B000083000000000000000BFF308BBBBBBD7
S315080335C090000BFFFF39FFFFFFF1008FCFCFF0000D
S315080335D0000AF100382F948000000AF100002F90AA
S315080335E00000000AF100002F900000030AF13000E2
S315080335F02F9000001FCBF8F8002FEBBBBB39FFFF5A
S31508033600E2001FFFFFFFB09FFD200000000000003F
S3150803361008D10037888700000000EFFFFFA00000ED
S3150803362000FFFFFFFDCCCCB6FFFFFFFFFFFFFFFF49
S31508033630FFFFFFFFFFFFFFFFFFFFFFFFFFFFFFFF89
S31508033640FFFFFFFFFFFFFFFFFFFFFFFFFFFFFFFF79
S31508033650FFFFFFFFFFFFFFFFFFAFFFFFFFFFFFF9BF
S3150803366000000000000000000001DD10000000005B
S315080336701DFFD100000001DFFFFD1000001DFFFF45
S31508033680FFD100009FFFFFFFF90000011CFFC110D7
S315080336900000000CFFC0000000000CFFC000000083
S315080336A0000CFFC0000079993BFFB39997FFFFB25F
S315080336B0442BFFFFFFFFFEDDEFFFFFFFFFFFFFFAD0
S315080336C0B3CFACCCCCCCCCCCCA00000000000200F3
S315080336D0000000000004FFC70000000000AFFFF071
S315080336E0000000001FFFFD0000000006FFFFC000EA
S315080336F000000008FFF700000000000CFF30000080
S31508033700000004FFC00000000001EFF300004A3088
S3150803371002DFF80005DFFE15EFFB0000EFFFFFFFF2
S31508033720FA00000BFFFFFFF70000007FFFFFA20070
S31508033730000002BA8500000000000486000000109D
S3150803374006FFFA0002DFD1EF3CF101DFFA0EE0AF24
S3150803375021DFFA009FEFF6DFFA00008DFFFFFB007B
S31508033760000006FFFD00000048EFFFF600006FFFAC
S31508033770FBFFF6000EF3CF23FFF600EE0AF204FF73
S31508033780F609FEFC0004FFF108DA100002620000E5
S31508033790000000000000006FFFF987000008FFFF24
S315080337A098F708A68FFFF95990FFA8FFFFFCCC0FDF
S315080337B0FA8FFFFFFFF1FFA8FFFFFFFF1FFA8FFF37
S315080337C0FFFFF1FFA8FFFFFFFF1FFA8FFFFFFFF1C0
S315080337D0FFA8FFFFFFFF1FFA7FFFFFFFF0FFE312BC
S315080337E02222210FFFFFFFF90000ACCCCCCB5000FF
S315080337F0004999999995000EFFFFFFFFF600FD22F0
S3150803380022224FF60FC0000001FFF3FC0000001F41
S31508033810FF6FC0000002FFF6FFFFFFFFFFFF6FFF0A
S31508033820FFDCFFFFF6FFFFB005FFFF6FFFF6000F94
S31508033830FFF6FFFFC006FFFF6FFFFFEDFFFFF69FD3
S31508033840FFFFFFFFFD10CDDDDDDDDDDD2FFFFFFF14
S31508033850FFFFF312222222222200000000000000AA
S315080338600000000000000FFFFFFFFFFFF3DEEEEE90
S31508033870EEEEEE200000000000000000000000004D
S315080338800DEEEEEEEEEEE2FFFFFFFFFFFF30000068
S315080338900000000037888888888873EFFFFFFFFFDA
S315080338A0FFFEEFFFFFFFFFFFFE1CFFFFFFFFFFC14A
S315080338B0D28FFFFFFFF82DFF64EFFFFE45FFFFFAE8
S315080338C02BFFB2AFFFFFFFD3553DFFFFFFFFFFBB44
S315080338D0FFFFFFFFFFFFFFFFFFFFAFFFFFFFFFFF37
S315080338E0F9000000000001FFFFF00004FFFFD0000D
S315080338F006FFFF800008FFFF30000AFFFFAAA60C99
S31508033900FFFFFFF80EFFFFFFE10BDDDFFF6000009F
S315080339104FFD0000007FF3000000BFA0000000FF7A
S3150803392010000003F800000003C000000000200098
S3150803393000000455EFB5520000FFFD1FFFB0000F4E
S31508033940FFFFFFFC0000FFFF533320000FFF97FF25
S31508033950FB5700FFF8AFFFC6F80FFF8AFFFC4AA123
S31508033960FFF8AFFFE3220FFF8AFFFFFFF4FFF8AF6D
S31508033970FFFFFF4FFF8AFFFFFFF43552AFFFFFFF3D
S3150803398040000AFFFFFFF400007FFFFFFE20000050
S3150803399001100000000000AF00000000018FFA309C
S315080339A0000002EFFFFF500000BFFFFFFF10001FDC
S315080339B0FFFFFFF50003FFFFFFFF70005FFFFFFF39
S315080339C0F90008FFFFFFFFC000DFFFFFFFFF209F8F
S315080339D0FFFFFFFFFD0EFFFFFFFFFFF2022222227A
S315080339E02221000008FFC00000000009A200000011
S315080339F05BBBBBBBBBBBBBA3FFFFFFFFFFFFFFFB62
S31508033A00FC0C30E11D0D11FCFC0B30E01D0D10FC08
S31508033A10FFFEFFEFFEFEEFFCFFF15A0870A05FFC06
S31508033A20FFF37B2992C27FFCFFBFCBBBBBBFCBFC9B
S31508033A30FC0B2000000D00FCFFCFCCCCCCCFCCFB7D
S31508033A409FFFFFFFFFFFFFF60000000000000200D4
S31508033A50000000000005DFB00000000007EFFFD0FC
S31508033A6000000018FFFFFF70000029FFFFFFFF009B
S31508033A70003BFFFFFFFFF8000AFFFFFFFFFFF10010
S31508033A800FFFFFFFFFFFA000049AAAAFFFFF200066
S31508033A900000000EFFFB00000000000EFFF400000C
S31508033AA00000000EFFC000000000000EFF500000DB
S31508033AB00000000DFD00000000000004B300000034
S31508033AC035555502000FFFFFF2F400FFFFFF2FF4F1
S31508033AD00FFFFFF2FFF3FFFFFF32221FFFFFFFFF78
S31508033AE0F7FFFFFFFFFF8FFFFFFFFFF8FFFFFFFF54
S31508033AF0FF8FFFFFFFFFF8FFFFFFFFFF8FFFFFFFAC
S31508033B00FFF8FFFFFFFFFF8FFFFFFFFFF88AAAAA51
S31508033B10AAAA300000002455310000000003AFFFB5
S31508033B20FFFFC7000002BFFFFEDEFFFFF6005FFFD1
S31508033B30B51000038EFFB0DFD300000000008FF539
S31508033B40180005AEFEC81004600002DFFFFFFFF889
S31508033B500000000CFF95347DFF40000002A2000020
S31508033B600077000000000002960000000000000035
S31508033B700DFF500000000000000EFF60000000006B
S31508033B80000005DA000000005BBBBBBBBBBBBBBACE
S31508033B9020FFFFFFFFFFFFFFFF90FC1222222222D6
S31508033BA0220FF7FC5FFFFFFFFFFF2CFAFC5FFFFF07
S31508033BB0FFFFFF21FAFC5FFFFFFFFFFF27FAFC2643
S31508033BC066666666661FFAFEBBBBBBBBBBBBBFB1FD
S31508033BD0AFFFFFFFFFFFFFFF5000000000000000DC
S31508033BE000005BBBBBBBBBBBBBBA20FFFFFFFFFF32
S31508033BF0FFFFFF90FC1222222221000FF7FC5FFF32
S31508033C00FFFFF8000CFAFC5FFFFFFFF80001FAFC60
S31508033C105FFFFFFFF80007FAFC2666666663000F78
S31508033C20FAFEBBBBBBBBBBBBBFB1AFFFFFFFFFFF0F
S31508033C30FFFF500000000000000000005BBBBBBB99
S31508033C40BBBBBBBA20FFFFFFFFFFFFFFFF90FC12C2
S31508033C5022221000000FF7FC5FFFFFD000000CFACA
S31508033C60FC5FFFFFD0000001FAFC5FFFFFD00000F6
S31508033C7007FAFC2666665000000FFAFEBBBBBBBB01
S31508033C80BBBBBFB1AFFFFFFFFFFFFFFF5000000045
S31508033C900000000000005BBBBBBBBBBBBBBA20FF7D
S31508033CA0FFFFFFFFFFFFFF90FC1222000000000F3B
S31508033CB0F7FC5FFF300000000CFAFC5FFF300000E2
S31508033CC00001FAFC5FFF3000000007FAFC266610C5
S31508033CD00000000FFAFEBBBBBBBBBBBBBFB1AFFF4C
S31508033CE0FFFFFFFFFFFF5000000000000000000079
S31508033CF05BBBBBBBBBBBBBBA20FFFFFFFFFFFFFF23
S31508033D00FF90FC0000000000000FF7FC0000000015
S31508033D1000000CFAFC00000000000001FAFC000099
S31508033D200000000007FAFC0000000000000FFAFE7E
S31508033D30BBBBBBBBBBBBBFB1AFFFFFFFFFFFFFFFF8
S31508033D40500000000000000000000000000007B259
S31508033D500000000000000ADFFA000000000000A9C6
S31508033D603DF5000000044002E00010000000AFF833
S31508033D700B600000006C30FFFFFFFFFFFFFFFFF43F
S31508033D80AFF9000C5000006D4005500004C0000058
S31508033D90100000000000C43EE80000000000002EEA
S31508033DA0EFFA000000000000004FFA0000000000D0
S31508033DB00000000000000000011000000007EFFFEC
S31508033DC0B30000AFFD8FFF2004FFFD09FFB00AFE15
S31508033DD0FD12AFF00EF55D2C0EF30FFF33129FF5B0
S31508033DE00FFFF307FFF60FFFE206FFF60FFE241396
S31508033DF07FF50DF57D2C0DF30AFFFD11BFF003FFCB
S31508033E00FE0BFFA0007FFEBFFE100003ACDC8100A3
S31508033E1000003443000005667FFFF96650FFFFFF85
S31508033E20FFFFFF356666666666501CCCCCCCCCC4F1
S31508033E3002FFFFFFFFFF602FF3FB7F6DF602FF2FE5
S31508033E40B7F5DF602FF2FB7F5DF602FF2FB7F5DFCD
S31508033E50602FF2FB7F5DF602FF2FB7F5DF602FF3C6
S31508033E60FB7F6DF601FFFFFFFFFF5007BCCCCCCCF1
S31508033E70900000000000000120000000000004FF7D
S31508033E80500000000002FFFF500000000439FFFE47
S31508033E9000000004FF39FFA0000004FFFF39B0004B
S31508033EA00004FFFFFF20000004FFFFFFB00000042B
S31508033EB0FFFFFFB0000004FFFFFFB0000004FFFF91
S31508033EC0FFB0000000BFFFFFB00000000DFFFFB00A
S31508033ED000000000FFFFB00000000009A860000012
S31508033EE00000000000178888888887400002EFFFD3
S31508033EF0FFFFFFFFF4003EFFFFCFFFCFFFF703EF00
S31508033F00FFF908F809FFF83EFFFFFE20402EFFF8E9
S31508033F10DFFFFFFFE101EFFFF89FFFFFFF80008F41
S31508033F20FFF809FFFFF902C209FFF8009FFFFE4EDB
S31508033F30FE4EFFF80009FFFFFFFFFFFFF700008FA4
S31508033F40FFFFFFFFFFC100000000000003EFFFFFB4
S31508033F50E203FBFBCEBFA4FF1D03A1FAFFF1D03A90
S31508033F601FAFFFFFFFFFFAFFFFFFFFFFAFFFFFFFD5
S31508033F70FFFAFFFFFFFFFFAFFFFFFFFFFAFFFFFF9A
S31508033F80FFFFAFFFFFFFFFFAFFFFFFFFFFADFFFFD7
S31508033F90FFFFF829AAAAAAA8000000000000000348
S31508033FA000000000000004F1000820000001FF10D3
S31508033FB00BF70000002FF10CFF94444445FF1BFF49
S31508033FC0FFFFFFFFFFF18FFFFFFFFFFFFD007FF7F7
S31508033FD00000000000006F600000000000003000D1
S31508033FE00000000062696E0042494E00040010009A
S31508033FF00001100040000004B37202085D7E000849
S31508034000AD7002083F720208CD720208ED7102080C
S315080340107F7102082B710208F1700208B770020853
S31508034020B37202081D7E0008AD7002083F720208CB
S31508034030CD720208ED7102087F7102082B7102081E
S31508034040F1700208B7700208494D41474500000060
S3150803405063730208000000009B730208494D414739
S31508034060455F48454144455200000000C3730208B2
S3150803407000000000FB730208080102040801020499
S31508034080081820201018101000003C027804B30604
S31508034090EE08280B610D990FD01106143A166C1801
S315080340A09D1ACB1CF71E212148236C258E27AC2984
S315080340B0C72BDF2DF32F0332103418361D381C3A5D
S315080340C0183C0E3E0040ED41D443B74594476B492F
S315080340D03D4B084DCE4E8E504752FA53A6554C5774
S315080340E0EB58825A135C9D5D1F5F9A600E627A6372
S315080340F0DE643A668E67DA681E6A5A6B8D6CB86D2B
S31508034100DA6EF46F04710D720C730274EF74D3755F
S31508034110AE76807748780779BC79687A0B7BA37B78
S31508034120337CB87C347DA67D0E7E6D7EC17E0C7F86
S315080341304C7F837FB07FD37FEC7FFB7F008035394D
S31508034140E52F2FD32828C61C1CB7601BD85B18C2BB
S315080341505714AD4F0E88AA248EA21F7B9A1B6A8C0E
S31508034160144AB1355EA82D51A02745921B31AB4998
S31508034170399F3F309335287E231AE5881ED2761950
S31508034180C06515A1470DE59B03D18802BD77029B40
S315080341905701C1AC00A797008F83006460007B8931
S315080341A0006B79005C6900404D0047A0433C8E389C
S315080341B0327D2E205E1B42B37C389F682F8B551E9B
S315080341C0693333CAC02BB4AF249D9E17778235D87B
S315080341D0FD2DC0FB25A8F9177FF500B3FF00A0FF47
S315080341E0008FFF006FFF008CFB007CF5006CEF006F
S315080341F051E61E51F4194AE61543D80C36BF414C0D
S315080342006D37405D2E344E23273E7A6E54645A45E5
S315080342104F473738322675757561616142424221C7
S3150803422021215053EF7373E59A9AEFD2CDFFEEEB44
S31508034230FF7A40EC9262F0B18FF4D0BBF8ECE4FC61
S31508034240BC47ABC868BAD893CEE7BEE1F5E5F3C277
S31508034250577ECD7595DB9DB3E9C4D1F6E7EDC06B03
S315080342605CCB8679DAA89FE9CAC5F6EAE8F5A542DA
S31508034270F6B564F9CA90FBDEBBFDF2E3F6B629F799
S31508034280C34FFAD481FCE5B3FEF5E1DAC626E1D0DD
S315080342904DEADE80F2EBB2FAF7E09AA626ACB64D03
S315080342A0C4CB80DBDFB2F1F2E06ABB6684C781A7C1
S315080342B0D6A5C9E6C8E9F5E865CC9C81D5AEA5E1DE
S315080342C0C5C8EDDCE9F8F157E1D475E7DC9CEEE601
S315080342D0C3F4F0E7FBF958EEFF76F1FF9DF5FFC44B
S315080342E0F9FFE7FDFF28CAFF4FD5FF82E0FFB3ECCE
S315080342F0FFE1F8FF26A7FF4DB7FF80CCFFB2E0FF2B
S31508034300E0F3FF4370FF658AFF91ABFFBCCCFFE781
S31508034310E9FB636E8D7F88A1A4AABCC8CCD7E9EB59
S31508034320EF9C9078AEA490C5BEB0DCD8CFF1EFEC85
S31508034330BDBDBDE0E0E0EEEEEEF5F5F5FAFAFA36C8
S3150803434043F4631EE9B0279CB73A67B5513FF39622
S3150803435021F4A903D4BC0088960050AF4C4AC38BFA
S3150803436039DCCD3BEBFF07C1FF0098FF2257FF4817
S3150803437055798B7D609E9E9EFFFFFF000404020411
S3150803438004040404040400000000000606060606E6
S3150803439006040006060606000000000000000000EA
S315080343A000000502000000000000000400000000F1
S315080343B000000002000202020002000202020000DC
S315080343C000000002000000000000000200000000D8
S315080343D000000001010505050105001001010000A3
S315080343E000001022220C0C32323200003232100046
S315080343F0000000000000000004040404040404048C
S315080344000404040404040400202C2E3B3A2D5F29DB
S315080344105D7D000019930208F7920208CF920208FD
S3150803442007940208FD91020885930208C7910208BA
S31508034430256C75204650532C20256C75252520435D
S3150803444050550A256C75206D732028256C75207CBC
S3150803445020256C7529003F00EF808C001D1C6869B8
S315080344606B6A6E6C6D626100617263001C0A0308F5
S3150803447041BA000800000000B1BA000800000000B5
S31508034480684403080000000000000000010600005D
S31508034490626172001C0A03087BAC0208F7AB0208C8
S315080344A0BDC500080000000090440308040100008D
S315080344B00D000000400700001C0A03086BAD020844
S315080344C0000000000000000000000000134F03086E
S315080344D0FFFFFF3FFFFFFF3FC40200000A006274AD
S315080344E06E6D61747269780042746E310042746E3F
S315080344F0320042746E330042746E340042746E3571
S31508034500000000001C0A0308EDC8000885AD020870
S315080345108DCC000800000000DE44030804010000F7
S315080345208200000085040000E8440308ED440308FC
S31508034530F2440308DC440308F7440308FC4403086D
S31508034540DD4403082564005375004D6F0054750058
S3150803455057650054680046720053610063616C65D1
S315080345606E64617200000000474503084A45030864
S315080345704D450308504503085345030856450308A4
S31508034580594503081C0A030855D200080000000011
S3150803459000000000000000005C450308C30000009B
S315080345A0C3000000C4460000EF819300EF81940026
S315080345B02564202573004A616E7561727900466524
S315080345C0627275617279004D617263680041707237
S315080345D0696C004D6179004A756E65004A756C7998
S315080345E0004175677573740053657074656D62650C
S315080345F072004F63746F626572004E6F76656D6203
S31508034600657200446563656D6265720063616C6516
S315080346106E6461722D6865616465722D6172726F6D
S3150803462077000000B6450308BE450308C7450308D7
S31508034630CD450308D3450308D7450308DC450308D6
S31508034640E1450308E8450308F2450308FA45030864
S31508034650034603081C0A030859D300080000000090
S3150803466000000000000000000C4603086400002058
S315080346702B00000000000000323032350A32303297
S31508034680340A323032330A323032320A3230323175
S315080346900A323032300A323031390A323031380A86
S315080346A0323031370A323031360A323031350A324E
S315080346B03031340A323031330A323031320A323049
S315080346C031310A323031300A323030390A32303039
S315080346D0380A323030370A323030360A323030351B
S315080346E00A323030340A323030330A323030320A42
S315080346F0323030310A323030300A313939390A31F9
S315080347003939380A313939370A313939360A3139B3
S3150803471039350A313939340A313939330A313939AC
S31508034720320A313939310A313939300A31393839A6
S315080347300A313938380A313938370A313938360AB5
S31508034740313938350A313938340A313938330A3187
S315080347503938320A313938310A313938300A313978
S3150803476037390A313937380A313937370A31393758
S31508034770360A313937350A313937340A3139373355
S315080347800A313937320A313937310A313937300A7A
S31508034790313936390A313936380A313936370A3131
S315080347A03936360A313936350A313936340A313922
S315080347B036330A313936320A313936310A3139361E
S315080347C0300A313935390A313935380A3139353705
S315080347D00A313935360A313935350A313935340A24
S315080347E0313935330A313935320A313935310A31F6
S315080347F03935300A313934390A313934380A3139D5
S3150803480034370A313934360A313934350A313934C9
S31508034810340A313934330A313934320A31393431C5
S315080348200A313934300A313933390A313933380AD6
S31508034830313933370A313933360A313933350A319F
S315080348403933340A313933330A313933320A313990
S3150803485033310A313933300A313932390A31393287
S31508034860380A313932370A313932360A313932356B
S315080348700A313932340A313932330A313932320A92
S31508034880313932310A313932300A313931390A315B
S315080348903931380A313931370A313931360A31393A
S315080348A031350A313931340A313931330A3139313B
S315080348B0320A313931310A313931300A313930392D
S315080348C00A313930380A313930370A313930360A3C
S315080348D0313930350A313930340A313930330A310E
S315080348E03930320A313930310030310A30320A3040
S315080348F0330A30340A30350A30360A30370A303844
S315080349000A30390A31300A31310A31320063616CAF
S31508034910656E6461722D6865616465722D64726F74
S3150803492070646F776E0000001C0A030815D500082B
S315080349300000000000000000000000000D49030805
S3150803494064000020FFFFFF3F0000000063686172F8
S31508034950740000001C0A0308F7B402088BB40208A3
S31508034960A5D50008000000004C4903086400002090
S315080349700401000080070000436865636B20626FCB
S315080349807800636865636B626F7800001C0A030826
S3150803499009DD000869BD020849DD000800000000BA
S315080349A082490308FFFFFF3FFFFFFF3F4403000061
S315080349B0EF81B8004F7074696F6E20310A4F7074B7
S315080349C0696F6E20320A4F7074696F6E2033006404
S315080349D0726F70646F776E2D6C69737400000000D4
S315080349E01C0A0308DDBF020871BF0208EDDE0008D2
S315080349F000000000CF490308000000000000000083
S31508034A00000300001C0A030879DE00080FC0020829
S31508034A10A9E00008000000001D4903088200000001
S31508034A20FFFFFF3F05050000696D6167650000002C
S31508034A301C0A030821E20008FDC70208B9E20008B8
S31508034A4000000000284A0308FFFFFF3FFFFFFF3F60
S31508034A50C00500006162630041424300312300EF51
S31508034A60808D00EF849C00456E74657200EFA2A2E8
S31508034A7000EF959A002B2F2D00000100010001007D
S31508034A8022030100010001002203010001000100C5
S31508034A900200010001000100010001003600370091
S31508034AA0380039002E002B0026002F002A003D006F
S31508034AB025003C003E005C004000240028007B00E3
S31508034AC05B005D003B00220027005100570054009D
S31508034AD0590055004F005000410053004400480058
S31508034AE04A004B005F005A005800560042004D002A
S31508034AF02C007100690067006B007A00760062007B
S31508034B006B6579626F61726400000000E748030809
S31508034B100B490308CD490308634A0308DC44030821
S31508034B20FA440308935203089C4A030858440308A3
S31508034B30DC4403089E4A0308A04A0308A24A03085A
S31508034B40714A0308DC440308754A0308B25F03087D
S31508034B50A44A0308A8450308AC450308DD4403082B
S31508034B60010401040104010401040104010401040C
S31508034B7001040104020122030104010401040104DE
S31508034B8001040104010401040104010401040104EC
S31508034B9001040104010401040104010401040104DC
S31508034BA0010401040104220302010600020122038F
S31508034BB0E74803080B490308CD490308FA440308E1
S31508034BC0935203089C4A03089E4A0308A04A03080B
S31508034BD0A24A0308B25F0308714A0308DC440308C0
S31508034BE0544A0308A64A0308A84A0308AA4A030814
S31508034BF0AC4A0308AE4A0308B04A03089A5F030897
S31508034C00564403085D4A0308B24A0308B44A03082C
S31508034C10DC440308B64A0308B84A0308BA4A030831
S31508034C20BC4A030854440308BE4A0308114403084C
S31508034C30C04A0308C24A0308C44A0308C64A030803
S31508034C40C84A0308DC440308634A0308A84503085B
S31508034C50B85F0308AC45030858440308DD44030852
S31508034C6025030404040404040404040404040404D3
S31508034C7004040404040407012603030403040304C5
S31508034C8003040304030403040304030407010105DB
S31508034C9001050104010401040104010401040104DA
S31508034CA0010501050105220302010600020122038B
S31508034CB05C4A0308CA4A0308CC4A03084C4003085B
S31508034CC067400308CE4A0308D04A0308D24A0308B2
S31508034CD0A25F0308D44A0308D64A0308714A03089D
S31508034CE0DC440308544A0308D84A0308DA4A030883
S31508034CF0DC4A0308D45F0308C35F0308DE4A0308D4
S31508034D00E04A0308E24A0308BC5F03086D4A03083E
S31508034D10DC440308E44A0308774A0308E64A030817
S31508034D20E84A03085A4A0308EA4A0308EC4A030806
S31508034D30EA3F0308EE4A0308A44A0308F04A0308AD
S31508034D40AE5F0308DC4403085F4A0308A845030863
S31508034D50B85F0308AC45030858440308DD44030851
S31508034D6025030404040404040404040404040404D2
S31508034D7004040404040407012603030403040304C4
S31508034D8003040304030403040304030407010105DA
S31508034D9001050104010401040104010401040104D9
S31508034DA0010501050105220302010600020122038A
S31508034DB05C4A0308F24A03080654030851450308E4
S31508034DC05745030855510308D545030848450308BD
S31508034DD0F44A03084B4503080E510308714A0308AE
S31508034DE0DC440308584A03085A450308B44503082C
S31508034DF045450308E55F0308F64A0308F95B030814
S31508034E001A0A0308F84A0308A05203086D4A030856
S31508034E10DC440308E44A0308774A0308FA4A030802
S31508034E20E6440308945C0308FC4A0308FE4A03089D
S31508034E30E63F03083E550308A44A0308F04A030855
S31508034E40AE5F0308DC440308634A0308A84503085E
S31508034E50B85F0308AC45030858440308DD44030850
S31508034E60044503086DE70008000000000000000081
S31508034E7000000000004B03086400002032000020F5
S31508034E800105000054657874000000001C0A030835
S31508034E9041F40008F5CC020885F00008000000007C
S31508034EA09C520308FFFFFF3FFFFFFF3F000600007A
S31508034EB06C6564001C0A03089DD002080000000004
S31508034EC075F6000800000000B04E03081A0000003B
S31508034ED01A000000000300006C696E6500000000FC
S31508034EE01C0A0308FFD002080000000045FA000860
S31508034EF000000000D84E0308FFFFFF3FFFFFFF3FF8
S31508034F00800300006C6973742D74657874006C698A
S31508034F1073742D62746E00008C4E03080000000043
S31508034F20000000000000000000000000044F030812
S31508034F3064000020FFFFFF3F00000000B844030899
S31508034F400000000000000000000000000000000050
S31508034F500E4F030864000020FFFFFF3F0000000018
S31508034F601C0A0308000000000000000000000000FF
S31508034F7000000000D8490308C3000000040100002C
S31508034F80000000001C0A03080000000000000000DF
S31508034F900000000000000000000000000000000000
S31508034FA000000000000000001C0A030800000000BF
S31508034FB000000000000000000000000000000000E0
S31508034FC00000000000000000000000001C0A03089F
S31508034FD000000000000000000000000000000000C0
S31508034FE000000000000000000000000000000000B0
S31508034FF01C0A03080000000000000000000000006F
S31508035000000000000000000000000000000000008F
S31508035010000000006D656E752D73657061726174AD
S315080350206F72006D656E752D73656374696F6E00B7
S315080350306D656E752D636F6E74006D656E752D7077
S31508035040616765006D656E75000000001C0A03083C
S31508035050000000000000000000000000000000003F
S3150803506014500308FFFFFF3FFFFFFF3F0000000048
S315080350701C0A030821D102080000000000000000F2
S31508035080000000002350030864000020FFFFFF3FD1
S31508035090000000001C0A030839D1020800000000BA
S315080350A000000000000000003050030864000020E0
S315080350B0FFFFFF3F000000001C0A0308C9D10208CE
S315080350C0ADD1020800000000000000003A500308B2
S315080350D064000020FFFFFF3F400300001C0A03088B
S315080350E0D9FB000819D102080000000000000000DF
S315080350F044500308C300000004010000C006000072
S315080351006D7367626F782D6261636B64726F70008B
S315080351106D7367626F782D6865616465722D627554
S3150803512074746F6E006D7367626F782D666F6F7434
S3150803513065722D627574746F6E006D7367626F782E
S315080351402D666F6F746572006D7367626F782D6372
S315080351506F6E74656E74006D7367626F782D68651C
S3150803516061646572006D7367626F78001C0A0308D1
S31508035170000000000000000000000000000000001E
S31508035180005103086400002064000020C0020000E8
S315080351901C0A0308000000000000000000000000CD
S315080351A000000000105103082B00000064000020D3
S315080351B0C40200001C0A03080000000000000000E7
S315080351C0000000000000000025510308FFFFFF3F11
S315080351D064000020C40200001C0A03080000000043
S315080351E00000000000000000000000003A51030818
S315080351F0640000202B000000C00200001C0A0308FC
S31508035200000000000000000000000000000000008D
S315080352104851030864000020FFFFFF3FC002000057
S315080352201C0A03080000000000000000000000003C
S315080352300000000057510308640000202B000000FB
S31508035240C00200001C0A030800000000000000005A
S315080352500000000000000000655103080401000077
S31508035260FFFFFF3FC00300004F7074696F6E203164
S315080352700A4F7074696F6E20320A4F7074696F6EC5
S3150803528020330A4F7074696F6E20340A4F7074693D
S315080352906F6E203500726F6C6C65722D6C6162657A
S315080352A06C00726F6C6C6572000000008C4E03080C
S315080352B0000000000000000099FE0008000000003E
S315080352C095520308000000000000000000060000D5
S315080352D01C0A03084DFE000800000000F9FF000839
S315080352E000000000A2520308FFFFFF3F82000000F0
S315080352F005040000256C64007363616C6500000097
S315080353001C0A03087103010847DB0208C1070108E1
S3150803531000000000F8520308000000000000000027
S3150803532041060000736C69646572000094440308BF
S315080353302FE40208000000004508010800000000E9
S31508035340245303080000000000000000450A00007B
S315080353507370696E626F78003C540308090D01087F
S3150803536000000000590D010800000000505303080F
S315080353708200000000000000810800007370696E57
S315080353806E6572006C4403083BEA020800000000DD
S3150803539000000000000000007C5303080000000022
S315080353A0000000000000000073776974636800005A
S315080353B01C0A030871EA020869EA0208650F01086C
S315080353C000000000A8530308340000001E00000074
S315080353D0040300007461626C650000001C0A03087C
S315080353E019ED0208C3EC02080115010800000000C4
S315080353F0D4530308FFFFFF3FFFFFFF3F8504000069
S3150803540074616276696577001C0A030875180108D2
S3150803541000000000BD19010800000000005403083D
S31508035420640000206400002040030000E280A2001C
S315080354307465787461726561000000001C0A0308CC
S31508035440351D010829F00208AD21010800000000F6
S3150803545030540308040100008200000045070000D9
S3150803546074696C650074696C657669657700000014
S315080354701C0A030879260108000000000000000042
S31508035480000000006054030800000000000000004C
S31508035490000300001C0A030839260108000000005F
S315080354A00000000000000000655403080000000027
S315080354B0000000000003000077696E001C0A030859
S315080354C09526010800000000000000000000000007
S315080354D0B85403086400002064000020C0020000DA
S315080354E0256C7500000003020000000000000000A0
S315080354F0BA040000000000000000030200000000D8
S3150803550000000000BA040000000000002E2E2F61E0
S3150803551075746F67656E2F736C5F696F73747265E5
S31508035520616D5F696E69745F6575736172745F69CE
S315080355306E7374616E6365732E630076636F6D00B5
S31508035540B85D03080000000000C201000002000065
S315080355505C5D03080000050006000900080000005A
S315080355600500000000000000809698000201000074
S315080355700000000000000000010000000000000019
S315080355800000000001000000000000000000000009
S31508035590010400000203020202012E2E2F73696D15
S315080355A0706C69636974795F73646B5F3230323523
S315080355B02E362E332F706C6174666F726D2F636F80
S315080355C06D6D6F6E2F7372632F736C5F736C697374
S315080355D0742E63002E2E2F73696D706C696369745C
S315080355E0795F73646B5F323032352E362E332F7004
S315080355F06C6174666F726D2F6472697665722F6754
S3150803560070696F2F7372632F736C5F6770696F2E80
S3150803561063001E0000032E2E2F73696D706C696379
S315080356206974795F73646B5F323032352E362E3385
S315080356302F706C6174666F726D2F656D6472762F49
S315080356407370696472762F7372632F7370696472E9
S31508035650762E630000000000010000000000000031
S315080356600000000001000000000000000000000028
S315080356700104000005000000000000008096980061
S315080356800201000000000000050000000000000001
S3150803569040420F0005010000000000000000000062
S315080356A0000000002E2E2F73696D706C6963697490
S315080356B0795F73646B5F323032352E362E332F7033
S315080356C06C6174666F726D2F656D6C69622F737288
S315080356D0632F656D5F636D752E630000A0BB0D00B8
S315080356E0C07A1000001F408240420F00C07A1000A3
S315080356F020D613003A1F41A20000000020D613004B
S31508035700905817003A1F42A200000000905817004D
S3150803571040771B003A9F43B60000000040771B0002
S3150803572070CE2000001F408180841E0070CE2000AA
S3150803573040AC27003A1F41A10000000040AC2700F7
S31508035740108A2E003A1F42A100000000108A2E007C
S3150803575080EE36003A9F43B50000000080EE36001F
S31508035760E09C4100001F408000093D00E09C410089
S3150803577080584F003A1F41A00000000080584F0090
S3150803578020145D003A1F42A00000000020145D00AB
S31508035790C0047700009F43B4C0CF6A00C0047700F3
S315080357A0408995003A9F44B400000000408995005B
S315080357B0C00DB4003A9F45B400000000C00DB40004
S315080357C000BADB00009F66B4405DC60000BADB0082
S315080357D080730601009F67B40024F40080730601F2
S315080357E020992C01009F68A8C0EA210120992C0161
S315080357F0C0286B013A9F89B800000000C0286B01D6
S3150803580060EDB501009F8AB880BA8C0160EDB501D9
S3150803581080011302009FABB80048E8018001130218
S3150803582080138D02009FCCA880D5430280138D0276
S31508035830805A1303009FEDAC006CDC02805A1303F5
S3150803584020289B03009FEEBC007E560320289B035B
S31508035850C0C95304009FEFBC0090D003C0C95304CA
S3150803586000B4C404009FF0CC00B4C4042E2E2F73D6
S31508035870696D706C69636974795F73646B5F3230E1
S3150803588032352E362E332F706C6174666F726D2F18
S31508035890656D6C69622F7372632F656D5F656D75D0
S315080358A02E63002E2E2F73696D706C696369747984
S315080358B05F73646B5F323032352E362E332F706C3E
S315080358C06174666F726D2F656D6C69622F7372638F
S315080358D02F656D5F6575736172742E6300433A5C59
S315080358E055736572735C414345525C53696D706CBD
S315080358F0696369747953747564696F5C76355F7720
S315080359006F726B73706163655C786732365F746652
S31508035910745F7370695F4C69625C73696D706C69F7
S31508035920636974795F73646B5F323032352E362E52
S31508035930335C706C6174666F726D5C656D6C6962FD
S315080359405C696E632F656D5F6770696F2E68002EDD
S315080359502E2F73696D706C69636974795F73646BF1
S315080359605F323032352E362E332F706C6174666F84
S31508035970726D2F656D6C69622F7372632F656D5F28
S315080359806770696F2E630000FF07FF01FF3FFF077C
S315080359902E2E2F73696D706C69636974795F7364EE
S315080359A06B5F323032352E362E332F706C61746648
S315080359B06F726D2F656D6C69622F7372632F656DD8
S315080359C05F696164632E6300000080410000004242
S315080359D0000080420000B8420000004300008043F4
S315080359E02E2E2F73696D706C69636974795F73649E
S315080359F06B5F323032352E362E332F706C617466F8
S31508035A006F726D2F656D6C69622F7372632F656D87
S31508035A105F6C646D612E6300433A5C5573657273FC
S31508035A205C414345525C53696D706C69636974796B
S31508035A3053747564696F5C76355F776F726B7370D1
S31508035A406163655C786732365F7466745F73706921
S31508035A505F4C69625C73696D706C69636974795FBD
S31508035A6073646B5F323032352E362E335C706C615D
S31508035A7074666F726D5C656D6C69625C696E632FC3
S31508035A80656D5F6275732E68002E2E2F73696D70B0
S31508035A906C69636974795F73646B5F323032352E70
S31508035AA0362E332F706C6174666F726D2F656D6C4D
S31508035AB069622F7372632F656D5F75736172742ED6
S31508035AC06300433A5C55736572735C414345525CA4
S31508035AD053696D706C696369747953747564696F16
S31508035AE05C76355F776F726B73706163655C786735
S31508035AF032365F7466745F7370695F4C69625C7390
S31508035B00696D706C69636974795F73646B5F32304E
S31508035B1032352E362E335C706C6174666F726D5C2B
S31508035B207065726970686572616C5C696E632F7300
S31508035B306C5F68616C5F6770696F2E68002E2E2F25
S31508035B4073696D706C69636974795F73646B5F32CB
S31508035B503032352E362E332F706C6174666F726D44
S31508035B602F7065726970686572616C2F7372632F23
S31508035B70736C5F68616C5F6770696F2E6300433A85
S31508035B805C55736572735C414345525C53696D702A
S31508035B906C696369747953747564696F5C76355F88
S31508035BA0776F726B73706163655C786732365F749F
S31508035BB066745F7370695F4C69625C73696D706C58
S31508035BC069636974795F73646B5F323032352E3675
S31508035BD02E335C706C6174666F726D5C7065726986
S31508035BE070686572616C5C696E632F736C5F68615C
S31508035BF06C5F7379737274632E68002E2E2F736924
S31508035C006D706C69636974795F73646B5F32303284
S31508035C10352E362E332F706C6174666F726D2F7046
S31508035C2065726970686572616C2F7372632F736C22
S31508035C305F68616C5F7379737274632E63002E2ECB
S31508035C402F73696D706C69636974795F73646B5FCD
S31508035C50323032352E362E332F706C6174666F727E
S31508035C606D2F736572766963652F636C6F636B5FFC
S31508035C706D616E616765722F7372632F736C5F63F1
S31508035C806C6F636B5F6D616E616765725F68616C8C
S31508035C905F73322E63002E2E2F73696D706C6963E2
S31508035CA06974795F73646B5F323032352E362E33FF
S31508035CB02F706C6174666F726D2F73657276696384
S31508035CC0652F636C6F636B5F6D616E616765722FBA
S31508035CD07372632F736C5F636C6F636B5F6D616E57
S31508035CE0616765725F696E69745F68616C5F733259
S31508035CF02E630000012600000400000000000000D7
S31508035D0000010000000000000B0000000C0000006A
S31508035D10030000000000202000000000030000002C
S31508035D203C3C3C00000000000000000000000000AE
S31508035D300103100101090300880000008700000021
S31508035D40090000001E000000160000001A000000EB
S31508035D50860000008500000057000000560000007A
S31508035D601100000000800A5024000000385D030873
S31508035D7000400A50240000003C5D030800000A5056
S31508035D8003000000405D030800C00A50130000002A
S31508035D90445D0308004009500A000000505D0308EB
S31508035DA0000009500A000000545D030800C00850AB
S31508035DB00A000000585D03080000015B1500000097
S31508035DC05C5D03082E2E2F73696D706C69636974A5
S31508035DD0795F73646B5F323032352E362E332F700C
S31508035DE06C6174666F726D2F736572766963652F5E
S31508035DF0696E746572727570745F6D616E616765DD
S31508035E00722F7372632F736C5F696E746572727522
S31508035E1070745F6D616E616765725F636F727465D7
S31508035E20786D2E63002E2E2F73696D706C69636906
S31508035E3074795F73646B5F323032352E362E332FA7
S31508035E40706C6174666F726D2F73657276696365BC
S31508035E502F696F73747265616D2F7372632F736C19
S31508035E605F696F73747265616D5F6575736172746B
S31508035E702E630000050000000000000000C20100B8
S31508035E8000020000001000000000000000000000EF
S31508035E900000000005000000000000008025000047
S31508035EA0800200000010000000000040000000000F
S31508035EB0000000002E2E2F73696D706C6963697478
S31508035EC0795F73646B5F323032352E362E332F701B
S31508035ED06C6174666F726D2F736572766963652F6D
S31508035EE0696F73747265616D2F7372632F736C5F59
S31508035EF0696F73747265616D5F756172742E630081
S31508035F002E2E2F73696D706C69636974795F736478
S31508035F106B5F323032352E362E332F706C617466D2
S31508035F206F726D2F736572766963652F736C65651A
S31508035F307074696D65722F7372632F736C5F736CFC
S31508035F4065657074696D65722E63002E2E2F7369ED
S31508035F506D706C69636974795F73646B5F32303231
S31508035F60352E362E332F706C6174666F726D2F73F0
S31508035F706572766963652F7564656C61792F7372CB
S31508035F80632F736C5F7564656C61792E630048656E
S31508035F906C6C6F2C20776F726C64210054455354D4
S31508035FA020554900427574746F6E004144433A00A4
S31508035FB030303000232D302B2000686C4C0065668A
S31508035FC06745464700303132333435363738394139
S31508035FD0424344454600303132333435363738394F
S30D08035FE0616263646566000053
S30D08035FE870A2FC7F0100000012
S31108035FF0FC5F0308FC3B01204600000090
S31508035FFC604D0308604C0308604B03087A4A030890
S3150803600C604D0308604D0308604D0308604D030893
S3150803601C0000000000000000B04D0308B04C030854
S3150803602CB04B03080C4B0308B04D0308B04D0308DB
S3150803603CB04D0308B04D0308000000000000000033
S3150803604C503C0120D42601203B55030802000000CE
S3150803605C212A0108000000000000000000000000CF
S3150803606C000000001400000000C0085002020203DE
S3150803607C0D0C0B0880969800080000000000000021
S3150803608C0001000100000000F0260120C0EA2101EE
S3150803609CC0EA210100800000C0175302183D0120F5
S315080360AC3DFD0208B43C012000000000802A0120B3
S315080360BCE82A0120502B01200000000000000000F4
S315080360CC00000000000000000000000000000000B3
S315080360DC00000000000000000000000000000000A3
S315080360EC0000000000000000000000000000000093
S315080360FC00000000FFFFFFFFFFFF0101280100005E
S30D0803610C350200080D02000824
S70508012C9D28
