:020000040800F2
:100000000010002081440108891903088919030898
:10001000891903088919030889190308891903082C
:10002000891903088919030889190308891903081C
:100030008919030889190308891903086715030832
:1000400089190308891903088919030889190308FC
:1000500089190308891903088919030889190308EC
:1000600089190308891903088919030889190308DC
:1000700089190308891903088919030889190308CC
:1000800089190308891903088919030889190308BC
:10009000AD420108DB180308891903088919030810
:1000A000891903088919030889190308891903089C
:1000B000891903088919030889190308891903088C
:1000C000891903088919030889190308514F010880
:1000D000891903088919030889190308814A010845
:1000E000614A010889190308891903088919030855
:1000F000891903088919030889190308891903084C
:10010000891903088919030889190308891903083B
:10011000891903088919030889190308891903082B
:10012000891903088919030889190308891903081B
:10013000891903088919030889190308891903080B
:1001400089190308891903088919030889190308FB
:1001500089190308891903088919030889190308EB
:1001600089190308891903088919030889190308DB
:1001700089190308891903088919030889190308CB
:10018000891903088919030889190308EB2D030845
:1001900089190308891903088919030889190308AB
:1001A000891903088919030889190308891903089B
:0401B000891903089E
:1001C000013800D0FCE770470348044B834202D05B
:1001D000034B03B118477047B8240220B82402200B
:1001E00000000000064B0749C91A891048BF0131B9
:1001F000491003D0044B0BB101481847704700BFAA
:10020000B8240220B82402200000000010B5064CDB
:10021000237843B9FFF7D8FF044B13B10448AFF379
:1002200000800123237010BD441302200000000051
:100230000885030808B5054B1BB105490548AFF310
:100240000080BDE80840FFF7CDBF00BF0000000000
:100250005811002008850308A3F5803A704700BFB5
:10026000174B002B08BF134B9D46FFF7F5FF0021EE
:100270008B460F461348144A121A31F0D7FE0E4B24
:10028000002B00D098470D4B002B00D09847002042
:10029000002104000D000D48002802D00C48AFF3E7
:1002A000008019F0DDFF2000290031F067F919F016
:1002B00013FE00BF00000800000000000000000066
:1002C00000100020001000207C230220000000000D
:1002D0000000000010B598B002F0F2FD00F09AF8AE
:1002E0000446002009F036FCC0F307238DF80530E2
:1002F000C0F307438DF806308DF8040001992046BD
:1003000000221DF0BCFE2046002247F6FF711DF0C2
:10031000E9FE00230A22072120461CF0D5F802A896
:1003200009F07EFA214602A829F0DFF9322202A85C
:100330000A2129F0E3F902A84FF47A7129F0D9F9DA
:1003400002A8642129F0EAF902A84FF4967129F075
:10035000E3F902A84FF4FA7129F0E4F902A84FF08A
:10036000FF3129F0DDF902A80B4929F0CDF90B493D
:1003700002A829F0BCF902A809F06CFA02A8084901
:1003800029F0B5F9F0220A2102A829F0B7F902A84C
:1003900009F060FA18B010BDA3960208D5A80108AC
:1003A000D1A80108202101482AF004BAA411002094
:1003B000014B186C704700BF7011002010B5044647
:1003C00000B9FEE7064A07491AF0A3FA63692BB1A0
:1003D00020B92046BDE810400121184710BD00BFDC
:1003E00011A9020805A9020810B5044600B9FEE7E4
:1003F0000649074A1AF08DFA6369014623B118B914
:100400002046BDE81040184710BD00BF0BA90208E8
:1004100019A9020810B50146044800F009F804467D
:1004200000B9FEE71BF093F9204610BD3C2E0308EF
:1004300070B506460D462B4A20B1036A1A4212D007
:10044000C3F30F100AF074FA044648B1C0E900651E
:100450007DBB02F081FB064638B920460AF07AFAE5
:100460000024204670BD0068E6E7D0F8B40208B961
:10047000C6F8D052D6F8D012013189000AF074FAC9
:1004800000B9FEE70025D6F8D032C6F8B4025A1CEF
:10049000C6F8D02240F823402846C4E9055502F0AA
:1004A0006BFB0138E061284602F076FB01382062E0
:1004B000D7E7AB6813B928461BF0FDF8AE68318D5D
:1004C0003068013189B2318589000AF04DFAAA6895
:1004D0003060138D126803F18043013B42F82340E2
:1004E000BFE700BFF0FF0F0038B5044605F048FE37
:1004F00028B1237E13F002003ED1DD073DD42368EE
:100500009D6805B1083501222146284629F031FFB2
:10051000012832D1207E10F002002DD121461BF09F
:1005200059FD012829D1227E12F0020224D1214650
:10053000284629F01EFF01281FD1237E99071BD4CE
:1005400020681DF01EFE0546B0B1237E5A0713D465
:100550002389283B012B11D94FF4804120681AF0E0
:1005600070FE48B12389133B9BB21E2B06D8044A68
:1005700022FA03F3DB0701D5012038BD2560B5E77A
:10058000F19F785837B50B4905461AF060FE0446CE
:1005900010B1002003B030BD28461DF0F2FD002848
:1005A000F7D0162221461DF031F980B2003818BF6D
:1005B0000120EFE70100060007B50022054B3121BD
:1005C000CDE900236A461BF01AFD009803B05DF8E0
:1005D00004FB00BF010000E007B50023054A3121FC
:1005E000CDE900236A461BF00AFD019803B05DF8CF
:1005F00004FB00BF010000E02DE9F04F87B0814609
:10060000FFF7C0FF0446002840F0FE8048461DF07A
:10061000B8FD21460822824648461DF0F7F82146DB
:10062000059005468346092248461DF0EFF804462A
:1006300005900090BAF1000F07D1024629464846BE
:1006400007B0BDE8F04F1CF068B950461BF092FFB0
:10065000804650461BF09EFF05F0C043B3F1005F9B
:10066000074614D16FF0604325F0C0459D420ED07F
:100670004FF0640BB5F1805FA2BFC5F17F6505F552
:100680007F2505F6FF7505FB08F595FBFBFB04F0E0
:10069000C043B3F1005F13D16FF0604324F0C04456
:1006A0009C420DD06423B4F1805FA2BFC4F17F648B
:1006B00004F57F2404F6FF747C4394FBF3F300936A
:1006C0006A22002148461DF0A1F86B220021059006
:1006D0000390064648461DF099F809F11404CDE947
:1006E00001000590204629F0C7FB0546204629F069
:1006F000C8FBDDE90112039B044603F0C040B0F1E2
:10070000005F12D16FF0604023F0C04383420CD0F1
:100710006426B3F1805FA2BFC3F17F6303F57F233B
:1007200003F6FF736B4393FBF6F602F0C043B3F19D
:10073000005F12D16FF0604322F0C0429A420CD0A9
:100740006423B2F1805FA2BFC2F17F6202F57F2213
:1007500002F6FF72624392FBF3F1009B0A220B4404
:10076000484600215E449B461DF050F8059010F06D
:10077000FF0007D150461BF008FD012820D1A8EB4F
:1007800005051CE0023807281AD801A353F820F009
:10079000B10700087F070008D7070008C70700084F
:1007A000DD070008E9070008E3070008F90700086B
:1007B00005EBD57508EBD8786D10C5EB68052E44B0
:1007C0005A4631463BE705EBD57508EBD8786D10F6
:1007D000C5EB68052E443C1BA344F1E7A8EB0505D7
:1007E000F8E7A8EB05052E4404EBD47407EBD777A4
:1007F0006410C4EB6704EFE705EBD57508EBD87818
:100800006D10C5EB6805EEE707B0BDE8F08F00BFDF
:100810002DE9F04F91B090F82B30044603F00C0313
:100820000C2B03D1002011B0BDE8F08F1DF0A9FC06
:1008300006460028F6D094F82B1004F1140311F0AA
:100840000801019363D0184629F016FB94F82B1089
:10085000074611F0040100F0AF81019829F011FB67
:100860000546019829F008FB874200F08A8220465D
:100870001CF03CF8636930460893A3690CA90993FE
:10088000E3690A93236A0B931BF094FE00220CA9E0
:1008900008A829F066F8804610B930461CF02CFEF6
:1008A000A36920461D44013D25621BF06EFC012812
:1008B0000BBFE3696369DB1BFF180BBF013307F153
:1008C000FF376361E7612E2108AA20461BF097FBE2
:1008D0002246272130461BF092FB20461CF006F8EA
:1008E00094F82A30002243F00203019884F82A3059
:1008F0000CA929F036F8B8F1000F00D110B130463C
:100900001CF0FAFD20461BF03DFB01208BE7012285
:1009100020461CF07BFF00F0C043B3F1005F80462F
:1009200005460C90304605D16FF0604328F0C04773
:100930009F4234D11BF01EFE6FF040439845029059
:1009400040F0A48020461CF003FAA36803900BB18A
:1009500000229A6120461BF009FD804620461BF0CC
:100960001DFC82462046FFF727FE0AEB00052046C5
:100970001DF03DFC049020461BF007FC01284FF0C1
:10098000000BDFF82C92454475D0049AA3685A45B1
:1009900040F0A080864A914574D0C8448EE06FF044
:1009A00040481BF0E7FD45450290CBD096F82B1050
:1009B00011F0080140F0DD80012230461CF026FFD6
:1009C00040450C9040F0D58020461BF0E7FB0546E3
:1009D00020461BF0CBFC054458E01B68754953F8D2
:1009E0002B7038461AF033FC002842D13846FFF706
:1009F000C9FD014660B90A2238461CF007FF0C9079
:100A0000C0B2082809D840F24913C340DA0704D518
:100A1000E3697A699B1A013317E0082200213846FE
:100A20001CF0F4FE0C90002844D1069007F114004D
:100A300029F022FA1A2208EB00030699384605939A
:100A40001CF0E4FE059B0C9003441A22002138465A
:100A500005931CF0DBFE059B0C901844484508DB11
:100A60001A22002138461CF0D1FE059B0C9003EBA6
:100A700000090BF1010B049AA3685A45ADD14C4A09
:100A8000914519D113B1039A52429A61042200216F
:100A900020461CF0BBFE052207460C900021204694
:100AA0001CF0B4FE394602460C90029B28461CF00E
:100AB0000CF8CBE63E4BC8E70AEB0908A26812B176
:100AC000039B5B4293613A4B9845DFD04545B8BFE5
:100AD0004546DBE71B68374953F82B7038461AF058
:100AE000B6FB002840D13846FFF74CFD014658B907
:100AF0000A2238461CF08AFE0C90C0B2072808D89B
:100B00009323C340DB0704D5FB6962699B1A013359
:100B100016E00822002138461CF078FE0C9030BB0D
:100B2000069007F1140029F0A7F91B220AEB000335
:100B30000699384605931CF069FE059B0C9003440A
:100B40001B220021384605931CF060FE059B0C908B
:100B50001844484508DB1B22002138461CF056FE8D
:100B6000059B0C9003EB00090BF1010B0DE7104BFB
:100B7000E6E7B7F1805FA4BFC7F17F6707F57F277E
:100B8000029BA8BF07F6FF775F4364231A22002168
:100B9000204697FBF3F71CF039FE1B2205460C900C
:100BA000002120461CF032FE0C9028443D1A6DE7CF
:100BB000010000E001000400022220461CF026FE95
:100BC00000F0C043B3F1005F814605460C9030460B
:100BD00005D16FF0604329F0C048984549D11BF01A
:100BE000D9FC6FF04043994582462ED120461CF037
:100BF000B4F8A36804900BB10022DA6120461BF020
:100C00009BFB029020461BF07DFB03902046FFF7E4
:100C1000E3FC029B4FF0000B1D18039B20461D4474
:100C20001DF0E5FADFF868910590059AA3685A452A
:100C30003BD113B1049A5242DA61554B994504D025
:100C4000039B4B449D42B8BF1D460622002120460F
:100C50001CF0DCFD072280460C90002120461CF091
:100C6000D5FD534602460C90414628461BF02DFF09
:100C7000F6E56FF040491BF08DFC4D458246B5D03E
:100C800096F82B1011F004015CD1022230461CF0C2
:100C9000BDFD48450C9055D120461BF04DFB054647
:100CA00020461BF02FFB0544CFE71B68394953F85A
:100CB0002B8040461AF0CBFA00283ED14046FFF781
:100CC00061FC014648B906900A2240461CF09EFD90
:100CD0000C90C0B20328069905D8D8F82030A26934
:100CE0009B1A013315E0092240461CF08FFD0C9041
:100CF00030BB079008F1140029F0C3F8029B1822BA
:100D000003440799404606931CF080FD069B0C9017
:100D1000034419220021404606931CF077FD069BF0
:100D20000C901844484508DB1922002140461CF06D
:100D30006DFD069B0C9003EB00090BF1010B74E7B2
:100D4000134BE6E76422B8F1805FA2BFC8F17F6869
:100D500008F57F2808F6FF780AFB08F3002193FBCB
:100D6000F2F8204618221CF051FD192205460C907D
:100D7000002120461CF04AFD0C902844A8EB0005F9
:100D800063E7019829F07DF885427FF470AD49E56D
:100D9000010000E00100040038B50D4D95F8603009
:100DA00063B9012385F860301DF0E3F9044694F837
:100DB0002A3013F0040202D185F8602038BD6FF3A9
:100DC0008203204684F82A301BF0B9FEEFE700BF0B
:100DD000701100202DE9F04F85B00E46074693466E
:100DE0009846DDF83890FFF7D7FF1EB938461DF05A
:100DF000C8F9064638461DF0C4F982461BF0CEF904
:100E0000019050461BF098FA029030461BF0C6F94C
:100E1000054630461BF090FA0446BBF1000F10D196
:100E200030461BF0B2F9012874D130461BF0A2FB0A
:100E3000834607F1140029F01FF8ABEB000B5D446B
:100E400068E00BF1FF3BBBF1140F2DD801A353F861
:100E50002BF000BF150F0008F50E00082B0E000840
:100E6000EB0F0008031000083D1000086510000893
:100E700085100008AF0E0008AD100008B91000087A
:100E8000E5100008FD1000080911000835110008E0
:100E90004D1100085B11000887110008A711000818
:100EA000B3110008CD1100080024002532E03046BF
:100EB0001BF060FB07F1140B0390584628F0DCFF91
:100EC000039B00EBD07003EBD3734010C0EB6300C7
:100ED000054430461BF05EFB0390584628F0D1FFD6
:100EE000039B00EBD07003EBD3734010C0EB6300A7
:100EF00004440FE030461BF03DFB834607F114002D
:100F000028F0BAFF00EBD0700BEBDB7B4010C0EB9E
:100F10006B00054408F0C043B3F1005F18D16FF0D7
:100F2000604328F0C04B9B4512D006F1140028F016
:100F3000A3FF4FF06408BBF1805FA2BFCBF17F6BD2
:100F40000BF57F2B0BF6FF7B00FB0BFB9BFBF8F8F5
:100F500009F0C043B3F1005F18D16FF0604329F08E
:100F6000C04B9B4512D006F1140028F08AFF4FF0C9
:100F70006409BBF1805FA2BFCBF17F6B0BF57F2BC8
:100F80000BF6FF7B00FB0BFB9BFBF9F950461BF0BC
:100F9000FCF801287369DAF8142040F024814344F6
:100FA0005046A3EB020800F0C9F9019B8044A8EB6E
:100FB0000308B36950469944DAF818304544A9EB60
:100FC00003091BF0CFFE029B8144A9EB03093846BD
:100FD000002201214C441DF02FF8224629463846B4
:100FE00005B0BDE8F04F1BF009BA30461BF0D2FA4D
:100FF000834607F1140028F044FFABEB000B5C4480
:1010000088E730461BF0B6FA07F1140B03905846F8
:1010100028F032FF039B00EBD07003EBD37340103A
:10102000C0EB6300054430461BF0B4FA0390584609
:1010300028F027FF039B1B1A1C446BE730461BF06C
:1010400099FA07F1140383461846039328F014FF16
:10105000ABEB000B30461BF09DFA039B5D448346CF
:101060001846C8E730461BF095FA834607F114008E
:1010700028F007FF00EBD0700BEBDB7B4010C0EBE0
:101080006B0035E730461BF075FA07F11403834611
:101090001846039328F0F0FEABEB000B30461BF034
:1010A00079FA039B5D4483461846E1E707F1140093
:1010B00028F0E7FE4442F8E606F1140028F0DCFED2
:1010C00007F114040546204628F0D6FE05EBD5733B
:1010D00000EBD0756D10C5EB6305204628F0D1FEFE
:1010E000444217E706F1140028F0C6FE07F1140485
:1010F0000546204628F0C0FE2D1AEEE706F1140042
:1011000028F0BFFE0446D0E606F11404204628F07D
:10111000B3FE054607F1140028F0AEFE05EBD573CB
:1011200000EBD0756D10C5EB6305204628F0A9FED5
:101130000446EFE606F11404204628F09DFE05461D
:1011400007F1140028F098FE2D1AEEE707F11400BD
:1011500028F092FE45420024DCE607F1140B5846C5
:1011600028F08AFE454206F1140028F08AFE044663
:10117000584628F086FE04EBD47300EBD07464105C
:10118000C4EB6304C6E607F1140B584628F074FE5E
:10119000454206F1140028F074FE0446584628F033
:1011A00070FE241AB6E606F1140028F065FE054626
:1011B000D1E706F11404204628F05EFE05462046DD
:1011C00028F05FFE044607F11400D2E706F114048C
:1011D000204628F051FE0546204628F052FE0446DF
:1011E00007F11400DBE798445046A8EB020800F032
:1011F0004DF8DAE62DE9F34704461CF0F8FF002528
:101200000746204EDFF88080BD4223D120461BF0E8
:101210000DFD804620461BF0EFFC1A4B07469E4210
:101220001CBF236A1B1A204618BFF61AFFF7D4F911
:10123000054620461BF09BF9A0EB0800C01B2D1AA9
:1012400020461BF08AFD281AB042B8BF304602B0D3
:10125000BDE8F087A36841461B6853F825A05046B7
:1012600019F0F5FF014650B919225046DAF82090DE
:101270001CF0CCFA81444E45B8BF4E460190013572
:10128000C2E700BF010000E0010004002DE9F74FB4
:10129000002105461BF084FC012806D0A86808B18F
:1012A0008069404203B0BDE8F08F28461BF0D8FCAF
:1012B000804628461BF086FC074628461CF097FF10
:1012C0006FF0604481460026B1451BD16FF060434A
:1012D0009C4218BF6E6928461ABFF619361B154E78
:1012E000FFF76AF9044628461BF03EF9A0EB080018
:1012F000C01B241A28461BF02BFD2044B042B8BF67
:101300003046CFE7AB680C491B6853F826A050461F
:1013100019F09DFF014658B91A225046DAF814B068
:101320001CF074FAABEB000B5C45A8BF5C46019067
:101330000136C9E7010000E0010004002DE9F34790
:10134000002105461BF02CFC012805D1A86800B13E
:10135000806902B0BDE8F08728461CF048FF0024F1
:1013600007461F4EDFF87C80A74221D128461BF09C
:1013700077FC074628461BF025FC194B80469E4209
:1013800018BFEB6928461CBFDB1BF61AFFF714F9E0
:10139000044628461BF0E8F8C01BA0EB0800241AFE
:1013A00028461BF0D5FC201AB042B8BF3046D0E723
:1013B000AB6841461B6853F824A0504619F047FF1C
:1013C000014650B91B225046DAF81C901CF01EFA58
:1013D00081444E45B8BF4E4601900134C4E700BF7A
:1013E000010000E00100040038B50D460C49044638
:1013F00008F09AFA58B1C06A40422860094920466C
:1014000008F092FA38B1C06A4042686038BD2046A0
:101410001BF09EFCF1E720461BF09FFCF5E700BFA8
:10142000C3CD0108ADCD0108F0B597B0164651EA1D
:10143000060204460D465FD0012B5FD100F0F8FC98
:101440000746684608F0ECF92146684628F04DF951
:101450006846394928F05EF935B3384601F08CFB0F
:101460004FF4C872C821401028F0EDF801466846D4
:1014700028F03FF920461BF06BFC2A1A41426846CF
:1014800028F03CF968462D4928F031F968462C4986
:1014900028F03AF96A46092120461AF0B0FD0128E1
:1014A0002AD1684608F0D6F936B3384601F074FB05
:1014B0004FF4C872C821401028F0C5F801466846AC
:1014C00028F017F920461BF048FC321A41426846C2
:1014D00028F014F968461B4928F009F968461849AC
:1014E00028F012F96A46092120461AF088FD0128E1
:1014F00002D1684608F0AEF917B0F0BD114908F006
:10150000EFF90E49204608F0EBF9002209212046A8
:101510001AF075FD0128EFD13246294620461BF00E
:1015200023FC0128E8D100220B21204617B0BDE89A
:10153000F0401AF064BD00BFB1CB0108C3CD010873
:1015400089960208ADCD010870B504460D460749DD
:10155000164608F0C5F920461BF0FAFB3346411B3E
:1015600000222046BDE870401BF036BCC3CD010808
:1015700070B504460D460749164608F0B1F92046F5
:101580001BF0EBFB3346421B00212046BDE87040B8
:101590001BF022BCADCD01082DE9F04F89B080468B
:1015A00008460291914603931CF0EBFD102106467C
:1015B00019F047FE002800F0068130461BF0B2FB10
:1015C000019030461BF0BDFB8246002800F09E8053
:1015D000029B03F1140730461BF028FB04463046FB
:1015E0001BF00AFBB5697B682544ED1A336AF9687C
:1015F000D9F804201B1A5B1AD11A83463046CDE96C
:101600000623AD1A05911AF0B2FFDDE90512002D8F
:10161000079B0490C0F28580002979DB0025BAF190
:10162000020F00F08980BAF1030F00F08A80BAF14E
:10163000010F03D1B5697B682544ED1A30461BF0D4
:1016400079FB824610B1029B03F1140830461BF06F
:10165000B9FA074630461BF003FB7469D8F800302E
:101660003C44E41AF369D9F80020D8F808101B1A92
:101670005B1AA41A8346A2EB03017ED4002974DB13
:10168000002430461AF070FFBAF1020F7FD0BAF191
:10169000030F00F08280BAF1010F04D17469D8F809
:1016A00000303C44E41A4949304608F019F94849E9
:1016B000304608F015F9019BD807019B58BF24EA72
:1016C000E4749907019B58BF04EAE4745A07019B2C
:1016D00058BF25EAE5751B07039BD9F8042058BFBE
:1016E00005EAE575002B6CD0D9F800302344C9F821
:1016F00000302B46134421462A463046C9F80430B0
:10170000039B09B0BDE8F04FFFF78EBE474662E786
:10171000002D83D030461BF020FBA842BFF67FAFE0
:101720007CE700297FF77AAF30469D1AFFF762FD0C
:10173000C5427FF574AF71E7356AFB68A5EB0B0511
:101740007BE7049BB2691B1BA3EB0B0303EBD37377
:101750001444384604EB630428F093FB7D6800EBE7
:10176000D07005EB6005651B68E7002C88D030461B
:10177000FFF78CFDA04284DA82E7002980DD304645
:101780009C1AFFF7DBFDC4427FF57BAF78E7F46975
:10179000D8F80830A4EB0B0484E77369C01BA0EBF6
:1017A0000B0000EBD0701F4407EB6007404628F0A9
:1017B00063FBD8F8004000EBD07004EB60043C1BE6
:1017C00071E7039B96E709B0BDE8F08FADCD010846
:1017D000C3CD0108F8B5044615461E4601F47F073F
:1017E0001BF015FF012828D08C2D10D8154B5B5D00
:1017F000DA0716D477B96B1E012B0BD822684AB1D1
:10180000012D0CBF9369D369CBB1336015E00E4B4A
:101810001B6B0BB90020F8BD2B4413F88D3CDB0784
:10182000F8D507B96468002CF4D033462A46204620
:10183000218D1BF0ECFE0128F4D10120EBE71268AA
:10184000DDE700BF9B670308701100202DE9F84F0A
:10185000074625480D469046994629F056F8044615
:10186000DFF884B00CB9BDE8F88F4C45FBD02146B9
:10187000584629F051F823688246BB421CD1A36820
:10188000AB4202D0B5F5702F16D12379434502D073
:10189000B8F1FF0F10D100267B8DC3F305139E42D4
:1018A0000CD30021204608F01BF80F48214628F0F1
:1018B000E9FF204609F04EF85446D3E7FA68F000F5
:1018C00002EBC603D97989070BD5B5F5702F04D083
:1018D0005B68C3F317039D4203D12179105829F0A7
:1018E0003CFB0136D8E700BF8811002014210148D5
:1018F00028F060BF88110020014B83F82400704756
:10190000701100202DE9F3475E4B044693F8243014
:101910000E461546002B00F083801AF0E7FF28469C
:1019200008F0ECF900F0040A284608F0E7F900F0A6
:101930000208284608F0E2F900F00109284608F0FC
:10194000DDF906F47F0600F01007BAF1000F53D05E
:10195000B6F5702F3FD056B30222002120461BF06F
:1019600055FF6FF04047B842019007D00122002197
:1019700020461BF04BFFB842019007D100222F21D7
:1019800020461AF03CFB20461AF07CFDFF2D3ED18C
:1019900020461AF0F7FA20461AF0A8FFB6F5803F65
:1019A0003ED0204602B0BDE8F0471BF09CBE324658
:1019B0002F2120461AF023FB20461AF063FDFF2D4D
:1019C0003BD120461CF0DDFB98B9002FE0D020462B
:1019D0001CF0B4F8DCE700222F2120461AF00FFBA0
:1019E00020461AF04FFDFF2D204627D11CF0C9FBE1
:1019F000E8B11AF047FD25E0B6F5702F13D0002EA0
:101A0000C4D1FF2DDDD00FB320461CF097F8B8F1FC
:101A1000000F28D120461AF069FFB9F1000F2CD130
:101A200002B0BDE8F087FF2D0FD12046DEE7002F82
:101A3000AED020461CF082F8A8E720461CF0A1FB9F
:101A40000028D6D1002FA1D0F3E747B9B8F1000F95
:101A500009D1204602B0BDE8F0471AF047BF204642
:101A60001CF06CF8F2E720461AF08CFA20461AF0C7
:101A70003DFFB9F1000FD3D090E7BAF1000F8DD13F
:101A8000CEE700BF701100200021014A1CF0BBB856
:101A9000FFFF0F002DE9F0410468274825682779EA
:101AA00028F030FF0146244E19B96A8DC2F30512A1
:101AB0003DE0A1420BD00A6823689A4207D18A68A8
:101AC000A3689A4203D10A7923799A4231D03046E9
:101AD00028F01EFF0146E7E7EB68CE0003EBC103E9
:101AE000D879800722D55B68A068C3F317038342C7
:101AF0001CD12146104828F0C5FE204608F02AFFD8
:101B0000EC683946A05929F028FAEB6804EB06087E
:101B1000985929F0C5FA60B1D8F804202846A1598F
:101B200022F07F42BDE8F0411CF06DB801318A42DD
:101B3000D2D8BDE8F08100BF8811002070B50D4BF0
:101B4000064693F8243023B1002001F00BF8044638
:101B500070B970BDD4F8B432304653F825101CF07B
:101B600048F90135D4F8D032AB42F3D82046ECE73F
:101B70000025F7E7701100202DE9F04399B01E46CB
:101B800090F82A30209D43F0080380F82A3002851F
:101B9000044691462A7A0F461BF038FE26850090AF
:101BA000394620462A7A1BF031FE94F82A308046C6
:101BB0006FF3C30384F82A30009B0190834205D160
:101BC000014628F066FA002840F08380A4F82890A7
:101BD0002A7A394620461BF019FE394600902685A0
:101BE00020461BF09DFD009A297A006829F0F0F943
:101BF00020462A7A6968FFF785FE2B7A0C2B20D1C4
:101C000047F6FF73DDF80090994501D0984518D14B
:101C100020461AF0A9FC00EBD070461020461AF0BE
:101C2000A6FC47F6FF7200EBD07391454FEA6303C1
:101C300013D19E420BDA731CC845009301D1731C6B
:101C40000193254828F0BEFD064658B9FEE75A1C08
:101C5000C8450092F5D10133F2E79045F1D19E429B
:101C6000EDDBF8E7009B0460C360019B03612B7A06
:101C70008760037102A807F0D3FD314602A827F060
:101C800034FD164902A827F032FD154902A827F0B5
:101C90003DFD144902A827F03BFDFF22002102A8C8
:101CA00027F02CFD298802A827F023FD698802A8C7
:101CB00027F021FDE96802A827F026FD002102A8EF
:101CC00027F032FD02A8296927F035FD02A807F0A8
:101CD000C1FD19B0BDE8F08388110020E91C00089F
:101CE000A9DF0108951A0008F7B500230668044625
:101CF000708DC0F3051098423ED9F268DD0002EB0A
:101D0000C302D779BF0705D55268A768C2F3170287
:101D1000BA4201D00133EEE7002300932379612B0F
:101D200053D04CD8392B29D81B2B3DD901221C3B31
:101D3000DBB202FA03F33C4A1A4052BB13F0407F75
:101D400032D0FE293FDCE368009300230193F3685F
:101D50002179585901AA29F081F9002854D1012785
:101D6000F368009A2179585929F032F927B122797C
:101D7000A1682068FFF7C6FD03B0F0BD582B11D84D
:101D80003C2B11D9294A3D3BDBB222FA03F3DB0796
:101D90000AD5002924DCE368ADF800301B0C8DF86F
:101DA0000230D2E75A2BCCD00029CCD0FF290AD060
:101DB000D4E903239B1A4B4302EB23220AE0662B50
:101DC000BFD0672BEFE72369BEE7D4E90323002ADE
:101DD000BAD00BB90092B8E77F29D8BF1346B3E752
:101DE000FE2901DD2369D7E7CAB2D4E9031028F040
:101DF00046FAC0F307238DF80000C0F307408DF8C2
:101E000001308DF80200A0E7DDE900739F42A6D102
:101E10003946384628F03DF90028A0D0019BFF1A2A
:101E200018BF01279CE700BF8100202001010008A6
:101E300010B54368044613B11CF09BF904460B48E7
:101E400028F060FD88B10023D0F8D02206E0D0F859
:101E5000B41251F82310A14207D001339A42F6D1AF
:101E60000146024828F054FDECE710BD7411002033
:101E7000F8B590F82B30044613F010020DD143F062
:101E80001003262180F82B301AF0B9F830B994F8F5
:101E90002B3060F3041384F82B30F8BDA06810B128
:101EA000083028F0D3FA002120461CF06DF90646D0
:101EB000A8BB204619F0D9F90746304604F056F978
:101EC000054680BB3D4D2146284607F059FD0128B7
:101ED000F9D0204619F018FC65682046002D53D132
:101EE000FFF7A6FF2B460646D0F8D012D0F8B40272
:101EF0008B4203D050F8232094423ED100EB830262
:101F000001398B423BD3C6F8D012890008F02CFD72
:101F1000C6F8B4022046BDE8F84008F01BBD3046C4
:101F2000FFF7A6FFBFE7284626F03AFC00F0FD03C6
:101F3000012B14D1AB6E9C4205D0EB6E9C4202D0BB
:101F40002B6F9C4203D1214628461CF003F96B6F8E
:101F50009C42AB6F08BF6E679C4208BFAE67D5F866
:101F6000A8309F4207D104F011F9844203D12146E1
:101F700028461CF0EFF82846A0E70133B8E755687B
:101F8000013342F8045BBCE71CF049F983B2626894
:101F90009568298D286801398B4206DB89B229852D
:101FA000890008F0E1FC2860B4E7013350F82320F1
:101FB00000EB830040F8042C9BB2E8E7AFE2010895
:101FC0002DE9F04FB3B00C4680460121204619F0B0
:101FD00038F98146002865D10146602220461BF071
:101FE00015FCC3B2012B179003935BD9204619F05F
:101FF000EAFF074630B92146404633B0BDE8F04F0E
:102000001CF06EBA204619F0B9FF06460BAD294602
:1020100020461AF067FA32463146284627F0CBFBB5
:10202000022F42D195E80F0013AE86E80F004A4612
:10203000314620460DF13C091AF06CFB3246484609
:1020400008F1180127F0D1FB60B399E80F0017AE33
:1020500086E80F003A46314620461AF05BFB2A46D6
:102060003146304627F0C1FBE0B196E80F0007AFDC
:1020700087E80F0005223846114627F09CFB3846BA
:1020800027F0FFFE0190384627F0FBFE0290079BE9
:102090001393099B1593089B149316930A9A169B06
:1020A0009A422CDC33B0BDE8F08F012FFAD117AF84
:1020B0002A46384608F1180127F097FB0028F1D08E
:1020C00097E80F0007AE86E80F00304627F0D9FEEC
:1020D000304627F0D6FE304627F0CEFE864B064629
:1020E0001B6993F83B0027F0C6FF4FF4C04393FBF6
:1020F000F6F393FBF0F29B0801920293C7E7149B5F
:102100000199013B04F1140B0DF14C0A0B445046AC
:1021100059469342D4BF1693169227F00DFC00281F
:1021200040F0D1801021149B029A013B13440A9A7B
:102130009A42D4BF16921693524640461CF06DFC4C
:10214000214681461CF0CCF96F22002120461BF06D
:102150005DFB7022002117900490074620461BF07B
:1021600055FB049B024603F0C041B1F1005F0646F7
:1021700017901AD16FF0604123F0C0438B4214D006
:10218000B3F1805FA2BFC3F17F6303F57F2303F642
:10219000FF73CDE90430584627F06EFE049B059A84
:1021A00003FB00F7642397FBF3F702F0C043B3F19E
:1021B000005F18D122F0C0436FF06042934212D00A
:1021C000B3F1805FA2BFC3F17F6303F57F2303F602
:1021D000FF735846049327F054FE049B03FB00F65C
:1021E000642396FBF3F617A801F0FEFB63696E22E9
:1021F0001F44D9F804300021FF1AA36920461E4469
:10220000D9F808302797F61A039B28968DF8A8303E
:102210001BF0FCFA002203460F90B3F5616F63DCFC
:10222000002A08BF034600222293002B60DB02B184
:1022300022936C22002120461BF0E8FA6D22002137
:102240000F90239020461BF0E1FA712200210F909D
:10225000249020461BF0DAFA722200210F9025907C
:1022600020461BF0D3FA672200210F9026902046CB
:102270001BF0CCFA204B0F901B6900F00F0093F875
:102280003A307322C3F3000340EA03109DF8A930EB
:10229000002123F01F0318438DF8A90020461BF0EE
:1022A000B5FA2CAE31900F9095E80F0086E80F003C
:1022B0005246404617A9CDF878901CF052FE169B66
:1022C00001331493EAE600231721204617AA8DF85C
:1022D0005C30CDF860A019F092FE9DF85C30002BC8
:1022E0007FF420AF122127E70122A3F5616394E771
:1022F000012203F5616398E7701100202DE9F8438E
:1023000006460D4629B91F4B186900F085FC0546A5
:1023100040B130462946FFF753FE28461BF031FFF7
:10232000044608B9BDE8F88320461BF060FF00278B
:102330008046B946474513D132461C21204619F044
:102340005EFE32461D21204619F059FE32461E21FE
:10235000204619F054FE20461BF013FF2546DFE708
:10236000A3681B6853F82710B9F1000F06D16B1A48
:10237000D3F1000949EB03090137DBE73046FFF7EA
:102380001FFEF9E7701100202DE9FF41754D00F1A6
:1023900018082F69064698E80F0007F5407484E88E
:1023A0000F0038461CF0D7FA10B928691CF02AF83B
:1023B0002B6993F83B0027F025FEA0B16C462F69EE
:1023C00007F540730FCB84E80F0097F8393033B925
:1023D000D7E9C01220465242494227F0F9F9214676
:1023E00030681CF061FC286900F016FC014640468C
:1023F0001CF022F82B690746D3F8C842A4B900287C
:1024000035D1286900F030FC01463046FFF776FFF1
:102410002B6993F8D422D0072FD4D3F8C842A4B99B
:102420002B69D3F8C07226E0214640461CF004F820
:102430002B69044687B90028E3D093F8D422D1074A
:102440001CD4D3F8C832002BEAD021463046FFF71F
:1024500055FF002FE4D00EE093F8D422D2070FD41A
:10246000D3F8C8323BB1002808BF1C46EDE793F80B
:10247000D432D80704D439460DE00024D3F8C07212
:1024800039463046FFF73AFF2B69D3F8C81229B115
:10249000002C18BF21463046FFF730FF286900F0B6
:1024A000CFFB01463046FFF729FF286900F0D2FB39
:1024B00001463046FFF722FF2C69D4F8A862B36BBF
:1024C000002B47D120461CF046FA10B128691BF0BA
:1024D00099FF01232363A26BD10740D5A26B92071A
:1024E0003DD56363A36A656B13B3336821691E69C5
:1024F000D4F8003362690B440093D4F804332046C7
:1025000013440193D4F808330B440293D4F80C33EA
:102510003A2113446A4603931CF028FA324669466E
:102520002046A36A98476A463B2120461CF01EFAC3
:1025300020461CF010FA50B194F83930012B00D12C
:102540002DB1E369626A9A4208BF236A636204B0EC
:10255000BDE8F08100F0BEFD00F05CFDAFE70023B8
:10256000BFE700BF70110020014B1869704700BF22
:10257000701100202DE9F04F9DB0002842D0C068B6
:10258000C14C2061002800F0E282436A002B00F079
:10259000DE821A69002A00F0DA82DB68002B00F084
:1025A000D682002236211CF0E1F92369D3F8C0025B
:1025B000FEF7F2FB2369D3F8C80208B1FEF7ECFB83
:1025C0002369D3F8C402FEF7E7FB2369D3F8BC0202
:1025D000FEF7E2FB2369D3F8B802FEF7DDFB2369BF
:1025E000D3F8C022002A40F0FD80C3F85C2203F03B
:1025F00087F800223721A44B18691DB0BDE8F04FC1
:102600001CF0B4B900F0A8FABAE7304490F83C5294
:10261000002D00F0A48001362069D0F85C329E4283
:10262000F3D390F83930012B42D11CF094F90028F3
:102630003ED0206900F5197028F0A4F9002837D1A0
:1026400020691BF0DFFE20694FF00009D0F81C80E4
:10265000D0F824B0C34508BFD0F8208000F08CFA31
:102660000390206900F098FA4022049000210CA801
:102670002FF0DCFC23691FFA89F6D3F85C2203F5FE
:102680001970B24200F2B2800023CDE90833039BF7
:10269000013B0A93049B013B0B9328F033F9054659
:1026A000002840F0DE80206900F5197028F076F9E6
:1026B0002069D0F85C3283B3013B039300F50F73BC
:1026C000039A002A80F2E28000230393002700226D
:1026D00038211CF04BF92369DFF8AC9193F83820CE
:1026E0006FF3000283F8382093F838206FF341022B
:1026F00083F8382093F83A2042F0020283F83A2017
:10270000D9F81060D6F85C329F42C0F2C88096F8C3
:102710003A306FF3410386F83A305B4C2069D0F8C9
:102720005C32002B3FF463AF002239211CF01EF90C
:1027300020691CF010F9002840F0EA8120694FF46C
:10274000007200213C3029F049FC20692022002140
:1027500000F50F7029F042FC0022236945E74FEA9B
:10276000061A0AF13C092069D0F85C329D42BFF498
:1027700052AF431993F83C32002B31D1AE422FD0E7
:102780004FEA051B0BF13C0B00EB0B01484427F013
:10279000D3F828B321690CA801EB0B02494427F0B8
:1027A00046F80CA826F0FDFF03902069484426F067
:1027B000F8FF07462069584426F0F3FF039B0744BF
:1027C000BB420DD223690C9903EB0A02D1630D9928
:1027D0002B4411640E9951640F99916483F83C82E3
:1027E0000135C0E700264FF0010815E7334493F8A0
:1027F0003C3213B109F101093CE728F083F80546A2
:10280000360106F13C030593206900F51970002D8F
:10281000F0D0294628F07CF8059B226982461A44AC
:1028200029460CA827F0D9F8431C064617D00027E4
:1028300009E027F0E2FF84460CAB03EB07130FCB54
:102840008CE80F00013720697BB29E42294600F5D3
:102850001970EEDC28F016F8284608F07BF855468B
:10286000D2E7294608AA284626F0BFFF294658463F
:102870002B4642461CF061FA2069294600F5197082
:1028800028F046F80BE700BF70110020039A9A5C0D
:10289000002A3FF41BAF039A013A039210E7F319A1
:1028A00093F83C32002B54D1039BD6F8A8529F4298
:1028B00002BF96F8383043F0010386F8383096F8B6
:1028C00038306FF3410386F83830736A2B6096F81E
:1028D0003930002B5DD000233046C5E9013300F0CC
:1028E0004BF90138E860206900F056F90138286199
:1028F000206900F041F98246206900F04DF900227C
:1029000001380DF13008114600900AF1FF334046BE
:1029100026F037FF236993F83920022A1BD193F858
:102920003820284642F0020283F838202B6805F14F
:10293000180619891BF0B9FD98E80F0086E80F000A
:1029400005F1280698E80F0086E80F002846FFF7F3
:102950001BFD0137D4E6012AFBD1996B93F838208F
:10296000284661F3410283F838202B6806EB0716EE
:1029700019891BF09AFD3C3605F1180C96E80F00FA
:102980008CE80F0005F1280C96E80F008CE80F008A
:10299000DCE73B0103F13C08B0444046079327F0D5
:1029A0006BFA8246404627F06CFA3B01F3188346E7
:1029B000D9F81000D3F84880049300F0EDF8804572
:1029C0003FDBD9F8100000F0E7F800F1FF38D9F844
:1029D0001030504693F83B10CDE9051300F01CFE73
:1029E0000599069B072930D00839C9B202292ED88B
:1029F000584A32F811205B6ADB68A3EB020ABAFB83
:102A0000F0FADA45A8BFDA460023D346CDE90D3304
:102A10000C933221CDF814B00CAAD9F810000BF1A8
:102A2000FF3BCDF83CB01BF0A1FF0CA827F029FA22
:102A30008245059B0DDABBF1000FEADC4FF0000B7D
:102A40000CE0049BD3F84880C1E70822D3E70022BA
:102A5000D1E7002BF2DD0F9B03F1010B002106EB08
:102A6000071306931B6C0BEB030202F1FF3AC245FE
:102A70000592D9F8102023DD88453FF46AAF079905
:102A8000526A3144C86B0499496CC5E90020C5E914
:102A90000231C5E90603C5E90A03C5E90818C5E915
:102AA0000C1828460021C5F810801BF0FEFCD9F850
:102AB000102092F8383043F0020382F8383045E7AE
:102AC0000699526AC86B0499496CC5E90603C5E9C1
:102AD0000231C5E90A03C5E90020C5E9081A2846FC
:102AE000C5E90C1AC5F810A000211BF0DEFCC24598
:102AF00008BFD9F81020284602BF92F8383043F0BA
:102B0000020382F83830FFF73FFC5146059BAAE7E5
:102B1000236993F83930012B7FF410AE002510E0C3
:102B2000431993F83C325BB900F5197027F08EFE1B
:102B30000646236903EB05133C330FCB86E80F00F1
:102B400001352069D0F85C32AB42E9D8F6E51DB01A
:102B5000BDE8F08F602E0308014B5869704700BF35
:102B6000701100200146034809B927F0CBBE27F0B9
:102B7000CFBE00BF7411002010B9064B586940B198
:102B800090F8F03203F00503012B01D14068704743
:102B9000006870477011002010B9064B586940B1A9
:102BA00090F8F03203F00503012B01D10068704763
:102BB000406870477011002010B9034B586908B184
:102BC00080697047822070477011002010B9034B54
:102BD000586910B1C0E907124162704770110020B6
:102BE00010B9034B586908B180F83910704700BF1D
:102BF0007011002010B9024B586900B18162704712
:102C00007011002010B9034B586908B190F83B00CF
:102C1000704700BF7011002010B9034B586908B10C
:102C2000D0F8C002704700BF7011002010B9034BEC
:102C3000586908B1D0F8C802704700BF7011002071
:102C400010B9034B586908B1D0F8BC02704700BFF7
:102C50007011002010B9034B586908B1D0F8B802C0
:102C6000704700BF7011002010B9034B586908B1BC
:102C7000D0F8C402704700BF70110020F0B585B0D5
:102C8000064666480D4627F09DFD044600B9FEE75E
:102C900000214FF4647229F0A1F94FF0FF33C4E929
:102CA00002330023C4E904338223A361638F4C20E1
:102CB00003F0FE0343F4905343F00103C4E90065BD
:102CC000638707F035FE0146C4F8A80200B9FEE7A5
:102CD000D4F8AC320BB1204698470022D4F8A83281
:102CE000013EC3E90122013DDE601D6194F83B20F5
:102CF0004B4E1A750123C4F860320AF0A3F9102173
:102D0000C4F8FC0204F5197027F054FD22460C218A
:102D100044487569746107F01DF9C4F8F80200B9F8
:102D2000FEE708F05FFD0746002874D1052006F095
:102D300011FFC0F30723C0F307428DF8080038469F
:102D40008DF809308DF80A2006F004FFC0F3072340
:102D5000C0F307428DF80D30334B8DF80C008DF821
:102D60000E2000932046DDE902123B4608F044FDA8
:102D7000C4F8F4020020FDF74DFBC4F8C4020020A3
:102D8000FDF748FBC4F8C0020020FDF743FBC4F880
:102D9000BC020020FDF73EFB002D08BF2546C4F80D
:102DA000B802D4F8C402FEF76FFED4F8BC02FEF7F6
:102DB0006BFED4F8B802FEF767FED4F8BC0202211D
:102DC00018F0DEF9D4F8B802022118F0D9F9D4F8D5
:102DD000C402002119F05EFFD4F8BC02002119F0F2
:102DE00059FF0021D4F8B80219F054FFD4F8C002FA
:102DF00019F07CFD002335220C49204675611BF03B
:102E0000AFFDD4F8F80228F0DFFC204607F068FA9E
:102E1000204605B0F0BD0AF0FFF8A9E774110020C4
:102E20007011002075250008BC2E030869E8010810
:102E300010B9094B586970B1D0F8A83280F83B102E
:102E40001975C36903B15970036A03B1597000223F
:102E500034211BF08BBD70477011002008B9024B64
:102E60005869D0F8F40270477011002010B9074B70
:102E7000586948B100290CBF4FF0FF320122D0F849
:102E800060321344C0F86032704700BF70110020F8
:102E900010B9054B586928B1D0F860020028D4BF9A
:102EA00000200120704700BF7011002010B9034BB3
:102EB000586908B1D0F8F802704700BF70110020BF
:102EC000014B5869FFF7A8BE7011002008B507F044
:102ED0002FFD064BD3F82821D3F8241101320160CD
:102EE000C3F82401C3F8282108BD00BF70110020D9
:102EF0002DE9F8434FF0000807460D468C6BF4B9F6
:102F0000EB6B002B74D095F84420002A70D0AA6B8C
:102F1000002A6DD19B6B73B11A79062A66D19A6C1F
:102F2000002A63D1DA6CD269AA425FD101229A6485
:102F3000374BC3F8302100263046BDE8F883A36C38
:102F4000D4F80090032B49D1B8F1000F49D0C8F84C
:102F500000902379062B2CD1E36CDE693368B3B182
:102F6000301D26F08EFF31680B894343B3F5806F27
:102F700038BF0123264828BF9B0AD0F82C21D21A3B
:102F8000C0F82C2108461BF07BFE0023336087B17C
:102F9000D7F8A83223B11A6CB24225D1326C1A6428
:102FA000D7F8B03213B1314638469847304607F06B
:102FB000D1FC20461CF0F4F8064640B190F84C30A5
:102FC0005B0604D5C06907F0C5FC0023F361E06C23
:102FD00007F0C0FC204607F0BDFC4446A0464C4626
:102FE0008DE7C5F83890B4E71346D3E71B6892E73E
:102FF0000026074BD3F82441002C9DD02046E368DF
:1030000029469847013018BF01262468F4E700BF1D
:10301000701100202DE9F0410020FFF7A3FD0026EC
:1030200004464FF001080C4F0CB9BDE8F081D4F80C
:10303000A8523DB90EB9C7F830812046FFF792FD7E
:103040000446F1E729462046FFF752FF2D6C002881
:1030500018BF0646EDE700BF70110020F8B51C4D03
:10306000CE6C95F838710C46306117BB306870B182
:103070004FF4002118F0E5F848B1012322461F2142
:10308000306885F8383118F0BAFF85F838714FF498
:10309000C843A4F85030D5F824511DB9BDE8F84014
:1030A000FFF7B8BF2B6913B12146284698472D6812
:1030B000F3E74FF4C843A1F85030D5F8245105B9CF
:1030C000F8BD2B6913B12146284698472D68F6E7CD
:1030D00070110020044BD3F8302102B9FEE7002222
:1030E000C3F83021704700BF701100200122024B4D
:1030F000C3F83021704700BF701100202DE9FF4157
:103100002E4B0646D3F828310D46012B1746846B0B
:1031100014D803226CB1A36C012B07D194F8503062
:1031200023B1BB4202D0A2642468F3E7A36C012B55
:1031300000D00024204604B0BDE8F081F4B9002D91
:1031400038D1B56B002DF4D0AB6C012B32D195F892
:1031500050300BB1BB422DD1B46B05F118085CB3F4
:10316000A542E7D0A36C032B06D04246684604F183
:10317000180126F03AFBE8B92468F0E7FFF7F4F904
:10318000FFF7FAFC0446FFF7EFF9FFF705FDB36B15
:103190009A6C012AD3D09A68002AD0DC1A69013CC3
:1031A000A242CCDBDA68002AC9DC5B6901388342C1
:1031B000C5DBBEE72D68C5E72C46BBE770110020D4
:1031C0002DE9F041D0F800800446B8F1000F03D09B
:1031D000D8F81000BDE8F081051D284626F04CFE09
:1031E0000646284626F04DFE217D0746304600F073
:1031F00013FA4346394607FB00F5227D304600F0BE
:1032000071FA20600028E5D0B5F5806F38BF012540
:10321000094A28BFAD0AD2F82C312B44C2F82C3110
:10322000207D26F0EFFE18B1002120681BF03CFD48
:1032300023681869CEE700BF701100202DE9F04F18
:1032400085B09846DDE90E43164608F5B472A242F1
:1032500081468A469DF84070119D0AD1A9EB06036C
:103260002B60AAEB06036B6006EB0903AB605644C8
:1032700069E1B8F5B47FC8BFA8F5B478B4F5B47FF8
:10328000C8BFA4F5B474A6EB030B1FB103EBD37353
:103290005B105F1C5A2398FBF3F294FBF3F3D2B25A
:1032A000042ADBB229D1042B5FD1A045D6DC08F17A
:1032B0005A0000B206F00CFC0BFB00F009EBE0300A
:1032C000C01B28600FFA88F006F002FC70430AEB7E
:1032D000E030C01B686004F15A0000B206F0F8FB51
:1032E000704309EBE0303844A86020B206F0F0FBF0
:1032F0000BFB00F00AEBE03034E0042B67D1032A2B
:10330000D3D0022AAAD108F15A0000B206F0E0FB9D
:10331000704309EBE030C01BAAEB0603DB1B2860FF
:1033200004F15A006B6000B206F0D2FB704309EB67
:10333000E030384424B2A860204606F0C9FB0FFAFA
:1033400088F80BFB00F6404606F0C2FB0BFB00F0D2
:103350008642CCBF2046404606F0BAFB0BFB00F08D
:10336000C01350443844E8606BE0032B9DD0002B21
:103370007FF474AF04F15A0212B21046039206F0C1
:10338000A7FB08F15A031BB202901846019306F0FE
:103390009FFB0299019B8142B6BF039A18461046D3
:1033A00006F096FB0BFB00F009EBE030C01B286039
:1033B0000FFA88F006F08CFB7043B1440AEBE03062
:1033C000C01B09EB07036860AB6020B2EBE09A42D8
:1033D00040F08680A04500F38380032A31D801A302
:1033E00053F822F0F53300084934000891340008FE
:1033F000AF3200080FFA88F006F06AFB0BFB00F012
:103400000AEBE030C01B686008F15A0000B206F019
:103410005FFB704309EBE0303844A86020B206F04F
:1034200057FB70430AEBE0303844E86004F15A007F
:1034300000B206F04DFB0BFB00F009EBE030C01BC7
:10344000286005B0BDE8F08F0FFA88F006F040FB69
:1034500070430AEBE0303844E86008F15A0000B2EB
:1034600006F036FB0BFB00F009EBE0303844A860B7
:1034700020B206F02DFB0BFB00F00AEBE030C01B86
:10348000686004F15A0000B206F022FB7043D4E7F2
:1034900008F15A0000B206F01BFB704309EBE03064
:1034A000C01B28600FFA88F006F012FB0BFB00F03F
:1034B0000AEBE0303844E86020B206F009FB7043C4
:1034C0000AEBE030C01B686004F15A0000B206F05D
:1034D000FFFA0BFB00F009EBE0303844A860B0E7DE
:1034E0009ABB012B7FF4BAAE04F15A0000B206F089
:1034F000EFFA704309EBE030C01B24B2286020468D
:1035000006F0E6FA0FFA88F302901846019306F0E7
:10351000DFFA029A019B8242B4BF2046184606F0A9
:10352000D7FA0BFB00F00AEBE030C01B686008F133
:103530005A0000B206F0CCFA704309EBE030384490
:103540005644A8603E44EE607BE7012A2FD1022B4F
:103550007FF484AEA9EB0603DB1B2B6020B206F0E0
:10356000B7FA704308F15A030AEBE0301BB2C01BF4
:1035700068601846029306F0ABFA5A3424B2019000
:10358000204606F0A5FA019A8242CABF029B204655
:10359000184606F09DFA0BFB00F009EBE0303844CA
:1035A000A8600FFA88F006F093FA7043A2E6022AA8
:1035B00001D1032BA6E6032A7FF450AED7E600BF65
:1035C00010B504461822002128F008FD054B2360A1
:1035D000054B6360054BA3600023C4E90333044B30
:1035E000636110BD2BEB010827EB01080BEB010811
:1035F00015EB010810B5074C2046FFF7E1FF04F179
:103600001800FFF7DDFF04F13000BDE81040FFF7C0
:10361000D7BF00BF381200200A46014601481BF000
:1036200087BA00BF3812002038B50D4614461BB9C2
:103630001146FFF7F1FF0346142C05FB03F003D1FD
:103640005B0805FB030038BD073CE4B2032CFAD845
:103650000EBF4FF48063024B1B5D1844F3E700BFBD
:10366000702E03080A46014601481BF069BA00BFE4
:10367000381200202DE9F0478A46DDE908579146C7
:103680001E460446DDF8288000B9FEE71C22002112
:1036900028F0A4FC25B931465046FFF7BDFF05468A
:1036A00005FB09F3984518D366702368314603F487
:1036B0007F4343F019032360094B3846C4E904777C
:1036C000A4F804A0A4F806902581A361C4F80C8096
:1036D000FFF7C8FF0120BDE8F0870020FBE700BF2F
:1036E0003812002007B5009313460A4601460348E6
:1036F0001BF049FA03B05DF804FB00BF381200204C
:1037000070B50E46034600B9FEE704694078072805
:1037100013D0A0F10801C9B2022910D8094D35F81B
:1037200011501B8902FB03552C4426B106F056F9B3
:10373000704304EBD004204670BD0825F1E7002556
:10374000EFE700BF6A2E03082DE9F0470D46044657
:1037500000B9FEE7036903B9FEE7438886889B0644
:10376000B0F8068002D40020BDE8F08721B9417886
:103770003046FFF751FF05462389AB422DD06078D4
:1037800006F02CF970430730B5EBD00F4FEAD009A3
:10379000E9D32B46414630466278FFF745FFE368A0
:1037A0008342E0D36378072B19D0083BDBB2022BAE
:1037B00017D81A4A32F8133027892669AF421DD22A
:1037C0004FF0000A08F1FF3202FB073705FB023316
:1037D00037441E44C24506D325810120C4E708238F
:1037E000EAE70023E8E7394630464A4628F022FC5B
:1037F0002389761BFF1A0AF1010AEBE71E44B24641
:1038000000274745E8D2314650464A4628F012FC88
:103810002389AA441E440137F3E700BF6A2E030838
:103820002DE9F74F044600B9FEE7408810F0010586
:1038300071D110F0200014D06378DA1FD2B2032ABD
:1038400017D80CBF4FF48073344B256918BF9B56B3
:1038500005EB8306AE4207D10120638843F00103E4
:10386000638003B0BDE8F08F284626F068FC04357D
:10387000F0E7102B14D1B4F80680B4F80490B4F833
:1038800008A027694545E7D2002602E026F057FC4C
:1038900001364E4507EB8600F8D357440135F1E772
:1038A000142B1DD1B4F80890B4F806A02769B4F819
:1038B00004B009FB0A784FEA59035545CCD20026DB
:1038C00006E018F80610019326F050FC019B013623
:1038D0005E4507EB4600F4D34F4498440135ECE7CE
:1038E000132BB9D1B4F80690B4F804A0B4F808B01A
:1038F00027694D45B0D23E464FF0000806E03046FD
:10390000B17826F033FC033608F10108D045F6D330
:103910005F440135EDE70020A3E700BF662E0308F2
:103920002DE9F04F97B015461C468B6C8246ADF8DA
:103930000C301B0C8DF80E30136B526B0493BDF8DA
:103940001430884662F30803ADF81430EB6ADDF8F2
:10395000809083B11CB12268224B9A420BD1219BEB
:103960002A46CDE9009341465046229C03ABA0472E
:1039700017B0BDE8F08F219B06AE0FCB86E80F0095
:10398000D9E9001230465242494225F021FF04B9DC
:103990000AAC144B0EAEC4E90033C4E902330DF196
:1039A000480B224606A928461BF053FF074694E819
:1039B0000F0086E80F00D9E90012304625F008FF15
:1039C000012FD5D132465846219925F00EFF002807
:1039D000E7D02A4641465046CDE9006B229F03AB13
:1039E000B847DEE7010000E010B56C220021044674
:1039F00028F0F4FA26F089FBC0F3072384F8493055
:103A00004FF48073C4E90C33B4F84C3084F84800A8
:103A100043F4875343F01F03A4F84C30044BC0F326
:103A20000740E3656C2384F84A00636110BD00BF62
:103A3000010000E02DE9F04FA9B00E4615460690B2
:103A400005939BB30022C96915A800F04BFC01281F
:103A50002CD106F1540A5046B78CB6F8269026F0C1
:103A60000BFA09AC0028ACBF9AE80F0095E80F00EC
:103A700084E80F003946204625F089FE4946204655
:103A800025F08AFEDDF824A01D4B0DF134080FCB84
:103A900088E80F0007EB0A030DF1440B0793EB686E
:103AA0000A9A9A421BDD15A81BF0E1FE29B0BDE879
:103AB000F08F2A462146584625F097FE48B1059BCF
:103AC0003146CDE901B306984346009415AAFFF7A5
:103AD00027FF099B3B4409930B9B3B440B93AB682B
:103AE000099A9A42E5DD0A9BCDF824A04B440A933B
:103AF0000C9B4B440C93079B013B0B93CFE700BF00
:103B0000742E030810B554220021044628F066FAEA
:103B1000FF2384F8483026F0F8FAC0F3072384F82E
:103B20002D30154B84F82C0023624FF6FF73C0F341
:103B30000740C4E9093384F82E0026F0E6FAC0F302
:103B4000072384F82F00C0F3074084F8303084F84E
:103B50003100052005F0FEFFC0F3072384F8333061
:103B6000002384F84930542384F83200C0F307401E
:103B700084F83400636110BDBC2E03082DE9F04FBA
:103B8000BBB0904681460C460D6A8268414615A836
:103B90000B9325F02AFE002800F0CB8094F84A30E1
:103BA000E169089394F84B30D80700F1C58040468E
:103BB00026F062F90990284624F0C7FDD8E90012E2
:103BC000A36B8246C31813A80A9326F069F9236CE5
:103BD0001499626C0F93236D1144149113B1002A50
:103BE00000F0B880002304934FF0000B94F84B30A2
:103BF000E069049E0193CDF800B0099B2946E26B71
:103C0000304406F093F8049BC718D9F80820149B99
:103C1000526853449342C0F2B980089B022B40F093
:103C2000DA80E0690499049EE36B2A46791A3044ED
:103C300027F036FD8246404626F01EF9139BA0EB86
:103C40000A0000EBD07003EB60031393636A27A8AC
:103C50000593A36A0693DDE90532934288BFCDE957
:103C600005231BF0A3FA94F848302EA88DF8B33042
:103C700019AB2A93E36AADF8B0301B0C8DF8B23063
:103C80001BF050FB94F848308DF8D83095F9163079
:103C9000002B08BF01230793E369049A9A180E9238
:103CA000049A9B5C002B40D0139B0F9AD3180C9363
:103CB000139300231093049BFB1A0D9310990D9BF3
:103CC0008B4200F29E8094F84B30E0690193002310
:103CD00000932946099BE26B384406F027F8D8F890
:103CE000003001461393089B07EB000A022B40F0BB
:103CF000BA81E069E36B2A46384427F0D1FC0646D6
:103D0000404626F0B9F8139B801B00EBD07003EB04
:103D100060031393149B0A9A04971344D9F808205C
:103D20001493D268934240F3B0812D98002840F05C
:103D3000AE813BB0BDE8F08F02936FF0604301931A
:103D4000A36B2EA80093E36B226A27F0D5FC2E9B71
:103D5000099330E7D8F804000028BFF643AF9A680B
:103D6000121A0A98002AB8BF5242C0F50070B2EB8E
:103D7000400FC4BF4FF0FF321A601E68002EFFF6DE
:103D800031AF5B6804960B4414932DE794F84B30E5
:103D9000E069CDE900B32946099BE26B384405F0A0
:103DA000C5FF149B0A9A38441344226D14935AB1E8
:103DB00013F5806F08DB11680029BFBFD8F8041025
:103DC00017605B1AC2E90131E3690497DB5D002BE0
:103DD000AFD0074619E7089B032B7FF437AFE069A4
:103DE0000499049EE36B2A46791A304427F058FC64
:103DF0008246404626F040F8139BA0EB0A0003449D
:103E000023E74FF6FF72059B934200F0D980069B93
:103E1000934200F0D580049A9E4BE0691B681144E0
:103E20009847834610AB0E9812AA11A927F027FCD9
:103E3000DDE91112284624F053FC149B0A99139AC9
:103E400059180139824619921C91024410990D9813
:103E5000013A81421A931B924AD394F84C10C90735
:103E60001BD52392EA680C9913442A6921919B1A65
:103E700095F9152000219B1A079A22931344013BC0
:103E8000A28D249394F82E30ADF8D9208DF8DB3034
:103E900048460B9E21AB2EAAB04794F84C309B07A6
:103EA00026D50C9B00212193139B48465344013B8C
:103EB0002393D5E903329B1A03225B0093FBF2F3B1
:103EC000149A0B9E134495F9162002EBD27203EB61
:103ED0006203079A22931344013BA28D249394F822
:103EE0002E30ADF8D9208DF8DB302EAA21ABB047AB
:103EF0004FF6FF72059B934265D0069B934262D0BA
:103F0000059B5B455FD8069B5B455CD994F83130D7
:103F1000B4F82F208DF8B230638EADF8B020ADF834
:103F2000D93094F8343000218DF8DB3048460B9EB0
:103F300019AB2EAAB047119908461BF007F9834622
:103F400000284FD10A46034621A9284624F07FFBCA
:103F5000BDF88C20002A45D0BDF88A30002B41D016
:103F60001398BDF98E1001440B44013B1D911F9322
:103F7000D5E903315B1A14991DA80B44BDF99010C3
:103F80009B1A5B1A1A44013A2092D9F808105A4633
:103F90001E9325F095FDE8B9219868BB1DAB2993C8
:103FA00000230DF1840B8DF8A0001A4648460B9EA5
:103FB000CDF8ACB027A9B047584624F041FB11E03A
:103FC0004FF0000B2EE7E36AADF8B0301B0C8DF814
:103FD000B230B0E75A46D9F808102A9825F070FD9B
:103FE0000028D9D0BAF1000F3FF468AEE36B9A44D1
:103FF000139B5344139361E69DF89230013B072BCA
:104000002FD8002300210093BDF88A20BDF88C3002
:104010002D981AF012FE0146D0B92D9808B11AF069
:104020002FFEBDF88C20BDF88A101B4801FB02F35F
:104030003F2B4FF0000398BF520000930E231AF05D
:10404000A2FD014600B9FEE7BDF88C30C3802D907B
:1040500021A824F0F0FA279000289FD09DF8920024
:104060009CE70021F4E7089B032B7FF453AEE06943
:10407000E36B2A46384427F013FB0646404625F0FA
:10408000FBFE139B801B034443E6574604E61AF0ED
:10409000F7FD4EE6386803085012002038B570224C
:1040A0000021044627F09AFF26F021F8C0F30723E9
:1040B00084F82100C0F3074084F8223084F82300FC
:1040C00026F015F8C0F3072384F82400C0F3074056
:1040D00084F8253084F8260026F017F8C0F307236B
:1040E000FF2584F82A30022384F82900C0F3074012
:1040F00084F82E3084F82B0084F82D5026F005F833
:10410000C0F3072384F83E00C0F3074084F83F3033
:1041100084F8400025F0F9FFC0F3072384F85A30F3
:104120000E4B84F859006363B4F84830C0F307407D
:1041300023F4FF5323F01F036FEA13336FEA0333B3
:1041400084F8205084F83B5084F8585084F86C5020
:10415000A4F8483084F85B0038BD00BFBC2E0308CB
:104160002DE9F04F87B00D4606460C220021284667
:1041700027F034FF96F81080D6F80C90B8F1000FB5
:1041800018D1D9F81030002B44D005F0FFF90746BC
:10419000494826F0B7FB0446DFF81CB106F1140AC3
:1041A000002C3CD1B8F1010F34D106F1140026F0F7
:1041B00072F92FE005F0EAF9074600B3B8F1010FF4
:1041C000E6D1DFF8F8B000226946DBF820018DF86F
:1041D0000480CDF8009024F06DFF824690B124F069
:1041E000EFFF034600F1080207CA85E80700002236
:1041F00051465C69DBF8200124F07EFF0BE0B8F14A
:10420000010FC5D10222494606F1140026F079FAC1
:104210000028BDD00024204607B0BDE8F08F2368F9
:10422000002B3FD06368002B3CD000225046114643
:1042300026F02EFA2A463146204623689847012860
:1042400030D12B890BB3B8F1010FE4D1504626F0E1
:1042500022F9002FDFD0012348468DF8043027F0E3
:1042600025FF009095E80700144D02AB059483E804
:10427000070069460022D5F8200124F062FF0146BC
:10428000B0B9009806F066FBC4E76878AE881428D9
:1042900002D176002E81D6E705F0A0FB4643073613
:1042A000F608F7E72146584626F032FB044677E742
:1042B0000022D5F820019FE7801200207011002015
:1042C00038B505460C460648182126F073FA2846EC
:1042D00005F0F8F82046BDE8384005F029B900BFE0
:1042E0008012002070B586B00E46154600214C2283
:1042F000044627F073FE16B9002006B070BD3046A4
:10430000E6601AF0A8FD207405F00AF9002836D0FE
:10431000224BD3F81C012064EDB1AB78DBB1204611
:1043200004F12001FFF71CFF034620600028E3D0C2
:10433000286860602A7922725A6821461846904798
:10434000227A002AD9D00128D7D1E06AA8B1002169
:104350001AF0FEFB11E0237C00228DF80830E368A0
:104360006946019324F0A6FE064640B124F028FFDA
:10437000C368E3620369666423600120BDE72046E9
:1043800004F12001FFF7ECFE034620600028B3D0C3
:10439000002DCDD165602572CEE700BF70110020E1
:1043A00010B5064826F00EFA044600B9FEE71822BA
:1043B000002127F013FE204610BD00BF8012002010
:1043C0002DE9F0411F460D4B06469046D3F81C01DF
:1043D000002224F0B6FE054668B124F0F1FE037A0F
:1043E0000446012BC0F80C8003D1406827F05EFE24
:1043F0006060C4E904672846BDE8F08170110020C0
:1044000073B506460D46002941D00379CBB92C4639
:104410007379002B3CD06078A0F10B03032B37D9C4
:1044200025F0F0FDA0B3012120461AF0FBFC78BB7B
:10443000202120461AF0F6FC10B32046FFF7F0F9D1
:1044400026E049781429E2D0A888FFF7E5F82B89FF
:1044500004468342DBD001462846FFF775F9012860
:10446000D5D000946B78EA88A9880B481AF08BFBAA
:10447000044660B100232A4619461AF05EFCC7E7DD
:10448000214605481AF0BEFB04460028D6D1002478
:10449000204602B070BD00BF68120020F0B597B092
:1044A0000B7D0646022B0C4667D98B6913B10B7F37
:1044B000002B62D001AD2846B268216825F095F93D
:1044C00000285AD0766833681F896368002B6DD145
:1044D000284625F0D1FC0690284625F0D2FC237D05
:1044E000B4F815208DF82F30E37DCDE907078DF85E
:1044F0002E30A369ADF82C201BB1227F012A08BF02
:1045000000230CAF099395E80F0087E80F00D6E968
:10451000011238465242494225F05AF9D6E9013291
:10452000029930468A1A0199C91A1AF0A6FA099B0B
:1045300005908BB1606A10B9206A25F09DFC216A54
:10454000029B4A6809689A1A019B0A905B1A00FB51
:104550000233099A1A440992337D063B0F2B0CD87B
:10456000DFE803F018200B0B0B0B0B0B0B110D16D8
:10457000080B0B1C05A81EF062FD17B0F0BD05A8C6
:104580001CF044FAF9E7032105A81FF00DFEF4E73B
:104590000421F9E705A81EF0DDF8EEE705A81BF0F9
:1045A00002FBEAE705A81DF039F9E6E729462846A7
:1045B000226925F01AF90028DFD0226A002A73D177
:1045C000284625F059FC0690284625F05AFC237D04
:1045D000CDE907078DF8353094F82830207B8DF829
:1045E0003630A36867680C938DF8340005F0F6F94F
:1045F0002169029B4A6809689A1A019B5B1A434326
:104600000C99DB0801FB02331F44A3690B97002BB5
:1046100051D10EAF099395E80F0087E80F00D6E956
:10462000011238465242494225F0D2F8236912ACB1
:104630000FCB84E80F00D6E90112204652424942CE
:1046400025F0C6F8D6E90132029930468A1A019956
:10465000C91A1AF012FA0590337D063B0F2B8CD83D
:1046600001A252F823F000BF0547000815470008D3
:104670007B4500087B4500087B4500087B4500081A
:104680007B4500087B4500087B450008F74600088D
:10469000EF46000801470008E74600087B45000890
:1046A000E74600080D4700082946284625F09DF8F2
:1046B000002885D161E7227F012A12D0606A099320
:1046C00010B9206A25F0D8FB216A029B4A68096864
:1046D0009A1A019B0A905B1A00FB0232099B134451
:1046E00097E7002395E705A81EF0F3FD45E705A829
:1046F0001CF05CFA41E7032105A81FF025FE3CE70A
:104700000421F9E705A81EF0C6F836E705A81BF056
:1047100025FB32E705A81DF064F92EE7044BC20023
:1047200003EA002302F4FC6243EAD000104370471E
:1047300000F8FFFF30B5034608466AB1FF2A4FEA8A
:10474000D3010AD1A2F6FF0202EA0322DB0003F43E
:10475000FC631343194488B230BDD4439B0813FB58
:1047600002F311FB02F1E4B2C0F3451504FB05337B
:10477000C50A04FB051500F01F0004FB0011054AE3
:10478000DB1003F4FC6302EAC502134303EB1123BD
:1047900098B2E1E700F8FFFF70B5044608467AB129
:1047A0002178FF2AA57863784FEAD10109D114480E
:1047B000DB0000EA052003F4FC631843084480B2E0
:1047C00070BDD4439B0813FB02F3E4B2C0F345165B
:1047D00004FB0633EE08C50A654306FB025512FBCF
:1047E00001F200F01F0004FB0022054EDB1003F471
:1047F000FC6306EAC5052B4303EB122398B2DFE7FF
:1048000000F8FFFF2DE9F04F89B0436890F822705F
:104810000193836882460293C3688946039390F8A4
:104820002180D0E9065306680493D0E90443079336
:10483000002F40F02281002C3ED1B8F1FC0F26D889
:10484000029B9C4280F21B81AA460027A6F1020B24
:1048500029E057789378FF0007F4FC6700EA032308
:104860003B4317784A4403EBD70326F81130013154
:10487000019B9942EDDB039B01341E44049B1D44C4
:10488000029B9C4280F2FB802A460021F0E77D4893
:10489000F6E750463BF8021F4246FFF77DFF01371F
:1048A000ABF80000CA44019B9F42F2DB039B01343A
:1048B0001E44049B1D44C3E7B8F1FC0F1ED8029BA5
:1048C0009F4280F2DC80AB464FF0000AB31E2FE01F
:1048D00014F8082050463BF8021FFFF75DFF08F16F
:1048E0000108ABF80000CA44019B9845F0DB039B2C
:1048F00001371E44049B1D44079B1C44029B9F429E
:1049000080F2BD80AA464FF00008A6F1020BEBE74B
:1049100014F80A2033F8021F12FB08F25846120A54
:104920000593FFF739FF059B0AF1010A1880CB4474
:10493000019A9245ECDB039B01371E44049B1D4406
:10494000079B1C44BBE79AF82230022B4BD0032B69
:104950006AD0012B40F093807B789BF80220DB0823
:1049600003EBD2031F2BA8BF1F23D8023B889BF861
:104970000120C3F3451303EB92033F2BA8BF3F2352
:1049800080B200EB43103B789BF8002003F01F033C
:1049900080B203EBD2031F2BD4BFC0181F3039885D
:1049A00080B2002C60D1424605F022F8059B27F822
:1049B000020B01330593CB44059B019A9342C2DB62
:1049C000039B1E44049B1D440CB1079B1C44069B87
:1049D00001330693069B029A934250DA002337462E
:1049E000AB460593E8E79BF802307A78DB08C3EB27
:1049F000D20323EAE373D8023B889BF80120C3F378
:104A00004513A3EB920323EAE37380B200EB431058
:104A10003B789BF8002003F01F0380B2A3EBD20386
:104A2000002BA8BFC018BAE79BF802307A78DB08E1
:104A3000D20813FB02F39BF801003A888008C2F306
:104A4000451210FB02F080115B11400100EBC32006
:104A50003A789BF8003002F01F02DB0813FB02F3E8
:104A600080B200EB53109AE7059BB8F1FC0FE25CB3
:104A70009CBF12FB08F2120A96E70023A9E709B0CF
:104A8000BDE8F08F00F8FFFF08B500F015FE242008
:104A9000FEF71CFA034BC360034B03610023036260
:104AA000836108BDB34C0208634C02082DE9F04F46
:104AB000BBB01593CB6A0C46DDE944A70C90002BE4
:104AC00055D10B6BB3F5807F51D14B6BB3F5807330
:104AD00018BF0123D56A07932B692C220A932B89CF
:104AE00000211CA80B93A66E95F8019027F076FA8A
:104AF00094F84C308DF8843094F84D30C3F30303B0
:104B00008DF898300B9B1E93079B002B40F0A380E1
:104B1000002E5AD1B9F10E0F2BD0B9F1140F94F821
:104B20004B3048D1022B00F29680504625F0A9F96F
:104B30000446504625F0A0F90A9BAA881D930B9BBA
:104B4000CDF880A04343B3FBF2F30A9ACDF870A0EE
:104B500004FB032322930B9BCDF890A05B082593C5
:104B600002238DF88C3012238DF87C301EE0012357
:104B7000B0E70C9B51469A6827A824F036FE00281F
:104B800043D00A9BB4F8482022930B9BCDF890A009
:104B90002593079BADF885201D9394F84A30CDF8F6
:104BA00070A08DF8873002238DF88C300C981CA9EA
:104BB000FFF774FC29E0022B4DD80A9BCDF880A0AA
:104BC000CDE91CA38DF87C90F0E794F84B30022BD4
:104BD00041D8079AA16E27A8FFF784FB0128ECD1E2
:104BE000329D25B16B7803F0F703062B10D00A9B9A
:104BF0000C981CA9CDE91CA3CDF880A08DF87C9061
:104C0000FFF74CFC27A81AF032FE3BB0BDE8F08F4E
:104C10002B69543422932B892046259325F02CF9B7
:104C200034EA200428BF5446EA88AB88013A00924F
:104C3000079A18AE11463046013B24F0A2FD079BAF
:104C4000092200933146204624F079FF022324965E
:104C50008DF88C30CBE718AD97E80F0085E80F0092
:104C600050461C9525F008F91490504625F009F996
:104C70001390284625F000F90990284625F001F9FF
:104C8000B9F1060F054631D194F84B30022B25D9E6
:104C9000102025F0F0F94FF0100B0D90584625F03C
:104CA000EAF9099B03FB00F6FDF75EFCFDF764FFE4
:104CB0000746FDF759FCFDF7A5FF25F0DCF907FBDA
:104CC00000F39B00B3FBF6F3AB42A8BF2B4606FBF9
:104CD00003F00E9305F024FE089043E0079BC3B950
:104CE000484625F0C8F90D90CB46D7E7079B43B15E
:104CF000B9F1110FCCD0B9F1120F11D0B9F10F0FDA
:104D0000C6D0484625F0B7F9B9F1140F0D900BD075
:104D1000EAE7152025F0AFF94FF0150B0D90BDE730
:104D2000142025F0A8F90D90099B4FF0140B03EB0C
:104D30004306FDF719FCFDF71FFF0746FDF714FCBE
:104D4000FDF760FF25F097F907FB00F39B00B3FB2D
:104D5000F6F3AB42A8BF2B4606FB03F00E9305F01B
:104D6000DFFD0890089B03B9FEE7089B0E9A1D9390
:104D70001B9BBBF1140F1193199B8DF87CB013444E
:104D800003F1FF331B9318AB20931AD1099A0999A9
:104D900052001E920E9A4A43089901EB4202229257
:104DA000099ACDE9243202238DF88C3012238DF834
:104DB0007C30199B119A934220DD089805F0CAFDBA
:104DC00023E7BBF10E0F12D1089A2292099ACDE97E
:104DD000243202238DF88C3094F84A30B4F84820FD
:104DE0008DF887300023ADF885201D93E1E7584604
:104DF00025F041F9099B58431E90DAE7189A27A835
:104E0000CDE92723DAE900121A9B524229931B9B12
:104E100049422A9324F0DCFC079B0BB3089B0A9AB7
:104E2000CDE90493159B0C98CDE902430B9B27A970
:104E30000193139B0093149B22F0B2FD94F84B5006
:104E4000022D40F28880EE43BBF1140F94F84870B5
:104E500094F8498094F84A30F6B240F0C58068E092
:104E600094F84B30012BE9D927A825F00AF8B9F1BD
:104E7000060F12902CD1DDE92732DDE907504FF003
:104E8000FF0E0B9902FB01330A9A1344099A4FEA69
:104E9000820C129A9542D1DA0246591EC3F10108DA
:104EA0000AE011F8016F02F8026C02F8036C0E7848
:104EB00002F801EC02F8046C099F08EB0106B74206
:104EC00002F10402EDDC0B9A604413440135E0E783
:104ED000BBF1140F67D10B9B279D4FEA5308289B0A
:104EE0000A9A03FB08F36E0006EB43061644139A76
:104EF0001D4408FB02F20A9B05EB42051D44229B60
:104F0000DDE907720F920B9A1093099B22F00102C0
:104F10005B001692129A97422DDB94F84B50022DAB
:104F200019D9EE4394F8487094F8498094F84A30BF
:104F3000F6B2DB08FF084FEA980818A86F4308FB91
:104F400005F85D4324F02DFC4FF0000C089BA3F105
:104F5000020E84457ADB0C981CA9FFF79FFA1B9B75
:104F60000E9A013319931344119A013B934200F3B3
:104F70008A801B931DE71A4631460F98179326F037
:104F800038FF2946099A109826F033FF169B0F9A8E
:104F90001E44179B09991A440F92109A45440A44DB
:104FA00010920137B6E7BBF10E0FD4D0DDE90767E9
:104FB0000D9B279D0B9A5D43289B03FB02550A9B83
:104FC0000D9A1D44099B02FB03F8129B9E4233DBA2
:104FD00094F84B50022DBED9EE4394F8487094F8E3
:104FE000498094F84A30F6B2BBF1120FA1D0BBF160
:104FF0000E0FB0D018A80F9324F0D3FB0F9B6F4374
:1050000008FB05F85D430D9B5843089B089A9A1AC4
:105010009042A0D91A7802FB067212121A705A78BE
:1050200002FB068212125A709A7802FB0652121282
:105030009A700D9A1344E9E729463846424626F00D
:10504000D8FE0B9B47441D440136BEE73EF8022FB5
:105050000CF1010CC2F3451106FB0181C91001F4EA
:10506000FC630F93D30A06FB03530F4902F01F02A0
:1050700006FB027201EAC3030F990B4303EB2223E1
:10508000AEF8003065E7119BBBF1140F1B937FF462
:1050900090AE18A824F0F5FE099B5843089B03EB3B
:1050A0004000229085E600BF00F8FFFF91F84D30E8
:1050B00013F0200F024B01D119F0EDBFFEF7BABC7F
:1050C000AD4A000891F84830022B02D9014BFEF797
:1050D00055BD7047EB6802082DE9F04FDDB00B6B52
:1050E00083460C46002B00F0B88091F83C20022A41
:1050F00040F2B380CD69D1E908108542A26A02D19D
:10510000914200F0AA8003EBD3735B105B428542AF
:10511000D4BF5E191E180C968542ACBFC3EB0506C2
:10512000C3EB00069142D4BF581898189142ACBF07
:10513000C3EB0103C3EB02030CA90D90DBF80820BD
:1051400008460E960F9324F050FB002800F085804F
:10515000216AA26AE0699142636A40F0CF8083428B
:10516000D4BF409340908342B8BF0346226B013BBB
:10517000013A429302F0010303EB6203CB1A01EB05
:10518000620240A943920846DBF80820419324F0CC
:105190002CFBE8B1A56B1DB1656B003D18BF012567
:1051A0002C2200214EA826F019FF40AB4E9394F814
:1051B0002E30A28D8DF84F3194F83C30ADF84D2152
:1051C0008DF84C31002D4BD158464EA9FFF766F9AA
:1051D00094F83D3013F00C0F3FD04EA81AF0A2F80F
:1051E00094F82E30256B8DF85B3147F6FF736E1007
:1051F000ED43559394F83C30A28D8DF8583194F8D6
:105200003D30ADF859215A0705F0010510D5E26986
:105210005846931B4093236A3244991B521B3344D4
:10522000419142925B1B40AA4EA9439321F0BFF8E3
:1052300094F83D301B0710D5626A5846931B409383
:10524000A36A3244991B521B3344419142925B1B27
:1052500040AA4EA9439321F0AAF85DB0BDE8F08FB3
:1052600040A824F009FE419B409FDDF80C91439338
:10527000D4E90D23134497FBF3F2064603FB1277A0
:1052800005F04EFB4FF00208054640ABDDF804A1E7
:10529000549056938DF85481D14503DA284605F091
:1052A00059FB95E728463246FF2126F097FE00205D
:1052B0003B46844686420CDC58464EA9FFF7EEF882
:1052C000419B0AF1010A01334193439B013343930C
:1052D000E2E7626B9A4209DBD21A00FA82F003FA23
:1052E00082F38DF8548101300133E3E7A16B0A4466
:1052F0009342CCBF002305F800C0F2E7834272D18D
:105300009142D4BF419141928A42B8BF0A46206B74
:10531000013A013800F0010505EB600540A95D1B6D
:10532000439203EB6003DBF8082008464095429364
:1053300024F05BFA00283FF44BAFA56B1DB1656B01
:10534000003D18BF01252C2200214EA826F046FE64
:1053500040AB4E9394F82E30A28D8DF84F3194F8D7
:105360003C30ADF84D218DF84C31002D3FF42CAF81
:1053700040A824F081FD419BDDF80C9180464393C9
:1053800005F0CEFA40AB56930223419F8DF854317D
:10539000D4E90D23134497FBF3F5064603FB15757B
:1053A0005490B94501DA304679E74246FF2130464C
:1053B00026F014FE636B5846AB42B4BF00220122B4
:1053C0008DF85421A26B4EA913449D42A8BF00251D
:1053D000FFF764F8419B013501334193439B01374B
:1053E00001334393DDE7914204F1240704F11C05E6
:1053F00080F20C81294608A824F048FDDDE9086AFE
:1054000039460AA824F042FDDDE90A59AB1B07938F
:10541000A9EB0A030593AB1B83EAE372A2EBE372E9
:10542000059B039283EAE372A2EBE3720492DDE947
:1054300003318B42CBBF0B46039B03990499CCBF2E
:105440005B015B0193FBF1F39A49226B11F8038036
:10545000B54202FB08F808F13F084FEAE81306934B
:105460002B46A8BF3346B542A3EBE81310932B4657
:10547000B8BF3346D14503EBE81312934B46A8BFA0
:105480005346D145A3EBE81311934B46B8BF53469F
:1054900010A903EBE8130846DBF80820139324F067
:1054A000A4F900283FF494AE069B4FEA282703F0A6
:1054B0000101002301EB282C24A80DF1C808DDE927
:1054C00003218A42CDE916331490CDF85480189305
:1054D00040F3B1800AEB0C02049209EB0C02069235
:1054E000AAEB07020392AA1B9A42A9EB07070193B2
:1054F00040F394802B46039A3146009700F016F94A
:1055000001230193069B049A00932B4631464046A3
:1055100000F00CF994F83D30D8061BD40323019316
:10552000AB1B53440093059B40AF3146F31A5246E0
:10553000384600F0FBF802230193079B4EAE4B4424
:105540000093059B4A4629463046EB1A00F0EEF8D8
:10555000CDE9167610A824F08FFC0746FDF704F875
:10556000FDF70AFB054610A824F01BF9854203D974
:1055700010A824F016F90546284605F0D1F906468C
:105580004FF00008139B2A460393119BFF211393AE
:1055900026F024FD2C22002119A826F01FFD10ABB7
:1055A000199394F82E30A28D8DF87B3094F83C300E
:1055B000DDF844908DF8783010ABADF879201F9667
:1055C0002193039B4B4546DA139B119A9A4208D0CC
:1055D000013B13930223584619A98DF88030FEF73A
:1055E0005DFF304605F0B6F924A800F06BF832A84C
:1055F00000F068F894F83D30D9063FF5E9AD40A8D1
:1056000000F060F84EA800F05DF8E1E5394608A822
:1056100024F03CFCDDE9086A2946F2E6069B049A80
:10562000009331462B4600F081F80123039ACDE91F
:1056300000732B466AE75246CDE900930CEB060156
:1056400005EB0C0300F072F801235246CDE90093FC
:10565000F11BEB1B5BE706EB080A51464B46109A21
:10566000009714A821F04FFE01468DF8800018B96C
:105670003A46504626F0B2FCB84407EB08039D4278
:1056800005D9139B0133139309F1010999E702230B
:10569000584619A98DF88030FEF700FF139B2A4663
:1056A0000133FF213046119313934FF0000826F089
:1056B00095FCE9E7842E0308014826F0B9B800BF3D
:1056C000A412002010B504460C4826F0B3F8237944
:1056D000022B0AD1236A43B11A69002A0ADA5868F0
:1056E00005F038F9206A05F035F9BDE810400348A7
:1056F00026F0A2B85A69013A5A61F6E7A4120020CE
:1057000038B50025084CD4F83C0108B105F022F961
:1057100004F59E701C21073521F04AF91C2D04F177
:105720001C04F0D138BD00BF701100202DE9F843F2
:105730001546089E0F463821044698469DF8249049
:1057400021F036F9B54204D1B9F1030F09D1013D79
:10575000013EB54205DD2B4635461E463B464746D3
:10576000984639462A4604F1080024F099FB32464F
:10577000414604F1100024F093FB237E2A4669F38E
:1057800001033946237604F11C00A8EB0707761BBA
:1057900024F086FB87EAE77286EAE673A2EBE772FB
:1057A000A3EBE6739A42D4BF0022012294F834306E
:1057B0002A4862F30003002284F83430DB07C4E98E
:1057C00009222060227126D537B14FF4801393FB54
:1057D000F7F373439B12A36236B14FF4801393FB2C
:1057E000F6F37B439B126362A06A237E94F8342015
:1057F00013F00303E0624FEAA00124D0012B22D072
:10580000022B1AD100281DDD42F0020284F8342058
:105810002163BDE8F88336B14FF4801393FBF6F3B0
:105820007B439B12636237B14FF4801393FBF7F312
:1058300073439B12A362606AD7E700280BDD6FF306
:105840004102E3E7002363F34102002884F8342097
:10585000B8BF4942DCE70123F5E700BFD56902087C
:105860002DE9F34740F26714DDF828A0A3421E4655
:10587000A8BF26465445A8BF5446054626EAE67604
:1058800024EAE474B442BABF04F5B470801BA01BD0
:1058900080B2A5F88800C5E9046405F108009146C6
:1058A0001F46884624F0FCFA134BB32F2B604FF0B1
:1058B0000103D4BF00220122BAF1B30F2B7118DD0E
:1058C000A4F1B403B32B94BF0027012741460092F3
:1058D00033B24A4605F1180021F031FD4A464146EF
:1058E00023B205F150000A9702B0BDE8F04721F05D
:1058F00026BD1F46EAE700BFC56D02082DE9F04F3F
:105900008FB0074608460C4615461E4624F0B4FAEA
:105910008046204624F0B5FA8045A8BF80464FEA6D
:105920006808A845A8BFA846236828EAE875BB60B0
:105930006368B8F1000FFB60A3683B61E368C7E9E7
:1059400005353B7F66F300033B77B64B4FF000060F
:105950003B604FF002033B7103DC3E620FB0BDE8D9
:10596000F08FB14825F066FFB04B1946D3F85421AB
:10597000AA4223D11C23B8F10F0FD8BF012503FB86
:105980000612D2F85001C8BF2D110130C2F85001E3
:10599000D2F84C2173432A44B2F57A7FA8BF4FF462
:1059A0007A72C81803F59E730B44C0F84C213B6211
:1059B0009D480FB0BDE8F04F25F03EBF0136042EE4
:1059C00003F11C03D2D10024994B5A692AB97CB146
:1059D000196922699142B8BF1C46013E03F11C03BC
:1059E000F3D1D4B91C2004F0A3FF044610B9FEE79C
:1059F0001C46F2E74FF0FF33206823613C62A5614B
:105A000008B104F0A7FF062005FB000004F088FFA2
:105A100005F10109206078B9FEE76369B8F10F0F5D
:105A200003F101036361D4BF01232B11B3F57A7F26
:105A3000A8BF4FF47A73DFE700EB45030233AF00F2
:105A4000E3603B1D0344B8F1010F6060A36009D11E
:105A5000B42303700023E2681380A2F80280A268D6
:105A60001380A5E74FEA091004F062FF00EBC903B9
:105A70000093C7F101030193BB10069300239B46DB
:105A80000A9300210DF118080DF1280E019A002A41
:105A900046DC02EB4B0C0CF1030201920BF1010B03
:105AA000BB4547DC4FEAA70C013148F804CB042979
:105AB00007F0030C4EF804CBE8D19DF82C20DDF85C
:105AC000188005929DF83020D4F804A002929DF829
:105AD00034209DF828E00392099A4FEA8309904503
:105AE0000AEB030103F1010C6AD1009A40F823800C
:105AF00042F82360059A0299964471448E460399B0
:105B000071440AF80310D4F804E01EF803100901E8
:105B10000EF803106346BB4506F10106B1DD0BE04C
:105B2000019AABEB070C02EB4C0C0CF10502019255
:105B3000013FB3E70429C0D040F2D32103F1804CE8
:105B40004D430CF1FF3C50F82C70AE12B7EBA52F73
:105B50004FEA8C0104D1009A52F82C70BE421AD040
:105B6000C5F30905B5F5007FC6BFC5F580656D4372
:105B70006D43009A01F104014650C8BFED13565021
:105B80006168D4BFED0BC5F10F05CD546568E95CC4
:105B90000901E95401331D46991E002980F28580D0
:105BA000002B03F1FF31D8BF00210B4400210D462B
:105BB000E76839809D42C0F2878004F0CBFEF7E6AB
:105BC00008F1FF320492079A09F1040A904531D096
:105BD000009A40F8098042F8096081F800E0D4F8A2
:105BE00004E0049A1EF8031009010EF8031040F8AF
:105BF0000A20009A029942F80A6062680492059AA3
:105C00000A4402F1040E039A72449646049A02F87A
:105C10000CE0D4F804E002331EF80C1009010EF871
:105C20000C1078E7CF700208A41200207011002039
:105C3000AC120020059A40F809809644089A5FFA51
:105C40008EFE9045009A42F8096016D081F800E077
:105C5000D4F804E0049A1EF8031009010EF80310AA
:105C600040F80A20009A42F80A6062680492DDE96E
:105C700002210A4402F1080EC8E7029A964481F80C
:105C800000E0D4F804E0049A1EF8031009010EF8AD
:105C9000031040F80A20009A616842F80A60039AEB
:105CA00002F10C0E01F80CE0B3E7009A52F8216003
:105CB00040F8256050F8216042F825606668775CFE
:105CC00001397755013568E7D4F8088030F8256048
:105CD00027F811504FEA410E009A52F825209142C0
:105CE00001D19D4203D128F80E60013162E750F8DE
:105CF000252001359642A8BF1646B6B2ECE700BF94
:105D0000F0B585B0002214270546408AC0F308008C
:105D100093B2984201D800200FE007FB02F6AB686F
:105D200001329C199B59B4F804C0CB1A6345EFD2D9
:105D3000A27C022A03D1E088184405B0F0BD1AB94C
:105D4000E268D05CE388F7E7032A14D1ADF80E309F
:105D5000144B228A0093A16802230DF10E0025F056
:105D600044FD0028E9D0AB6833449A68DB88801A88
:105D700003EB6000E1E7012ACDD1ADF80E30094B0D
:105D8000228A0093A16802230DF10E0025F02DFD5B
:105D90000028D2D0AB6833449A68801ADA68DB886E
:105DA000105AC9E7738702082DE9F04103680269B8
:105DB0000F46D3F81880002A00F0B380D8F80410FA
:105DC00001EBC2063079737913FB00F3002B00F06E
:105DD000A88098F813303F2B00F2A38051F832309E
:105DE000D8F80040C3F313030E211C443D69FDF7AE
:105DF00013FC98F8133003F01E03022B3DD1002151
:105E00000A4610E012F00702237812D143F3C013C0
:105E1000DBB205F80C3001320CF1010C337963452B
:105E2000F0DC0544013173798B4223DC3846BDE850
:105E3000F08102F1FF3EBEF1050F16D8DFE80EF04B
:105E40000306090C0F1243F38013E1E743F34013F9
:105E5000DEE743F30013DBE743F3C003D8E743F384
:105E60008003D5E743F34003D2E743F30003DBB2FB
:105E70000134CEE74FF0000CD0E7042B2DD10022E7
:105E80002949134611E013F0030E237814D19B091E
:105E9000CB5C05F80C300CF1010C0EF1010396F807
:105EA00004E0E645EFDC0544013296F805C0944570
:105EB000BCDD4FF0000CF2E7BEF1010F02D1C3F3DD
:105EC0000113E5E7BEF1020F02D1C3F38103DFE75F
:105ED00003F00303CB5C0134DBE7082BA6D10021E0
:105EE000DFF848E00B4616E013F00102237815BFF7
:105EF00001341B0903F00F031EF8033018BF1EF80E
:105F0000033005F80C300CF1010C531C327962455A
:105F1000EADC0544013172798A4287DD4FF0000CDA
:105F2000F4E7002782E700BFA52E0308A92E030887
:105F30002DE9F04385B0092A80460C46164699465D
:105F4000876905D0002A38D1002005B0BDE8F0836C
:105F500020213846FFF7D4FE05460028F4D0FB6820
:105F60006BBB00207A683B8A02EBC5025188434331
:105F7000C1F30B100146092E08BF01B24FEA2313EB
:105F800008BF490008330B441B09A3805379092E2D
:105F900023811379E38092F90610618192F9072039
:105FA000A281FA7C2561C2F34302A273E27B6FF304
:105FB0000002E2735ED00120C7E71146C9E7B9F1DC
:105FC000000FCED04946D8F81800FFF799FE0028F8
:105FD000C7D0D8F81820D2F80C80D27C930634D4DD
:105FE00098F80B203F2A17D8D8F80090D8F8082046
:105FF000224BCDE9025000934946022322F0404251
:1060000002A825F0F2FB0028ACD0A0EB090040105C
:10601000D8F804301856A5E702F0C002402AA0D1F3
:10602000D8F80090D8F80820154BCDE9025000931D
:106030004946042322F0404202A825F0D6FB00285E
:1060400090D0A0EB09008010E2E7D8F80420D8F83F
:106050000810525D095C002A83D0002981D0D8F84D
:10606000003098F80D00013A0B4400FB023313F99D
:10607000010C77E75B00E3809DE700BF4F870208D4
:1060800061870208807A830744BF0022024BC0F375
:10609000400048BF5A65704770110020827A93070C
:1060A00017D5002390F8981022F013028272C0E9ED
:1060B0001A33084AC0E91633C0E9233363F30301F6
:1060C000C0E90333C0E914330367836780F898108D
:1060D000536570477011002010B5044600B9FEE703
:1060E00001F0D4F994F898301B0701D0236F43B91D
:1060F000D4F8C0302BB12046BDE81040014903F070
:10610000EFBB10BDD960000810B5FCF725FD1348A2
:1061100024F058FB044600B9FEE7C422002125F014
:106120005DFFA37A224623F0060343F00603A37221
:106130000C210B4803F00EFF2062FCF70DFD00233D
:1061400023700123074A6372074BE061C4E9092306
:106150004FF480732046E36210BD00BFB4110020ED
:10616000F98802080A0A03329001640001460348D4
:1061700009B924F0C7BB24F0CBBB00BFB411002089
:10618000014B186D704700BF70110020014B586D16
:10619000704700BF7011002070B50C460546FCF733
:1061A00059FD214622F041FB0D4E7065B0B92846DD
:1061B000FCF746FD214622F038FB706570B9284691
:1061C000FCF72AFD214622F030FB706530B92846E5
:1061D000FCF74AFD214622F028FB706570BD00BF28
:1061E000701100202DE9F041DFF860800F2805468E
:1061F0000F46D8F8506017D8134BD8F854200341F5
:1062000013F0010410D10146304622F057FB30460E
:10621000FFF738FFA8B9B37ADA0605D560F304139F
:106220000120B372BDE8F0813A462946D8F85400FF
:1062300015F0E5FE3046FFF725FF80F00100C0B203
:10624000F0E72046EEE700BF0D7EFFFF7011002053
:10625000F8B50446A37A806E8B4D1B0768651BD486
:106260002B6DDE69C8B9304604F13001FFF794FFA9
:10627000236F6865ABB1D4F8C03033B12046834991
:1062800003F02EFB0023C4F8C030204601F0FEF8D6
:106290002046FFF7F7FE20B1F8BD236F002B00F07A
:1062A000EA80D4E90C126B6DA06E834240F0F0805E
:1062B000A36B266B626BF61AE36BA664D21AA36D0E
:1062C000E264334403EBD3735B10A365E36D002EEC
:1062D000134403EBD3734FEA6303E36504F16003F4
:1062E000D4E9160183E8030094F82430B8BF76425D
:1062F0009E4204DC002AB8BF5242934205DA94F869
:10630000993043F0020384F89930686D0028C3D0B7
:10631000802114F0A4FF80F0010717F0FF0740F080
:106320006A812B6D9B7A1807B6D4204601F0CEF90E
:106330002046FFF7A7FE0028AED1236F002B5AD1CD
:1063400094F89930D90756D4A66E002E53D04FF446
:106350000041304614F075FF002840F05481A16CD4
:106360002A6D81EAE17E92F826C0AEEBE17EE64539
:10637000E36C07DA83EAE37EAEEBE37EF445C8BF65
:10638000C4E92300D4F88C000144D4F89000C4F888
:106390008C100344C4F8903092F827E081EAE17C45
:1063A000ACEBE17C83EAE370F445A0EBE37001DC45
:1063B000864520DA844540F32B810029CCBF022397
:1063C0000123B4F898101B0121F4F87143F4807391
:1063D0000B4330460D21A4F8983015F010FE2046EE
:1063E000FFF750FE38B932460D21286D22F066FACB
:1063F000286DFFF747FE2046FFF744FE00287FF494
:106400004BAF637A022B07D1206A28B125F0E9F956
:1064100010B1206A25F0D0F9236F002B7FF43CAF38
:10642000A37ADA0718D4E06826F06FF9296D0B8D8E
:10643000984209D9002F40F0F080A37A43F001037D
:10644000A37206F0FFFD2061236F002B7FF424AFC1
:10645000A37ADB077FF520AF206926F056F9296D76
:106460004B8D98427FF618AF002F40F0DD8006F08C
:10647000E9FD206110E74FF4005114F0E2FE00281E
:106480007FF40FAFEFE600BF70110020D960000865
:10649000A06FC4E90E12C0B1834216D02246162165
:1064A00015F0ADFD2046FFF7EDFD00287FF4F4AEBA
:1064B00016212046A26F22F001FA2046FFF7E2FDE6
:1064C00000287FF4E9AE6B6DA367A06E002843D16E
:1064D0006B6DC4E91A33002B3FF4EAAE06F0B2FD4F
:1064E000A37AB4F898206FF30003A372002322F478
:1064F0007F7222F00302E0608021C4E91433C4E912
:106500002333C4E91233686D2367A4F8982014F08C
:10651000A6FE58B32E6DB37A1F073FF5BDAE04211A
:10652000686D14F08EFE80B1686D14F09EFE074613
:10653000706F68BB002F33D0686D14F01DFB3046C0
:10654000FFF7A0FD08B96B6D73672046FFF79AFD52
:1065500000283FF4ADAE9FE603212A6D15F04FFDF4
:106560002046FFF78FFD0028B2D095E6A26F6B6D35
:10657000296D9A4206D10120296DFFF733FE0028CC
:10658000C8D189E61520FFF72DFE0028F3D183E658
:1065900014F06BFE8742034615D1686D002FCCD1F5
:1065A000706F6B6D9842CED011212A6D15F027FDCA
:1065B0003046FFF767FD0028C7D110212A6D686DAE
:1065C00015F01DFDBBE7706F83B928B9686D002F0A
:1065D000B2D110212A6DF3E711212A6D15F00FFDBC
:1065E0003046FFF74FFD0028F0D0AEE70028EDD091
:1065F00012212A6DF2E70220296DFFF7F3FD002832
:106600007FF48FAE48E6304617F0BBFD06469CE6A9
:10661000002BCCBF08230423D3E60520FFF7E2FDBF
:1066200000287FF40AAF37E60620FFF7DBFD0028DD
:106630007FF41DAF30E600BF2DE9F0439BB0837AB5
:106640000446190707D4826B036B9A4203D1C26BCD
:10665000436B9A4246D0FCF77FFA04F13001FFF712
:106660009BFDA36F0546834227D02246152115F0D6
:10667000C6FC2046FFF706FD00285BD12A461521FF
:10668000204622F01BF92046FFF7FCFC002851D1E0
:1066900022461621A06F15F0B2FC2046FFF7F2FC4F
:1066A000002847D116212046A26F22F007F9204684
:1066B000FFF7E8FC00283DD1A567A37AA06E1A0772
:1066C00010D5754B03211A6D15F099FC2046FFF784
:1066D000D9FC78BBA37AC4E91A00C4E9030060F3CB
:1066E000C303A372A36E6C4D276F6B65637A022B95
:1066F00007D1206A28B125F074F810B9206A25F076
:1067000054F8686D002800F0C380802114F0A7FDC4
:10671000002840F08B800820296DFFF763FD48B109
:106720002A6DB7B9A37ADB0707D50720296DFFF7D4
:1067300059FD48B91BB0BDE8F08311460420FFF7AE
:1067400051FD0028F1D1F5E70023C4E90333A36626
:10675000F0E70A21384615F052FC2046FFF792FC7C
:106760000028E7D1C4E90300A0664FF48076002535
:10677000B046CDE90455002F5FD12DB9B6F5807F25
:1067800002D1B8F5807F20D04FF4803393FBF8F22C
:1067900093FBF6F34FF000096D422DB216B20FFADB
:1067A00083F804AF43463246294604F15800CDF839
:1067B0000490009723F052FB434632462946CDE928
:1067C000007904F1600023F049FBD4F8C0503DBBD0
:1067D00004A803F025F8214604A822F086FF4FF410
:1067E000806104A822F085FF4FF48062294604A846
:1067F00022F084FF294904A822F079FF284904A83F
:1068000022F086FF264904A822F084FF4FF0FF31D2
:1068100004A822F085FF04A803F01CF8C4F8C00007
:1068200020461BB0BDE8F043FFF72CBC0023C4E9B1
:106830000333A366002F98D17CE76E2200213846EF
:1068400016F0E4FF039028446C22002105B238467C
:1068500016F0DCFF81466D2200210390384616F0C9
:10686000D5FFB9F1010FB8BF4FF001090128064665
:10687000B8BF01260390384617F083FC08FB09F9DE
:1068800049F30F2808FB06F6074646F30F2672E782
:10689000002F3FF44FAF98E770110020D960000837
:1068A0007B8702082DE9F04F89B00446002800F0EC
:1068B000E480A74DC6692865002E00F0DE80FFF752
:1068C000EDFB837A5A0740F1D880D6F8C83201939D
:1068D000002B40F0D2801422002103A825F07EFB7B
:1068E0002378012B1FD1236C0393636C049363689B
:1068F00013B1204603A99847637A2046022B0CBFA8
:106900004FF000089DF81F80FFF7C8FB019B6B65E7
:106910009DF81E30012B23720FD1E66906F092FB21
:10692000C6F8FC0210E0022B03D1D4F8A030059386
:10693000DDE7042BDBD10A23F9E72378042B03D10D
:10694000BDF91C30002BE8D12378012B40F0818069
:10695000E069039E90F8F022049902F00603022BEE
:106960002664616407D103689B1B013B0393436862
:106970005B1A013B049302F00502012A06D1DDE90E
:106980000332049343689B1A013B0393FCF7F4F82A
:10699000E069FCF701F9D4F8A40048B1DDE903127D
:1069A000A36B8B4202D1E36B934201D015F026FD1D
:1069B000039B666F2363049B6363BDF91C30C4F8BB
:1069C0009430BEB1B3B130466E6514F0AAFEE0B1AA
:1069D00000217422686DE66A16F018FFD4F894302E
:1069E00002A95E43464306F5004636140F20029680
:1069F000FFF7F8FB237A2046012B27D1FFF728FC6D
:106A0000236BA363636BE3632EE0D4F8942094F8C4
:106A10002430002AD8BF5B422046E364A66621F0FA
:106A200085FF0028E6D074220021E66A16F0EEFE0B
:106A3000D4F8943002907343434303F500431B148E
:106A40002046E365636600F041FED3E7FFF7F4FDFF
:106A5000D6E7022B40F0E6809DF81E10A37A0129AC
:106A600003F008020CD19AB12046FFF717FBB8F1EA
:106A7000000F7FF430AFC5E9148809B0BDE8F08F8E
:106A800032B1002223F00903E260A37284F89C2053
:106A9000059BD4F8A860D4F8A0A0C4F8A030002EBC
:106AA000E2D0304614F02BF868650028DCD0802155
:106AB00014F0D5FB9DF81E9080F00107B9F1010F8D
:106AC00094F89CB0FFB284F89C903BD1BBF1000FCE
:106AD00040D106F0B7FA0599E06009290BD130469C
:106AE000002114F027F83046F9F768FC2046FFF73C
:106AF000C9FA48B3B8E70B2907D13046002114F092
:106B000019F83046F9F770FCF0E7EFB10A29304682
:106B10000CD113F0F9FF2046FFF7B4FA0028A3D1F7
:106B20004846296DFFF75EFB70B99DE71B294CD1E4
:106B300013F0EAFF2046FFF7A5FA002894D124209D
:106B4000296DEFE7002F43D100236B658CE700BF71
:106B500070110020002FF7D0BBF1010FF4D1059B7D
:106B60000A2B15D0A37ADB071BD4E06825F0CDFDF6
:106B7000238D9842A37A12D943F00103A372059B97
:106B80000A2BE1D106F05EFA296D20610520C9E7E4
:106B90000220296DFFF726FB0028E3D164E7DF0719
:106BA000D2D5206925F0B1FD638D9842CCD906F08D
:106BB00049FA059920610A2902D10620296DB1E719
:106BC00009298CD00B2998D0304613F09DFF8DE712
:106BD000B9F1000FB8D1BBF1010FB5D1BAF10A0F6D
:106BE000CDF814A006D00022A37AE26062F300037D
:106BF000A372A9E70820296DFFF7F4FA00283FF4F3
:106C000033AFA37A296DD80706D50720296DFFF782
:106C1000E9FA0028E7D127E70420FFF7E3FA002884
:106C2000F3D121E7042B40F0B8819DF81E20A37A10
:106C3000012A03F0080160D100297FF415AF059BFC
:106C4000D4F8A86094F89CA0C4F8A03084F89C20E4
:106C5000002E3FF409AF304613F051FF686500285D
:106C60003FF402AF9DF81E3013B10023ADF81C3085
:106C7000802114F0F4FA9DF81E3080F00107012BFA
:106C8000FFB240F0E780BAF1000F70D106F0DAF9F8
:106C90000599E0600A294CD1686D14F042FDB0B34B
:106CA000304613F0AEFF00283AD14FF0000ABDF98C
:106CB0001C30C5F854A0002B3FF4D6AE304613F07C
:106CC000A0FFBDF91C300746002800F04181534564
:106CD00080F22A81BDF91C305B429A45BFF6C4AEF2
:106CE0001421304613F010FF2046FFF7CBF900289F
:106CF0007FF4BAAE0AF1010AECE700299FD0002127
:106D000023F00903E160A37284F89C1097E7102137
:106D1000686D14F096FA0028C2D1304613F071FF66
:106D2000002FC2D00120296DFFF75CFA0028BCD1EA
:106D30009AE6142905D1BDF81C30013BADF81C3092
:106D4000B3E7132903D1BDF81C300133F6E71B2943
:106D5000304676D113F0D8FE2046FFF793F900288D
:106D60007FF482AE002FA0D02420296DDCE7BAF199
:106D7000010F9AD1A37ADA0710D5206925F0C5FC56
:106D8000638D984291D906F05DF9059920610A2931
:106D900051D1002F89D00620296DC5E7E06825F084
:106DA000B4FC238D9842A37A41D943F00103A37226
:106DB00006F048F9059B20610A2B20D105216A6D58
:106DC000286D21F07BFD286DFFF75CF900287FF42A
:106DD0004BAE686D14F0A5FCB0B1304613F016FF51
:106DE00001280CD9304613F00CFF80F00101C9B224
:106DF000304613F09FFE2021686D14F014FAA37A38
:106E000043F00103A37250E71021686D14F019FAE2
:106E10000028E2D1002FF2D005212A6D686D15F00F
:106E2000EEF8286DFFF72EF90028E8D01CE6DB0706
:106E30007FF53BAFA1E714293FF47DAF132982D042
:106E4000304613F061FE2046FFF71CF900283FF49E
:106E50002CAF09E6002B7FF428AFBAF1010F7FF4C5
:106E600024AF059B0A2B1BD1686D14F05AFC18BB8C
:106E70001021686D14F0E5F9F0B98FB10820296D83
:106E8000FFF7B0F900283FF4EFADA37A296DD807DA
:106E90000CD50720296DFFF7A5F900283FF4E4ADD4
:106EA0000022A37AE26062F30003ABE70420FFF75D
:106EB00099F90028EDD1D7E5304613F0A2FEA37A68
:106EC00058B3DA070AD49FB90A21304613F01CFEE2
:106ED0002046FFF7D7F80028E2D0C5E5304613F08A
:106EE00095FE0128EFD92021686D14F09CF9D7E7B1
:106EF0000820296DFFF776F900283FF4B5AD04208E
:106F0000296DFFF76FF900283FF4AEAD0720296D1A
:106F1000FFF768F90028D7D1A6E5DB07C0D4012127
:106F2000304613F007FEBBE73FF49EADBDF91C30C1
:106F30009A45BFF699AD1321304613F0E5FD204682
:106F4000FFF7A0F800287FF48FAD0AF1010AEDE702
:106F5000002B10DABDF91C305B429F42BFF684ADB6
:106F60003046F9F741FA2046FFF78CF800287FF405
:106F70007BAD0137EEE73FF477ADBDF91C309F42A2
:106F8000BFF672AD3046F9F719FA2046FFF77AF8E6
:106F900000287FF469AD0137EFE7032B7FF464AD80
:106FA000D4F8AC30002B3FF45FAD069A03EBC2017E
:106FB00053F832709DF81E304E68012B08D1A36B38
:106FC0009F4202D1E36B9E4202D02046FFF734FB82
:106FD0002046FFF757F800287FF446AD9DF81E3095
:106FE0002046012BC4E90C7608D1FFF731F9204681
:106FF000FFF748F800283FF403AD35E5FFF71CFB29
:10700000F5E700BFF8B5837A044643F002038372C4
:10701000264B0D461A6D824204BF00225A65037842
:10702000013B012B09D8866E41B941676EB9002337
:10703000206FE366F0B90023A367F8BD436F994260
:1070400004BF00234367B14221D100272246142107
:107050003046A76614F0D3FF32461421204621F0B3
:107060002DFC002DE3D0E36E206F9D4208BFE76644
:10707000854214D1002622461421266714F0BFFF52
:1070800032461421204621F019FC45B9D3E7C36EDE
:10709000994204BF0023C366036F994203D0A36FD4
:1070A0009D42CAD1C7E70846E4E700BF701100203F
:1070B00038B50D4618B1BDE83840FFF7A3BF084802
:1070C00023F020FC044610B9064B586538BD204615
:1070D0002946FFF797FF2046FFF748F8F2E700BF81
:1070E000B4110020701100202DE9F04F89B0044642
:1070F0009B46CDE9021215F024FE054620B96FF03B
:10710000604009B0BDE8F08F10220021204616F043
:107110007DFB1122002107900646204616F076FBE3
:1071200007900746204617F062F84FF000086FF00E
:1071300060490190019B984506D16FF060439945E5
:10714000DDD0C9F10000DCE7A36829491B6853F8CA
:1071500028A0504614F07BF828B94FF480515046CF
:1071600014F06FF820B94B46994608F10108E1E7A1
:10717000022D1AD0032D1DD0012DF4D1A169DAF80A
:1071800018303144029A5B449342ECDB039A9342F9
:10719000E9DC5B1A83EAE37089EAE971A0EBE3704A
:1071A000A1EBE9718842DEDADEE7216ADAF8203005
:1071B000C91BE7E7DAF818100AF11400049122F06D
:1071C00060FE049900EBD07001EB6003A16904F14B
:1071D000140031440593049122F053FE801B04995E
:1071E000C01B00EBD070059B01EB6001CAE700BF3C
:1071F000010004002DE9F04F89B004469B46CDE91B
:10720000021215F097FD054620B96FF0604009B0F5
:10721000BDE8F08F12220021204616F0F7FA132263
:10722000002107900646204616F0F0FA0790074620
:10723000204616F0DCFF4FF000086FF06049019027
:10724000019B984506D16FF060439945DDD0C9F1A7
:107250000000DCE7A36828491B6853F828A05046C3
:1072600013F0F5FF28B94FF48051504613F0E9FFB1
:1072700020B94B46994608F10108E1E7022D1AD0E2
:10728000032D1DD0012DF4D16169DAF81430314499
:10729000029A5B449342ECDB039A9342E9DC5B1A6B
:1072A00083EAE37089EAE971A0EBE370A1EBE9718D
:1072B0008842DEDADEE7E169DAF81C30C91BE7E76D
:1072C000504650F8143F049322F0D6FD049B00EB87
:1072D000D07003EB6003204650F8141F059331442F
:1072E000049122F0C9FD801B0499C01B00EBD070F3
:1072F000059B01EB6001CBE7010004002DE9F341A0
:107300000C462021054617461E4613F09AFF48B941
:10731000F44248BF7442BC42A8BF3C46204602B07B
:10732000BDE8F0819DF820302846032B0BD115F0E5
:1073300001FD38BB3E43F1D5002C1FDAA31E48BF28
:10734000631C9C10EAE715F0FCFC0028F2D0022830
:1073500000F08B80032863D001287DD000263146C1
:1073600000236FF060422846FFF7BEFE0023074669
:10737000324628464449FFF7B7FE18E0CED0023423
:10738000A410CBE7022842D003281BD0012835D017
:10739000002600236FF06042711C2846FFF72AFF89
:1073A00000230746324628463749FFF723FF6FF090
:1073B0006043984265D1002C60DA023C002CB8BFD3
:1073C0000334DDE712220021284616F01FFA1322AB
:1073D000074600210190284616F018FA80460190D1
:1073E000284650F8146F22F047FDC31BA3EB080397
:1073F00003EBD37306EB63063E44CAE71222002177
:1074000028466E6916F002FA01900644C1E713227D
:1074100000212846EE6916F0F9F90190361AB8E70E
:1074200010220021284616F0F1F91122074600210A
:107430000190284616F0EAF98046019005F1140003
:10744000AE6922F01EFDC31BA3EB080303EBD3734D
:1074500006EB63063E4482E7102200212846AE690F
:1074600016F0D4F90190064479E71122002128464C
:107470002E6A16F0CBF90190361A70E718BF023465
:107480009CE79F4297D049E7010000E02DE9F347D0
:10749000056F0446002D00F0A18090F898301F077A
:1074A00000F09C8090F825604021284613F0C9FE2A
:1074B00008B9C4E91600284615F03CFC07462846E2
:1074C00015F03FFC94F89890804609F00F09B9F147
:1074D0000C0F7DD14FF0000AC4F858A000283CD111
:1074E000E36DC6F164065E43642396FBF3F628461B
:1074F000E665F9F77FFE0646284615F033FCCDF821
:10750000009033460246E16D2846FFF7F7FE4146FC
:107510000246E065284615F027FCA37A9E075DD455
:10752000A36D002B5AD1E36D002B57D1284615F0DF
:1075300019FC06462846F9F75DFE002E00F39F80F1
:10754000002832DD8EB30123324600212846F9F7A8
:107550006BFFA37A9A0728D540E04946204621F0E0
:10756000CEF90646636DD4F88020C1189142B8BFA9
:10757000D61AD4F8882099199142C8BFD61A334632
:107580006FF0604250492846C4F85CA0FFF7ACFD9C
:107590000123821900212846F9F746FFA37A9807AC
:1075A0001CD4A36DD3B9E36DC3B9002F6CD02246B0
:1075B0000B21284614F023FDA37A13F002030DD10A
:1075C00094F89820236763F3030284F8982005E079
:1075D000B9F1030F05D0A36D002B49D002B0BDE86F
:1075E000F0874FF0000AC4F85CA007BBA36DC6F19A
:1075F00064065E43642396FBF3F62846A665F9F716
:1076000045FE06462846F9F799FECDF80090034658
:107610003246A16D2846FFF771FE3A460146A06545
:10762000284615F0A1FBA37A9907D4D5D6E7494699
:10763000204621F064F90646236DE26FC11891429D
:10764000B8BFD61AD4F8842099199142C8BFD61A67
:1076500033466FF0604228461B49C4F858A0FFF734
:10766000C9FD0123811900222846F9F7DDFEDAE77A
:10767000E36D002BB2D1B8F1000F96D156E7002888
:1076800093DA0123424260E72846F9F7FFFD0646F8
:107690002846F9F753FE002E0EDC002887DD002E69
:1076A00085D001233A4631462846F9F7BDFEA37A34
:1076B0009B077FF57CAF91E70028BFF678AF0123E9
:1076C0003A464142F0E700BF010000E02DE9F04FEB
:1076D00085B0836C04461BB9C36C002B00F0748129
:1076E000266F002E40F0CE80204621F01FF906467E
:1076F000002800F06981256F8021284613F0A1FD44
:1077000080B96FF06043BF4A0093114604F17C00DA
:1077100022F037F86FF06043E26F9A4204BFB94B32
:10772000E36781E0284615F00CFB022830D00328DF
:107730003AD001284DD1A96900236FF06042284654
:107740000131FFF7D1FC0023AA69C4F88000013A97
:107750002846AC49FFF7C8FCC4F88800284615F055
:10776000E9FA02283BD0032844D0012856D100234F
:107770006FF0604228466969FFF73CFD00236A69A3
:10778000E06728469F49FFF735FDC4F88400C1E74C
:1077900000236FF060422846296AFFF7A5FC00230A
:1077A0002A6AC4F88000D3E705F11400AF6922F01B
:1077B00068FB00EBD07007EB600700236FF06042BE
:1077C0002846791CFFF790FC0023C4F880007A1E3D
:1077D000BEE78C4B6FF06040C4F88030BCE70023FC
:1077E0006FF060422846E969FFF704FD0023EA696B
:1077F000E067C6E7284650F8147F22F03DFB00EB17
:10780000D07007EB600700236FF060422846791CB8
:10781000FFF7F0FC0023E0677A1EB2E7794BE367DD
:107820006FF06043C4F884306FF06043D4F8802078
:107830009A4204BF734BC4F88030E36F0BB9714BAD
:10784000E367D4F884301BB96FF06043C4F8843028
:10785000D4F8803013B96B4BC4F88030D4F888303A
:107860001BB96FF06043C4F888302021A06E13F07C
:10787000DAFC00220921304614F0C1FBA37A9807F4
:1078800000F1A2804FF4807A354657464FF0000948
:107890006E220021284615F0B9FF029048446C2260
:1078A00000211FFA80F80FFA80F9284615F0AEFF84
:1078B0006D22834600210290284615F0A7FFBBF1F8
:1078C000010FB8BF4FF0010B01280290B8BF012093
:1078D0000AFB00F040F30F2A284616F052FC07FB83
:1078E0000BFB05464BF30F270028D1D1B9F1000F50
:1078F00005D1B7F5807F02D1BAF5807F14D04FF45F
:107900008033002093FBF7F293FBFAF3CDE90200FA
:10791000C8F10001019002A800901BB212B209B296
:1079200004F1480022F09AFA94F89850304605F095
:107930000F05032D4BD1F9F701FD07463046F9F746
:10794000A5FC009502463B46A16C3046FFF7D6FCED
:107950000746304615F0E6F910F001054BD000253A
:10796000810758BF27EAE77710F0040301D1002D03
:1079700045DC020701D425EAE575636DD4F8802063
:1079800059199142B8BFD51AD4F888205919914293
:10799000C8BFD51A236DE26FD9199142B8BFD71A63
:1079A000D4F88420D9199142C8BFD71A39462A463B
:1079B000304615F0D9F9A37A9B0705D4236D3B44D3
:1079C0002365636D2B44636505B0BDE8F08F15F04A
:1079D000C9F905463046F9F70DFC0C220092034622
:1079E0002A46E16C3046FFF789FC0546304615F023
:1079F00099F90027B4E7002FB2DD2F46B9E71D46FD
:107A0000BBE700BF010000E02DE9F04F87B00D4655
:107A100017460021012206460193DDF844A015F027
:107A2000F5FE0222002105900446304615F0EEFED8
:107A3000EA780590910754D512F0010F6FF040429B
:107A400049D0944249D07B4BDFF8F0B1009300223B
:107A50003946CAE90122CAE90322CAF81420CAF841
:107A600000200497304616F08FFB049B04460393D6
:107A7000002845D0039B9F423BD120466E4913F01E
:107A8000E6FB0290002840F0B28081222046029955
:107A900015F0BCFEC2B281460590002A00F0B58008
:107AA000DAF80820109BDAF814101A44CAF80820F3
:107AB0009AF818200131D307CAF8141040F18780D2
:107AC0001822DAF81000514302F04EFF18228046C7
:107AD000002846D1FEE7904206D1EA786FF34102D2
:107AE000EA70EA78D207AED4544BDFF848B100937D
:107AF000ADE74FF40011204613F0A3FB0028BCD0E3
:107B0000DAF80820002AC2BF109BD21ACAF808204F
:107B1000DAF8142012B9DAF808300193019B049ABC
:107B2000CAF80430CCB1974217D1B268E97812682C
:107B3000304652F82740C1F3800104AA21F00DF924
:107B40005CB12046D847009BCAF800002046984701
:107B50000122CAF80400CAF80C20049807B0BDE856
:107B6000F08FDAF8141002FB010141F8184CE978A3
:107B7000204611F0010116BF04220622029915F0D9
:107B800045FE1821DAF81420059001FB0282E978FD
:107B900042F8140C11F001011ABF0522002107223E
:107BA000204615F033FE1821DAF81420059001FB69
:107BB00002825FFA89F142F8081C12F8041C42F8AC
:107BC000100C6FF3000102F8041CCAF81080204664
:107BD000D847DAF80020904202DD2046D847024616
:107BE000CAF80020DAF80C200132CAF80C20EA7832
:107BF000039B12F0040F0CBF01214FF0FF31194419
:107C000000290491BFF62EAF7AE72046009B9847E3
:107C1000EA7812F0020FDAF8082004D0019B8118EC
:107C200099423FF76DAF109B18440244CAF80820F0
:107C3000CDE700BFDB8D020801000600BB8D020806
:107C40002DE9F04FABB07D220021044615F0DEFD9A
:107C5000C343C0F3800203F0010343EA42039DF8EB
:107C600063202390C0F3C00043EA800322F00702A0
:107C7000134300217E2220468DF8633015F0C6FDA7
:107C80007F22002123908DF86000204615F0BEFD74
:107C90008022002123908DF86100204615F0B6FD6A
:107CA00027222390C5B2002120468DF8625015F09E
:107CB000ADFD9DF86360C3B216F0010823900393F5
:107CC00040F09A8015224146204615F09FFD14226F
:107CD000239005904146204615F098FD239004908E
:107CE000204614F057FC1022002106902046D4F8BC
:107CF000189015F08BFD3022074600212390204676
:107D000015F084FD3422824600212390204615F090
:107D10007DFD83072390204648BF574415F01DF88A
:107D2000B944A9EB00001222002119902046D4F892
:107D3000149015F06BFD3022074600212390204659
:107D400015F064FD3422824600212390204615F070
:107D50005DFD23904007204648BF574414F0F8FFCC
:107D6000B944A9EB00001A90B8F1000F56D10DF1FB
:107D7000680A01220021204615F048FD02220A90DF
:107D800023900021204615F041FD6FF040430B90F9
:107D90002390B8F1000F44D0984240F0878094F8C7
:107DA0002B30590700F1828000231B9300279DF898
:107DB000636016F0040502D0A3681D8D013D039B8E
:107DC000012B01D1F3073BD5A3681B8DAB4200F219
:107DD0008B806FF040430A9A9A4202D00B9A9A42E3
:107DE00002D12046F8F714FD0022302120462BB0A6
:107DF000BDE8F04F14F003B914220021204615F01D
:107E000005FD1522239005900021204615F0FEFC6B
:107E100023900490204614F0ADFB64E70DF1640A52
:107E2000A7E70A9A9A4211D0039B012B3ED1ADB12C
:107E30000027012D1B9714D116F00405BCD12F4645
:107E4000DAF800303B44CAF80030BDE794F82B3034
:107E500013F0080F039BE8D1012BA5D100230125C6
:107E60001B9316F004024FF00006374618BFA368B4
:107E70000DF18C081CBF1A8D02F1FF32A3681B8D17
:107E8000934218D80EB1059BFF1A9DF86330204627
:107E9000DA0726D514F07EFB1BAB0146CDE900A323
:107EA0003A463346284620F01EFF80E700231B9306
:107EB000002DD6D17AE79DF8A43018A96FF30003FE
:107EC0008DF8A430049B20460093CDF80480069BD7
:107ED000FFF79AFD239B059902460B441F44013688
:107EE000CCE714F047FBD7E79DF8A4302A4643F0CF
:107EF00001038DF8A43023AB0193049B204600932B
:107F000018A9069BFFF780FD039B9DF86320012BBA
:107F10000E9007D1D7075FBFDAF8003023995B1ABC
:107F2000CAF800301A9B6C4E6C4F02F0010B129392
:107F3000199BBBF1000F13930CBF33463B46684AB5
:107F40001493684B0EBF114619461346664A0C93AC
:107F5000664B079104BF1946134608930EBF3B4674
:107F6000334611460F93249B61481093109A259B2A
:107F70000D91A2EB030316934FF018035D4908BF60
:107F80000146DDF8A0E0DDF89C801C9503FB0E8324
:107F900015911793BEF1000F3DD04046002216996F
:107FA000037D1830DE0755BF50F8083C50F80C3CF4
:107FB000D218C91A179B8342F2D14FF0000C4346E6
:107FC000E146187D1190C0071CD402B9FEE71E6976
:107FD0005868099691FBF2F6099F7E439F68B74265
:107FE000A8BF37468742B8BF0746BE421CBF4FF006
:107FF000010C1198DF601CBF40F001001875099852
:10800000C91B121A09F10109CE4503F11803D8D191
:10801000BCF1000FC1D127220021204615F0F6FB4C
:10802000C3B209930023CDE91D331EAB01931DABF1
:108030001F900093109A269B06999DF8600020F0EF
:1080400052FEBBF1000F08D0099B012B05D1204641
:1080500014F090FA1D9B03441D932946204616F008
:1080600093F80546279E18B11C9B0E9A9A4214D18C
:10807000304602F06FFC039A1B9B012ADAF80020BD
:1080800040F07181BBF1000F40F06D8105990B4408
:10809000D31A0E9DCAF8003096E61749284613F009
:1080A000D6F89DF863100746C1F3800120B11CAAE1
:1080B000204620F052FED4E701468122284615F0E2
:1080C000A5FB1F90C0B2002800F00281289A9742B9
:1080D00014D1002719E000BF918D0208AD8D020870
:1080E000838D02089F8D0208839E0208799E0208F4
:1080F000999702088F97020801000600334653F84B
:10810000181B8D4240F0DE80F76895F82B3023F085
:108110000C03BBF1000F00F0D88043F0080305F119
:10812000140685F82B303046089B9847B8421DD07E
:10813000284614F0DBFB6B6939461F93AB69304668
:108140002093EB6921932B6A2293159B98472E214C
:108150001FAA284613F053FF284616F012F82A46A5
:10816000272113F04CFF284614F0C0FB9DF8613026
:10817000012B00F0B480022B40F0BD8023980D9BB2
:10818000013020F0010605F114009847301A002153
:108190000C9B00EBD07628469847002107460F9BA2
:1081A00028469847381A761000EBD07006EB600628
:1081B000BBF1000F09D0099B012B06D1089B05F1EB
:1081C00014001D9F98473F1A1D976A2200212846D8
:1081D00015F01CFB6B22002180461F90814628462B
:1081E00015F014FB1F9011900746284614F0BCF9B7
:1081F0001090284614F0BBF9DDE9101208F0C043D6
:10820000B3F1005F14D16FF0604328F0C048984587
:108210000ED04FF06409B8F1805FA2BFC8F17F684B
:1082200008F57F2808F6FF7808FB01F393FBF9F9BE
:1082300007F0C043B3F1005F12D16FF0604327F045
:10824000C0479F420CD06423B7F1805FA2BFC7F143
:108250007F6707F57F2707F6FF77784390FBF3F2F8
:1082600012996B691D9FCB1A99441399AB69CB1A6C
:1082700003EB0208BBF1000F43D000212846079B07
:1082800098473844B04410EB090661D0284614F0F2
:108290002DFB6B69284633446B61EB693344EB611A
:1082A000AB694344AB612B6A43442B6214F01EFB61
:1082B000002342463146284614F0BBF9BBF1000FBB
:1082C0002BD048E01E46013701E743F0040326E7C0
:1082D00095F82B3023F00C0385F82B3046E70D9BE7
:1082E00005F11400239E98470021361A0F9B28465B
:1082F0009847361A5CE7002128460C9B98470646AB
:1083000056E759462846079B98474E4438448044D0
:10831000002EBBD1B8F1000FB8D1089B05F11400B5
:108320009847049B00211F181E9B28461F44079B4B
:108330009847149B07440021284698471D9B0744F3
:108340001F449DF863101D971CAAC1F38001AFE67E
:10835000B8F1000F9AD1099A1E9B012ADDD1049A27
:108360001344FF1AEDE723990B4405990B4413447A
:108370008FE600BF034B044ADB6D9A600022DA608F
:10838000704700BF70110020417C00082DE9F04FBC
:108390009BB00021044615F0F7FE0146002877D176
:1083A000202212A823F01AFE102200210AA823F08E
:1083B00015FE12220021204615F028FA302206462A
:1083C00000210E90204615F021FA342205460021A6
:1083D0000E90204615F01AFA002142070E904FF039
:1083E0001002204648BF761915F010FA30220546D3
:1083F00000210E90204615F009FA3422002107468C
:108400000E90204615F002FA830763690E9020460D
:1084100048BFED191E4414F09BFCA369361A204690
:108420001D440C9614F099FC00232D1A0D9506930B
:10843000A36806991A8D8A4200F25C82129802F0B3
:1084400089FA139802F086FA149802F083FA1598C4
:1084500002F080FA01220021204615F0D7F902220D
:1084600005460E900021204615F0D0F96FF04043EC
:108470009D420E9001D0984202D12046F8F7C8F9EB
:1084800000223021204613F0BAFD1BB0BDE8F08F6A
:1084900084220021204615F0B9F9054612900028E3
:1084A00040F05281204615F06CFE8422294615F0DA
:1084B000ADF907461290002860D02946892220464F
:1084C00015F0A4F929468A2280461290204615F01C
:1084D0009DF9461CB6001290304602F021FA043E87
:1084E000324607EB8801054623F083FC6FF06043BA
:1084F0004FF0010AAB5100206FF0604355F8202087
:108500009A4240F024811790800002F009FA1390FB
:1085100017980026800002F003FADFF820B31590C8
:10852000179B9E42C0F0158100273E463B46159999
:10853000C048179A9342C0F04A8114220021204675
:1085400015F064F980460E90204614F023F8179B2E
:10855000DFF8E0C2013B08FB13020020D21B159F8D
:1085600022EAE272179B984202D2002E40F040812C
:10857000BAF1000F02D0284602F0ECF98522002162
:10858000204615F043F905460E90002840F044813E
:10859000204615F0F6FD8522294615F037F90746E5
:1085A0000E9000285ED029468622204615F02EF92E
:1085B0002946872280460E90204615F027F9461C52
:1085C000B6000E90304602F0ABF9043E324607EB9F
:1085D0008801054623F00DFC6FF060434FF0010A5F
:1085E000AB51204613F0C6FF6FF060438346002076
:1085F00055F820209A4240F012811690800002F037
:108600008FF9129016980026800002F089F91490D4
:10861000169B9E42C0F0058100273E463B461499BA
:108620008448169A9342C0F04081002115222046CA
:1086300015F0ECF80021169B0E90013B00FB13B0E7
:10864000DFF8F0C1C01B149F20EAE070169B99422E
:1086500002D2002E40F03A81BAF1000F02D0284633
:1086600002F078F915220021204615F0CFF81422E7
:10867000804600210E90204615F0C8F827220746B4
:1086800000210E90204615F0C1F8C2B2511E4D4295
:108690004D41012200210E90204615F0B7F802222C
:1086A000064600210E90204615F0B0F86FF04043CA
:1086B0009E4208BF94F82B60814608BF86F00806EA
:1086C0000E90204614BF0026C6F3C00613F052FFDA
:1086D000822282460021204615F098F8129B0395CD
:1086E0000293149B31460193169BC2B20E900093E5
:1086F0005046434620F0B1FB6FF04043994508BF18
:1087000094F82B50189008BF85F00405204614BF3C
:108710000025C5F3800513F03DFF832206460021A6
:10872000204615F073F800230393139B0E900293D9
:10873000159BC2B20193179B2946009330463B46D6
:1087400020F08BFB19902FE64FF0000AD3E60130A2
:10875000D4E655F82630374A934236D14FF0000917
:108760005F4624E04946204615F00EFD324980461A
:1087700012F06DFD0146C0B905908A22404615F001
:1087800045F8012805990E900FD18922404615F031
:108790003DF886420E9008D1404613F0E8FEB842FC
:1087A00003DB404613F0E3FE074609F101092046CA
:1087B00015F01DFD8145D5D3002FB8BF0022159BB4
:1087C000ACBF43F8267043F826200136A8E655F8DA
:1087D0002320824205DD06F16046653616440133EA
:1087E000A7E60CBF51F8232041F823201744F6E7F1
:1087F00055F8201061450DDD06EBD67301F160419F
:1088000065315B1002FB013393FBF6F3761A47F8F0
:108810002030D21A0130A5E64FF0000AE1E601301F
:10882000E6E655F82630034A93423CD14FF0000962
:10883000024F2AE09AFFFF1F01000600010000E03E
:108840004946204615F0A0FC9249804612F0FFFCF4
:108850000146C0B905908722404614F0D7FF012891
:1088600005990E900FD18622404614F0CFFF864224
:108870000E9008D1404613F077FEB84203DB404625
:1088800013F072FE074609F10109204615F0AFFC0E
:108890008145D5D3002FB8BF0022149BACBF43F84D
:1088A000267043F826200136B2E655F8232082428E
:1088B00005DD06F16046653616440133B1E60CBFAE
:1088C00051F8232041F823201744F6E755F82120DA
:1088D00062450DDD06EBD67302F1604265325B1036
:1088E00000FB023393FBF6F3B61A47F82130C01AA7
:1088F0000131ABE61B68069A664953F822502846B8
:1089000012F0A5FC8246002840F09981014687229A
:10891000284614F07BFF8A220E9080465146284656
:1089200014F074FF07460E90002800F08881B8F11B
:10893000000F00F0848186225146284614F066FF1D
:108940008922064651460E90284614F05FFF882281
:10895000514607900E90284614F058FF8B22C3B260
:1089600051460E902846059314F050FF6FF0404298
:108970000E90C3B214991298B044904451F8281044
:10898000099350F8283005F1140B01EB0309079BFC
:1089900050F826101F441744A9EB0109159A1399A2
:1089A00052F8272051F8270051F823100244531A97
:1089B000284627225146089314F028FF0E90C0B293
:1089C00001285AD1059BCBB9584621F055FA80466B
:1089D000584621F056FA0746129B284653F826308F
:1089E000994413F0C1FD1B22A9EB00090021284680
:1089F00014F00CFF0E90A9EB000614E0059B5846FE
:108A0000022B12D121F038FA8046584621F039FA6B
:108A10000746129B1A220021284653F8266014F0BC
:108A2000F5FE0E900644002350E021F025FA804622
:108A3000584621F026FA0746059B129A032B2BD0A5
:108A4000012BE6D152F8266000211A22284614F0A4
:108A5000DDFEA9EB080909EBD97906EB69090E904F
:108A600006461B220021284614F0D0FE361A06EBDB
:108A7000D6760E9009EB6606D5E7584621F0FCF94C
:108A80008046584621F0FDF9059B0746022BD3D1BD
:108A9000A2E700BF0100060052F8266000211A225A
:108AA000284614F0B3FE1A2200210E9006442846F0
:108AB00014F0ACFE1B2280460E900021284614F0D4
:108AC000A5FE01230E904044A9EB000895F82B2049
:108AD00063F3C30285F82B20139B079A53F8229067
:108AE000099B022B00F0E580032B00F0AC80012BEA
:108AF00000F0C38018220021284614F087FE0E9053
:108B0000814495F82B3028466AF3820385F82B3090
:108B100013F02AFD404500F0DD806B6928460E9376
:108B2000AB690F93EB6910932B6A119313F0DEFE80
:108B30004146584620F02BFE3946584620F02CFE80
:108B4000284613F0D3FE2E210EAA284613F057FA1A
:108B5000284615F016FB2A46272113F050FA6A2200
:108B60000021284614F052FE6B22002107460E9089
:108B70008046284614F04AFE0E90834682462846D8
:108B800013F0F2FC0590284613F0F1FC07F0C04208
:108B9000B2F1005F059B13D16FF0604227F0C04730
:108BA00097420DD04FF06408B7F1805FA2BFC7F1C4
:108BB0007F6707F57F2707F6FF777B4393FBF8F87E
:108BC0000BF0C043B3F1005F13D16FF060422BF0A4
:108BD000C04393420DD04FF0640AB3F1805FA2BF4F
:108BE000C3F17F6303F57F2303F6FF73584390FBC4
:108BF000FAFA0C9B46441E446B69D144F61A0D9B4D
:108C00009944AB69A9EB030956EA090317D0284632
:108C100013F06CFE6B69284633446B61EB69334497
:108C2000EB61AB694B44AB612B6A4B442B6213F095
:108C30005DFE00234A463146284613F0FAFC069BA7
:108C40000133FFF7F4BB18220021284614F0DEFDA3
:108C5000182200210E908144284614F0D7FD1922D5
:108C600007460E900021284614F0D0FD089B0E9078
:108C700038444FF0010A1F1A43E7089B1822DB1BF8
:108C800003EBD37309EB630300212846059314F02B
:108C9000BDFD192281460E900021284614F0B6FD34
:108CA000059BA9EB000909EBD9790E9003EB690943
:108CB00027E7089B28464B44994613F058FC192295
:108CC000A9EB00090021284614F0A0FD0E90A9EBA5
:108CD000000916E7284613F04AFCB8427FF41DAF9E
:108CE0003DE700BF034B044ADB6D1A6100225A6165
:108CF000704700BF701100208D83000810B5064C2E
:108D0000A06DC00001F00CFEE065FFF733FBBDE88D
:108D10001040FFF7E7BF00BF7011002013B5162207
:108D20000021044614F072FD10F0FF0301900ED0F4
:108D3000084A916D8B420AD82046D26D02EBC301DE
:108D4000496852F8333002B0BDE81040184702B00D
:108D500010BD00BF7011002037B50D462B7C1446A6
:108D6000C96843B90C22204623F043F82378192B15
:108D70002BD1012021E0012B1CD1084600F092FEEE
:108D8000144923F088F9B8B90C22214601AB05F14A
:108D9000140021F0A1FB78B9019B0C2B0CD1237896
:108DA000192B1EBF637019232370638843F02003BF
:108DB0006380DBE7022B02D0002003B030BD0E231E
:108DC00053704FF001135360D0E7638823F0010321
:108DD0006380CEE7046403082DE9F04385B090F882
:108DE0002150D0F84880072D0446D8F800900ED0C6
:108DF000A5F10803DBB2022B0BD8204A32F813701E
:108E0000638C1B0707D5D8F820301E6921E008279E
:108E1000F6E70027F4E7237C012B27D1384601F041
:108E20007FFD064600B9FEE703AB024600930C2126
:108E30003B46484620F088F810B9039B9F4206D075
:108E4000304601F087FD002005B0BDE8F083C8F88A
:108E50000460072D26630DD0083DEDB2022D0BD81E
:108E6000074B33F8153001206363EDE7002BEAD19F
:108E7000E368CAE70223F6E70023F4E71264030875
:108E80000C6403082DE9F04F85B00546D0F848A0E2
:108E900090F8210000F0A2FD2C8DB5F826B0E60078
:108EA000B6FBF0F6009680460E235A46A98C32484F
:108EB00015F069FE0BFB04F4074648B36B8CD0F841
:108EC00010901B0711D5DAF8203022464846196960
:108ED00022F08FFF95F821300E2B1FD10120CAF808
:108EE0001C70EF6205B0BDE8F08F2B7C012B11D117
:108EF00003AB00934A4623460C21DAF8000020F029
:108F000023F810B9039B9C42E4D0384615F0B8FE14
:108F10000020E7E7002BDDD1EB68D6E701230BFB50
:108F200006F603FA08F3701E013C013B48444C442A
:108F3000DBB2861B0021B042D0D022780A411A4011
:108F400018D0C4469146BCF1070F07D94144C9B2B5
:108F5000072900F80199EED9013CEBE7CCF1080EA6
:108F600002FA0EFE49EA0E0EC4445FFA8EF95FFA69
:108F70008CFCE8E79146E9E7681200202DE9F04310
:108F800087B00B7C0646012B0C4643D1C86800F025
:108F900089FD604923F07FF868B9204620F017F872
:108FA000054640B1A0640C2001F0BAFC074638B970
:108FB00020461FF0E1FF0025284607B0BDE8F083FA
:108FC0000222E16821F09DFB18B1384601F0C2FC95
:108FD000EEE7628C94F8213011072F6004D500254C
:108FE00020461FF0C9FFE7E7DA1F032A0BD8E37911
:108FF000002BF4D12046FFF7EFFE01280546EFD104
:109000004FF0000849E00B3B032BF9D82046FFF74F
:1090100039FFF2E7002BE2D1CD682B69002BCAD0D3
:109020004B8C95F801901A07D9D4A9F10703032BAB
:1090300005D808461FF0CBFF0028D8D1BBE7A9F11F
:109040000B03032B084604D81FF0C1FF0028DDD115
:10905000B1E71FF0BCFF6B88DB0619D42B8900F148
:109060002408F3B90FCD6F460FC795E8030087E8D2
:1090700003004846BDF8045000F0B0FC6946684360
:109080000730C010ADF80800404615F0D1FE454647
:109090002B89E5623BB14FF00108E76A37B901253A
:1090A0008AE72946F0E7238D2B81F4E739462046ED
:1090B000FBF7A6F9054600283FF47AAF874224D093
:1090C00020461FF059FF20461FF081FFC561E56271
:1090D000A579002DE3D100F023FA0028DFD0237C0E
:1090E000E26A8DF80830E36869460193D368304638
:1090F0000093A36CFBF764F900283FF459AF606458
:1091000020461FF064FFC561C9E7E762B8F1000FB0
:10911000DED0C4E7046403082DE9F04F87B091F86E
:1091200021901E46A9F10703DBB2032B0D460492E2
:10913000029304D9A9F10F03052B00F28380D5F81F
:1091400048A0BAF1000F7DD04846DAF800B000F030
:1091500045FC0446049820F08FFE2B7C7F4A012BAF
:1091600014BF00230C230393736880469342DAF8FC
:10917000407058D1029B0246032B8CBF4B461023F4
:1091800005930023384600930599012315F055FDFA
:109190000746A0B9DAF8400020B115F071FD0023B0
:1091A000CAF840300023012200934146059B6C48D9
:1091B00015F0E9FC0746002844D0CAF84000049B9B
:1091C0000FCB86E80F00049BF1607268DB68D7F86C
:1091D00010A09A4236DC029B032B00F28280082307
:1091E000B3FBF4F33068298DB0FBF3F6514303FB76
:1091F000160660436B6B01EB8301039B01EBD0010F
:1092000019442B7C012B21D104FB08F30733DB0825
:10921000013318460391029301F082FBDDE902312C
:10922000044628B9FEE7F168013373600131CAE7EB
:1092300000220092024658461FF086FE48B12046A2
:1092400001F088FB002007B0BDE8F08FEB681C69D7
:109250000C44B9F1090F27D0B9F10A0F2CD0B9F19C
:10926000080F19D02046012186F0070676B20123A7
:109270004FF0000C8B40013BD5F830E09BB2C1F1C0
:109280000809E0451CDC2B7C012B02D1204601F0B3
:1092900061FB0120EF62D6E704EBA600F64306F07F
:1092A000030602217600E2E704EB6600F64306F0CF
:1092B00001060421B600DAE7A01908210026D6E746
:1092C000027832411A40D2B2761A76B25EF8222083
:1092D000002E4AF82C20BCBF4E4601300CF1010C88
:1092E000CFE7A9F10F03042B13D8316804FB08F36F
:1092F0004C43298D0398514300220092524601EBC2
:10930000D401DB08014458461FF01EFE002899D105
:10931000BFE7B9F1140F95D1298D336851431B0173
:1093200001EBD30100233C890398009301442346B9
:10933000524658461FF008FE002883D13368298D15
:10934000EA8C0C3301FB023C76684908434606FB75
:1093500001C100900AEB0402D5E700BF010000E064
:109360006812002010B5FBF71BF8044600B9FEE7B1
:10937000084916F091FA2046074916F08FFA204660
:10938000064916F08DFA2046054916F08BFA054B72
:10939000236110BD598D00087D8F000819910008C8
:1093A000B18F02080864030870B5234C2578002D9E
:1093B00040D14FF4F6722946204622F00FFE4FF4BA
:1093C0006471201D21F0F6F9C42104F1440021F05C
:1093D000F1F91A4B012663660323A3658C23E3622C
:1093E0003F231748236784F8246000F0ADFB00F0AA
:1093F000B5FFFAF7FFF808F003FF22F016FA00F0C5
:109400009BFD00F033FBFFF779FC00F0F1F9F6F774
:10941000C9FF15F0DAFAFBF737FBF8F767FA15F032
:109420005EF822F08BFB29462846FAF749FFFFF742
:1094300099FF267070BD00BF70110020D4C3B2A187
:10944000CDAB341238B50569044605B9FEE783692A
:1094500003B9FEE7406800B9FEE71FF0CAFE2946DF
:10946000021D04F1240021F048FC054630B104211E
:1094700004F1300021F09EF9014BE363284638BD2A
:109480005992020838B50569044605B9FEE78369B3
:1094900003B9FEE7406800B9FEE71FF0AAFE2946BF
:1094A000021D04F1240021F028FC054630B10421FE
:1094B00004F1300021F07EF9014BE363284638BD0A
:1094C0005D92020830B587B0114C0546D4F81C31C6
:1094D000DBB9104B93E8070006AB03E907002A4607
:1094E00013E90300039B8DE8030018210A481FF0CD
:1094F000B8FD0A49C4F81C011FF049FED4F81C014C
:10950000003818BF012007B030BD0120FBE700BFC5
:10951000701100207064030818640308686403086D
:10952000024BD3F81C011FF02DBE00BF70110020AC
:1095300030B587B0114C0546D4F82031DBB9104B5B
:1095400093E8070006AB03E907002A4613E9030086
:10955000039B8DE8030018210A481FF082FD0A4989
:10956000C4F820011FF013FED4F82001003818BF02
:10957000012007B030BD0120FBE700BF70110020C3
:109580008C640308406403087C640308024BD3F82E
:1095900020011FF0F7BD00BF7011002010B5044678
:1095A0000146064821F06EF963690BB120469847E1
:1095B0002046BDE8104001F0CDB900BF1C120020CC
:1095C00010B50123094C04F1AC0084F8A43021F05B
:1095D00099F928B9D4F8A800BDE8104022F0E5B800
:1095E000D4F8A800BDE8104022F0E6B870110020C1
:1095F00070B5436805460BB983682BB1174821F055
:1096000081F90446154E04B970BDA54221D0636BA3
:10961000002B03DA94F854301B071AD522682B6804
:109620009A4216D16368A3B16A68934211D1214668
:109630000A4821F027F963690BB120469847204674
:1096400001F088F9FFF7BCFF044821F05BF90446FC
:10965000D9E72146304621F05BF9F8E71C120020DB
:109660002DE9F041604D002795F8A53005F1AC00DB
:1096700083F0010385F8A53021F044F9044605F193
:10968000AC060CB9BDE8F081206D23F03EF8636BA9
:109690000344636303F0D6FC94F8543095F8A52096
:1096A000C3F340019142206585F8A47000F09080DA
:1096B00062F34103590784F85430DAB21ED4636B65
:1096C000002B1BDB130709D4A3693BB12046984745
:1096D000636A03446362E36A0344E36220461FF063
:1096E00095FFE3680BB12046984794F85430204624
:1096F00043F0040384F85430FFF77AFF626B002ACA
:1097000031DB236B20469A42C8BF6363236A9847C4
:10971000A36A804683422DD06368A06213B10146DC
:109720002068984795F8A43043BBA368FBB9D4E9F7
:109730000C0383424CDB94F85410626C11F001016D
:1097400021D0002A3ED12146284821F09BF8FFF77E
:1097500037FF2369002B32D163690BB1204698474C
:10976000204601F0F7F895F8A4303BB930E04146C7
:109770002046984795F8A430002BD8D0304621F0E9
:10978000C1F804467DE7E36B2AB1B2F1FF3F24D074
:10979000013A62640ABB002BD5D0A26B52426263CD
:1097A00081F0010294F85410E06362F3000184F840
:1097B0005410626AE16AC4E90B23616208E0204642
:1097C0009847C9E7236C5B426363E36B002BE7D1E7
:1097D0002146304621F09CF8D3E7226C5242626366
:1097E000002BF5D0D9E700BF701100201C1200201B
:1097F00010B5094C5821204620F0DCFF00220C2136
:10980000064800F0A7FB44F8040CFFF7D9FE00233C
:1098100024F8083C10BD00BF1C120020619600080F
:1098200010B558220021044622F0D8FB4FF4FA73F9
:109830002363002363626423E36201236364044BB4
:10984000236294F8543043F0080384F8543010BD78
:109850007995020838B505461F4820F0B3FF044645
:1098600000B9FEE75822294622F0C3FA2B681B4AAA
:10987000AB4292F8A52094F8543008BF246062F3FC
:10988000410384F8543003F0DDFB94F85430206534
:109890001B071DD5A3693BB120469847636A034463
:1098A0006362E36A0344E36220461FF0AFFE6B6825
:1098B0000BB9AB6813B12046FFF79AFE636813B18A
:1098C000616A20689847A36813B12046616A984787
:1098D000FFF776FE204638BD1C12002070110020D4
:1098E000F8B504460F480D46002621F00BF80D4F41
:1098F00008B93046F8BD0368A34200D064B9436894
:10990000AB4200D045B9FFF749FEFFF759FE384694
:1099100020F0F8FF0126EBE70146384620F0F8FF7B
:10992000E6E700BF1C12002070B5054609480C464A
:1099300020F0E8FF074E00B970BD0368AB4204D1C8
:109940004368A342F8D0002CF6D00146304620F000
:10995000DFFFF0E71C12002000286FF0704307DAE9
:10996000064A9042ACBF1B1A9B1A43F00050704746
:109970009842A8BF184640F000507047010000F020
:109980002DE9F047054600200E4600F0E1FB4FF0C0
:1099900000090446DFF840A014B94846BDE8F08746
:1099A000204600F0D5FBA3680746534511D1D4F8F3
:1099B0000C80D8F80030AB420BD1D8F80430B34259
:1099C00007D1204600F0EEFA404600F0C3FF4FF00A
:1099D00001093C46E0E700BFE99F02080638C0B233
:1099E0000F289ABF014B185C002070479864030849
:1099F00010B5FF2A0346084614D092B18B4210D00E
:109A0000094C01EB014103EB0343214023400432A5
:109A10005B1AD208534301EB5310204040EA104038
:109A200080B210BD1846FCE71FF8E007024BDA6E63
:109A30004261D866704700BF70110020014B426937
:109A4000DA66704770110020074BDB6E03B9704770
:109A50005A68824202D01A68824203D11A7E42F0CA
:109A600001021A765B69F1E77011002004210148B8
:109A700020F0A0BE4013002038B50446084820F06E
:109A800041FF0146064D09B9084638BD086803780C
:109A9000A342FAD0284620F03BFF0146F3E700BF7F
:109AA0004013002010B5044622F0E6FA08B9074832
:109AB00004E0235C2E2B02D10130204410BD2F2B5B
:109AC000F5D05C2BF3D00138F0E700BF1E79030816
:109AD00000280EDBB0F5B47F0FDA5928174B10DCE5
:109AE00033F8100047F6FF73984208BF4FF4004068
:109AF000704700F5B47000B2EAE7A0F5B47000B2A8
:109B0000E8E780B2A0F15A02592A03D8C0F1B400A4
:109B100080B2E5E7A0F1B40292B2592A85BFC0F540
:109B2000B47080B233F8120033F81000044A054BC9
:109B30004042904208BF1846704700BFA86403081F
:109B40000180FFFF0080FFFF014B9866704700BF58
:109B50007011002082B0122802D902B020F0D5BACC
:109B60000A4B00EB40001A181B5A0020ADF80430D5
:109B70009DF8043063F307009DF8053063F30F2070
:109B8000937863F3174002B0704700BF5F67030824
:109B900082B0122802D902B020F0B7BA0139C9B296
:109BA0000429F8D8C0EB001001EB4101014400206A
:109BB000084B5A185B5AADF804309DF8043063F333
:109BC00007009DF8053063F30F20937863F3174087
:109BD00002B070474266030882B0122802D902B070
:109BE00020F093BA0139C9B20329F8D80C2201EB4D
:109BF000410102FB0010094B1A181B5A0020ADF856
:109C000004309DF8043063F307009DF8053063F3DA
:109C10000F20937863F3174002B070475E65030826
:109C2000F8B515460F461422002104461E4622F0C0
:109C3000D5F9064B2760002D08BF1D46069BC4E9D9
:109C400002562361079B6360F8BD00BF7995020847
:109C500082B0582824D8392809D8212810D80728B4
:109C60003ED01C282DD005283AD0002327E0012320
:109C70003A381D4AC0B283401342F6D0FF231EE09B
:109C80000123A0F12202D2B29340184A1A40002ABE
:109C9000F4D1174A1342E8D13428E6D10F230EE05D
:109CA0006D2808D86B2808D85A2817D0E6D95F380D
:109CB0000128E3D9D9E77428D7D14FF480730193F1
:109CC00009E000238DF807300A4B1A889B78ADF81D
:109CD00004208DF80630019802B07047064BEEE77D
:109CE0006FF06043EBE700BF110408028D00010034
:109CF0000280800098670308BC2E0308FF280FD05D
:109D000068B18C2802D8074B185C7047064A136B61
:109D100023B1926A7330C0B29042F5D300207047ED
:109D20003F2070479B670308701100202DE9F04F1A
:109D300091B098469DF86C30064604931A9B0391A7
:109D4000089213B100231A9A1360002E00F0DD80F0
:109D50003078C8B1039B002B00F0D980049B13F02E
:109D6000030314D0002000E00130335C0A2B00F024
:109D7000D0800D2B00F0CD80002BF5D11A9B1BB1AC
:109D80004FF0FF331A9A136011B0BDE8F08F049AB8
:109D90000D9312F0010218BF6FF060480992029310
:109DA0000D9B0193F3180593019BF35C002B5DD091
:109DB000B8F1000F5ADD019B002B6BD1049B43F0DF
:109DC00004030793099B0025002B0CBF43466FF04B
:109DD000604305980EA90A930E9521F0D5FA0E9BC3
:109DE00007460F934FF0FF392B46AA46AB462C4649
:109DF000059A125D002A32D00FA90598069321F02A
:109E0000C3FA069B83465A1C0692394602460398BB
:109E10000B931EF065FC0B9B824408B1089A924498
:109E2000B9F1FF3F06D1089A0A99AAEB02028A42C9
:109E3000C8BFA1460A2F33D00D2F31D0002236489B
:109E4000D1B2415C41BB584621F03CFB20B93846B9
:109E500021F038FB002849D055460E9C069BB9F1ED
:109E6000FF3F23D0079B4C465B0726D40D9C002C5C
:109E700046D10DA9304621F087FA1A9B0146002BE6
:109E800041D0224603981EF02BFC02901A9B029AA6
:109E90001A6038E0049B94E78F4202F10102CED1B0
:109EA000002CDCD1B9F1FF3FDCD1554623B10D2F99
:109EB00003D1BBF10A0F00D10E9C029BA8EB050851
:109EC0002B440293002CD1D0019B23441C460D93BC
:109ED00033780A2BCAD00D2BC8D0335D0A2B02D0A1
:109EE0000D2B7FF45DAF01340D94BFE7DDE90E4328
:109EF000B9F1FF3F08BF55460E935F46069B77E7D3
:109F00001A9B002BC2D10D983EE730463CE70398E0
:109F10003AE7013032E700BF286803080022054B0A
:109F2000C3F88420D3F89C2012B1D3F8A0001047C6
:109F3000704700BF7011002010B5054C1821204655
:109F400020F038FC01232373BDE81040FFF7E6BF83
:109F5000E4110020F8B5064610480F46154620F0DB
:109F600031FC044600B9FEE74FF0FF330361037D87
:109F700007606FF300038660037503F063F8012246
:109F8000237D606043F002032375054BE56083F891
:109F90008320FFF7C3FF2046F8BD00BFE411002077
:109FA0007011002038B5064D04460146284620F0C1
:109FB00069FC01232046AB73BDE8384000F0CABC01
:109FC000E41100202DE9F0475C4D95F888303BB94D
:109FD000012385F8883095F880302BB985F88830D2
:109FE00001263046BDE8F08721F020FC03F02AF876
:109FF000804640B9D5F898300133642B94BF1A4697
:10A000000246C5F898204FF0000ADFF83491484620
:10A01000A5F882A020F076FC0446A4BB484820F0B6
:10A0200071FC4FF0FF360446DFF81491002C70D11C
:10A03000404622F06AFBD5F890300344D5F89400EE
:10A04000C5F8903022F061FBB0F5FA7F13D364229B
:10A05000D5F890305343B3FBF0F00023C0B29042E8
:10A060009CBF101AC4B285F88140C5F8903002F048
:10A07000E9FFC5F894000023C5F8846085F88830AE
:10A0800021F0D5FBADE72146484620F041FC237D79
:10A090000746D9072ED4606822F037FB2368984220
:10A0A0001DD32669002E0FDD013E266102F0CAFF96
:10A0B000A368606083B995F882300BB92369DBB17E
:10A0C000B5F88230B3B1A2E702F0BCFFA3686060CC
:10A0D000002BF0D0002EEED020469847EBE795F805
:10A0E00082303BB923692BB9237D20469A070DD5D1
:10A0F000FFF758FF3C4690E7237D20469B0702D59B
:10A10000FFF750FFDCE721F050FBD9E721F04DFBD2
:10A11000F0E7237D13F001070AD1606822F0F5FA19
:10A12000236898422CBF3B461B1A9E4228BF1E46FE
:10A130002146484620F0ECFB044677E770110020EA
:10A14000E4110020014B93F881007047701100204A
:10A150000146034809B920F0D5BB20F0D9BB00BFA8
:10A16000E41100202DE9F041884616461F460546B9
:10A1700000B9FEE7047B14F00F041CD020F066FB4E
:10A18000044600B9FEE71422002121F027FF237CBA
:10A19000C4E9005843F00403C4E9026723742EB1F4
:10A1A000234626223046054911F048FF636813B163
:10A1B0002946204698472046BDE8F081A3B802080A
:10A1C000F8B5054620F09EFB04460E4F24B92846FC
:10A1D000BDE8F84020F0E2BB2146284620F098FB7D
:10A1E000237C06465B0708D53946A06811F04FFF6F
:10A1F0002A460021A06811F066FF204621F03AFBB4
:10A200003446E3E7A3B8020830B585B005460846F2
:10A2100021F028FB0446284621F04AFBD4E91132FC
:10A22000CDE90132134400930349D4E90E2324F00D
:10A23000F6FE05B030BD00BF5068030813B50446F4
:10A2400020B9F8F789FC0446002843D02046F8F7E7
:10A2500001FD06F0BDFB00227F21044613F01EFF26
:10A260001FF053FFC0F307238DF80000C0F3074031
:10A270008DF801308DF8020000220099204613F07D
:10A28000FEFE1FF034FFC0F307238DF80400C0F377
:10A2900007408DF805308DF8060000222046019910
:10A2A00013F00AFF00220321204613F0DAFE0022F9
:10A2B0000321204613F0DCFE00220321204613F088
:10A2C000C2FE03212046002213F0C4FE20460349AB
:10A2D00024F06EFE204602B010BD00BF7668030871
:10A2E00038B5044618B9F8F737FC044678B3204669
:10A2F000FFF7A4FFC4F8100348B304F545752846DA
:10A3000004F54E7121F09AFA0023D4F810031A468E
:10A31000062112F0D9F80023D4F8102328460C495E
:10A32000FFF720FF22464FF496710A48FFF712FE0E
:10A330000023C4F834031A462046074914F010FBE2
:10A34000D4F810030121BDE8384010F019BF38BD22
:10A3500009A200083DBA020831B9020838B54FF425
:10A3600080310C4822F05EF80B4D0421C5F8B8018D
:10A3700005F5E27020F01EFA05F5E27020F066FAAD
:10A38000044600B9FEE7D5F8B80122F059F820607C
:10A3900038BD00BF5C1300207011002038B50C4C94
:10A3A0000146D4F8B80122F04EF8054670B121F00C
:10A3B000F7FFD4F8BC311844D4F8C031C4F8BC015C
:10A3C00083422CBFC4F8C031C4F8C001284638BD50
:10A3D00070110020F8B505460F4621F0E1FF104C42
:10A3E000294606463A46D4F8B80122F07FF80546D9
:10A3F00098B1D4F8BC319B1BC4F8BC3121F0D0FF1C
:10A40000D4F8BC311844D4F8C031C4F8BC0183423C
:10A410002CBFC4F8C031C4F8C0012846F8BD00BF45
:10A420007011002070B5064621F0BAFF0446074DB2
:10A430003146D5F8B80122F018F8D5F8BC31A3425E
:10A4400094BF00231B1BC5F8BC3170BD70110020E8
:10A450002DE9F04F93B00B930B1E0A93A64B914638
:10A4600014BF82469A4600251C9E0B9B187870B933
:10A470004D4538BF2A464B464FF000000A9928BF89
:10A4800009F1FF32D047284613B0BDE8F08F0B9F8B
:10A49000252807F1010707D04B462A460A99D047DD
:10A4A0006C1C0B972546E0E700230DE02D2A28D0F1
:10A4B000302A06D0303A092A4FF0000812D80A2470
:10A4C00030E043F001030F46394611F8012B2B2AE7
:10A4D0001AD0EBD8202A1AD0232A1BD02A2A29D016
:10A4E0004FF000083A782E2A7CD179787A1CA1F1B5
:10A4F0003000092843F480636BD800244FF00A0C25
:10A5000028E043F00203DEE743F00403DBE743F017
:10A510000803D8E743F01003D5E70F4604FB0822F1
:10A52000A2F13008394611F8012BA2F130000928B8
:10A53000F3D9D7E756F8048B0F46B8F1000FBCBF2C
:10A5400043F00203C8F10008CCE702460CFB0411FB
:10A55000A1F13004104610F8011BA1F13007092FBA
:10A56000F3D917463A4612F8011B6C2943D03BD861
:10A57000682947D06A294FD03A4612F8010B78284B
:10A580000B9200F2A581612849D8252800F0A0810E
:10A59000242840F29D8100F0F702502A40F0988173
:10A5A00058286DD0502867D179780B9810225629F9
:10A5B00018BF3846074643F48873397803F480603F
:10A5C000582901D0502978D100285FD123F00C03FD
:10A5D0005EE02A2905D156F8044B023724EAE474D8
:10A5E000C0E717460024BDE7742901D07A29C3D1FA
:10A5F00043F480730BE079786C29F9D143F440730C
:10A600000237B9E77978682903D043F08003174609
:10A61000B2E743F0C003F3E743F40073F7E74FF00A
:10A62000010CA0F162023549D2B20CFA02F21140DB
:10A63000C1B9732800F0EE80632840F0498113F01F
:10A64000020400F0D48067464B462A460A9916F861
:10A65000040B05F1010BD047002C00F0D9803C46DB
:10A660005A46CDE000F0DF02582A09D0502A9BD08C
:10A670006F2807D0622807D00A2223F010039CE736
:10A6800010229AE7082298E7022296E723F00D03AA
:10A6900043F0200313F4007173D0CDE90783002346
:10A6A000CDE9042306F1070B2BF0070B0694029368
:10A6B000FBE80223CDE900233EE0692920D064298C
:10A6C0001ED000285AD023F00D035629E2D1B346FC
:10A6D0005BF8043B0A995A68294412685046009274
:10A6E00011921B68A9EB0502FFF7B2FE05447B1C23
:10A6F0005E460B93B9E600BF47BB02088560480081
:10A7000008B123F0010398051ED5073626F0070689
:10A71000B34670685BF8081BCDE9078300230593F7
:10A72000C30F0028029306940B46049202DA4B42B0
:10A7300060EB4000CDE900304B462A4650460A996E
:10A7400021F008FB0546D2E7D90506F1040B01D537
:10A75000316802E058060CD53178CDE90224CDE904
:10A76000048300294FEAD1730193B8BF4942009195
:10A7700012E01906ECD5B6F90010EEE723F00C0351
:10A78000A3E7D80506F1040B0DD5CDE90483CDE987
:10A7900002240191336800934B462A4650460A9999
:10A7A00021F095FACEE7590607D53178CDE9048333
:10A7B0000023CDE902240193D9E7316813F0800F1B
:10A7C00018BF89B2F2E74B4620200A99D047EA1910
:10A7D00001374745F7D3B8F1000F08F1FF3308BF41
:10A7E000002308F101071D4408BF02272CE7274674
:10A7F000EDE7551C4B4620200A99D0472A460134E4
:10A800004445F6D3A8EB0703B84538BF00239B4463
:10A810005D462AE63246002C52F804BB14BF21469E
:10A820004FF0FF310C925A465944107808B19142CA
:10A8300010D1A2EB0B0713F480620D9202D0A74255
:10A8400028BF274613F002030E9317D17B1B2A461D
:10A850000F9307E00132E8E7561C4B4620200A9987
:10A86000D04732460F9BD3189845F5D8A8EB07037D
:10A87000B84538BF00237A1C1D449F185E46A5EBDF
:10A880000B0B04E01C464B462A460A99D0470BEBBB
:10A89000060516F8010B28B10D9B002BF3D0631EA3
:10A8A000002CEFD10E9B8BB12A467C1B05E0561C79
:10A8B0004B4620200A99D047324613194345F6D318
:10A8C000A8EB0703B84538BF00231D440C9ECCE518
:10A8D0004B462A460A996C1CD047E3E50CB41FB5D9
:10A8E00006AC54F8043B0A4600940146044803941D
:10A8F000FFF7AEFD04B0BDE8104002B0704700BFE6
:10A900003FBB020807B5009313460A4601460348B9
:10A91000FFF79EFD03B05DF804FB00BF3FBB0208DC
:10A9200008B1FFF73BBD0148704700BFD4110020BC
:10A9300038B5054648B1FFF731FD044618B12A463F
:10A94000002121F04BFB204638BD014CFBE700BF46
:10A95000D4110020034A904202D008B1FFF762BD33
:10A96000704700BFD411002010B559B1074CA04268
:10A9700004D1BDE810400846FFF7D2BFBDE8104043
:10A98000FFF728BDFFF7E6FF004810BDD4110020F7
:10A990002DE9F047BC4B08460C46D3F8B05113F0F4
:10A9A000F0FB064618B9324605F1400121E0204689
:10A9B000B64910F091FE804600287BD03046B4495D
:10A9C00010F08AFE18BB3046B14910F085FE30BB4E
:10A9D000304613F0D6FBAE4910F07EFE0746B8B302
:10A9E000002205F58071204613F098F9002205F544
:10A9F000B671204613F092F94FF4803205F14C0104
:10AA0000204613F08BF9A34A05F158011BE0012100
:10AA1000304613F0B9FB8442D5D1BDE8F087002160
:10AA2000304613F0B1FB8442D2D1002205F1B801C7
:10AA300013F074F9042205F59871204613F06EF9AD
:10AA4000042205F54D712046BDE8F04713F066B9C4
:10AA50003046914910F040FE70B13946304613F04F
:10AA600093FB844208D13A4605F1AC0113F056F944
:10AA70003A4605F1E801E6E73046874910F02CFE3A
:10AA800070B10121304613F07FFB844208D10022CF
:10AA900005F1400113F042F9002205F58071A8E7A5
:10AAA00030467E4910F018FE02460028B5D105F167
:10AAB00064019EE720467A4910F00EFE0746002802
:10AAC00076D0304613F05DFB05F1C40A074605F564
:10AAD000987918B3414613F057FB86421ED1384689
:10AAE0006B4910F0F9FDC8B120225146204613F001
:10AAF00015F90122204605F1880113F00FF9012212
:10AB0000204605F5507113F009F904224946204604
:10AB100013F004F9082205F59E718EE70022204605
:10AB200005F1700113F0FAF80022204605F17C01CE
:10AB300013F0F4F80022204605F5C27113F0EEF888
:10AB400020225146204613F0E9F82022204605F540
:10AB5000C87113F0E3F804224946204613F0DEF8EA
:10AB60002022204605F5BC7113F0D8F801222046BA
:10AB700005F1940113F0D2F8204605F1D0018022AE
:10AB800013F0CCF83046474910F0A6FD48B100223A
:10AB900005F53271204613F0C1F8202205F5387111
:10ABA00051E73046404910F097FD0028EFD134E7D7
:10ABB00020463E4910F090FD814618B13A4605F511
:10ABC0000B7140E720463A4910F086FD8046002888
:10ABD0007AD03046314910F07FFD05F1C4080246B5
:10ABE00005F1D00A05F5987705F59E7640B34A46FB
:10ABF000204605F5177113F091F8042239462046D6
:10AC000013F08CF808223146204613F087F84FF4F1
:10AC1000A022204605F51A7113F080F84146254A16
:10AC2000204613F07BF85146234A204613F076F86D
:10AC3000224A3946204613F071F8214A314602E78C
:10AC4000204605F1640113F069F8042239462046D4
:10AC500013F064F808223146204613F05FF84FF4F1
:10AC6000A022204605F1700113F058F85146204605
:10AC7000114A13F053F841460E4A204613F04EF89D
:10AC8000104A05F17C01D0E7701100203C2E03082A
:10AC90002C78030840000100E0780308A06903084D
:10ACA000D8680308A8730308CC7303080473030867
:10ACB000206903082000050080000500040005004D
:10ACC00008000500010005002046E44910F004FDDD
:10ACD000074610B34246204605F1880105F5A476E3
:10ACE00013F01CF842463146204613F017F80422B0
:10ACF000204605F5987113F011F80822204605F555
:10AD00009E7113F00BF84FF40032204605F17C01E0
:10AD100013F004F84FF4003290E72046D04910F0C9
:10AD2000DBFC0646E8B33A46204605F1880105F506
:10AD3000A47612F0F3FF3A463146204612F0EEFFB9
:10AD40000422204605F5987112F0E8FF08222046FB
:10AD500005F59E7112F0E2FF4FF40032204605F136
:10AD60007C0112F0DBFF4FF400323146204612F036
:10AD7000D5FF4FF44032204605F5DA7112F0CEFFD0
:10AD80002046B84A05F5BC7112F0C8FF4FF44032B6
:10AD900005F5C271204612F0C1FFB24A05F5C8712F
:10ADA00051E62046B04910F097FC074600284FD0E6
:10ADB0003246204605F1640112F0B0FF32462046CB
:10ADC00005F1DC0112F0AAFF3246204605F5AA7112
:10ADD00012F0A4FF0422204605F5987112F09EFFA0
:10ADE0000822204605F59E7112F098FF4FF480323C
:10ADF000204605F14C0112F091FF20469B4A05F1D7
:10AE0000580112F08BFF4FF4A022204605F1B80143
:10AE100012F084FF4FF4A022204605F50E7112F0C7
:10AE20007DFF4FF4A022204605F5807112F076FFD9
:10AE300020468F4A05F1C40112F070FF8D4A05F1DA
:10AE40007C01204612F06AFF8B4A05F19401FAE575
:10AE500020468A4910F040FC00283BD03A46204664
:10AE600005F5867112F05AFF0422204605F5987107
:10AE700012F054FF2046824A05F1D00112F04EFF35
:10AE80004FF40032204605F5027112F047FF2046CC
:10AE90007C4A05F17C0112F041FF2046794A05F514
:10AEA000057112F03BFF2046774A05F1C40112F00C
:10AEB00035FF2046744A05F5BC7112F02FFF724A27
:10AEC00005F5C871204612F029FF4FF4003205F550
:10AED000C271B8E520466D4910F0FEFB002855D040
:10AEE00005F1AC0105F5A4770022204612F016FF0B
:10AEF00000223946204612F011FF05F1D00605F573
:10AF0000D4710022204612F009FF802231462046EB
:10AF100012F004FF05F598710422204612F0FEFE9F
:10AF200005F17C012046574A12F0F8FE4FF400323A
:10AF30003946204612F0F2FE31462046504A12F0C1
:10AF4000EDFE05F5DA714FF44032204612F0E6FED0
:10AF500005F1B8014FF44032204612F0DFFE05F54E
:10AF600008714FF44032204612F0D8FE05F5C8753E
:10AF700031462046464A12F0D1FE424A2946204632
:10AF800012F0CCFE4FF4003229465CE520464149E0
:10AF900010F0A2FB064680B30022204605F16401B2
:10AFA00012F0BCFE0022204605F1F40112F0B6FEBC
:10AFB0000022204605F5F87112F0B0FE4FF4803201
:10AFC000204605F14C0112F0A9FE05F5EC7620466D
:10AFD000264A05F1580112F0A1FE4FF4A022314695
:10AFE000204612F09BFE4FF40032204605F5F27128
:10AFF00012F094FE4FF4C02220E62046264910F0BD
:10B000006BFB0746002849D03246204605F1640113
:10B0100012F084FE3246204605F5CE7112F07EFE17
:10B020003246204605F58C7112F078FE32462046F5
:10B0300005F5927112F072FE0422204605F5987112
:10B0400012F06CFE0822204605F59E7112F066FE95
:10B050004FF4802205F17C01F5E400BFB4680308D9
:10B060005077030820000300007803084000010027
:10B07000200005000400050008000500A86D030875
:10B08000800002000100020020000200D4770308C3
:10B0900080000300706D0308F47603082046DD4944
:10B0A00010F01AFB0646A0B33A46204605F16401AB
:10B0B00012F034FE3A46204605F1F40112F02EFE5D
:10B0C00005F5C8763A46204605F5C27112F026FE0F
:10B0D00020223146204612F021FE2022204605F192
:10B0E000C40112F01BFE0422204605F5987112F0EF
:10B0F00015FE082205F59E71204612F00FFE4FF452
:10B1000000323146204612F009FE802205F1D001BE
:10B1100099E42046C04910F0DFFA0746A8B332464A
:10B12000204605F1640112F0F9FD3246204605F58E
:10B13000B07112F0F3FD3246204605F58C7112F025
:10B14000EDFD3246204605F5FE7112F0E7FD4FF4A5
:10B150008032204605F14C0112F0E0FD2046AF4A56
:10B1600005F1580112F0DAFD4FF48022204605F176
:10B17000B80112F0D3FDAA4A204605F17C0112F075
:10B18000CDFDA84A05F1C4015DE42046A64910F0B2
:10B19000A3FA0646C0B105F5E0763A4631462046A8
:10B1A00012F0BCFD4FF400323146204612F0B6FDDD
:10B1B0004FF4003205F5E671204612F0AFFD4FF472
:10B1C000403205F5DA713EE42046984910F084FAE1
:10B1D000074688B105F5E07732463946204612F039
:10B1E0009DFD4FF400323946204612F097FD4FF492
:10B1F000003205F5E67126E420468D4910F06CFA20
:10B200000646B0B33A46204605F1640112F086FDC9
:10B210003A46204605F1F40112F080FD80222046D6
:10B2200005F1D00112F07AFD0422204605F598714F
:10B2300012F074FD0822204605F59E7112F06EFD95
:10B240004FF48032204605F14C0112F067FD204694
:10B25000724A05F1580112F061FD764A05F5117147
:10B26000204612F05BFD4FF4002205F51471FFF744
:10B27000EABB2046704910F02FFA50B1324605F172
:10B280006401204612F04AFD324605F1DC01FFF769
:10B29000DABB2046694910F01FFA20B1002205F5FB
:10B2A0001D71FFF7D0BB2046654910F015FA002844
:10B2B000F4D12046634910F00FFA074600284FD01A
:10B2C00005F140010022204612F028FD95F82830B3
:10B2D0000022012B0CBF05F1F40105F1E801204625
:10B2E00012F01CFD0422204605F5987112F016FD9F
:10B2F0000822204605F59E7112F010FD4FF4A022A1
:10B30000204605F1700112F009FD20464E4A05F174
:10B31000D00112F003FD4FF4A022204605F1B80140
:10B3200012F0FCFC4FF4A022204605F5417112F00A
:10B33000F5FC2046454A05F1C40112F0EFFC204619
:10B34000434A05F1AC0112F0E9FC424A05F18801DB
:10B35000204612F0E3FC404A05F1A001FFF773BB61
:10B3600020463E4910F0B8F9064650B13A4605F17C
:10B370006401204612F0D2FC3A4605F54471FFF70D
:10B3800038BB2046364910F0A7F9074650B132467F
:10B3900005F1AC01204612F0C1FC324605F54A71B8
:10B3A000FFF751BB20462F4910F096F90646F8B139
:10B3B0003A46204605F1B80112F0B0FC3A46204664
:10B3C00005F5477112F0AAFC05F54A7604222046DD
:10B3D00005F17C0112F0A2FC04223146204612F055
:10B3E0009DFC20223146204612F098FC2022C9E61E
:10B3F00020461D4910F070F98046B8B3324605F179
:10B400006401204612F08AFC324605F52071FFF7F0
:10B410001ABB00BF206E0308FC6D0308400001004A
:10B4200001000400200004008C680308A8770308CA
:10B430006078030802000600A0690308706A030828
:10B44000446D030884720308800005002000050095
:10B4500001000500040005000800050084730308CE
:10B460003C73030860730308007503082046A6496F
:10B4700010F032F9074620B1424605F52671FFF774
:10B48000B8BA2046A14910F027F9064620B13A463D
:10B4900005F52971FFF7ADBA20469D4910F01CF95A
:10B4A000C8B13246204605F5237112F037FC05F18C
:10B4B00088062022204605F5387112F02FFC212243
:10B4C0003146204612F02AFC01223146204612F075
:10B4D00025FC0422BEE520468E4910F0FDF820B17F
:10B4E000002205F52F71FFF7AEBA20468A4910F009
:10B4F000F3F80028F4D12046884910F0EDF806460C
:10B5000020B1002205F52C71FFF773BA204684495B
:10B5100010F0E2F8074620B1324605F53571FFF725
:10B5200092BA20467F4910F0D7F8064620B13A4635
:10B5300005F53B71FFF787BA20467B4910F0CCF840
:10B54000074680B13246204605F1640112F0E6FB61
:10B550003246204605F1DC0112F0E0FB324605F5EB
:10B56000B071FFF770BA2046704910F0B5F8064682
:10B5700020B13A4605F53E71FFF765BA20466C49A1
:10B5800010F0AAF8074650B1324605F1E80120460E
:10B5900012F0C4FB324605F1AC01FFF754BA204665
:10B5A000644910F099F8064600287FF461AA204605
:10B5B000614910F091F878B14FF48032204605F1DE
:10B5C0004C0112F0ABFB5D4A204605F1580112F028
:10B5D000A5FB3246FFF74DBA2046594910F07CF8DA
:10B5E00038B30022204605F1700112F097FB0022CB
:10B5F000204605F17C0112F091FB0022204605F562
:10B60000C27112F08BFB2022204605F1C40112F01A
:10B6100085FB2022204605F5C87112F07FFB04222D
:10B6200005F59871204612F079FB012205F194018D
:10B6300068E52046434910F04FF80028D1D1204654
:10B64000414910F049F80646D0B10022204605F1E4
:10B65000640112F063FB0022204605F1F40112F0B0
:10B660005DFB0422204605F5987112F057FB082275
:10B67000204605F59E7112F051FB4FF4C022E9E41B
:10B680002046324910F028F800287FF48CA9204683
:10B690002F4910F021F8064600287FF4ADA9204676
:10B6A0002C4910F019F8804618B1324605F14001D6
:10B6B000E7E52046284910F00FF8074608B1424652
:10B6C0004DE72046254910F007F8064620B13A46D6
:10B6D00005F55371FFF7B7B9204621490FF0FCFF7C
:10B6E00000283FF49AA905F55675324629462046AA
:10B6F00012F014FB4FF400322946204612F00EFBE4
:10B700004FF4A02240E400BF14740308F073030850
:10B71000B8740308A8730308CC730308DC74030827
:10B72000947403087074030868760308907503081E
:10B7300044760308FC7503082076030840000100E6
:10B74000B4750308D87503087C770308B878030834
:10B75000947803082C780308E0780308D87203086B
:10B760002477030810B586B0174B0191D3F8B03198
:10B7700014465B6A0221DB074FF0120013D5FEF777
:10B780002BFA22468DF81000C0F30723C0F30740C0
:10B790008DF811308DF812000199049806B0BDE8BB
:10B7A00010401EF06CBDFEF7F3F98DF81400C0F3E5
:10B7B0000723C0F307408DF815308DF81600224698
:10B7C00001990598EAE700BF70110020044BD3F8F7
:10B7D000B03193F83C300BB11FF0B0BB1FF0AABBE7
:10B7E00070110020034BD3F8B00108B190F83C0071
:10B7F000704700BF701100202DE9F04792B0054658
:10B800001F46CDE90221FFF7EDFFDDF86880344CDB
:10B8100028B94FF46770FFF78BF8C4F8B001D4F87B
:10B82000B041A5BBF7F798F906463046F7F7C4F9DB
:10B8300081463046F7F7A0F9B0F5A07F29DDB0F5D5
:10B84000347FACBF4FF0010A4FF0020A94F83C304D
:10B8500013BB84F828A0039BBDF8082023821B0C8F
:10B86000A3749DF80A30C4E9068863751D4BC4F8BB
:10B870002C90E660A4F81320C4F82080236067624F
:10B88000002F31D104211220FEF782F92FE02E463D
:10B89000CBE74FF0030AD9E7E36A4B45D9D194F8D7
:10B8A00028305345D5D1039920691EF0F2FB0028BA
:10B8B000CFD0E37C227D607D43EA0223029943EAF4
:10B8C00000401EF0E6FB0028C3D0636ABB42C0D133
:10B8D000A3694345BDD1204612B0BDE8F08700BF43
:10B8E0007011002091A90008C3481EF0E5FBC0F3C9
:10B8F000072384F83130636A84F83000DE07C0F330
:10B90000074084F8320040F16E8205211220FEF7D4
:10B910003FF9C0F3072384F83430636A84F83300B6
:10B92000C0F3074084F83500D80740F16182B3487E
:10B930001EF0C2FBC0F3072384F83730636A84F833
:10B940003600D907C0F3074084F8380040F153822D
:10B95000AB481EF0B1FBC0F3072384F8390004F5AF
:10B96000C27AC0F3074084F83A3084F83B0004F50B
:10B97000C8795046FFF72AFF4846FFF727FF4FF0E8
:10B980000008462304F55D763046CDE900389D4A2F
:10B9900050239D4904F56277FEF742F95023994AF6
:10B9A00038469949CDE90088FEF73AF931465046C4
:10B9B0001FF0C3FC04F14C06394648461FF0BDFC9D
:10B9C0003046FFF703FF636ADA0740F1198202216C
:10B9D0001220FEF701F9C0F307238DF81400C0F31D
:10B9E00007408DF815308DF81600059930461FF088
:10B9F000A4FB304647F6FF711FF081FCE16A304638
:10BA0000C1EBC101EF29C3BFA0235031B1FBF3F15A
:10BA1000012120F009FEE16A304601EB8101EF29A6
:10BA2000C3BFA0235031B1FBF3F101211FF03DFB57
:10BA3000304666211FF08FFB3946304604F1580628
:10BA40001FF07BFC3046FFF7C1FEFF21304604F1BA
:10BA500040061FF080FB3046FFF7B8FEFF2130465E
:10BA60001FF079FB3046216B1FF067FB94F8342000
:10BA700094F8333094F8351043EA022343EA014145
:10BA800030461FF01CFCE16930461FF026FC94F89C
:10BA90002830E16A012B00F0B781022B14BF0A2382
:10BAA0000C235943EF29C3BFA0235031B1FBF3F15D
:10BAB000012130461FF035FB94F82830E16A012B54
:10BAC00000F0A481022B14BF0A230C235943EF2951
:10BAD000C3BFA0235031B1FBF3F1012130461FF069
:10BAE00026FBE16A30460029B8BF0331891004F112
:10BAF000640609021FF027FC3046FFF767FE94F842
:10BB00002830E16A012B14BF08230C235943EF2985
:10BB1000C3BFA0235031B1FBF3F1012130461FF028
:10BB2000EEFBFF2130461FF016FBE38E94F8381031
:10BB3000304643EA01411FF000FB94F83A2094F8A4
:10BB4000393094F83B1043EA022343EA014130467E
:10BB50001FF01BFBE16A30467729C3BF5023283111
:10BB6000B1FBF3F101211FF024FB012130461FF04E
:10BB70002CFB94F8333094F8342094F8351043EAD1
:10BB8000022343EA014130461FF099FB94F8283024
:10BB9000E16A012B00F03C81022B14BF1023142317
:10BBA0005943EF29C3BFA0235031B1FBF3F1012169
:10BBB000304620F039FD94F82830E16A012B00F07E
:10BBC0002981022B14BF0A230C235943EF29C3BF39
:10BBD000A0235031B1FBF3F1012130461FF0A1FA4F
:10BBE00094F82830E16A012B00F01681022B14BF73
:10BBF0000A230C230AE000BF1A171500302B280077
:10BC000037322F00799502087C6803085943EF29E1
:10BC1000C3BFA0235031B1FBF3F1012130461FF027
:10BC200086FA1220FDF796FFC0F307238DF818005F
:10BC3000C0F307408DF819308DF81A000699304688
:10BC40001FF015FBE16A3046EF29C2BFA023503137
:10BC5000B1FBF3F104F59876D8BF01211FF001FB89
:10BC60003046FFF7B3FD304621691FF0BAFAE16AAA
:10BC7000304601EB4101EF29C3BFA0235031B1FB96
:10BC8000F3F101211FF0A7FAE16A304601EB41010F
:10BC9000EF29C3BFA0235031B1FBF3F101211FF005
:10BCA000B4FA7F21304604F59E761FF0A8FA30469C
:10BCB000FFF78CFD227DE37C617D43EA022343EAAA
:10BCC000014130461FF08DFAE16A304601EB410137
:10BCD000EF29C3BFA0235031B1FBF3F101211FF0C5
:10BCE0007AFA7F21304604F170061FF088FA304658
:10BCF000FFF76CFD94F82830E16A012B00F08E808C
:10BD0000022B14BF08230C235943EF29C3BFA023E0
:10BD10005031B1FBF3F1012130461FF0F0FAFF2161
:10BD200030461FF018FA94F8393094F83A2094F815
:10BD30003B1043EA0223304643EA01411FF0FDF97C
:10BD4000676A17F0010777D11220FDF703FFC0F3F0
:10BD500007238DF81C00C0F307408DF81D308DF8C7
:10BD60001E00079930461FF068FA3846F6F724FFA0
:10BD700000EB4000EF2853DD3846F6F71DFFA02307
:10BD800000EB400000F1500191FBF3F130461FF051
:10BD900042FA7F2130461FF05EFA0020F6F70CFFD2
:10BDA0003B283FDC0020E76AF6F706FF3B2801F35B
:10BDB000BD8001204743EF2F41F3C4800020E76A94
:10BDC000F6F7FAFE3B2841F3BA800020F6F7F4FEBE
:10BDD0002823143090FBF3F0A02300FB07F150312F
:10BDE00091FBF3F125E004211220FDF7F5FE90E52B
:10BDF0001EF07DF99EE502211220FDF7C9FEAAE59D
:10BE00001220FDF7A7FEE6E50E234AE60E235DE6C7
:10BE10001823C5E60E23D8E60E23F7E6102373E7B2
:10BE20000121B3E70020F6F7C7FE3B304E28B9D812
:10BE3000002130461FF0F5F994F8333094F834209F
:10BE400094F8351043EA022343EA014130461FF0DB
:10BE500036FA94F82830E16A012B01F07680022B43
:10BE600014BF102314235943EF29C3BFA02350311B
:10BE7000B1FBF3F10121304620F0CBFB94F82830E0
:10BE8000E16A012B01F06480022B14BF0A230C230A
:10BE90005943EF29C3BFA0235031B1FBF3F1012176
:10BEA000304620F0A5FBE16A304601EB8101EF2925
:10BEB000C3BFA0235031B1FBF3F101211FF037F9CB
:10BEC000E16A304601EB8101EF29C3BFA023503165
:10BED000B1FBF3F1012104F559771FF022F904F5C4
:10BEE0005B76384692491EF042FA04F1C4083046A7
:10BEF00090491EF03CFA4046FFF768FC3946404640
:10BF00001FF009FA04F1D007232140461FF009FA77
:10BF10003846FFF75BFC314638461FF0FCF904F564
:10BF2000B0767F2138461FF0FCF93046FFF74EFC13
:10BF3000304601211FF0E9F90121304604F58076F1
:10BF40001FF043F93046FFF741FC94F82830E16ACE
:10BF5000012B01F00080022B14BF1023142359433E
:10BF6000EF29C3BFA0235031B1FBF3F101213046CB
:10BF700020F05AFB94F82830E16A012B00F0EE879C
:10BF8000022B14BF102314235943EF29C3BFA0234E
:10BF90005031B1FBF3F1012130461FF0C2F894F8A3
:10BFA0002830E16A012B00F0DC87022B14BF10233C
:10BFB00014235943EF29C3BFA0235031B1FBF3F140
:10BFC0000121304604F1F4061FF0B1F83046FFF7C6
:10BFD000FDFB94F82830E16A012B00F0C587022BA5
:10BFE00014BF0A230C235943EF29C3BFA0235031A8
:10BFF000B1FBF3F10121304620F016FB94F8283014
:10C00000E16A012B00F0B387022B14BF0A230C2333
:10C010005943EF29C3BFA0235031B1FBF3F10121F4
:10C02000304604F5867620F0D8FA3046FFF7CEFB8E
:10C030000A23E16A30465943EF29C3BFA023503198
:10C04000B1FBF3F101211FF06CF80A23E16A3046DD
:10C050005943EF29C3BFA0235031B1FBF3F10121B4
:10C0600004F58C761FF063F83046FFF7AFFB14231E
:10C07000E16A30465943EF29C3BFA0235031B1FBD9
:10C08000F3F1012104F592761FF02DF93046FFF708
:10C090009DFB0221304604F1DC061FF02AF93046F0
:10C0A000FFF794FB3046002120F0BEFA3046002115
:10C0B0001FF037F80021304604F1E8061FF037F88A
:10C0C0003046FFF783FB94F82830E16A012B00F03B
:10C0D0005187022B14BF022306235943EF29C3BF04
:10C0E000A0235031B1FBF3F10121304620F09CFA3E
:10C0F00094F82830E16A012B00F03F87022B14BF2F
:10C10000022306235943EF29C3BFA0235031B1FBBB
:10C11000F3F1012130461FF004F894F82830E16A69
:10C12000012B00F02D87022B14BF0223062303E00E
:10C1300007C6020865B700085943EF29C3BFA0230B
:10C140005031B1FBF3F10121304604F17C061EF0C1
:10C15000EEFF3046FFF73AFB304621691EF0EDFF57
:10C160001DF0C5FFC0F307238DF82000C0F3074082
:10C170008DF821308DF82200089930461FF09FF885
:10C18000FF21304604F188061EF0E5FF3046FFF738
:10C190001DFB304621691EF0D0FF304621691FF09B
:10C1A0008EF83321304604F194061EF0D4FF304659
:10C1B000FFF70CFB227DE37C617D43EA022343EA27
:10C1C000014130461EF0B9FF1DF091FFC0F3072377
:10C1D0008DF82400C0F307408DF825308DF8260037
:10C1E000099930461FF06BF8FF21304604F1A00694
:10C1F0001EF0B1FF3046FFF7E9FA227DE37C617D56
:10C2000043EA0223304643EA01411EF096FF227DB5
:10C21000E37C617D43EA022343EA014130461FF09B
:10C220004EF83321304604F1AC061EF094FF304640
:10C23000FFF7CCFA94F83A2094F8393094F83B1090
:10C2400043EA022343EA014130461EF076FF3046BE
:10C25000FF211EF080FF94F8342094F8333094F8D6
:10C26000351043EA022343EA0141304604F1B8069F
:10C270001FF025F83046FFF7A9FAE38E94F838103E
:10C28000304643EA01411EF058FF3046FF211EF0C0
:10C2900062FF94F8342094F8333094F8351043EA70
:10C2A000022343EA0141304604F5A4761FF007F863
:10C2B0003046FFF78BFA47F6FF71304604F5AA7651
:10C2C0001FF01DF83046FFF781FA0021304604F5D3
:10C2D000B6761FF014F83046FFF778FAE16A304678
:10C2E0000029B8BF0331891004F5BC7609021FF09C
:10C2F0002AF83046FFF76AFAE16A304601EB41015D
:10C30000EF29C3BFA0235031B1FBF3F101211EF08F
:10C31000E4FEE16A304601EB4101EF29C3BFA023EF
:10C320005031B1FBF3F1012104F5DA761EF0DBFEAA
:10C330003046FFF74BFA304621691EF0FEFE3046CC
:10C34000FF211EF008FF0623E16A30465943EF291A
:10C35000C3BFA0235031B1FBF3F1012120F064F9F8
:10C3600047F6FF71304604F5CE761EF0C8FF304622
:10C37000FFF72CFAC821304604F5D4761EF0D7FF1B
:10C380003046FFF723FA7821304604F5E0761EF0B8
:10C39000CEFF3046FFF71AFA94F83A2094F8393075
:10C3A00094F83B1043EA022343EA014130461EF071
:10C3B00078FFE16A3046C1EB0111EF29C3BFA0232A
:10C3C0005031B1FBF3F101211EF05FFF0121304636
:10C3D00004F5E6761EF05FFF3046FFF7F7F93046CA
:10C3E000216904F5FE761EF05CFF3046FFF7EEF99A
:10C3F0004FF48271304604F502761EF062FE30463C
:10C40000FFF7E4F9E16A304601EB4101EF29C3BFD0
:10C41000A0235031B1FBF3F1012120F005F9E16ACD
:10C4200030467729C3BF50232831B1FBF3F10121F6
:10C430001EF0BFFE304621691EF0A7FEE38E94F881
:10C440003810304643EA01411EF077FE3046FF21A6
:10C450001EF081FE94F82830E16A012B14BF0823F6
:10C460000C235943EF29C3BF4FF4A0735031B1FBE4
:10C47000F3F1002130461EF042FF3046A1691EF064
:10C480002CFF1DF034FEC0F307238DF82800C0F305
:10C4900007408DF829308DF82A000A99304604F5B6
:10C4A00005761EF00CFF3046FFF790F930469C49A8
:10C4B00004F508761EF063FE3046FFF787F9E16A5F
:10C4C00030463B29C3BF6FF02703143191FBF3F1D2
:10C4D0004FF0FF3120F0A8F81DF009FEC0F307234C
:10C4E0008DF82C00C0F307408DF82D308DF82E000C
:10C4F0000B99304604F50B761EF01FFE3046FFF711
:10C5000065F9304601211EF0ACFE94F8342094F811
:10C51000333094F8351043EA022343EA01413046B0
:10C5200004F5F8761EF0A3FE3046FFF74FF93046CB
:10C5300000211EF04AFE0A23E16A30465943EF29E2
:10C54000C3BFA0235031B1FBF3F101211EF0EFFD79
:10C5500094F83A2094F8393094F83B1043EA0223D7
:10C5600043EA014104F5EC7730461EF080FE384680
:10C57000FFF72CF9E16A384601EB4101EF29C3BF0F
:10C58000A0235031B1FBF3F101211EF06AFEE16AF4
:10C59000384601EB4101EF29C3BFA0235031B1FB65
:10C5A000F3F101211EF0ABFEE66A38461D2EC3BF33
:10C5B00014230A36B6FBF3F6012631461EF075FD4C
:10C5C000314638461EF077FDE16A38467729C3BF09
:10C5D00050232831B1FBF3F1012104F5F2771EF06D
:10C5E000A6FD3846FFF7F2F847F6FF7138461EF011
:10C5F00086FE314638461EF058FD314638461EF05C
:10C600005AFD384621691EF098FD04F52076FF2179
:10C6100038461EF0A0FD3046FFF7D8F8304600211E
:10C6200020F002F8304600211FF0D7FF30460021ED
:10C630001EF065FE304601211EF067FE00213046E7
:10C6400004F535761EF0BBFD3046FFF7BFF894F8D1
:10C650002830E16A012B14BF08230C235943EF292A
:10C66000C3BFA0235031B1FBF3F1012130461EF0CE
:10C6700046FE304601211EF048FE3046FF211EF0E6
:10C680006AFDE38E94F83810304643EA01411EF00B
:10C6900054FD94F8342094F8333094F8351043EA7C
:10C6A000022343EA0141304604F523761EF007FEDB
:10C6B0003046FFF78BF894F82830E16A012B00F040
:10C6C0006284022B14BF0A230C235943EF29C3BFF2
:10C6D000A0235031B1FBF3F1012130461FF099FF47
:10C6E00094F82830E16A012B00F05084022B14BF2B
:10C6F0000A230C235943EF29C3BFA0235031B1FBB8
:10C70000F3F1012130461FF073FF94F82830E16AFD
:10C71000012B00F03E84022B14BF0A230C2301E0FE
:10C72000786803085943EF29C3BFA0235031B1FBF8
:10C73000F3F1012130461FF050FFE16A3046EF2946
:10C74000C3BFA0235031B1FBF3F101211EF031FD35
:10C75000304619211EF027FD94F8342094F8333028
:10C7600094F8351043EA022343EA014130461EF0B3
:10C770000CFD0021304604F526761EF020FD3046E3
:10C78000FFF724F8304600211FF04EFF304600210D
:10C790001FF023FFE16A3046EF29C3BFA0235031C9
:10C7A000B1FBF3F101211EF004FD304619211EF00A
:10C7B000FAFC94F8342094F8333094F8351043EAB6
:10C7C000022343EA014130461EF0DFFC08213046D7
:10C7D00004F529761EF0F3FC3046FEF7F7FF3046ED
:10C7E00000211FF021FF0021304604F52F761FF0B5
:10C7F000F4FE3046FEF7EAFF94F82830E16A012B98
:10C8000000F0CA83022B14BF0A230C235943EF29DB
:10C81000C3BFA0235031B1FBF3F1012130461FF01B
:10C82000F8FE94F82830E16A012B00F0B783022B60
:10C8300014BF022306235943EF29C3BFA02350315D
:10C84000B1FBF3F1012130461FF0D2FE94F82830FD
:10C85000E16A012B00F0A483022B14BF0A230C23EE
:10C860005943EF29C3BFA0235031B1FBF3F101219C
:10C87000304604F532761FF0B0FE3046FEF7A6FFD4
:10C8800094F82830E16A012B00F08C83022B14BF4E
:10C89000022306235943EF29C3BFA0235031B1FB24
:10C8A000F3F1012130461FF0B4FE94F82830E16A1C
:10C8B000012B00F07983022B14BF02230623594376
:10C8C000EF29C3BFA0235031B1FBF3F10121304662
:10C8D0001FF08EFE304600211EF0BDFC30460021C8
:10C8E0001EF039FC94F8342094F8333094F8351065
:10C8F00043EA022343EA0141304604F52C761EF058
:10C90000DEFC3046FEF762FF304600211FF081FE5C
:10C910000021304604F538761FF05FFE3046FEF702
:10C9200055FF332130461EF016FC1220FDF712F998
:10C93000C0F307238DF83000C0F307408DF8313085
:10C940008DF832000C99304604F53B761EF0F5FB6D
:10C950003046FEF73BFF002130461EF0FCFB94F80A
:10C960002830E16A012B00F02183022B14BF02233F
:10C9700006235943EF29C3BFA0235031B1FBF3F184
:10C980000121304604F50E761FF032FE3046FEF7E8
:10C990001DFFE16A3046EF29C3BFA0235031B1FB30
:10C9A000F3F101211EF005FC94F83A2094F8393097
:10C9B00094F83B1043EA022343EA014130461EF05B
:10C9C000E4FB0321304604F511761EF0F8FB3046F7
:10C9D000FEF7FCFE94F8342094F8333094F83510C8
:10C9E00043EA022343EA014130461EF0CEFBE16AEE
:10C9F00030467729C3BF50232831B1FBF3F1012121
:10CA00001EF0D7FBE16A3046EF29C3BF6FF09F03EA
:10CA1000503191FBF3F14FF0FF311EF076FB3046C1
:10CA200004211EF0CCFB30464FF4C87104F5147697
:10CA30001EF07DFC3046FEF7C9FE636ADB0740F15D
:10CA4000B78202211220FDF7C7F8C0F307238DF843
:10CA50003400C0F307408DF835308DF836000D995D
:10CA6000304604F517761EF02AFC3046FEF7AEFE7F
:10CA700094F82830E16A012B00F09F82022B14BF4A
:10CA80000A230C235943EF29C3BFA0235031B1FB24
:10CA9000F3F1012130461FF0C7FD94F82830E16A18
:10CAA000012B00F08C82022B14BF0A230C23594364
:10CAB000EF29C3BF4FF4A0735031B1FBF3F1002154
:10CAC000304604F51A761FF088FD3046FEF77EFEEC
:10CAD000E16A3046EF29C3BFA0235031B1FBF3F127
:10CAE00001211EF066FB94F83A2094F8393094F84E
:10CAF0003B1043EA0223304643EA01411EF045FB66
:10CB0000E38E94F83810304643EA01411EF015FBDD
:10CB10003321304604F51D761EF01DFB3046FEF72E
:10CB200055FE94F82830E16A012B00F04A82022B6E
:10CB300014BF0A230C235943EF29C3BFA02350314C
:10CB4000B1FBF3F1012130461FF063FD94F828306A
:10CB5000E16A012B00F03782022B14BF0A230C2359
:10CB60005943EF29C3BFA0235031B1FBF3F1012199
:10CB700030461EF0BEFA94F82830E16A012B00F02E
:10CB80002482022B14BF022306235943EF29C3BF7B
:10CB9000A0235031B1FBF3F1012130461EF0AFFA72
:10CBA00094F82830E16A012B00F01182022B14BFA7
:10CBB0000A230C235943EF29C3BFA0235031B1FBF3
:10CBC000F3F10121304604F53E761FF006FD3046B4
:10CBD000FEF7FCFD1220FCF7BDFFC0F307238DF824
:10CBE0003800C0F307408DF839308DF83A000E99BF
:10CBF00030461EF0A2FA7F21304604F541761EF041
:10CC0000AAFA3046FEF7E2FD002130461EF003FB93
:10CC100094F82830E16A032B40F0DB81C900EF294A
:10CC200040F3E1814FF4A0735031B1FBF3F1304692
:10CC300004F550761EF063FB3046FEF7C7FD304624
:10CC400021691EF0A2FAE16A30467729C3BF50235A
:10CC50002831B1FBF3F10221C8BF49001EF0A9FA47
:10CC6000304601211EF0ABFAE16A30467729C3BF96
:10CC700050232831B1FBF3F10221C8BF490004F56C
:10CC80004D761EF036FA3046FEF7A0FDE16A3046DA
:10CC90007729C3BF6FF04F03283191FBF3F14FF0B9
:10CCA000FF3104F544761EF0B0FA3046FEF78EFDF3
:10CCB00094F82830E16A012B00F09981022B14BF0F
:10CCC000102314235943EF29C3BFA0235031B1FBD4
:10CCD000F3F1012130461FF09CFC304600211FF08B
:10CCE00087FC304600211FF078FC0121304604F516
:10CCF00047761EF00AFB3046FEF768FDE16A3046D3
:10CD0000EF29C3BFA0235031B1FBF3F101211EF085
:10CD100050FA94F83A2094F8393094F83B1043EAEA
:10CD2000022343EA014130461EF02FFA012130462A
:10CD30001EF045FA94F82830E16A012B00F0598181
:10CD4000022B14BF0A230C235943EF29C3BFA0238E
:10CD50005031B1FBF3F1012130461FF065FC94F82E
:10CD60002830E16A012B00F04681022B14BF0A2310
:10CD70000C235943EF29C3BFA0235031B1FBF3F17A
:10CD80000121304604F54A761EF0D1F93046FEF70F
:10CD90001DFD94F82830E16A012B00F02E81022B52
:10CDA00014BF102314235943EF29C3BFA0235031CC
:10CDB000B1FBF3F10121304604F553761EF08DF9F5
:10CDC0003046FEF703FDFF2130461EF0C4F91DF08A
:10CDD0008EF9C0F307238DF83C00C0F307408DF8AF
:10CDE0003D308DF83E000F9930461EF0A6F9122016
:10CDF000FCF7B0FEC0F307238DF84000C0F30740F6
:10CE00008DF841308DF84200109930461EF0A9F996
:10CE1000304647F6FF711EF072FAE16A3046C1EB08
:10CE20000111EF29C3BFA0235031B1FBF3F1012160
:10CE30001EF0F1F91DF05BF9C0F307238DF84400F3
:10CE4000C0F307408DF845308DF846001199304603
:10CE50001EF0F3F9E16A304601EB8101EF29C3BF0F
:10CE6000A0235031B1FBF3F1012104F556761EF0F9
:10CE7000DEF93046FEF7AAFC94F8342094F83330FB
:10CE800094F8351043EA0223304643EA01411EF08C
:10CE9000EEF90020F5F790FE772840F3B0800020EF
:10CEA000F5F78AFE502300F1280191FBF3F130469B
:10CEB0001EF0D7F994F8342094F8333094F83510F4
:10CEC00043EA0223304643EA01411EF0EAF900201A
:10CED000F5F772FE772840F394800020F5F76CFE9A
:10CEE000502300F1280191FBF3F130461EF0CDF9FB
:10CEF0000020F5F761FE06277843EF2840F3838092
:10CF00000020F5F759FEA02307FB00F1503191FBFB
:10CF1000F3F130461EF0DBF8002D76D10020F4F757
:10CF20000DFE012384F83C30FEF7D5BC0020F5F758
:10CF300043FE2823143090FBF3F0FEF73BBF0120A3
:10CF4000FEF74ABF0121FEF774BF1823FEF78BBF1F
:10CF50000E23FEF79DBF1823FFF701B81823FFF734
:10CF600013B81823FFF725B80E23FFF73CB80E239C
:10CF7000FFF74EB80823FFF7B0B80823FFF7C2B891
:10CF80000823FFF7D9B80E23FFF79FBB0E23FFF747
:10CF9000B1BB0E23FFF7C6BB0E2337E408234AE4D8
:10CFA0000E235DE4082375E4082388E40823E0E405
:10CFB00001211220FCF7ECFD47E50E2362E50E236C
:10CFC00075E50E23B7E50E23CAE50823DDE50E233C
:10CFD000F0E5012B14BF08230C235943EF2904DD8E
:10CFE000A023503121E6002121E601211FE618236C
:10CFF00068E60E23A8E60E23BBE61823D3E601213C
:10D0000055E7012171E7012183E72846F5F726FF5F
:10D01000844286D182E700BF08B5FEF7E3FB10B17A
:10D02000014BD3F8B00108BD701100200022044B61
:10D0300083F8BC20D3F8B8200244C3F8B820704766
:10D0400070110020074BD3F8C02002B11047012116
:10D05000D3F8B80083F8BC1093F8BC20002AF9D0AC
:10D06000704700BF7011002038B587234FF48772D6
:10D070000025C1E90D232D22C1E90B53154B0C46A8
:10D08000C1E90F2364238B6491F84C304D6423F085
:10D090000F0343F0080381F84C304FF434730B65F1
:10D0A000FFF7D0FF636B6065A36594F84C302046B2
:10D0B00065F3041384F84C3002210EF0B6FA2046D2
:10D0C0004FF444710EF05CF82046BDE838400D2165
:10D0D0000FF0B7BC0080FFFF2DE9F047B6B0BC48A9
:10D0E0000E460EF077FF01282CD130461DF0CBF90B
:10D0F000054630461DF0C3F9022D044640F01E815E
:10D10000F9F73EF80546E8B11BF04AFB012819D1B2
:10D1100028460AA91BF04EFB06AA20461AA91FF0B2
:10D1200082FB0A9B1A9A9B1A0A931B9A0B9B9B1AC7
:10D130000B9394F84C30DF0707D5DDE90A1051EA6C
:10D14000000335D136B0BDE8F0874FF400312046FA
:10D150001FF046FB069D06462D1A4FF480312046EF
:10D160000EF06FF8D0B1AD1B012DB8BF0125DDE980
:10D170000A325243069503FB03236D43AB4208DD9D
:10D1800094F84C3043F0010384F84C30FFF75AFF19
:10D19000606594F84C30DE07D4D5CEE72B46002DE1
:10D1A000B8BFEB1C9B10B342ACBFED1AAD1BDBE765
:10D1B000D4E90E369E42B8BF06F5B4761DF088FC61
:10D1C000E36AC51AA36BED1A002D39DBB5F5B47F00
:10D1D00039DA4FF41D73069A32205A436423B2FBA6
:10D1E000F3F711F0E2FB4FF4B47303FB00F294F891
:10D1F0004C80B2FBF7F229462046C8F3C0081FF066
:10D20000B7FA00289ED0A16BA76D94F84C307F1A16
:10D21000EA1B002AB8BF5242B2F58C7FA6EB010C84
:10D2200055DD1D0712D4B8F1000F67D013F0180FA9
:10D2300064D194F84C3043F0080384F84C300BE090
:10D2400005F5B475C0E7A5F5B475BFE7B8F1000FF3
:10D2500002D013F0180FECD00025606D1FF055FAC6
:10D26000236DED1B58434FF47A73B0FBF3F0854206
:10D2700003DC4042A842B8BF2846D4E91135A16B6F
:10D280003844721AEF1AD20092FBF7F2171D48BF0A
:10D2900002F1130700EB27103246276C0844009573
:10D2A0001DF07AFC054694F84C3003F00603042B7D
:10D2B00001BFA36C656C1B1AED18236CAB4226D121
:10D2C000636C9D4235D1FFF7BDFE60653AE7D80635
:10D2D00017D4180714D403F01803B8F1000F0DD1B8
:10D2E0006546082BB9D1C2F5B472B2F58C7FB4DDB6
:10D2F00094F84C306FF3C30384F84C306546ACE7C8
:10D300008D1BB8F1000FA8D103F01803E9E7FFF770
:10D3100099FE2946606520461FF021FDAF42CFD01F
:10D320000022202120460EF06AFE01287FF40AAF79
:10D33000C6E7A36C9D427FF405AFC4E71A2D3FF604
:10D3400001AF0D2D22D8032D02D0082D7FF4FAAEA7
:10D3500094F84C3020466FF3000384F84C300DF005
:10D3600084FF04460DF04DFC0546F8F709FF1BF05D
:10D3700017FA04287FF4E6AE002D3FF4E3AE002157
:10D38000204636B0BDE8F0470DF0D4BB0E3D0C2D65
:10D390003FF6D8AE01A353F825F000BFD5D300085F
:10D3A00013D4000845D1000845D1000845D1000834
:10D3B0001FD4000845D1000845D1000845D1000818
:10D3C00045D10008F3D4000845D1000887D50008EE
:10D3D0008C68030830460EF0B3FE20F00203112BD8
:10D3E000256C0FD1691C20461FF0B9FC236C9D42AF
:10D3F0003FF4A8AE00222021204636B0BDE8F04719
:10D400000EF0FDBD142802D012287FF49BAE691ED9
:10D41000E9E730460EF0A0FE256C4119E3E73046FF
:10D420001DF035F806AA80460AA920461FF0FBF930
:10D43000A76807B13F6A002120461FF0D1F9DDE956
:10D440000AA6069D00EB0709A5EB0905AB19009399
:10D45000721BAAEB05011AA805EB0A0306951CF03E
:10D4600090F947F6FF72D8F800101AA81CF0F9F9E5
:10D47000D8BBD8F80030D3E90010801BA1EB0A011B
:10D480001DF026FBE36AC61AA36BF61A002E26DBF4
:10D49000B6F5B47F26DA322011F087FA4FF4B47370
:10D4A00003FB00F24FF41D735D436423B5FBF3F5FA
:10D4B0003146B2FBF5F220461FF05AF9A8B107EB4E
:10D4C000090211461AA81CF076F947F6FF72D8F83F
:10D4D00000101AA81CF0C5F988F8040032E606F519
:10D4E000B476D3E7A6F5B476D2E7002388F8043003
:10D4F00028E600211FF07BF90021054620461FF099
:10D500007DF90021074620461FF07FF90021804663
:10D5100020461FF081F9AF42B8BF2F464745B8BF3C
:10D5200047468742B8BF07464FF4403120461FF0B8
:10D530005EF94FF44031054620461FF05FF94FF485
:10D540004031814620461FF060F94FF4403180465B
:10D5500020461FF061F94D45B8BF4D464545B8BF5F
:10D5600045468542B8BF054620461FF044FA0235BD
:10D57000ED1B054430461CF08AFF0368AB42ACBF8C
:10D5800003600560DEE530461CF079FF0446304656
:10D590000EF0CDFD04AE07463146204603AA1FF02B
:10D5A00042F9DDF80C80B8F1000F19DD0AA811F07E
:10D5B00067FA002120460AAA0EF028FC96E803002C
:10D5C00015AB83E80300E26AA36B38461344139358
:10D5D000E36B0AA913441493ADF85C8011F067FA69
:10D5E0004FF4003120461FF002F94FF40031054698
:10D5F00020461FF003F94FF40031824620461FF009
:10D6000004F94FF40031814620461FF005F95545D5
:10D61000B8BF55464D45B8BF4D468542ACBFA8EB97
:10D620000509A8EB0009B9F1000F1ADD0AA811F0ED
:10D6300027FA4FF4003120460AAA0EF0E7FB96E8DD
:10D64000030015AB83E80300D4E90B2313441393C1
:10D65000636B384613440AA91493ADF85C9011F03B
:10D6600026FA4246314606AB20461FF01EF91AA89C
:10D67000F6F714FD20461AAA4FF440310EF0D8F800
:10D68000384606AA1AA911F078FE5BE52DE9F043A9
:10D6900099B09DF8808005460F4616461C46B8F1A5
:10D6A000000F16D14FF0FF3941461846FCF718F924
:10D6B0002846C4F80C9037600FF018F94146204610
:10D6C000FCF70EF9C4E90058C4E9028919B0BDE8B5
:10D6D000F083DB68204601330CBF1368A368C4E9FC
:10D6E000013131600021FCF7FBF802A8FCF798F843
:10D6F000214602A81BF0F9FF02A80D491BF0F7FF15
:10D700004FF4807202A800211BF0F8FF02A809491B
:10D710001BF0FEFF64220021284610F077F8014636
:10D7200002A81BF0E6FF02A8FCF794F8CEE700BFC2
:10D73000CFCD0208A7CD02082DE9F04FF7B005467E
:10D740001CF09DFE044628460EF0F1FC0BA9029049
:10D7500020460EF0C7FE68220021204610F056F841
:10D760006922054600215A90204610F04FF82946BC
:10D7700002465A900BA81CF01EF80BA81CF07CFB6C
:10D7800005900BA81CF07DFBD4E90C3294F8709046
:10D79000B2EB030BC9F3C20908BF4FF0010BB9F19B
:10D7A000010F069009D0B9F1020F56D0059B8342B4
:10D7B000B4BF4FF000094FF0010920461FF08CFB69
:10D7C000002112220890204610F020F81322002198
:10D7D00003905A90204610F019F81022002104906E
:10D7E0005A90204610F012F81122002100905A9011
:10D7F000204610F00BF8DDE90C215A900190039DB2
:10D800000B980E9B2844E063049804F13C08091A25
:10D810006164009940460A442264019A9B1AA364F9
:10D82000B9F1000F1CD01CF02CFB032809DC069B6F
:10D8300003EBD372A36903EB62039A1E02332264E3
:10D84000A36440461CF018FB074640461CF019FB39
:10D8500004F1440A4346944A1CE04FF00009ACE747
:10D860001CF00AFB032809DC059B03EBD3726369F8
:10D8700003EB62039A1E0233E263636440461CF0CA
:10D88000FBFA40461CF0FDFA0746884A04F14003C3
:10D8900004F1480AE16E07924A1C206B54D0656E71
:10D8A000A26E2D1A121A7D437A4395FBFBF592FB6B
:10D8B000FBF2521B514348BFFF3105EB2125E16DBF
:10D8C0004E1C47D0666DA26D361A121A7E437A43FB
:10D8D00096FBFBF692FBFBF2921B514348BFFF31D4
:10D8E00006EB212627220021204609930FF08EFF08
:10D8F000099B5A90B9F1000F32D0C2B2511E4A4270
:10D900004A4194F84CC0944504D0194653468A467F
:10D9100076426D42B9F1000F24D019683144CAF83B
:10D9200000101868089928441860002935D140462D
:10D93000079B9847012848DC00221F2120460EF053
:10D940005EFB77B0BDE8F08FA56B2D1A7D4395FB8C
:10D95000FBF5B4E7E66A361A7E4396FBFBF6C1E7B1
:10D960004A46CEE7DAF800100898891B01311960A1
:10D97000DAF80010491BCAF800100028D7D0206B35
:10D980009445C0F1000007FB00F090FBFBF079D15B
:10D990000A1A013251469A4676E0216B9445C1F14C
:10D9A000000107FB01F191FBFBF102D15246084453
:10D9B00003E01A465346411A481CDAF80010814227
:10D9C000CBBF1160196018601060E36B3EA80F9325
:10D9D000236C1093636C1193A36C1293F6F75EFBA8
:10D9E00020464FF400313EAA0DF022FF0C22002108
:10D9F00020460FF00BFFDDE905439C42A8BF1C4603
:10DA000064108442A8BF04465A904046459E1CF0CC
:10DA100033FA054640461CF034FA854240463DDA6A
:10DA20001CF02AFA45109DF82721B542DDE90303D1
:10DA3000A8BF35464A9902F007020343B9F1000F27
:10DA40002FD1012A00F0AE80002940F0AB80009A6F
:10DA50001343019A134300F1C180A54280F2BE80B6
:10DA600022460BA90FA81BF07CFF002840F0B680CF
:10DA70004FF0000A00234FF001088DF840318DF877
:10DA800050312BE00A1819461B689342CBBF0B603C
:10DA9000CAF80030CAF800200A6096E71CF0F1F9D5
:10DAA000C0E7022ACEE700BF799E0208839E0208E3
:10DAB0004FF0000870223EA95AA824F0C7FA029835
:10DAC0000FAA5AA98DF8B0818DF8C0818DF8888190
:10DAD0008DF8A3814FF0010A11F04FFC002670224F
:10DAE0003EA95AA88DF864610FAF24F0AFFA97E809
:10DAF0000F008DF8B0618DF8C06113AE86E80F009D
:10DB0000BAF1000F0CD0B9F1000F5ED0039A0B9B55
:10DB100013443360049A0D9B9B1AB36000236193F6
:10DB200032461021029810F078FF32465AA98146F9
:10DB300011F023FC17A811F0BCFBB8F1000F0AD0BC
:10DB40000BAB0DF1780C0FCB8CE80F00484617A9F2
:10DB5000229411F0B2FBBAF1000F09D097E80F0040
:10DB60001EAC84E80F00484617A9229511F0A5FBCA
:10DB700023A8F5F739FF3246029823A9CDF8A890DB
:10DB800011F0EFF970223EA95AA824F05FFA0023A1
:10DB90003A468DF888318DF8A3315AA9029811F0D0
:10DBA000ECFBCEE6009A1343019A134380D4A542BE
:10DBB000BFF67EAF22460BA90FA81BF0D2FE0028AD
:10DBC0007FF476AF4FF0010A54E7009A0C9B1344A0
:10DBD0007360019A0E9B9B1AF3609FE70FAA3EA900
:10DBE000DCE700BF2DE9F3412E480C460EF0F2F9B8
:10DBF000012840D120461CF046FC064620461CF079
:10DC00003EFC182E054639D14FF400310EF04EF986
:10DC1000074620461CF03BFC03681222BB42ACBF07
:10DC2000036007600021064628460FF0EFFD13222F
:10DC300080460021019028460FF0E8FD102204469E
:10DC40000021019028460FF0E1FD112207460190C6
:10DC5000002128460FF0DAFD4445A8BF4446BC42E7
:10DC6000A8BF3C468442A8BF0446002C019002DABB
:10DC700033681B1B336002B0BDE8F081012E01D078
:10DC8000082E07D1284605F13C0102B0BDE8F0415D
:10DC90000EF001BE1A2EEED1204602B0BDE8F041D2
:10DCA000FFF74ABDB468030810B501460348F2F710
:10DCB000BFFB04460DF04BFD204610BDD86803089D
:10DCC0002DE9F04F93B0012304460E460025DFF8FE
:10DCD0004082C3630F1F57F8040F08B10378A3B93C
:10DCE000A36B9D422AD0206B18B1FCF733FE0023B2
:10DCF0002363606B18B1FCF72DFE002363632801DA
:10DD0000FCF70EFE206350B9FEE741461EF0C3F952
:10DD100008B10135DFE7E36B0133E363DBE768005C
:10DD2000FCF7FEFD606300B9FEE7236B0021002BCA
:10DD300008BF00256A001EF051F9A56327220021C3
:10DD40002046E6620FF062FD1222C3B2002111905C
:10DD500020460D930FF05AFD3022002111900590BE
:10DD600020460FF053FD3422054600211190204635
:10DD70000FF04CFD420748BF059B4FF0100248BF13
:10DD80005B194FF000011190204648BF05930FF03A
:10DD90003DFD302205460021119020460FF036FD52
:10DDA000342207460021119020460FF02FFD142247
:10DDB00083074FF000011190204648BFED190FF086
:10DDC00025FD0890119020461FF0B2F809902046DA
:10DDD0000EF0D0FB4FF00008069020460EF0DAFB64
:10DDE0004746E36B089A013B02FB130304950A9331
:10DDF000CDF81C80E36B079A9A427FD20025A6F1EA
:10DE0000040A4FEA4709039515E041491EF043F91A
:10DE1000A8B1DAF800301B788BB1636B039A33F842
:10DE20000930013503F00F03012B2CBFD21801324A
:10DE300009F1020903925AF8040F0028E5D1079B63
:10DE400001330793002D51D0E16B4FF0000AB8FB6E
:10DE5000F1F2049BD3461A440A9B05F1FF3943446F
:10DE6000B3FBF1F3049901390B440B930999069B19
:10DE700001FB19397B1929EAE9790C930BFB09F1AC
:10DE8000039B0398B1FBF3F1636B514433F81730F4
:10DE900003F00F03012B2CBF9B440BF1010B0BFB79
:10DEA00009F3B3FBF0F30AF1FF3003440D980128A6
:10DEB00004D10698C01A069B5B1A0146206B0F928C
:10DEC0000E900B9800900598034401440E9800EBC7
:10DED00007101BF056FC099B01379A440C9B0F9AC4
:10DEE0009F42CBD1013506EB850600E004360A9B44
:10DEF000089A9844049B134404937BE720460EF051
:10DF000041F8204613B0BDE8F04F0EF0EFBC00BF63
:10DF10001D7903084FF6FF7200230A6491F844202C
:10DF2000084663F30002C1E90E33C1E90C33CB624A
:10DF300081F844200149FFF7C3BE00BF44690308CC
:10DF40002DE9F04FF9B005461CF099FA836B0446B1
:10DF5000002B57D028460EF0EAF894F82A300EA984
:10DF600043F00803049084F82A3020460EF0BAFAF1
:10DF7000A26AB24BB4F82880134043F40023A36292
:10DF80005CA8F6F78BF82BA8F5F7BCFD4FF4A021A1
:10DF900020465CAA0DF04CFC4FF4A02120462BAA91
:10DFA0000DF00BFE94F82A3010226FF3C30384F8AF
:10DFB0002A3000212046A4F828800FF027FC1122E7
:10DFC00000210590409020460FF020FC12220021F5
:10DFD0000690409020460FF019FC4FF00009079082
:10DFE00040901322002120460FF010FC4F4608906D
:10DFF0004090A36BBB4208D894F82A306FF3C30358
:10E0000084F82A3079B0BDE8F08FE36A8C4953F880
:10E0100029001EF040F84FEA890A09F10109002899
:10E02000F3D0636B4FEA470B33F81730DA0600F191
:10E03000C7805E06C3F3002540F1C48045F080052B
:10E04000206B390100EB0713D3E9012C4158DE683E
:10E050000E9B194412910F9963440A443144139260
:10E0600014931591002D40F0C68070225CA940A841
:10E070001DF0BFFE54222BA916A81DF0BAFE9DF874
:10E080004921429702F01F030F2B35D96369079985
:10E090000B441299994214BF0F230B2363F304021C
:10E0A0008DF84921E2690899521A1499914201BFE9
:10E0B0009DF8492103F0170363F304028DF8492109
:10E0C000A369059A1344139A9A4201BF9DF84931F6
:10E0D00003F01D0262F304038DF84931236A069AA6
:10E0E0009B1A159A9A4201BF9DF8493103F01E020E
:10E0F00062F304038DF8493112A81BF0C2FE15F03B
:10E100002005064607D0636B33F80B30580542BF35
:10E11000139B9B1B139340A9049812AA11F02DF98D
:10E12000259BE06A1E9A0A93249B50F80AA00EA829
:10E130000B9209931BF0A0FE9DF8A310099BCDE95B
:10E14000010100935146DDE90A320CA81DF0D4FA12
:10E1500012A81BF091FE0C9BC01A129B00EBD07012
:10E1600003EB600312A812931BF08BFE0D9B139A16
:10E17000C01A00EBD07002EB600212990C981344A5
:10E18000014413921491159365B1616B31F80B1032
:10E19000490507D506EBD6767610764232443344ED
:10E1A000139215939DF8A430049843F0400312AAEB
:10E1B00016A9CDF874A08DF8A430189710F0FAFFC6
:10E1C000013716E7236CBB427FF43AAF18F0200FFB
:10E1D00018BF45F0200518F0020F18BF45F00205E2
:10E1E00018F0040F18BF45F0040518F0080F18BF09
:10E1F00045F0080524E794F82A3040A843F00803C6
:10E2000084F82A302585F5F749FF16A8F5F77AFC3A
:10E210004FF4A021204640AA0DF00AFB4FF4A021A4
:10E22000204616AA0DF0C9FC94F82A30A4F82880DC
:10E230006FF3C30384F82A3021E700BF0000F7FF23
:10E240001D79030810B501460348F2F7F1F80446BA
:10E250000DF07DFA204610BD206903082DE9F84332
:10E260004FF6FF73994204460E4602D10020BDE8E6
:10E27000F883836B8B42F9D300252F46DFF830906B
:10E28000B54206D1A36BAB42F0D0E36A53F8270046
:10E29000EDE7E36A07F10108494653F82800013524
:10E2A0001DF0F9FE08B907F102084746E8E700BF8C
:10E2B0001D7903082DE9F04385B0AE480E460DF0F8
:10E2C00089FE01281AD130461CF0DDF8054630469B
:10E2D0001CF0D5F8182D044626D1C36B73B1002766
:10E2E000C56ADFF89482043D55F8040F30B1414609
:10E2F0001DF0D1FE10B12B681B7813B905B0BDE835
:10E30000F083636BDB5B02375B05EDD5E16B29B115
:10E3100020460EF03FF9E16BB0FBF1F1304605B05D
:10E32000BDE8F0430DF024BF2F2D05D1E16A05B003
:10E33000BDE8F0431EF00CBF102D27D8002DDDD016
:10E34000013D0F2DDAD801A353F825F099E3000819
:10E3500011E40008DBE40008FDE20008FDE200082B
:10E36000B9E40008FDE2000843E40008FDE200080B
:10E37000FDE20008FDE20008FDE20008FDE2000801
:10E380007DE50008FDE20008E9E400081A2D00F030
:10E39000D3812E2DCAD0B1E730460DF0B6FE216CE8
:10E3A000054620461EF079FEF7F7EAFE1AF0F8F966
:10E3B00000F0FD00012817D1284602A91AF0FAF949
:10E3C00002A920461EF0BCFD4FF6FF73984201469D
:10E3D000236409D0636B33F8103003F050031BB98A
:10E3E000206420461EF059FE4FF6FF72236C9342C4
:10E3F00084D0626B32F8132002F4CA62002A7FF4E0
:10E400007DAF019301AA202120460DF0F8FD75E7AC
:10E410004FF6FF75036CAB423FF470AF30460DF022
:10E4200074FE02A91AF0C6F902A920461EF088FD62
:10E43000216C81423FF462AF20461EF02EFE25641F
:10E440005CE74FF6FF73016C99422BD0426B32F8B8
:10E450001130180613D55F0611D4DE0529D594F8BE
:10E460004400C50725D423F480739BB222F81130F1
:10E4700094F84430D80702D520461EF0F7FE236CEE
:10E48000626B32F8132012F4C06F0BD012F0500FF1
:10E4900008D12021204602AA02930DF0B0FD0128E8
:10E4A0007FF42CAF2046216C05B0BDE8F0431EF090
:10E4B000F4BD43F48073D9E74FF6FF72036C9342C7
:10E4C0003FF41CAF426B32F8132002F07002002AB6
:10E4D0007FF414AF029302AA95E7016C1EF0DDFDF4
:10E4E0004FF6FF73236409E7836B002B3FF406AFFD
:10E4F00030460DF00AFE06461AF052F905462EB9CE
:10E500003046F7F733FE1AF04BF9054620460CF07B
:10E51000ACFE0CF076FB4FF6FF73226C9A427FF450
:10E52000EDAE022D05D0042D7FF4E8AE00283FF4B7
:10E53000E5AE94F84430A26B13F0010317D1934277
:10E5400013D0616B31F8131001F0500161B1013348
:10E55000F5E70133934208D0616B31F8131011F0E5
:10E56000500FF6D1C905F4D51A462264C6E6002339
:10E57000F0E700BF206903081D790308016C1EF055
:10E580008CFD30460DF0DCFD132821D14FF6FF72D3
:10E59000236CA16B93420CBF002301339942236487
:10E5A0009CBF00232364256C606B236C30F8132020
:10E5B00002F05002002A3FF475AF0133994298BF30
:10E5C00000239D422364F0D14FF6FF73236469E773
:10E5D00014281CD14FF6FF73226C9A4204BF00230B
:10E5E0002364226C02B9A26B013A606B2264236C33
:10E5F00030F8131001F0500100293FF453AF23B15C
:10E60000013B9A422364F2D1DEE7A36BF8E71228BC
:10E6100046D120461EF08CFC4FF6FF72236C8146DB
:10E62000934210D10023616B2364236C31F81320D3
:10E6300002F05002002A3FF435AFA26B013393423F
:10E640002364F2D3C0E7206B1A01865800EB031055
:10E650001BF012FC236C06EB6002A66B4FEA031C56
:10E660009E427FF61FAF216B4FEA031E01EB0310A2
:10E6700001EB0C08D8F804704568BD420EDD51F876
:10E680000E1091420ADC81684944914206DB616BBD
:10E6900031F8131001F05001002997D00133DFE762
:10E6A00011287FF4FFAE20461EF042FC4FF6FF72A9
:10E6B000236C8046934210D10023616B2364236C4A
:10E6C00031F8132002F05002002A3FF4EBAEA26BA7
:10E6D000013393422364F2D376E7206B1A01865804
:10E6E00000EB03101BF0C8FB226C06EB600013B2BA
:10E6F0004FEA021C5E00002BFFF6D4AE226B02EB49
:10E70000C60102EB0C0EDEF804704D68BD420FDA54
:10E7100052F83620A2EB0802824209DC8A68824263
:10E7200006DB626B925B02F05002002A3FF44EAFB0
:10E73000013B1BB2023EDEE7304605B0BDE8F043C8
:10E74000FFF7FEBB2DE9F84F01234FFA82F88186CF
:10E7500080F8368080F8373004460F46C06A402182
:10E760001EF034FD002529464022E06A01351EF0E6
:10E770003CFD072DF7D1BFB2414638461EF08DFD56
:10E780004146054638461EF059FE0646DFF8E8B019
:10E79000411C054404F1F90A8B1B01F101090139FF
:10E7A0008D42DBB237D8384608F1FF311EF075FDD7
:10E7B00004F221190027CA46C6F1010300EB030841
:10E7C000DFF8B4B05FFA88F808EB0703B742DBB2B2
:10E7D00029D34FF01408DFF8A090C5F10107292DC7
:10E7E0002FD920461EF052FEE06A1EF030FD4FF693
:10E7F000FF73984203D0E06AF11D1EF0BAFC204678
:10E800000EF074F820460FF0F2FC00250646B542E3
:10E8100025D1BDE8F88F14215A4601FB09A0FCF769
:10E820005DF84946B8E75A4614214846FCF756F8C1
:10E83000F91D4022E06A1EF0D8FC013709F11409E5
:10E84000C2E77B194A46142108FB05A0FCF746F8ED
:10E85000E91D4022E06A1EF0C8FC0135BFE72946E9
:10E8600020460FF091FCE36A834203D02246202128
:10E870000DF0C5FB0135CAE7606903082DE9F041D9
:10E8800000250C46384BC1E90E55C1E90C334FF455
:10E890005272294604F221101DF0A0FB29462A4697
:10E8A0004FF0780C142540F2211E304E304FDFF827
:10E8B000CC8004F13C03043351B1481C10F0070F25
:10E8C00050D0062907D858F8211019600146F2E700
:10E8D00001201E60FAE705FB024181F821C115FB0A
:10E8E00002E101322144D2B238281960EED1214B25
:10E8F0002046C4F81C31FFF7A5FC04F14001E0629A
:10E900001EF026FCE06A4FF408711EF091FC002313
:10E910001F221949E06A0DF091FB6420E56AFBF7BC
:10E920001BF8014628460DF074FDE06A4FF40421FF
:10E930000CF07BFE204601211AF05FFAE06A01210B
:10E940001AF07FFA2046002202210FF0C4FB204675
:10E9500094F93620A18EFFF7F5FE2046BDE8F04180
:10E960001EF094BD3946BFE7E8070101636903085B
:10E970001D7903081E790308FDD202088469030883
:10E98000F8B50C46002120460FF003FD204600217B
:10E990001AF033FA00230222194620461AF039FAF7
:10E9A0002046FFF781F900222A4905460FF07DFB3A
:10E9B0006420FAF7D1FF014628460DF041FD2846B4
:10E9C000F2F7EAF928460DF0D2FD234F064601463C
:10E9D00028460DF01EFD00230722394628460DF07B
:10E9E0002DFB042128460CF0CBFB204601F0F0FF64
:10E9F0000546032101F0F8FF0022284602210FF00E
:10EA00006AFB012128461AF01CFA2046FFF74CF950
:10EA10000546002211490FF048FB32463146284690
:10EA20000DF025FD00230722394628460DF006FB90
:10EA3000284604210CF0A4FB00232022204608498C
:10EA40000DF0FCFA2046BDE8F840002220210DF030
:10EA5000D6BA00BFC4690308A9EA0008C869030858
:10EA600065EA000870B51BF00AFD05460FF089FB4A
:10EA70001EF04BFD83780446013B0B2B00D9FEE7CB
:10EA8000012128460FF080FB94F90230044A013B33
:10EA900052F8233003492288BDE8704020F0BFBA05
:10EAA000406A0308CC6903082DE9F0471BF0E7FC36
:10EAB00081460FF066FB06460FF063FB07461EF02B
:10EAC00024FD847890F902A004F1FF385FFA88F8F9
:10EAD000B8F10B0F00D9FEE70588002130460FF092
:10EAE00053FB81451CD1BAF1010F03BF0C2405F182
:10EAF000FF35ADB24FFA88F4224629463846FFF773
:10EB000021FE012130460FF03FFB013C094B64B26E
:10EB10002A4653F824300849BDE8F04720F07FBA70
:10EB2000BAF10C0F09BF013501340124ADB218BF91
:10EB300064B2E1E7406A0308CC69030870B508468F
:10EB40000C460FF01EFB0021064620460FF021FC6C
:10EB5000002120461AF051F9204600F095FC0546A8
:10EB600015491FF01AFC33462022284613490DF0A0
:10EB700065FA012128461AF064F9204600F084FC69
:10EB800005460F491FF009FC3346202228460D494F
:10EB90000DF054FA284601211AF053F9202220469C
:10EBA000094900230DF04AFA2046BDE870400022D2
:10EBB00020210DF024BA00BF946A0308A3D50208EF
:10EBC000056D030873D502080FD502082DE9F04F33
:10EBD000C5B0B5480D460DF0FDF9012834D12846E1
:10EBE0001BF051FC064628461BF049FC012E04464A
:10EBF00044D1F7F7C5FA28A919F0DCFD6369289E0E
:10EC00002046F61A2896F2F741FB064420460DF0FE
:10EC1000B1FC054620461EF068FD301A2CD4854212
:10EC200015DA256F013D636EAB420DD029462046B3
:10EC30001EF063FD2046616E1EF05FFD0022202164
:10EC4000204665660DF0DBF945B0BDE8F08F94F81D
:10EC5000743003F00703012B07D1236F5A1E6B108A
:10EC600000FB0233B3FBF5F5DDE7022B04D1236F84
:10EC70005843B0FBF5F5D6E70025D4E7082E06D1BA
:10EC8000416E1EF03AFD6FF000436366DCE71A2E1A
:10EC9000DAD128460DF04BFA04F1140A00F11805F8
:10ECA00014AE02902A46514630461AF09EFD0028C6
:10ECB0004FD095E80F0018AF87E80F0096E80F00D7
:10ECC00085E80F0020461EF008FD804620461EF015
:10ECD0000CFD079020461EF0A5FD064620460DF0CF
:10ECE00049FC039020460DF055FC049028A810F034
:10ECF0008CFA0021204628AA0DF021F832220021AA
:10ED000020460EF083FDC3B21090204606931EF0FD
:10ED1000E4FC34220021059020460EF077FD10908F
:10ED2000C7B22046F2F7B2FA089020460EF01AF861
:10ED3000D4F86890B9F1000F25D1D4F86C90B9F1EE
:10ED4000000F66D1029B03F1180618AB0FCB86E8C3
:10ED50000F0004F12C03184603931BF013FE064624
:10ED600050B994F8743003F00703012B40F09E80F3
:10ED7000204602991EF05EFD2046029945B0BDE88E
:10ED8000F04F1EF0E0BFA26946441644331A626990
:10ED90000993069B2F92E269022B31920FFA89FBAD
:10EDA00035D9059B002B32DD17F0020605D0204631
:10EDB0001EF038FDB0FA80F67609F8070AD5112260
:10EDC000002120460EF022FD109018B909F1FF3302
:10EDD0000FFA83FB049B03FB06F233465E45ACDA75
:10EDE000A16E0B920139B2FBF1F1099A029811441C
:10EDF0003091329128A92A930A9310F020FA049BAB
:10EE00000B9A01361A440A9B36B20133E6E7002614
:10EE1000E0E7079B0FFA89F6984463699844089BDA
:10EE2000A8EB0308A3693093236A3293069B022B55
:10EE300036D9059B002B33DD17F0040B06D0204696
:10EE40001EF053FCB0FA80FB4FEA5B1B39070AD572
:10EE50001322002120460EF0D9FC109018B909F1B8
:10EE6000FF390FFA89F6D946039B03FB0BF7B3452D
:10EE7000BFF668AFE36E0298013BB7FBF3F328A936
:10EE800043442F933193CDF8A89010F0D8F9039B09
:10EE90000BF1010B0FFA8BFB1F4409F10109E6E7A7
:10EEA0004FF0000BDFE700BF706D0308022B40F04E
:10EEB000DE8010AF2A46514638461AF096FC0028EC
:10EEC0003FF45AAF029B0DF1500C03F1180595E881
:10EED0000F008CE80F0097E80F0085E80F00204630
:10EEE0001EF003FC059020461EF09CFC8046204648
:10EEF0000DF040FB814620460DF04CFB049003983A
:10EF00001BF00DFD3146824620461EF081FB226F2C
:10EF10004FF4A021571E00FB17972046B7FBF2F7CE
:10EF20001EF076FB0AF1FF3500FB1575B5FBFAF50F
:10EF30008346012D2046B8BF01251EF0CEFB824638
:10EF40002046F2F7A3F9059BA9EB07091B1A5344C6
:10EF5000204605930DF006FFA8EB000808EB0A0316
:10EF600028A80693F5F79AF828AA4FF4A02120467E
:10EF70000CF05EFC9DF8CF30B04666F302038DF8CE
:10EF8000CF30FF238DF8C030236A2F9AAB4413444F
:10EF90001B93236F9E4207D3029B03F1180514AB0A
:10EFA0000FCB85E80F00E7E603F1FF3AB8FBFAFA6A
:10EFB0006369059A039813449A4400232B962A9375
:10EFC0001BF0A0FC0746F8B13B7C13F0010312D103
:10EFD00094F874201099120705EB0A0202F1FF322F
:10EFE00058BFFB688A42CDF860A01A9208DA2A9BC3
:10EFF000DA4401332A93394603981BF089FCE1E790
:10F000001299226F8A4502DD0136C844C1E7B97AF8
:10F01000334438898DF8C310B3FBF2F1ADF8C10069
:10F0200002FB113E387C7968C0F3001004EB8000CD
:10F03000D0F844C051F82E20049BA2EB0C025A4396
:10F04000C06CA0EB0C0092FBF0F2A0699A1A069B30
:10F0500002441A4419926FF0004251F82E30934244
:10F06000C5D0029818AA28A910F087F9BFE7032B8A
:10F070007FF482AE0CAE2A46514630461AF0B5FBFC
:10F0800000283FF479AE95E80F0010AF87E80F0035
:10F0900096E80F0085E80F0020461EF01EFB06468E
:10F0A00020461EF022FB074620461EF0BBFB05460D
:10F0B00020460DF05FFA069020460DF06BFA63696A
:10F0C000049020461F44F2F7E1F837443B1A0593B9
:10F0D000A36920461D440DF045FE35442B1A18A89F
:10F0E000079310F092F84FF4A02118AA20460CF0D4
:10F0F00026FE28A8F4F7D2FF28AA4FF400312046B4
:10F100000CF096FB4FF4003120461EF07AFA00EB2B
:10F11000D0704FEA600802224FF4003120460EF012
:10F1200075FB149000EBD0704610B0454246A8BF66
:10F130003246249B039803EBD371B2EB610FC8BF37
:10F140009DF89D206FF0004BC4BF42F010028DF877
:10F150009D20012B02BF9DF89D3043F010038DF8D8
:10F160009D301BF0D2FB0546002D3FF405AE2F7CF1
:10F1700017F0010740F0C180AB682A89ADF88C30E8
:10F180001B0C8DF88E30AB7AADF8C1208DF8C330F2
:10F1900094F874301B07059B58BFEF681F932193A9
:10F1A0006B68099753F827300A2B28D0297C069BD7
:10F1B0002868C1F3C001009304EB8101CA6D0023EC
:10F1C000496D50F827001BF0E7FC059B297C18448B
:10F1D000049B2190C1F30011686804EB8101009346
:10F1E000CA6C0023496C50F827001BF0D5FC049B27
:10F1F000181A079B18444FF0000A22906DE04B4B01
:10F2000018462193F7E7219A1F92229A2092099A91
:10F210005244B2FBF3F103FB11294FEA890308932F
:10F220006B6853F82900584554D0297C049BC1F3DE
:10F230000011009304EB8101CA6C0023496C1BF0A0
:10F24000ABFC049B297C181A079BC1F3C00118442E
:10F25000069B2290286804EB81010093CA6D00236D
:10F26000496D50F829001BF097FC059B184421902C
:10F27000BAF1000F25D01F9BA3EB0802434416935D
:10F28000209B14929A1B334417936B68159253F882
:10F2900027205A4514D0089A9B585B4510D00298F5
:10F2A00018A9CDF86CA00FF0CAFFB8F1000F07D075
:10F2B00036B1029814AA28A9CDF8ACA010F05DF8D8
:10F2C0004F46236F9A4504D16B68089A9B585B455B
:10F2D00019D1B9464F460AF1010A236F9A4592D3D4
:10F2E0001A9B01331A932A9B01332A93029B03F141
:10F2F000180710AB0FCB87E80F00294603981BF0C7
:10F300000BFB054630E7219B0298A3EB0802434420
:10F310001693229B14929A1B1592334414AA28A97F
:10F320001793CDF8ACA010F028F8D2E7010000E068
:10F3300010B50C460D4B2046CB6291F8303043F0AF
:10F34000010381F8303002210CF06FF920460821CA
:10F350000CF06BF920464FF480610CF066F9204602
:10F36000BDE8104010210BF00BBF00BF946D0308E7
:10F370002DE9F04788B043480D460CF02BFE0128DC
:10F3800064D128461BF07FF8064628461BF077F824
:10F39000312E04465DD128461BF079F85A220746E3
:10F3A000002120460EF032FA0546069019F0CDF9FC
:10F3B0005C220646002120460EF028FA5B22804699
:10F3C0000021069020460EF021FA4FF000096FF060
:10F3D0006042CDE90129CDF8008003462A46E16A62
:10F3E000069006A81CF088F94946152220460EF022
:10F3F0000DFA122281464FF40031059020460EF09E
:10F4000005FA132205464FF40031059020460EF010
:10F41000FDF9102282464FF40031059020460EF08F
:10F42000F5F91122804605904FF4003120460EF088
:10F43000EDF93544069B55441D444644079B4D4415
:10F4400006443D609E42ACBF7E607B6008B0BDE874
:10F45000F087182E0ED128461BF019F805464FF4F8
:10F46000003120460CF022FD2B688342ACBF2B609C
:10F470002860EBE71A2EE9D1284608B0BDE8F0472E
:10F480001EF048BDA86D030810B501460348F0F70B
:10F49000CFFF04460CF05BF9204610BD206E030838
:10F4A00038B50023144AC1E90E33C1E90C32C1E971
:10F4B0001033CB624FF6FF730C468B6491F84C30DF
:10F4C000204623F03F0343F0380381F84C304FF4DB
:10F4D00080610CF0AAF8094920461EF099FF2046E9
:10F4E0000EF047FE01460648F0F7A2FF05460CF075
:10F4F0002EF9E562EC6238BDCC6D0308D06D0308CF
:10F50000FC6D0308024B806B002808BF184670474B
:10F510001E7903082DE9F04389B008460F461AF01A
:10F52000B2FF1D2804461CD138461AF0A8FF384601
:10F530001AF0A5FFC46A38460CF0F9FDE946E26A04
:10F5400000F1180506462946484614321AF04DF9CE
:10F55000002873D139465D4809B0BDE8F0430CF08E
:10F5600039BD394659480CF035FD01283FD13846A0
:10F570001AF085FF082C0546C66A41D1F6F700FE51
:10F5800019F035F9064690BBEC6AF6F7F9FD054629
:10F5900019F006F904280CD1236C204663640BF0A3
:10F5A00064FE07460BF02DFB18B1314638460BF0D0
:10F5B000C1FA284619F0F4F801281BD1284604A9FD
:10F5C00019F0F8F8204605991EF0C4FEC4E91000B1
:10F5D00020461FF084F9236B13B920460DF086F9FD
:10F5E000236C2021204604AA04930CF008FD09B0E6
:10F5F000BDE8F083284619F0D3F80328E8D1DDE709
:10F60000012C58D1F6F7BCFD04460028EFD019F0C4
:10F61000C7F801280CD1204604A919F0CBF83046D0
:10F6200005991EF097FEB06428460DF05FF9DEE7FD
:10F63000204619F0B5F80328D9D1ECE70DF11008F0
:10F6400095E80F0088E80F0099E80F0085E80F00A3
:10F6500094F84C30A26C9B0626D5236C9A4207D1B5
:10F660002123314620461EF01DFE2123A26C12E00C
:10F670002023314620461EF015FE20233146204629
:10F68000A26C1EF0A0FD0123226C314620461EF024
:10F6900009FE0123226C314620461EF094FD98E8B5
:10F6A0000F0085E80F0055E72023314620461EF065
:10F6B000F9FD2023DAE7092C99D14FF6FF73B364E3
:10F6C00009B0BDE8F0430DF011B900BFFC6D0308AF
:10F6D00073B55C480E460CF07DFC012822D1304603
:10F6E0001AF0D1FE054630461AF0C9FE102D044628
:10F6F00012D10BF0BAFD0BF084FA0546F6F740FD87
:10F7000019F04EF804280DD1002D70D0204602B01B
:10F71000BDE870401EF0E5BF1A2D25D80D2D03D889
:10F72000082D71D002B070BD0E3D0C2DFAD801A38A
:10F7300053F825F099F7000813F8000825F700089A
:10F74000F3F70008F3F7000825F7000825F700088D
:10F7500025F7000825F7000825F7000825F7000819
:10F7600025F7000839F800082F2D03D0312D06D0D9
:10F770002E2DD7D102B0BDE870400CF03EBF304610
:10F780001AF085FE5A220546002120460EF03EF86A
:10F7900018F0DBFF6860C5E730460CF0D1FCA0F143
:10F7A0001203012B10D820461FF0ACF80028ADD072
:10F7B000236CE26B01339342B4D22364204602B03F
:10F7C000BDE870401EF0A8BC142804D00DD80A284B
:10F7D00015D01128A6D120461FF094F8002895D006
:10F7E000236C002B9ED0013BE7E71B289AD1636C6A
:10F7F0002364204602B0BDE870401FF070B8F6F7F1
:10F80000C5FC84428ED0204602B0BDE870401FF097
:10F8100082B81FF077F800283FF478AF30460CF03C
:10F820009BFC236C1844E36B013B9842A8BF18462D
:10F8300020EAE0702064C1E7304602B0BDE87040C5
:10F840001EF057BE206E030838B5002591F85830D9
:10F85000CD6223F07F0343F0030381F8583008465C
:10F860000C460CF081FEE06320460CF080FE4FF465
:10F870008073C4E9123394F858302A4643F0800369
:10F8800084F858302946C4E9100504F134001AF010
:10F8900007FB0C4A04F1500011461AF001FB092243
:10F8A00094F85930204662F30303022184F859305A
:10F8B0000BF066FC2046BDE838404FF480310BF079
:10F8C000B4BE00BF3200002010B501460348F0F777
:10F8D000AFFD04460BF03BFF204610BD4C6E030805
:10F8E0002DE9F043ABB008460D461AF0CCFD294691
:10F8F0000646A3480CF06EFB012813D128461AF0E7
:10F90000BEFD05AF394604461FF057F82F2E10D123
:10F9100094F8583003F00303022B06D12046E16A25
:10F920001FF0F8F92BB0BDE8F08320460CF02AFB5D
:10F93000F8E71D2E1ED8122EF4D9133E0A2EF1D848
:10F9400001A353F826F000BF05FA000825F90008C6
:10F9500025F9000825F90008B1FA000889F900081E
:10F9600025F90008B1FA000825F9000825F9000872
:10F97000B1FA0008312ED5D128461AF088FDE36B84
:10F980000360236C4360CDE728461AF080FD636C6A
:10F9900005463BB9A36CB3F5807F03D1E36CB3F5A7
:10F9A000807FBFD020460CF0DFFD804620460CF063
:10F9B000DEFD0297B4F84C3002460193B4F84830AB
:10F9C000064600934146636C0FA80FF051FA0F9A58
:10F9D0002B6852429A42B8BF1A462A60109B5B427B
:10F9E0009342B8BF13462B601199A1EB08019942CD
:10F9F000B8BF19462960129B9B1B8B42ACBF2B6082
:10FA000029608FE728461AF042FD05462046E66B3E
:10FA10000CF0AAFD864246D12046266C0CF0A7FDCC
:10FA2000864240D1A36CB3F5807F13D1E36CB3F56C
:10FA3000807F0FD1636C6BB9E36B226D03EBD373E3
:10FA4000B2EB630F06D1236C626D03EBD373B2EBA1
:10FA5000630F28D020460CF087FD064620460CF0A8
:10FA600086FD0297B4F84C3002460193B4F8483052
:10FA700031460093636C0FA80FF0FAF961690F9B90
:10FA8000A2690B440F93109B13441093119B0B44DA
:10FA90001193129B13441293002229680FA819F0A6
:10FAA000E0FE28713EE720460FA90CF0D2FFF3E7F5
:10FAB00028461AF0E8FC064628461AF0E0FC172E05
:10FAC00004465FD128461AF0E2FC03780546022B73
:10FAD0003FF428AF94F85800830702D501232B7018
:10FAE00020E7C0F384001AF08DFA01460028F5D112
:10FAF000442220460DF08AFE0F90C0B2FF28EDD1BF
:10FB0000626C002AEAD1A36CB3F5807F0ED1E36C5E
:10FB1000B3F5807F0AD104F11401686819F021FF60
:10FB20000028DBD0236B002BD8D1FBE60BAF394686
:10FB300020461EF042FF20460CF016FD06462046E9
:10FB40000CF015FD0297B4F84C3002460193B4F85E
:10FB50004830314600930FA800230FF089F96169FE
:10FB60000F9BA2690B440F93109B13441093119B9E
:10FB70000B441193129B0FA9134412930022CCE75C
:10FB80004C6E03081A2E7FF4CDAE036C002B3FF4AD
:10FB9000C9AEC36B002B3FF4C5AE836C002B3FF4A2
:10FBA000C1AEC36C002B3FF4BDAE28460CF0BFFACB
:10FBB00094F85830814613F0020640F091800FA867
:10FBC000F3F712FF0DF11C08314620460FAA09F188
:10FBD00018050CF057F895E80F0088E80F0020464C
:10FBE0001FA91EF0EAFEA36C94F858201B93E36C47
:10FBF000C2F3C0121C93636C206C1A9394F85930B2
:10FC000024AFC3F3031343EA02139DF8892022F0C3
:10FC10001F0213438DF88930236BD4E90512299311
:10FC2000E36A10441693E36B01380B44013B0090E8
:10FC3000384619F0A6FD0C22314620460DF0E6FDAF
:10FC400094F859300B9003F00F02092A28900BAE5C
:10FC50000CD8A36B39460093636B04F1140019F0C0
:10FC60006EFF97E80F0086E80F002FE003F00F0308
:10FC70000C2BF6D104F114022946284619F0B5FDE3
:10FC8000D4E90D12384619F0A3FDD4E90F14D9F8C0
:10FC90001C30259A24989A1A631ED21AD9F8183063
:10FCA00092FBF4F21B1A481E1B1A93FBF1F3384621
:10FCB0006243594319F08CFD95E80F0086E80F0068
:10FCC0009DF8893043F020038DF88930324648464C
:10FCD0000FA90FF08BF998E80F0085E80F0021E6D7
:10FCE00003F00303022B7FF41DAE0FA8F3F70AFF06
:10FCF00020460FAA00210BF060FFE36A484604F19A
:10FD000014020FA916930FF055FA0BE670B590F890
:10FD10004D30044613F0010F154E07D090F84C30CB
:10FD200056F82310BDE870401DF016BA806B4000F5
:10FD3000FAF7F6FD054694F84C30A26B56F82310FE
:10FD400052001CF056F82B46A26B05EB4202934280
:10FD500008D1204629461DF0FFF92846BDE870402D
:10FD6000FAF7F8BD198821F4806123F8021BEEE749
:10FD70008023022010B5044690F84C20044B53F821
:10FD800022101DF0E5F92046BDE81040FFF7BEBF88
:10FD9000A823022038B50C460025204604210BF08C
:10FDA000EFF9B4F84C302A4623F4FF7323F0010333
:10FDB0002046A4F84C3005212B46A5640CF084FBAA
:10FDC0002B462022204606490CF038F920462A46C8
:10FDD00029460EF095F92046BDE83840FFF7CABF26
:10FDE000E5FD000870B51AF04AFB04461DF02FFA35
:10FDF0004FF6FF739842014600F0D0802046FEF790
:10FE00002DFA0546002800F0C98065491CF043F929
:10FE100058B9644B84F84C00196820461DF098F9D5
:10FE20002046BDE87040FFF771BF28465E491CF0D0
:10FE300032F928B9012384F84C305A4B5968ECE761
:10FE400028465A491CF027F928B9022384F84C3077
:10FE5000544B9968E1E7284655491CF01CF988B9CC
:10FE60000022242120460CF0CAF8012840F0968098
:10FE7000A06C002800F0928000222421BDE8704090
:10FE80000CF0BDB828464B491CF005F90028E7D016
:10FE9000284649491CF0FFF8024658B9232120465C
:10FEA0000CF0ADF8012879D1A06C002876D00022A2
:10FEB0002321E3E7A36C002B70D028463F491CF0B8
:10FEC000EAF860B9A06C0A2103F092FBA06C21F063
:10FED0001CFA002862D000222321A06CCEE728461D
:10FEE00037491CF0D8F80028ECD0284635491CF0DA
:10FEF000D2F820B9A06CBDE8704021F083BA284642
:10FF000031491CF0C8F820B9A06CBDE8704021F060
:10FF100075BA28462D491CF0BEF820B9A06CBDE882
:10FF2000704021F013BA284629491CF0B4F806465F
:10FF300070BBA06C21F0E4F90546A06C21F0D7F964
:10FF400003782D2B10D10121A06C03F07FF9A06C58
:10FF500021F0FCF92B21A06C03F04AFB2946A06C90
:10FF6000BDE8704003F072B92B2BA06C07D10121C2
:10FF700003F06CF9A06C21F0E9F92D21EBE7314693
:10FF800003F064F92D21A06C03F032FB691CE6E755
:10FF90002946A06CBDE8704003F0A0BA70BD00BF58
:10FFA000706E0308A8230220746E0308786E03089D
:10FFB0007B6E03087F6E030878680308836E03086E
:10FFC000896E0308C4690308C86903088D6E0308B5
:10FFD000916E0308F8B590F85C30044603F007030F
:10FFE000012B20D1416B4A1C1DD00F4BC06A1B68EE
:10FFF0000339984794F85C309B064FF000034CBFE0
:020000040801F1
:10000000266B04F13006E16A50FA83F2DDB2755DC9
:100010008F5C01338D54002FF5D120461EF021FF57
:100020004FF0FF336363F8BD3C6803082DE9F04FE0
:1000300095B00B680C4612220021054607930DF07F
:10004000E5FB1022002106901090284664680DF010
:10005000DDFB10A9231A1090284608930CF0AAFA89
:1000600010A8D5F82C9019F007FF099010A819F0E6
:1000700008FF0A9028461EF072FF824628461EF0AE
:100080005EFF044628461EF062FF0490504618F0BA
:100090005CFB074628461EF06AFF00268046E319EF
:1000A0000B9319F8063009EB060B0BB934462AE01E
:1000B0000B9BFB180593059A0A9B934209DA95F866
:1000C0005C3003F00703012B04BF48F004085FFA1B
:1000D00088F80023514600935846099B049ACDF8AE
:1000E0000480F9F723FE089B8419BB4243DC2A4BAA
:1000F00048461B680F940FA998470A2803D019F89F
:10010000043003B901340027EA6A394628460C97BF
:100110000DF0D2FC10AB0293049B0146CDE900A385
:100120005A46A31B0CA81EF0C4FE0D97B4B1DDE91E
:1001300006239D1A0D9B33449C420FD90DAB5846A4
:100140000FAA0EA91BF09BFADDE90E12504618F01B
:10015000C7FA0C9B1844854210DA0D970F4B0D9986
:100160001D685846A847314604464846A8472044DB
:1001700015B0BDE8F08F2646059F92E70D9BF2185B
:100180009442EAD009EB0602D25D002AE5D0049A37
:100190001F4610440C90CDE74068030838680308F8
:1001A0002DE9F04FA5B0C36A0446002B00F0018191
:1001B0004FF0FF33836390F85C300AA943F04003AB
:1001C00080F85C300CF0F6F90AA819F055FE80466C
:1001D00020461EF0C4FE064620461EF0B0FE07462E
:1001E00020461EF0B4FE054620461EF0C0FECDE9B6
:1001F0000180009732462B46E16A08A81BF07CFA82
:1002000020460CF0FAF994F85C2002F00702022A6A
:1002100040F0EC806322002120460DF0F7FA6422C2
:100220000E900746002120460DF0F0FA05460E908C
:1002300038B942F210724FF49671282019F003FA7F
:1002400005460EA8F9F7ECFA21460EA819F04DFA6A
:100250004FF0FF310EA819F063FA4FF496710EA813
:1002600019F05CFA1C990EA819F05CFA0AA8DDF8DE
:10027000208019F001FE804553DD0AA819F0FCFD2D
:10028000089A0021821A0EA819F038FAA5490EA87A
:1002900019F02DFAA3492046F9F746FB1A9930BB0D
:1002A000002906DD9DF88C201B9060F3C3028DF8B9
:1002B0008C2029460EA819F01CFA1A990EA819F0DC
:1002C0002BFA3FB194F85C20394602F007020EA8E1
:1002D0001EF016FE0EA8F9F7BDFA0AA819F0D1FD16
:1002E00020469149F9F7FCFA0023A3655EE0426BD2
:1002F00090F854308A4203F00103DADA1B929DF839
:100300008C206FF3C3028DF88C20002BD1D0D3B298
:1003100043F00103199A8DF88C30179B17921993AB
:10032000C7E74FF000087F492046F9F7D9FAC4F82B
:1003300054800AA8DDF8249019F0A3FD8145CFDD93
:100340000AA819F09EFD099BA0EB0309304618F09E
:10035000FCF94146A9EB00020EA819F0CFF9724949
:100360000EA819F0C4F970492046F9F7DDFA1A9978
:1003700010BB414506DD9DF88C201B9060F3C30245
:100380008DF88C2029460EA819F0B3F91A990EA8F9
:1003900019F0C2F93FB194F85C20394602F0070227
:1003A0000EA81EF0ADFD0EA8F9F754FA20460CF089
:1003B0009DFA25B0BDE8F08F426B90F854308A4228
:1003C00003F00103DEDA1B929DF88C2068F3C30270
:1003D0008DF88C20002BD5D0D3B243F00103199AAD
:1003E0008DF88C30179B17921993CBE7032A40F0B6
:1003F0008B806322002120460DF008FA64220E90C3
:100400000746002120460DF001FA05460E9038B946
:1004100042F210724FF49671282019F014F9054633
:100420000EA8F9F7FDF921460EA819F05EF94FF074
:10043000FF310EA819F074F90AA8DDF8208019F030
:100440001BFD804528DD20223046114618F048F972
:10045000089AA0EB8000821A00210EA819F04EF92C
:1004600030490EA819F043F929460EA819F041F9B0
:1004700020462C49F9F758FA00B1406B002F7FF461
:1004800021AF1A9B8342C1BF9DF88C301B9067F34C
:10049000C3038DF88C301DE74FF000092149204639
:1004A000F9F71EFAC4F854900AA8DDF8248019F070
:1004B000E8FC80457FF714AF099A3046C2F1000886
:1004C00018F043F94946A8EB00020EA819F016F9F6
:1004D00015490EA819F00BF929460EA819F009F9CB
:1004E00020461149F9F720FA00B1406B002F7FF444
:1004F00052AF1A9B8342C1BF9DF88C301B9067F3AB
:10050000C3038DF88C304EE7012A7FF44FAF0AA861
:10051000DDF8248019F0B5FC804507DC4FF0FF338F
:10052000636343E7ADEE0208A7EE02083046DDF84C
:10053000248018F00AF98045F0DD514BE06A1B6811
:1005400098470328EAD90AA819F096FC2E2280467B
:100550001146304618F0C4F84319A3EB8303434413
:100560000AA80E9319F08DFC0546304618F0EDF8F8
:10057000384495FBF0F800FB1858304618F0E5F8C1
:100580008045A5EB080549DB304618F0DEF8054448
:100590000EA920460F95FFF749FD0546E06A1BF0BE
:1005A0006BFD384B82462946E06A1B689847364EF9
:1005B0000790DDF81C80E06A08F10309CA452FD3D3
:1005C00004220026314BDFF8C8B01B680493079B58
:1005D000E06A05921844049B98473044C6B2DBF8A1
:1005E0000030E06A07A99847032EE76A1DD80799EB
:1005F0008A4502D3059A013AE9D1204647441EF0C4
:1006000030FC94F85C3032466FF34513394684F879
:100610005C3004F130001BF0ECFB20E0ED1BB7E791
:10062000336807A99847013DC3E720461EF019FC2F
:10063000042E4744E5D0701CFAF772F920630028B5
:100640003FF4B4AE324639461BF0D3FB0022236B95
:100650009A5594F85C3043F0200384F85C302E22E5
:10066000E36A033503F80820E36A43445A70E36AF7
:1006700043449A700022E36A03F80920656395E613
:10068000346803083C680308406803084C680308A2
:10069000446803082DE9F04FA9B045480E460BF019
:1006A00099FC012883467DD1304619F0ECFE0546C1
:1006B000304619F0E4FEA5F12E039BB2012B04464F
:1006C00007D8FFF787FC204629B0BDE8F04FFFF7B9
:1006D00067BD182D0DD11EF042FC18F036F8011E32
:1006E0003046B8BF0331891029B0BDE8F04F0BF098
:1006F0003FBD312D5ED190F85C305A0643D51EF0D7
:100700002EFC074620461EF022FC804620461EF0A6
:1007100016FC8146204694F85CA00BF02BFF5A464D
:10072000002120460DF072F86FF040439842CAF362
:10073000001A139003D194F82B301B0735D52046AF
:100740000BF018FF05460522002120460DF05EF84B
:100750008542139006DB0522002120460DF056F855
:1007600005461390CDE9015ACDF8009043463A462C
:10077000E16A04F14C001AF0BFFF94F85C306FF3AB
:10078000861384F85C30304619F081FEE36C026811
:100790009A42ACBF026003604268236D9A42ACBFCC
:1007A0004260436029B0BDE8F08F6FF06045CAE752
:1007B000B07203081A2DF5D1304619F060FE0446D8
:1007C00030460BF0B4FC07A9804620460BF0F2FE41
:1007D00020461EF0CCFB814613A8F3F793F9E36A99
:1007E0001A93636D2393A36D249394F85C3003F004
:1007F0000703032B08D007A819F043FBB0F5806F5F
:10080000A4BF04F1380327930021204613AA8DF8D2
:1008100097900BF0D2F99DF8963013B901238DF81B
:1008200096304FF6FF73616CA26C99421C911D9239
:1008300026D09A4224D058224FF4802120460CF032
:10084000E5FF4FF480210246049020460DF014F895
:10085000C0F30722C0F307430F908DF87B008DF89B
:100860007C204FF480211C2220468DF87D300CF036
:10087000CDFFC0F307430F90ADF87E008DF88030B8
:1008800094F85C3003F00603022B1AD19DF89630E1
:10089000023B012B15D86FF060430193219BCDF8EB
:1008A000089000931B9A229BE16A0FA81AF024FF7C
:1008B00007A80F9D19F0E0FA8542C4BF01238DF807
:1008C000963008F118050BAF2A46384607A918F0EC
:1008D0008CFF00283FF466AF94F85C1011F0070617
:1008E00009D120460CF03EFA3146424207A818F0E2
:1008F0006FFF236A0A9394F85C300FAE03F006038F
:10090000022B5ED195E80F0086E80F0097E80F00F4
:1009100085E80F00404607AA13A90EF04BFC96E8A5
:100920000F0085E80F0095E80F0086E80F0097E8B4
:100930000F0085E80F0094F85C3003F00703032BE9
:100940003AD16FF060430193219BCDF8089000935A
:100950001B9A229BE16A05A81AF0CEFE07A8059F04
:1009600019F08AFA874212DD636D059A1B989F1869
:100970002022114617F0B4FE00EB40003844A36D6E
:10098000239007AA404613A924930EF013FC07A84E
:10099000069F19F076FA87420EDD636DA46D2393EE
:1009A000069B1B981C4417F0D0FE07AA044413A909
:1009B000404624940EF0FEFB96E80F0085E80F00F9
:1009C000F0E6404607AA13A90EF0F4FBABE700BF20
:1009D00010B501460348EFF72BFD04460AF0B7FEB9
:1009E000204610BDB072030838B504460D461649BE
:1009F000F8F776FF15492046F8F772FF002204F158
:100A00005400114619F04CFAAA1E022A8CBF00228B
:100A1000012294F85C3062F3041384F85C3003F034
:100A20000703012B05D1636B013302D02046FFF78A
:100A3000D1FA94F85C30204665F3020384F85C3008
:100A4000BDE83840FFF7ACBBADEE0208A7EE0208E8
:100A500070B500250C464FF0FF3691F85C302A4601
:100A600023F00F03CD624E6381F85C3004F1540033
:100A7000294619F015FA4FF6FF73C4E9113394F8BB
:100A80005C30204665F3451384F85C300221C4E9EC
:100A90000F55A66325630AF073FB29462046FFF72E
:100AA000A3FF2046BDE8704001491EF081BA00BF97
:100AB000A87203082DE9F04F95B006461746099134
:100AC00002B9FEE7C46A002122460CF0F5FF237844
:100AD0008346B3B902287B600CD0032805D00128D7
:100AE00000D13B6015B0BDE8F08F30460BF042FD01
:100AF0003860F7E730460BF03DFD00EBD07040105A
:100B0000F6E730461EF033FA444B09991B6805900E
:100B100020469847804630461EF011FA069030462F
:100B20001EF015FA049030461EF019FA079017F0DF
:100B30000CFE10A9089030460BF03CFD10A819F0EF
:100B40009BF900250A9010A819F09BF9AA46089A6B
:100B5000069B0B9003EB42030C93069B13440D93EF
:100B6000635D6019002B33D1A946B8F1000F0FD097
:100B700004EB080313F8013C0A2B01D00D2B07D11D
:100B800014F8083023B94546069B089A13449A4442
:100B90002C44049B079AA8EB050120461AF080FD1F
:100BA000099B22469D4218BF049B594618BFC01896
:100BB00010AB0293049B0F900193079B0FA8009327
:100BC000A9EB05031EF075F90F9BC7E9003A89E709
:100BD0000C9B0B9A53449A420ADA96F85C3003F065
:100BE0000703012B01BF059B43F00403DBB2059310
:100BF000059B049A01930023079900930A9BF9F738
:100C000095F805EB0009C845AFD314F80930002B5F
:100C1000ABD00D9B4D469A44A2E700BF3C68030849
:100C2000F8B504460D46164602B9FEE790F85C306A
:100C30001B0723D40BF05AFEE06A1BF01DFA07468F
:100C400030461BF019FA39180131E06AF9F78CFEC9
:100C5000E06200B9FEE74FF6FF739D4203D1084BF7
:100C60001B68984705462946E06A32461AF0ACFCF4
:100C70002046BDE8F84000211EF09AB9F8BD00BF3B
:100C80003468030870B5A8B008460D4619F0FBFBA0
:100C9000A0F11A039BB2012B06460CD92946EC4859
:100CA0000BF098F9012840F0D181284628B0BDE822
:100CB000704019F0E4BB284619F0E1FB1A2E0446F7
:100CC00040F0C4810CA8F3F7E9F900210CAA2046F2
:100CD0000AF0AEFD19F019FAC0F307239DF852206F
:100CE0008DF800008DF80130C0F307409DF85130B9
:100CF0008DF802009DF8530043EA022343EA0040C6
:100D000019F025FB00990246E06A19F0B8FAC0F321
:100D100007238DF85100C0F307408DF852308DF84D
:100D2000530019F0F2F9C0F307238DF80400C0F363
:100D300007408DF8060015988DF8053019F007FB6F
:100D400001990246E06A19F09AFAC0F307238DF878
:100D50005400C0F307408DF855308DF8560019F057
:100D6000D4F9C0F307239DF85A208DF808008DF8B8
:100D70000930C0F307409DF859308DF80A009DF8FE
:100D80005B0043EA022343EA004019F0E0FA0299CB
:100D90000246E06A19F073FAC0F307238DF8590090
:100DA000C0F307408DF85A308DF85B0019F0ADF9AB
:100DB000C0F307239DF88A208DF80C008DF80D30C4
:100DC000C0F307409DF889308DF80E009DF88B0028
:100DD00043EA022343EA004019F0B9FA03990246B4
:100DE000E06A19F04CFAC0F307238DF88900C0F3CC
:100DF00007408DF88A308DF88B0019F086F9C0F322
:100E000007238DF81000C0F307408DF811308DF8DE
:100E10001200BDF86E309DF8700043EA004019F0F2
:100E200096FA04990246E06A19F029FAC0F30723FA
:100E30008DF86E00C0F307408DF86F308DF87000AC
:100E400019F063F9C0F307238DF81400C0F30740CD
:100E50008DF815308DF81600BDF87A309DF87C00BD
:100E600043EA004019F073FA05990246E06A19F066
:100E700006FAC0F307238DF87A00C0F307408DF817
:100E80007B308DF87C0019F040F9C0F307239DF802
:100E900052208DF818008DF81930C0F307409DF8E6
:100EA00051308DF81A009DF8530043EA0223069949
:100EB00094F82F2043EA004019F0E1F9C0F307232A
:100EC0008DF85100C0F307408DF852308DF8530073
:100ED00019F01BF9C0F307238DF81C00C0F307407D
:100EE0008DF81D308DF81E0094F82F200799159865
:100EF00019F0C5F9C0F307238DF85400C0F307407B
:100F00008DF855308DF8560019F0FFF8C0F307231F
:100F10009DF85A208DF820008DF82130C0F307404D
:100F20009DF859308DF822009DF85B0043EA0223BA
:100F3000089994F82F2043EA004019F0A0F9C0F373
:100F400007238DF85900C0F307408DF85A308DF80B
:100F50005B0019F0DAF88DF82400C0F30723C0F322
:100F600007408DF825308DF82600BDF86E309DF8CD
:100F7000700094F82F20099943EA004019F07FF996
:100F8000C0F307238DF86E00C0F307408DF86F3073
:100F90008DF8700019F0B9F8C0F307239DF88A2086
:100FA0008DF828008DF82930C0F307409DF889306E
:100FB0008DF82A009DF88B0043EA02230A9994F8E1
:100FC0002F2043EA004019F05AF9C0F307238DF8A7
:100FD0008900C0F307408DF88A308DF88B0019F036
:100FE00094F88DF82C00C0F30723C0F307408DF868
:100FF0002D308DF82E00BDF87A309DF87C0094F8E5
:101000002F200B9943EA004019F039F9AF218DF8F0
:101010007A00C0F30723C0F307408DF87C008DF8F9
:101020007B3094F82F30239A503B5A4392FBF1F2D5
:101030002392269A2846534393FBF1F326930BF011
:1010400076F804F114020CA90EF097F928B070BDDF
:10105000D87203082DE9F04F97B062480D460AF0A8
:10106000B9FF012816D1284619F00DFA0646284680
:1010700019F005FA182E04460FD1482200210CF071
:10108000C5FB04460690284619F001FA0368A342FE
:1010900000DA046017B0BDE8F08F312E34D1036B55
:1010A000002BF7D0C36A002BF4D0284619F0EFF9D3
:1010B00000236FF060461A461946276BBB4202D1E7
:1010C000C0E90012E6E7E56A05EBC30C55F83350BA
:1010D00005F0C04EBEF1005F03D125F0C04EB6450D
:1010E00002D1A942B8BF2946DCF8045005F0C04C33
:1010F000BCF1005F03D125F0C04CB44502D1AA4237
:10110000B8BF2A460133D9E71A2EC3D128460BF0BF
:101110000EF8236B0090002BBCD0E36A002BB9D0F3
:1011200002A920460BF0DEF92046029D0BF010FECE
:10113000A5EB00092046039D0BF00FFEA5EB000870
:1011400006A80EF062F80021204606AA0AF0F7FD74
:101150000027236B013B9F429CD220460BF004FAF0
:10116000834620460BF003FAE36A0546594653F8D6
:10117000370003EBC70601931EF06DF8484429467B
:101180000D9070681EF067F84FEAC70A019B06468B
:101190000E900AF1080003EB000A594618581EF099
:1011A0005AF8484429460F90DAF804001EF053F824
:1011B00094F8343006A9DB0747BFAE1B2D1A08EBA5
:1011C0000005464444BF4644454400980E96109599
:1011D0000EF035F89DF8553001376FF382038DF826
:1011E0005530B6E7047303082DE9F0410C4600259D
:1011F000204601210BF05DF92046002117F0FDFD8E
:1012000094F86A30042123F00F0384F86A3004F163
:101210005C00A4F8685019F0CDFA2046EFF7FAF810
:101220000121E0620AF001FA2146C4E91355656420
:101230006565A5643448EFF7FBF80646334F0AF0BE
:1012400086FA394630460BF0FBF83046012117F09C
:10125000F8FD3046012117F0D0FD30464FF48041B3
:101260000AF0E3F93046022109F08AFF314626638D
:101270002748EFF7DDF806460AF069FA6FF04042BA
:10128000394630460BF0F3F82946304617F0B5FDE5
:10129000022329461A46304617F0BBFD304602218C
:1012A00009F06EFF4FF4804130460AF0BEF9A663A4
:1012B0003046FCF7F9FC06462346072215490AF09A
:1012C000BDFE30464FF480410AF0AFF92946304662
:1012D00017F093FDE6633046FEF7F6FA0E491DF06F
:1012E00019FDA06BFFF774FB064601210AF09DF97A
:1012F0002346204626646563A5652022BDE8F041AB
:1013000006490AF09BBE00BFF0730308640000208A
:10131000CC730308FFF40208C4690308F1F2020861
:101320002DE9F04F99B0064601911EF039F90546B6
:1013300000285AD01DF0B9FE0021024628460CF0C4
:10134000BBFB022854D003285ED0002128460BF0B6
:1013500027F8002130461EF01CF9804630461EF06A
:1013600022F98146404617F0F0F9834630460BF0EB
:1013700011F964220746002130460CF047FA019B20
:10138000804602904FEAD77A4FEADB74D944002BAB
:1013900043D0002841D05C44336BBA446410C4EBA2
:1013A0006A0403FB194402A8F8F73AFA294602A88E
:1013B00018F09BF9264902A818F099F928460BF075
:1013C000ADF82246014602A818F098F9414602A855
:1013D00018F08FF91F4902A818F09AF902A81E49BF
:1013E00018F092F902A8F8F735FA19B0BDE8F08FB5
:1013F00030460BF0BFF8044628460BF0B5F8231A28
:1014000003EBD3735910A1E730460BF0B3F8044651
:1014100028460BF0A9F8211A98E730465C441EF0E4
:1014200001F9BA44336B6410C4EB6A0403FB19443A
:10143000019B13B1B8F1000FB5D128460449F8F764
:101440004FFA2146284619B0BDE8F04F0AF0BFBF59
:101450008FF50208A1F602088996020838B5002522
:101460000C4691F83C3020466FF3010381F83C3084
:10147000C1E90B554D63102109F082FE20464FF45F
:10148000007109F07DFE21460548EEF7D1FF0AF014
:101490005EF92A462046BDE8384002491EF008B9E8
:1014A000D07603088C7603082DE9F043ABB00846EC
:1014B0000C4618F0E8FF1A28054676D1204618F0A9
:1014C000DEFF204618F0DBFF05460CF05AFE06460C
:1014D00015A8F2F717FB002115AA30460AF06DFB9C
:1014E00020460AF024FE01AF00F118040DF11408A3
:1014F000814694E80F0087E80F002146404606F138
:10150000140218F072F9002878D098E80F0084E8E7
:101510000F00304609A91EF04EF86B690DAE0D9311
:10152000AB6932460E93EB6921460F930A9B304616
:10153000109318F05AF9B8B194E80F000DF144086F
:1015400088E80F0096E80F0084E80F0028461DF099
:10155000ACFD05F114021C9015A948460DF02AFEB9
:1015600098E80F0084E80F006B6932460D930C9BDE
:1015700021460E93EB6930460F932B6A109318F0B7
:1015800034F968B196E80F0084E80F0028461DF092
:101590008CFD05F114021C9015A948460DF00AFEB9
:1015A00097E80F0084E80F0028E0214615480AF06C
:1015B00011FD012822D1204618F061FF182D0646A2
:1015C00009D02E2D1AD10CF0DCFD00212BB0BDE886
:1015D000F043FFF7A5BE204618F059FF05463046F8
:1015E0000CF0CFFD1EF0F6F9044630460AF0BCFFC1
:1015F0002B68241AA342ACBF2B602C602BB0BDE833
:10160000F08300BFD07603082DE9F04F85B0C048C5
:101610000E460AF0DFFC012811D1304618F033FFE6
:101620000546304618F02BFF312D04460AD13046CE
:1016300018F02DFF054620461EF0CCF9286005B0B5
:10164000BDE8F08F1D2D41D8002DF8D0013D1C2D97
:10165000F5D801A353F825F0FB1601081D17010862
:101660005F1701083F1601083F1601083F160108E1
:101670003F1601085F1701083F1601083F160108D1
:101680003F1601083F1601083F160108E918010836
:101690003F190108AF180108E31801083F160108B7
:1016A0003F1601083F1601083F1601083F160108C2
:1016B0003F160108671901083F160108751901084E
:1016C0003F1601083F160108751901082E2D0ED08E
:1016D0002F2DB4D11DF064FF18B1002229460AF065
:1016E0008EFC20460AF089FF0021204600E0002100
:1016F00005B0BDE8F04FFFF713BEC36A012B9ED9BA
:1017000090F83C306FF3820380F83C301DF048FFC6
:10171000804905B0BDE8F04FF8F7E2B8C36A012B85
:101720008DD9F4F72DFD02A917F06BF8204602A918
:101730001EF00EF9039B002B81D020461DF030FFD8
:1017400005460AF009FF0399014428460AF03FFEC6
:1017500094F83C3043F0040384F83C306FE7C36AEC
:10176000012B7FF66CAF1DF01BFF064600283FF4EF
:1017700066AFF4F705FD804617F012F804280DD186
:10178000236B2046636309F070FD054609F039FAC2
:1017900040B10021284609F0CDF903E0022801D12B
:1017A000236B6363404616F0FBFF012802AF37D17D
:1017B00094F83C5015F004053FD0002120461DF060
:1017C000E8FE054620461DF0EEFE8146284616F04E
:1017D000BCFFA569236A81445B1BD8E9180103EBB0
:1017E000D37387E803003946204605EB63051EF0F6
:1017F000AFF80022642098F82510039BC1F1640122
:10180000002B4FD1B3691A44AD1A95FBF9F5E36A81
:1018100025EAE5759D42A8BF03F1FF352DB229E009
:10182000404616F0BDFF0328C2D0236B3A46202164
:10183000204602930AF0E3FB01E74046394616F0E2
:10184000B9FFB269039B39469B1A03937269029BE5
:1018500030469B1A012202931DF029FC8046304637
:101860001DF023FCAA460646A946DFF8ACB0019558
:10187000D04507D1002DD8DB0122294620461EF095
:10188000D0F8D2E73046DBF8003001A998470A28A3
:1018900003D1C8451CBF6B1C1DB2DDF804900AF1D2
:1018A000010AE5E71A444B4393FBF0F3A8E709F07C
:1018B000DCFC0546F4F764FC16F072FF04280DD139
:1018C000284609F09EF9226B08B16263B7E6636BA4
:1018D0009A423FF4B4AE0121236306E7236B6363AE
:1018E000ADE6D0E90C23F3E7C36A012B7FF6A7AE80
:1018F00030460AF025FCA0F11203012B0ED8216B13
:10190000E36A01319942BFF49AAE0122656B11E09E
:10191000F47603088FF5020844680308142802D0FF
:1019200011287FF48CAE216B00293FF488AE012290
:10193000656B013920461EF074F865637FE6C36A63
:10194000012B7FF67CAE30460AF006FCD4E90B137F
:10195000013918448142A8BF014621EAE1718B4256
:101960003FF46DAED1E71DF01BFE05B0BDE8F04FB2
:101970000AF008BB304605B0BDE8F04F1DF01FBFB0
:1019800010B50C463C2104F12C0018F013FF012384
:10199000642284F83C300023C4E910320B4A4FF42F
:1019A0008771A26494F84C20204663F3000284F807
:1019B0004C208722C4E91633C4E914122366A363BA
:1019C0001021BDE8104009F0DBBB00BF0B800240D6
:1019D0002DE9F04FE1B00446084603910AF0A7FB59
:1019E000B4F848300290C3F30E03012B37D94BA84B
:1019F000F2F788F84FF400314BAA20460AF0DDF8E0
:101A00001BA80DF002FC4FF4003120461BAA0AF07F
:101A100096F994F83C30102B01D0082B05D19DF895
:101A2000A9306FF304138DF8A9304FF00008464633
:101A30002BA80DF0EAFB4FF4A0212BAA20460AF0B8
:101A40007EF93BA80DF0E1FB002120463BAA0AF0FD
:101A500076F9B4F84830C3F30E0A564502D361B0A4
:101A6000BDE8F08FA36CC3F3CE33B6FBF3F203FBF8
:101A70001263002B40F097804FF0010908F1010834
:101A8000636C002100933046236C0AF1FF3219F099
:101A900083F804F12C0B0746CDE94D60584618F049
:101AA00034FF0546002843D0EB68BB4200F3C680F4
:101AB0002B69BB42C0F2C280B9F1000F00F0B980BF
:101AC000D5F804B0BBF1000F00F08D8058215846C6
:101AD00012AA19F0C3FA012868D1129BADF8583147
:101AE0001B0C5921584612AA8DF85A3119F0B6FA32
:101AF000012867D19DF848008DF874015B21584694
:101B000012AA19F0ABFA012865D112985A905A21FD
:101B1000584612AA19F0A2FA012840F082801298C1
:101B20004FF400336A6853901BA920461EF0EBF86F
:101B30000DF1200B06AB4A4631462046CDF800B0E9
:101B40001EF0F6FA94F84B3004AD13F0400F00F09D
:101B50002481B9F1000F00F0248103980AF0E7FA1C
:101B6000002310228146194617A8169320F05EFA2A
:101B7000A26B0DF1580B002A00F09C80A16D1FFA9A
:101B800088F38B4271DC03F18043013B52F8233030
:101B9000002B6AD0002252939DF8783162F38613AD
:101BA0008DF8783163E04FF0000969E758224FF46F
:101BB000003120460BF02AFE1690C0F30743ADF823
:101BC00058018EE759224FF4003120460BF01EFEDB
:101BD0001690C0B290E75B224FF4003120460BF024
:101BE00015FE169092E758224FF4003120460BF074
:101BF0000DFE5922C0F307434FF400311690ADF8A3
:101C0000580120468DF85A310BF000FE5B221690E9
:101C10008DF874014FF4003120460BF0F7FD16905B
:101C20005A905A224FF4003120460BF0EFFD1690E7
:101C300076E74FF4A023AA682BA976E720464BAAA3
:101C40004FF4003109F0B9FF20461BAA4FF40031D0
:101C50000AF075F820464FF4A0212BAA0AF06FF87D
:101C60002946584618F058FE1BE70023529394F873
:101C70003C30022B79D0082B2BD028D8012B74D9DB
:101C8000042B72D0284606A918F005F995E8030040
:101C900022AB83E80300284608A918F0FCF895E871
:101CA000030024AB83E803001BA902980DF0C7FAD8
:101CB0000136D2E63B4614215846444AF8F70EFE58
:101CC0009DF87831CDF848B143F0400368E7102B18
:101CD000D8D112A920460AF06DFC12A818F0CCF851
:101CE000074612A818F0CDF84308B3EB570F12A817
:101CF00047D918F0C1F8129B47083B440A93139B3D
:101D000003223B444FF4003120460B930BF07EFD41
:101D10000A22216DB4F8483071435143C3F30E03D6
:101D2000013BB1FBF3F1636D0E9002FB031194F8DC
:101D30003C30082B28D15A9B381AC3F1FF2303F5F6
:101D40007F03F13318440A9A0AAB02440C920B9AAF
:101D50000CA80D920022CDE900324FF480731A4690
:101D600018F07CF80EAB0CAA01E00EAB08AA2046D6
:101D70004BA91DF039FF48460EAA4BA90DF01AFADF
:101D800080E718F07EF8B6E7102B03BF5A9B3F1888
:101D90000F33002008BFD819D5E7B9F1000F7FF441
:101DA00071AF284606A918F076F895E8030032AB23
:101DB00083E803005946284618F06DF895E80300BB
:101DC00034AB83E803002BA96FE700BF1877030843
:101DD00070B51F480D460AF0FDF8012826D12846A7
:101DE00018F051FB0646284618F049FB1A2E044607
:101DF00016D190F94B30002B18DB1DF041FE204628
:101E00001EF0E9FA94F84C302946DB0720460ED53F
:101E10001DF0DBFF29462046BDE87040FFF7D8BD26
:101E20001D2E0CD190F94B30002BE6DB70BDFFF777
:101E3000CFFD29462046BDE870401DF0C6BF182ED4
:101E4000F4D12846BDE8704064210AF091B900BF82
:101E5000247703082DE9F04F87B0D0480E460AF0EA
:101E6000B9F8012846D1304618F00DFB054630463A
:101E700018F005FB04461EF030FC132D07463CD13C
:101E8000304618F004FBA568804605B12D6AD4F8E9
:101E900084302A460293D4F8883029460393D4F834
:101EA0008C3002A80493D4F89030059317F083FC8B
:101EB0000022D8F8001002A817F0D3FC064688F8D4
:101EC0000400B8B9022F15D1636F2A460293A36F9D
:101ED00029460393E36F02A80493D4F88030059356
:101EE00017F069FC3246D8F8001002A817F0B9FCC8
:101EF00088F8040007B0BDE8F08F1A2D3CD8002DFB
:101F0000F8D0013D192DF5D801A353F825F000BFF5
:101F1000A71F0108C51F0108D31F0108F51E0108EE
:101F2000F51E0108F51E0108F51E0108D31F010862
:101F3000F51E0108F51E0108F51E0108F51E010831
:101F4000F51E010867210108CF2101086920010859
:101F5000F51E0108F51E0108F51E0108F51E010811
:101F6000F51E0108F51E0108F51E0108952001085F
:101F7000F51E0108F52101082E2DBBD120461EF0CB
:101F800013FB00287ED04FF40071204609F04DFB72
:101F90004FF48071204609F0F3F8204607B0BDE801
:101FA000F04F09F0EFBF04F19405F4F7E9F8294682
:101FB00016F000FC03222946204607B0BDE8F04F8A
:101FC0000AF0A4BB0121204607B0BDE8F04F1EF087
:101FD0008EBB0026002120461EF089FB94F8A0301D
:101FE00020466FF3000384F8A030C4F89C600AF028
:101FF0007DFC204609F039F9054608F002FE074647
:10200000F4F7BEF816F0CCFB04281BD1002F3FF4E8
:1020100071AF20461EF061FB02280CD194F8A0306D
:10202000980704D443F0020384F8A03062E766F313
:10203000410384F8A0303146284607B0BDE8F04F90
:1020400008F078BD01287FF455AF20461EF0ACFAA9
:1020500038B14FF40071204607B0BDE8F04F09F0E9
:10206000E4BA4FF48071F6E7F4F78AF816F098FBBB
:10207000042802D002287FF43DAF94F8A0306FF31B
:102080004103D1E74FF48071204609F0CEFA4FF4B6
:1020900000717FE712224FF4403120460BF0B6FB6F
:1020A00013224FF440310290824620460BF0AEFBE3
:1020B00010224FF440310290074620460BF0A6FB59
:1020C00011224FF440310290814620460BF09EFBD6
:1020D00068224FF440310290804620460BF096FB78
:1020E000692205464FF44031029020460BF08EFBEA
:1020F000CDE9010020460AF037FA4FEA450B00EB24
:10210000450520460AF033FA019A00EB4200854269
:102110004FEA42031FDA20460AF026FA83444FEAC8
:102120006B035745B8BF57464F45B8BF4F46474565
:10213000ACBFDB1943444FF4403120469D1C09F0ED
:10214000B5FE0544304618F0A2F90368AB42ACBFB7
:1021500003600560CEE6204601930AF008FA019B71
:1021600003445B10DDE7304609F0EAFF20F002038C
:10217000112B15D194F8A0302046990735D41AF0C8
:1021800092FE0122811820461AF025FE002220210D
:10219000204607B0BDE8F04F09F031BF5077030883
:1021A000142802D012287FF4A5AE94F8A03020465F
:1021B0009A0704D41AF077FE0122411EE3E71AF0D1
:1021C00078FE0122411E20461AF04EFEDEE7304620
:1021D00009F0C2FF94F8A03005469B07204604D4BE
:1021E0001AF061FE01222918CDE71AF062FE0122E1
:1021F0008118E8E7304607B0BDE8F04F1EF0E1BBBC
:1022000008B540F20470F8F78BFB034BC3F8DC0110
:1022100000B9FEE708BD00BF701100202DE9F041B4
:102220008AB0002604460E22314606A805961FF005
:10223000FDFEE26F636FB24240DAB342B4BF2D22BB
:102240002B220DF115058DF81420002B01AFB8BF1E
:102250005B420E212F4A3846F8F740FB384619F00A
:102260000BFF94F88410034601F00F02B2EB000C50
:10227000904626D10F2901D94FEA1118BC460023F8
:10228000984502DD1CF8010B78BB0F2931D805A950
:10229000204601F025FA0A2294F88410D4F8803000
:1022A00001F00F01092B30DC414588BF0131204688
:1022B000891B00F0CBFF0AB0BDE8F081012605AD17
:1022C000C3E73818002B09DA384600234FF0300EE8
:1022D0006345CFDA00F801EB0133F9E790F800E04D
:1022E000013B00F80CE00138ECE705F8010B013385
:1022F000C6E72E2105F8011B9A42C8DDF95C0029CA
:10230000C5D005F8011B0133F6E793FBF2F3013961
:10231000C8E700BF1877030838B5002201250C462E
:102320000F4B2046C1E91D230E4BC1E91F35B1F803
:10233000843023F4FF6323F0070343F4806343F006
:102340000503A1F8843029461EF09BFF204629464C
:102350001EF090FF2046BDE83840FFF75FBF00BF8A
:102360009F8601006179FEFF70B557480D4609F060
:1023700031FE012840F0A780284618F084F8064670
:10238000284618F07CF8082E044678D1F3F7F8FEBA
:1023900016F006FA042834D1204608F066FF08F04B
:1023A00030FC70B394F8842002F00F02012A40F24E
:1023B0008A8094F88530D4F8805003F00603042B0B
:1023C00012D1012D04DD2046BDE870401EF09EBBF9
:1023D0000A200021023A18F0C7FBC4F8800020460A
:1023E000BDE870401EF09EBB0A200021013A18F0A3
:1023F000BBFBEB1785428B41F1DB0A23C4F880302D
:10240000E1E720461EF073FF054619F035FEE36C48
:10241000EA5C2E2A22D120461EF0F4FFE26C94F8EA
:102420008430B2EB131F03D90F2B88BF02F1FF32A8
:1024300003F00F03013B9B1AE26F0021002A4FF0CB
:102440000A004FF00102B8BF0133994214D120466F
:10245000C4F88020BDE87040FFF7E0BE984204D188
:10246000411E204600F0F2FED8E7002BD6D1E36FE4
:10247000002BD3DA0121F4E742430131E5E70E2EC8
:1024800021D1F3F77DFE16F08BF90646284617F0AA
:10249000FEFF01682046132905D1042E94D1BDE822
:1024A00070401EF051BB142905D1042E98D1BDE80F
:1024B00070401EF069BB1129F1D01229F7D0BDE898
:1024C000704001F095B870BD7C77030870B598B086
:1024D00004460E4615460021F7F702FA02A8F7F760
:1024E0009FF9214602A817F000F902A81E4917F02B
:1024F000FEF802A84FF0FF3117F012F9314602A89A
:1025000017F0F7F805F5B472294602A817F0F6F8A7
:1025100002A8F7F79FF902A8144917F0F5F84FF44D
:10252000806302A8009340F2512200234FF4D77138
:1025300017F003F94FF4B47202A8002117F0DEF887
:102540000B4902A817F0D3F802A8F7F783F94FF464
:10255000B472204600211AF0E8FB4FF48771204640
:102560001AF0EFFB18B070BDCB0B0308CD96020834
:10257000C70B03082DE9F04196B052480E4609F00A
:1025800029FD012849D1304617F07DFF0446304629
:1025900017F075FF182C054648D112224FF4403130
:1025A0000BF034F9132280464FF440310090284656
:1025B0000BF02CF9102204464FF4403100902846CD
:1025C0000BF024F9112207464FF4403100902846C1
:1025D0000BF01CF94445B8BF4446BC42B8BF3C466A
:1025E0008442B8BF04464FF440310090284609F0B9
:1025F0005DFC02340444304617F049FF0368064688
:102600009C42B8BF1C464FF400310460284609F0D4
:102610004DFC844204DD3068306016B0BDE8F081C6
:102620004FF40031284609F041FCF5E7202C40D159
:10263000642200210BF0EAF80746009088B3284690
:1026400008F00BFEEC6A00F00106631C2FD1002E8F
:102650000CBF4FF480740024360200212846F7F79F
:102660003FF96846F7F7DCF82946684617F03DF869
:102670006846154917F03BF832462146684617F080
:102680003DF86846114917F043F8A11B0029B8BF6F
:10269000494279436846090A17F02BF86846F7F76C
:1026A000D9F8284616B0BDE8F0410AF01FB9360245
:1026B000D3E71A2CB1D1304616B0BDE8F0411EF078
:1026C000B5BA00BFD4770308F70B0308EB0B030878
:1026D0002DE9F04FADF50F7D054617F0D0FE04460D
:1026E000284609F024FD14AF00F1180605463246CD
:1026F000384604F1140117F078F8002877D096E8EE
:102700000F000DF1600C8CE80F0097E80F0086E8D1
:102710000F003022002120460BF078F800210590B0
:10272000729020461EF01EFB1122002109902046C7
:102730000BF06CF800210E90729020461EF004FB06
:1027400000210A9020461EF006FB238DA26A0C93FE
:10275000A54B0B90134043F40023A36256A8F1F756
:102760009DFC4FF4A02156AA204609F061F82CA840
:10277000F1F7C8F94FF4A02120462CAA09F01DFA60
:102780000C9B099A238594F82A3020466FF3C303E3
:1027900084F82A30A36913445E1E0AF0DEFA059B12
:1027A000361A1E441F96002620461C961E960AF0D6
:1027B000CFFA27220D90314620460BF027F8B1467C
:1027C000C3B272900893236B4B450BD9A36B53F89C
:1027D00029201F9B0133991801391F91F9681D9316
:1027E0008B4208DD18AB18350FCB85E80F000DF5CF
:1027F0000F7DBDE8F08F089B012B0FD10B99E3698A
:102800005B1A0D99013B5B1A05995B1A1C9302EB4D
:10281000D27253104FF000080F934BE00A9963698E
:102820000B440D99013B5B1A05990B441E93EEE78F
:10283000B3000693636B03EB860253F8263083B133
:1028400093F800B0089BE16B012B0CD11C9B013B62
:102850001E9351F828001B1A01331C9308F1010A3A
:102860001EE09B46EEE71E9B01331C9351F82800A7
:102870000344013B1E93F1E752F8043B93B11B78EC
:10288000D8070FD5089851F82A3001280BBF1C989B
:102890001E98C01A1B180CBF1C901E930AF1010A47
:1028A000D445E9D1AAEB08031F9A1E447B689A42DB
:1028B00007DAD046D4F82CC0C445B9D809F10109CB
:1028C00081E79DF8A131DDF870E0DDF874C01E9855
:1028D00003F01F015B07CDE92202CDF880E0CDF8BF
:1028E00084C007910AD563690A990B447345BFBF39
:1028F000679B03EBD373AEEB63032093079B9907AE
:102900000AD5A36909990B446345BFBF679B03EBD5
:10291000D373ACEB63032193079B1B070ED5E369CD
:102920000B995B1A013B834208DD679B03EBD37C69
:1029300003F0010303EB6C0303442293079BD907C5
:102940000ED5236A0E995B1A013B9A4208DA679BFF
:1029500003EBD37103F0010303EB610313442393EF
:10296000636C4B4545D1236C434542D1228D02F027
:102970006003A3F120014B424B4102F0040002F03E
:10298000080192074FEA431325D543F0020318BB11
:1029900031BB238594F82A3072A843F0080384F8E9
:1029A0002A30F1F77BFB41A8F1F7ACF84FF4A021F6
:1029B000204672AA08F03CFF4FF4A021204641AA0D
:1029C00009F0FBF80C9B238594F82A306FF3C303BE
:1029D00084F82A3017E010B143F00403D8E729B196
:1029E00043F00803D5E700BF0000F7FF002B40F0DD
:1029F0008C80702256A972A819F0FBF954222CA9D8
:102A000041A819F0F6F920AA284672A9CDE97498D0
:102A1000CDE943980CF0B1FC636B069A9B58002BF0
:102A20003FF447AF4FF4A02120461EF08DF94FF43C
:102A3000A021109020461EF08EF94FF4A02107909F
:102A400020461EF08FF980464FF4A0211122204627
:102A50000AF0DCFE109B1C9A28901A4424921E9BBC
:102A6000079A0BF0020B9B1A26931D9B069A434470
:102A700025931F9B1B1A2793636B24A89B58349A9A
:102A800003F10808509B119210934F9B079317F086
:102A9000F3F9BBF1000118BF0121079BCDE901014A
:102AA00000934146DDE9103212A818F025FEBBF173
:102AB000000F0BD10F9B1D9A1A44139B03EBD3738A
:102AC0005B105B42D118D21A259127920DF1A00B11
:102AD000394658461CAA16F088FE00283FF4E9AE95
:102AE0009BE80F0005F1180888E80F00069A636B51
:102AF00028469B5841A9083324AA48930CF05AFB56
:102B000014AB0FCB88E80F00D3E6202341E700BFCA
:102B1000F0B585B096480E4609F05CFA01281AD146
:102B2000304617F0B0FC0546304617F0A8FC2F2DB4
:102B3000044604D105B0BDE8F0401EF070BA102D77
:102B400000F085801FD8082D00F09E8005D8013D3B
:102B5000ADB2012D3AD905B0F0BD0E2DFBD13046F6
:102B600017F095FC4FF6FF730768D4E910019842FF
:102B700002D0994240F0AF8000232046C4E91033D0
:102B80001EF015FA62E01A2D00F0EB80312DE2D133
:102B9000304617F07CFC00221346E16A8B4209D1D3
:102BA00000231946256BA9420AD1013A013B026074
:102BB0004360D0E7E56B55F8235001332A44EDE735
:102BC000A66B56F8216001313344ECE7F3F7D8FAED
:102BD00015F0E6FD00F0FD000128BCD1F3F7D0FAB6
:102BE00002A915F0E7FD2046029D0AF0B1F8272260
:102BF0000021054420460AF009FE0190C0B20128D8
:102C00002AD100212046E6691EF0A5F8361A751B68
:102C100000263346E26AB24226D12046039D0AF0DE
:102C20009CF8A369002105442046ED1A1EF09AF88D
:102C300000231A46216B2D1A99421DD1226CB242F3
:102C400002D1626C9A4286D0C4E91063204605B076
:102C5000BDE8F04009F04ABE636900212046ED1A44
:102C60001EF072F82D1AD3E7E16B51F826100B44D1
:102C7000AB42D2DC0136CEE7A06B50F82300024411
:102C80009542DBDB0133D7E709F030FEF3F778FA42
:102C900015F0ADFD4FF6FF73216C024699420DD140
:102CA000F3F76EFA15F07CFD00F0FD0001287FF4CB
:102CB00052AF4FF6FF73C4E910334CE7616C994291
:102CC000EED00028ECD12021204609F098F9012807
:102CD0007FF441AFE4E7E66A256BB042B4BF024639
:102CE0000022A942B4BF0B460023142F24D1013A7D
:102CF00096422EDC6A1E9A42C6BF0022013306F1BC
:102D0000FF329D42D4BF05F1FF3323EAE3739042C3
:102D100002D199423FF41FAFC4E91023204609F0C5
:102D2000E5FD20461EF043F900222021204605B093
:102D3000BDE8F04009F063B9132F01D10132D7E7A4
:102D4000112F01D1013BD3E7122F7FF404AF0133E0
:102D5000CEE7002AD5DA13B1721E013BD1E71A463D
:102D6000CFE7304605B0BDE8F040FFF7B1BC00BF8B
:102D7000007803082DE9F0414B1E04460F46072B4F
:102D80004ED8DFE803F02A4B4D044D4D4D2801216C
:102D9000204616F032F820461EF0B0F905462046CF
:102DA0001EF0A9F90646364909F033FB01213046E9
:102DB00016F047F80021284616F01FF8002130468B
:102DC00016F01BF80321304609F089FF0021304638
:102DD00009F092FF2AE00921DAE70021204616F0E7
:102DE0000CF820461EF08AF9054620461EF083F9AD
:102DF0000646234909F024FB0121304616F021F84C
:102E00000121284615F0F9FF0121304615F0F5FFA4
:102E10000021304609F063FF0321D8E70821DDE7F0
:102E20001EF06CF9054620461EF065F994F8303026
:102E300013F00C0F14BF0122002217F00C0814BF6E
:102E4000012300239A4212D02046EEF7F1FFEFF75C
:102E5000B3FE06466420B8F1000F0CD0F6F77CFDF7
:102E6000014606EBD6767210284609F000FB84F87E
:102E70003070BDE8F081F6F76FFD31460246F3E7AA
:102E80006400002070B500260C46154A204681F8E3
:102E90003060114609F0EBFA2046EDF7BBFA204608
:102EA000EDF7B8FA0546314615F0A7FF334632462E
:102EB00028460C4909F0C2F83146284609F0EAFED6
:102EC00020460421FFF756FF2846802108F0ADFB7D
:102ED0002846BDE870404FF4806108F051B900BF4A
:102EE000640000200311030808B51EF007F9BDE8CF
:102EF000084001490BF07FB9D86803082DE9F34772
:102F00000D46064691461EF0F6F8044630461EF081
:102F1000F5F880463046FFF7E7FFA84298BF00F17A
:102F2000FF353046EDF738FF6CB396F8301011F0EE
:102F30000C012BD01522002120460AF067FC8246A6
:102F40000190204609F016FB002127220746304653
:102F50000AF05CFCC3B2012B574408BF69420190E0
:102F600014BF4A464A46204614BF05FB07F1794381
:102F7000EEF7EAFA00214046134A0BF014F9002458
:102F8000114F98B9F56202B0BDE8F08714222046CF
:102F90000AF03CFC07460190204609F0FBFAC119F3
:102FA0004A4620466943EEF7E3FAE3E72B1B5A4211
:102FB0005A410121013408F03FF93A462146404682
:102FC0000BF0F1F8DDE700BFD868030838B50B480F
:102FD0000C4608F0FFFF01280ED1204617F053FAE7
:102FE0000546204617F04BFA2E2D05D1BDE8384096
:102FF0000022C16AFFF782BF38BD00BF2C780308EA
:1030000030B597B064224FF4C02105460AF0FEFBAC
:103010000446009058B928461749F6F761FC95F820
:10302000643043F0010385F8643017B030BD684662
:10303000F6F7F6FB2946684616F057FB68460E4938
:1030400016F055FB2146684616F053FB21466846AC
:1030500016F062FB00226846012116F04FFB68461D
:10306000064916F051FB68464FF0FF3116F058FB49
:103070006846F6F7EFFBD8E7E7110308BF960208AA
:103080002DE9F04F8BB004461EF0CFF85C220021F2
:10309000804620460AF0BAFB06900746E06AD4F85C
:1030A0004CB01CF002F8664B59461B6881469847A5
:1030B000644B00211B680646019309EB0003184688
:1030C0000293019B98478246404615F03EFBBAF1B9
:1030D0000D0F039000F2AF8042F2014222FA0AF291
:1030E00012F0010F0CBF514620210022404615F07E
:1030F000F7FA594604AA0546E06AFDF7DBFCD4F866
:103100002CB058461BF0D1FF0021024658460AF069
:10311000D3FCE36A049A59690A44D9692A448A4269
:1031200029DD94F870B01BF0080B24D1032822D0BD
:10313000039B059A1F443A44CDF810B00592BAF1AA
:10314000000F7AD0404B02981B68984706445946B6
:10315000019B09EB060098470D28014606D842F26C
:103160000143C34013F0010F18BF20210022404645
:1031700015F0B6FA0546266630224FF4C0212046E7
:103180000AF044FB1022824606904FF4C0212046EC
:103190000AF03CFB1122069000EB0A064FF4C02116
:1031A00020460AF033FB1222069000EB0A084FF487
:1031B000C02120460AF02AFB1322069000EB0A07E2
:1031C0004FF4C02120460AF021FB049B5044059A8D
:1031D000DF1B03441D44039B90449844E36A961B01
:1031E0005969226DA06D0A4406929A69636D08447C
:1031F000D3180793E36D08901A44204606A9099254
:1032000009F049FBC4E91476E36A08F1FF385A690A
:103210009B69013DC4E9165817441E4415444344B4
:10322000204606A9069707960895099309F033FBEF
:103230000BB0BDE8F08F514657E7202196E700BF5D
:103240003C680308446803084C680308F7B5C36C7E
:1032500004468B420E4665D0C06A1BF026FF324BF7
:103260001B689847002EB8BF3618B042054604DBED
:1032700047F6FF739E4218BF35462046E564EDF7DA
:103280008BFD20461DF0D1FF064629466A46E06ABE
:10329000FDF710FC304615F058FA05462046019E11
:1032A00009F060FD864204DA012220460199EEF71A
:1032B0005FF9204609F06EF9019B07462046EE189B
:1032C00009F050FD331ABB4206DD01990122C91BEA
:1032D00020462944EEF74CF92046009EEDF7D6FF34
:1032E000864204DA012220460099EEF72DF92046A5
:1032F00009F040F9009B07462046EE18EDF7C6FF9F
:10330000331ABB4206DD00990122C91B204629441D
:10331000EEF71AF9009B2046A364FFF771FE2046E2
:10332000FFF7AEFE03B0F0BD3468030870B540F29D
:10333000DC534B6401230025CB6491F86430C1E970
:103340000D5523F0030343F0030381F8643091F833
:103350007030C1E90F5523F00E0381F87030C1E9D8
:103360000B558D6408460C46FDF732FB0646E062BD
:103370006420F6F7F1FA0146304609F04AF8E06AAF
:103380000D491BF015FE2B462A460C49E06A08F051
:1033900055FE20464FF4806108F047F920464FF46F
:1033A000006107F0EDFE20462946FFF74FFF20465B
:1033B000BDE87040FFF724BE1E7903083B120308E6
:1033C00010B586B0846B64B91DF02FFF234642F21E
:1033D0002202694615F03BF9034C044B002808BF54
:1033E0001C46204606B010BD50780308CA6E03087C
:1033F0002DE9F84F90F8703004465B0735D5C06A68
:103400001BF053FE1A4B1B689847064668B32046CC
:10341000FFF7D6FF814618F02FFE00FB06FA07469D
:103420000AF10100F7F77CFA4FF0000805468346E1
:1034300058463A46494608F1010818F0DAFC464574
:10344000BB44F5D1002305F80A302946E06A1BF099
:10345000AFFD2846F7F77EFA20460649F6F740FA10
:103460002046BDE8F84FFFF70BBEBDE8F88F00BF60
:1034700034680308BB11030810B596B0436C0446CA
:1034800023B916B0BDE81040FFF7B2BF6846F6F7A3
:10349000C7F92146684616F028F968460C4916F027
:1034A00026F96846616C16F024F90122684600216D
:1034B00016F024F96846074916F026F968460649C9
:1034C00016F026F96846F6F7C5F916B010BD00BF2C
:1034D000BB110308BF96020805130308F7B504469D
:1034E0000D4601B9FEE790F870305A0701D5FFF795
:1034F0007FFFE36B0BB9236C9BB100232A4E2B4F4C
:103500000193019BEB5C0BB903B0F0BD01A93368DB
:10351000284698473B6898470146204600F068F8DF
:10352000EFE72946204600F045F80128ECD1D4E920
:103530000B0333B11BF0B9FD037813B9204609F032
:10354000D5F92A46E16CE06AFDF76AFB20461DF0DA
:10355000E1FE94F870305B0715D5606B18F08CFDB8
:103560000646284618F088FD31180131606BF7F7E0
:10357000FBF9606300B9FEE72A46E16C18F024F815
:103580002046FFF779FF0A4B28461B68E66C9847F0
:1035900081192046FFF75AFE00222021204603B061
:1035A000BDE8F04008F02BBD4468030848680308F4
:1035B0003468030870B500230C4E0A460C462121DE
:1035C0000546336008F01BFD306808B9012070BD66
:1035D000037843B1214618F05EFD0028F6D0284656
:1035E0003168FFF77BFF0020F1E700BF5C1301208B
:1035F0007FB590F870300446180703D50A2926D005
:103600000D2924D0002502910091204602A903959E
:10361000FFF7D0FF01281AD12F4B29461E686846B4
:10362000B047236C054643B120461DF060FE2B4B8E
:103630001B689847236C984209D2E36B6BB11B78E7
:103640005BB100230193E06B019BC35C0BB904B039
:1036500070BD01A9B0478542F5D194F870305A0782
:1036600002D52046FFF7C4FED4E90B0333B11BF0AB
:103670001CFD037813B9204609F038F9E16CE06AC3
:1036800002AAFDF7CDFA20461DF044FE94F87030F2
:103690005B0715D5606B18F0EFFC054602A818F023
:1036A000EBFC29180131606BF7F75EF9606300B934
:1036B000FEE7E16C02AA17F087FF2046FFF7DCFE69
:1036C000E16C20460131FFF7C1FD00222021204698
:1036D00008F095FCBBE700BF4468030834680308A2
:1036E000F7B504460D4601B9FEE71DF013FEE36B86
:1036F00013B9236C002B3AD02749E06A1BF058FC21
:1037000047F6FF712046FFF7A1FD94F87030234E75
:1037100013F0040F4FF0000318BF626B204F18BF67
:1037200013700193019BEB5CB3B9236B3BB1E06A6F
:103730001BF0BBFC037813B9204609F0D7F894F8C6
:1037400070305B0720D5606BF7F704F9284618F056
:10375000ADFC6063A8B9FEE701A933682846984725
:103760003B68984701462046FFF742FFDAE72946C3
:10377000E06A1BF01DFC47F6FF712046FFF766FD6F
:10378000D3E72046FFF734FE00222021204603B075
:10379000BDE8F04008F033BC1E7903084468030814
:1037A000486803082DE9F047B8B0B2480D4608F064
:1037B00011FC012840F0AD80284616F064FE064654
:1037C000284616F05CFE102E044604D138B0BDE841
:1037D000F047FFF715BC1A2E00F0BA8100F29C806A
:1037E0000E2E00F01F8100F29480032E00F28E80D6
:1037F000002E00F08E80F2F7C3FC0646002800F091
:103800008880284616F03BFE90F8643004469F07F7
:103810007FD5304614F0C4FF02287AD0304614F029
:10382000BFFF042875D0E06A1CA908F05BFE304693
:1038300001A914F0BFFF304603A914F0E2FF019A7A
:10384000002A66DB029B002B63DB1C992846521A78
:1038500007921D9A9B1A089316F015FE0646E06A19
:1038600008F082FE079BE56A002BC0F23B8198427C
:1038700040F33B81012207A928461BF018FC07A949
:103880000746E06A1BF017FC80F00103DBB294F8F6
:103890007020900702F0010140F13F81002940F0C3
:1038A0002881002B40F03C81012E32D14FF6FF736E
:1038B00042F001024FF440712046A766E36684F8A7
:1038C000702007F05DFC39462046FFF7BFFC94F8F6
:1038D0007030D9071DD5D4E91A239A42696C40F299
:1038E00023818B4202D1A96C8A4204D0C5E91132EE
:1038F000204608F0FBFF032E01D0082E09D194F8D2
:1039000070306FF3000384F8703002E0082E3FF44B
:1039100072AF38B0BDE8F0871D2EFAD1284616F0F8
:10392000AEFD0446284608F002FC0646E06A1BF09D
:10393000BCFB94F864308046DB07EAD51CA8F0F79E
:10394000ADFB4FF4C02120461CAA07F071FFD4E95B
:103950001517E06A236D4269E56D1344039383698B
:103960003A44194430462B44049105921CA903AAF9
:1039700006930BF002FD30224FF4C021204609F0DF
:1039800045FF122207464FF4C0210790204609F058
:103990003DFF4FF0000A10224FF4C02100EB070951
:1039A0000790204609F032FFCDE901AA236E079067
:1039B00008EB0305304B07441B68284698470DF178
:1039C000040802462946404618F013FA039B582281
:1039D0004B440393049B51463B44E06A049309F033
:1039E00015FFC0F307430790ADF8000007A88DF856
:1039F0000230F0F787F84FF4C021204607AA08F0FC
:103A0000DCF89DF89030022B40F20A819DF8683076
:103A1000304643F04003CDF838808DF8683003AA73
:103A200007A9FAE0284616F032FD0168132905D1EE
:103A3000204638B0BDE8F0471DF0E0BC142910D88E
:103A4000012910D98B1E122B0DD8DFE803F0353C6D
:103A50000C0C0C0C290C3F0C0C0C0C0C0C1D230C2E
:103A600017007F2922D0204638B0BDE8F047FFF785
:103A7000BFBD00BF607803084C680308204638B01B
:103A8000BDE8F0471DF0BEBC204638B0BDE8F047A9
:103A90001DF0EABC204638B0BDE8F0471DF0B8BCC8
:103AA000204638B0BDE8F0471DF050BC204638B085
:103AB000BDE8F0471DF093BC0021204638B0BDE8BA
:103AC000F047FFF7C3BB47F6FF71F6E794F8703095
:103AD0001B07C8D500222321204638B0BDE8F04797
:103AE00008F08DBA01230027D1E6012347F6FF77BE
:103AF000CDE6022E0FD0032E02D0082E7FF4E3AEC7
:103B000020464FF4407107F090FD94F87030D807CC
:103B10007FF5FFAED7E6E766D5E600297FF4D3AEA2
:103B2000012E7FF4F6AECEE608D28A4203D1A96C0C
:103B30008B423FF4E0AE6A64AB64D9E64FF6FF73A4
:103B4000994203D1AA6C9A423FF4D5AE6B64F3E775
:103B5000284616F094FC0446284608F0E8FA074682
:103B6000E06A1BF0A2FA0378002B7FF4D2AE236B3D
:103B7000002B3FF4CEAE1B78002B3FF4CAAE1CA83E
:103B8000EFF7C0FF1CAA4FF40021204608F015F8FB
:103B900094F8703000211A0748BF9DF8BB304FF0F1
:103BA000120248BF43F00103204648BF8DF8BB30E6
:103BB00009F02CFE1322054600210790204609F04B
:103BC00025FE1022814600210790204609F01EFEA6
:103BD0001122064600210790204609F017FE3022E8
:103BE000804600210790204609F010FE0346D4E9E4
:103BF000060C1E4406443846216A62691D449944F5
:103C00004344C91A236B1544ACEB090209920A918B
:103C100007950896239307AA1CA90BF0CBFA78E620
:103C20000099129816F035FA00283FF4EFAE70E6CE
:103C300010B50C460C4A2046114608F018FC00232B
:103C400020461A46094908F0F9F92046802107F074
:103C5000ECFC2046032109F042F82046BDE8104064
:103C6000032109F049B800BF64000020B71403081D
:103C700010B50C46044A2046114608F0F8FB2046D1
:103C8000BDE81040EDF788B86400002070B5084624
:103C90000C460AF076FA064608F066FC0546304601
:103CA00008F065FC29460246204608F0E0FB0121A9
:103CB000204615F0A2F82046ECF7ACFB054620465E
:103CC000EEF7B6F8EEF778FF0F4E00EBD07042102B
:103CD0003146284608F0CBFB2846002115F08DF828
:103CE000022300211A46284615F093F82046ECF7E7
:103CF00091FB0446012115F0A4F831462046BDE8A9
:103D0000704008F086BB00BF6400002037B5002576
:103D10000C460D480DF1060201A9ADF80450ADF8AE
:103D2000065000F0C1F968B90123A374BDF804304E
:103D3000C3F5A0732360BDF80630C3F5F07363606C
:103D400003B030BDA574FBE76013012010B5F2F796
:103D5000DBF90446012114F019FD2046BDE81040AE
:103D6000014914F01ABD00BF0D3D010810B5002037
:103D700001F0E8FF4FF47A73B0FBF3F00138B0F1D3
:103D8000807F0BD24FF0E0240F2160614FF0FF30B5
:103D900004F0B6FF0023A361072323610C4B0D48F9
:103DA0001B68036040F60313838000F0CDF90A4BD3
:103DB0000146187010B1094806F0EAF9F5F7F4FA6F
:103DC00000F036F8FFF7C2FFBDE81040ECF782BA0A
:103DD000E423022060130120451302200479030824
:103DE00073B5114B05461B780C461646ABB10B89D3
:103DF0000E4800930B888A8989881DF01DFCA368F2
:103E0000226861689A1AE36808485B1A013302FB6A
:103E1000033331465A0000F043F8284602B0BDE8AB
:103E200070400AF095BD00BFA8240220680D022052
:103E300013B51248124B036040F601038380114B07
:103E40001B6883601DF03FFC4FF4F0714FF4A070CD
:103E5000EEF714FF04460C49EEF7CCFE2046122183
:103E6000EEF7E6FF002320460093084A4FF4FA439A
:103E700007490AF00BFD02B010BD00BF680D02201B
:103E80000106010730240220E13D010868130120EA
:103E9000689001200022014B1A70704746130220DF
:103EA0002DE9F74F05469046504B514C0E46C2F354
:103EB0000A07417800220078019300941DF070FBFE
:103EC0000122697928791DF067FBB8F5006F11D2DE
:103ED000002F40F08880474A137803F0FF04002B3E
:103EE000FAD12878012269781DF05AFB204603B0E8
:103EF000BDE8F08F2346B21E06F2FE7032F8021FB4
:103F00000233090A03F8021C1188824203F8011CDB
:103F1000F4D14FF00109DFF8DCA04FF40062364B1A
:103F20003349A8688AF80090002401F0FDFACB46D6
:103F30004FEAD828C145304B2CD3002FCBD008F105
:103F4000FF33B8F1000F4FEA832308BF0023C4F109
:103F5000010403F58063E4B206EB4306002302AAE2
:103F600002EB840454F8081C481C3288120ACA5414
:103F700036F8022BC2540233BB42F6D31D4B1A78DB
:103F8000002AFCD10122A8681A703A461A4B01F0A7
:103F9000CBFAA0E7C4F10104E4B202AA02EB840266
:103FA00052F8081C002206EBC92001F1010EB0F8FE
:103FB00000C04FEA1C2C01F812C030F802CB0EF8FA
:103FC00012C00132B2F5806FF1D19AF80020002AB8
:103FD000FBD14FF40062A8688AF800B009F101092A
:103FE00001F0A2FAA6E700231C46B5E7471302201A
:103FF000471B022046130220953E0108044BD3F8CC
:10400000D430DB055EBF0122024B1A70704700BF3F
:1040100000C003504823022000B589B08DF8071076
:104020008DF80620C8B10E4B0DF1060203930DF179
:1040300007030493012303A90068ADF81430069226
:10404000ADF81C3000F0A4FD014618B1054806F09B
:104050009FF8022009B05DF804FB0120FAE700BFD9
:10406000700008001F79030800B589B08DF80710AB
:10407000A8B10C49006803910DF1070104910121D9
:10408000ADF8141003A90692ADF81C3000F080FDC5
:10409000003818BF0120400009B05DF804FB012082
:1040A000FAE700BF700004002DE9F3410F46164601
:1040B00000283FD0DFF88C8098F8003003F0FF052F
:1040C00073B3012D06D106236A460321FFF7CCFF07
:1040D000044620B10324204602B0BDE8F0819DF8DB
:1040E00000309DF801201B0203F4706313433B80F2
:1040F0009DF802309DF803201B0203F47063134304
:104100003380398888F800000B4806F041F8318880
:104110000A4806F03DF80A4B88F800401D70DAE7BF
:10412000074B1A78012AD5D10D801D70358088F88B
:104130000050CFE70124CEE72F7903083A7903082E
:10414000472302204823022037B50446A8B31DF0B8
:104150007BFC012302220821032003F0E5FB082059
:10416000174900F02FFF01250822002311460320E4
:10417000CDE9005503F068FB002304226179207922
:1041800003F0D2FB032005F02DFC042261792B46BD
:10419000207903F0C9FB4FF4967005F023FC002250
:1041A00020461146FFF738FF40B9024686212046D7
:1041B00003B0BDE83040FFF72FBF012003B030BD92
:1041C000FD3F010808B504481EF070FDBDE8084039
:1041D000024800F065BC00BF3C820308D0230220E7
:1041E000064B1B681A7A022A04D812B11B68044ACB
:1041F00013607047032AF9D0704700BFE8230220FC
:10420000740D022070B5A2B01E4D0BAC0FCD0FC4C3
:1042100095E80F0084E80F0000244FF47023CDE9E7
:1042200002440494019313AD01AE0FCE0FC5164B9B
:1042300006AE2B60154B18ADCDE9074409940693E3
:104240000FCE0FC52022124B12482B60124B13A920
:104250001D93124B2094CDE91E23114B0BAA2193E1
:10426000104B04F0A9FD044618B1AE210E481DF014
:1042700099FB00214FF4E1301DF078FB204622B07D
:1042800070BD00BF7C7903083C00015B01000F009A
:104290004400015B2C0E0220492302200001010092
:1042A000FC230220780D022045790308014804F020
:1042B000A9BE00BF2C0E0220024B0349186800F073
:1042C0003DBF00BF302402201024022008B504485E
:1042D0001EF0ECFC1DF0D2FABDE8084000F008B872
:1042E0003C82030801481EF0E1BC00BF3C82030889
:1042F0002DE9F04796B0544E09AC35460FCD0FC4AA
:104300002B6806F1140523600EAC0FCD0FC495E8A1
:104310000F00DFF84C8184E80F004C481EF0C6FC0B
:1043200040461EF0C3FC4FF48073494FADF83C305B
:10433000484B38460B9309A90EAB0D9303F0F8F8E0
:1043400004214FF4E065B6F834A00DEB0100012222
:10435000ADF804A000F008FAB6F83690002201216A
:1043600002A8ADF8089000F0FFF9368F0122042171
:1043700003A8ADF80C6000F0F7F90122042104A8AD
:10438000354CADF8105000F0EFF9344B4FF4487055
:10439000C4F8C8344FF00213C4F8C43403F58033B2
:1043A000C4F8CC341C23C4F8B43405F06DFB08A861
:1043B000ADF8205000F04CFA142005F065FB08A879
:1043C000ADF8205000F014FA232005F05DFB08A89A
:1043D000ADF8205000F03CFAB92138461DF00FFC32
:1043E00008A8ADF8205000F003FA002205A81146F5
:1043F000ADF814A000F0B8F9002206A81146ADF8F7
:10440000189000F0B1F90122002107A8ADF81C6056
:1044100000F0AAF90122002108A8ADF8205000F010
:10442000A3F9384602F03CFD00234046C4F8B434FA
:10443000C4F8C834C4F8C434C4F8CC341EF039FC11
:1044400016B0BDE8F08700BF9C7903083C820308E2
:1044500000C00850E070720000C00350020001006C
:10446000488203080348044A0449121A92101DF0B6
:104470008CBA00BFB4010008B40100087C230220FC
:1044800008B5154B83F30A8800F030F8FFF7EAFF10
:10449000124B13498B4212D30020124B12498B420C
:1044A00018D3EBF7DDFE186850F82240586840F842
:1044B0002240013298688242F5D30C33EAE70022A9
:1044C000F8E71C6844F8220001325C68A242F8D385
:1044D0000833E4E70022F8E7000000201085030815
:1044E0001C8503081C8503081C85030870B54FF460
:1044F0008041144B144A154D9A60D3F8882005F575
:10450000005442F47002C3F88820114A91664FF0BB
:10451000FF3222666FF4003262660D22A26602222A
:10452000C3F8D020BFF34F8FBFF36F8F4FF44036E7
:10453000002004F0D7FB0020E66004F06BFB2E6146
:1045400070BD00BF00ED00E00000000800800044E6
:1045500000900050014B1860704700BF38240220C3
:10456000054B1860054B1B6F03F00703032B01D1AC
:104570001DF092BF704700BF402402200080005011
:1045800038B504460D4601B118B9452104481DF05F
:1045900009FA236813B92B60256038BD1C46F8E77B
:1045A000D679030810B5044618B9562104481DF001
:1045B000F9F9206818B1036823600023036010BD77
:1045C000D679030807B50023294801931EF06EFB36
:1045D0004FF44073012204216846ADF8003000F02A
:1045E000C3F80122234B0520C3F8442401A91EF07F
:1045F00058FB002839D1204BD3F8F02042F00102BB
:10460000C3F8F020D3F8FC2042F08072C3F8FC20FD
:104610001A4AA3F55D431A60019B194A03F5D52395
:1046200003F2FC43B3FBF2F3164A013B136102238E
:10463000C2F8F0304FF48073C2F804334FF0604397
:10464000114AC3F8B02F114AC3F8802ED3F8002EB8
:1046500042F48072C3F8002EFF2283F82020D3F8A2
:10466000002E22F48072C3F8002E03B05DF804FB24
:104670003C82030800D0035000ED00E0FF0300403F
:10468000F8590D00000004E055CEACC5090001004A
:1046900030B54FF06043D3F8802ED20715D50124F2
:1046A0000B4D8440D5F8FC2042F08072C5F8FC2008
:1046B000D3F8002E2243C3F8002E53F82020002AFE
:1046C000F0D003F82010002030BD1120FCE700BF1F
:1046D00000ED00E02DE9F0410C2504464FF0010803
:1046E000124E0CB314F001000BD0002024F0010492
:1046F00005FB00625768002FF3D09168C0B2B8473D
:10470000EFE72246013020284FEA520201D0D307BA
:10471000F8D508FA00F20F2824EA0204E8D9103884
:1047200005FB0062B432E5E7BDE8F081CC0E022063
:1047300008B50C481EF0BAFA272004F085FA28B113
:10474000272004F0CFFA272004F064FA282004F090
:104750007BFA28B1282004F0C5FA282004F05AFA80
:10476000002008BD3C8203082DE9F0410E4690462A
:10477000044638B993211C481DF014F92225284617
:10478000BDE8F0810F290DD803782BB1012B0FD094
:10479000022B10D0032B05D140F2FF736278D34077
:1047A000DB070BD4972110481DF0FCF82125E6E724
:1047B00040F2FF13F2E743F6FF73EFE70B4BD3F83A
:1047C00010532DB19B2108481DF0ECF80225D6E7C7
:1047D0001EF05CFA074642462046314603F034FE9E
:1047E00038461EF04EFACAE7107A030800C003509C
:1047F00038B5044628B91548E4211DF0D3F8222025
:1048000038BD03782BB1012B0FD0022B10D0032B16
:1048100005D140F2FF736278D340DB070BD40B481D
:10482000E8211DF0BFF82120EAE740F2FF13F2E78C
:1048300043F6FF73EFE71EF029FA054620461DF008
:1048400001FF28461EF01DFA0020D9E7107A030860
:1048500038B5044628B91648FC211DF0A3F82220DB
:1048600038BD03782BB1012B10D0022B11D0032BB4
:1048700005D140F2FF736278D340DB070CD40C48BB
:104880004FF480711DF08EF82120E9E740F2FF130C
:10489000F1E743F6FF73EEE71EF0F8F90546204610
:1048A00003F04AFD28461EF0ECF90020D8E700BFCF
:1048B000107A03082DE9F0410D4616469846044645
:1048C00000B139B931484FF4E0711DF06BF8222086
:1048D000BDE8F0810278DAB1012A1DD0022A0AD09F
:1048E000032A15D0FF2A0CD04FF4E27127481DF09F
:1048F00059F82120ECE743F6FF734278D340DA07FA
:10490000F2D5022E0CD9042E0AD04FF4E471EDE753
:1049100040F2FF736278F1E740F2FF134278EDE76F
:104920001EF0B4F923780746FF2B05D03246204607
:10493000296803F0F5FD28602B68013309D123783D
:10494000FF2B06D1124B6078D3F824141DF07FF9A9
:10495000286029684B1C14D00C230E4A03FB01224B
:10496000069BC2F8048093602378FF2B04D00123B8
:10497000094A8B40C2F8243438461EF082F90020E0
:10498000A6E738461EF07DF92D20A1E7107A03082E
:1049900000C00350CC0E022000D003502DE9F0419E
:1049A0000D4690461F46044600B139B929484FF4D8
:1049B0000B711CF0F7FF2220BDE8F081017800297F
:1049C0003AD001293CD002290AD0032934D0FF294A
:1049D0000CD0204840F231211CF0E4FF2120EBE70D
:1049E00043F6FF734278D340DA07F2D51EF04EF952
:1049F00023780646FF2B05D042462046296803F05F
:104A000083FE28602A68531C1ED00C23124903FB26
:104A10000211069BC1F8B870C1F8BC302378FF2B97
:104A200005D00123103293400C4AC2F8243430469A
:104A30001EF027F90020BFE740F2FF736278D2E74B
:104A400040F2FF134278CEE730461EF01AF92D20CF
:104A5000B2E700BF107A0308CC0E022000D003504A
:104A600008B503F097FC054B00F0553020F0A0404E
:104A7000C3F82004BDE80840FFF72CBE00E0035057
:104A800008B503F087FC054B00F0AA3020F0204069
:104A9000C3F82004BDE80840FFF71CBE00E0035047
:104AA00070B586B0044618B9AC2133481CF07AFFC3
:104AB0002368B3F1B64F46D130481EF0F7F8002511
:104AC000A3880122ADF80030E3880A216846ADF8DA
:104AD0000430FFF749FE01220A2101A8FFF744FE36
:104AE0000A266846FFF7B4FE642004F0CDFF68464E
:104AF000FFF77EFE642004F0C7FF013EF1D10323DF
:104B00001F4A02EB0511C1F8283560792379533526
:104B100043EA0043C1F82C35E179A3792D0143EA3A
:104B20000143535140F20113ADF80830E3682068A7
:104B30000493A36802A90393237C8DF8143002F038
:104B4000EDFF06B070BD0F4A93420FD002F58042D0
:104B5000934206D0D121084806B0BDE870401CF051
:104B600021BF09481EF0A2F80225A9E707481EF058
:104B70009DF80125A4E700BF4E7A03083882030898
:104B800000C0035000000B50308203083482030839
:104B900038B5054603F01EF9044C012801D1013C4B
:104BA00000D138BD284602F0F3FFF6E7E193040098
:104BB0002DE9F04F85B09A46554B06461B780F46B7
:104BC0001546DDF83C909DF844B0DDF85080002B90
:104BD00000F09780072A00F296800E9B002B00F0D1
:104BE0009280B9F1000F00F08E80129BB3F5006F38
:104BF00000F38980012803D1109B002B00F08380F3
:104C0000444B03EB05131B7B002B7ED0424C102240
:104C1000002168461DF00AFA04EB45141022A7BBD8
:104C2000394620461DF002FA43F210036380BBF1BF
:104C3000000F03D1E37843F00303E370364A0E9B81
:104C400002EB451CCCE90193129B6901581E9DF8AB
:104C50004C30C0F30A0003F003039B0643EA001E36
:104C600053582E48012E00EA03004EEA0003CDF807
:104C700000A0535017D0B8F1000F2ED19CF802308D
:104C800068F304138CF8023027E0002120461DF061
:104C9000CDF94FF444736380BBF1000FCED1E378BC
:104CA00043F03003C9E713230CF1100ECCF80C309D
:104CB0009CE80F008EE80F006FF00301DCF81C2069
:104CC000109B61F39F02012FCCF81C20CCF814300C
:104CD00003D1CCF81890CCF8043000270D4A2901F4
:104CE00002EB051342F80180159A28465A6069467E
:104CF00022469F605E7303F065F9384605B0BDE853
:104D0000F08F0748FAE70748F8E70748F6E700BFDB
:104D10006923022034110220341002200F80FFF397
:104D2000028000F0018000F0078000F038B5124BDF
:104D300005461B78DBB1E0B11DF0A8FF0F4A002348
:104D40001146147B54B92B6001251A0101EB0313A2
:104D50001D738C501DF095FF204638BD0133082B84
:104D600002F11002EDD11DF08CFF0548F5E7054872
:104D7000F3E70548F1E700BF692302203411022060
:104D8000048000F0028000F0018000F038B51DF0D2
:104D90007DFF002305460B4A147B6CB90133082BB9
:104DA00002F11002F8D103F08FF8074B28461C706F
:104DB0001DF067FF204603E028461DF062FF034810
:104DC00038BD00BF3411022069230220058000F0A5
:104DD00010B50D4B04461B7893B1072812D81DF06F
:104DE00055FF0A4B03EB04131A7B2AB100241C73F2
:104DF0001DF047FF204610BD1DF043FF0448FAE7B1
:104E00000448F8E70448F6E7692302203411022039
:104E1000068000F0028000F0018000F013B5154B11
:104E20001868002301908DF804301DF02FFF124BFD
:104E30001C7824B11DF025FF104802B010BD0122DE
:104E40001A701DF01EFF0E4B01A81C731C7783F80F
:104E50002C4083F83C4083F84C4083F85C4083F856
:104E60006C4083F87C4008238DF8073003F062F82B
:104E70002046E2E7907A030869230220038000F0CD
:104E800034110220F8B50D4D2D7885B1072810DCBE
:104E90000B4D060105EB0014277B67B1AB510025D4
:104EA000069BA560636003F08DF82846F8BD0548B1
:104EB000FCE70548FAE70548F8E700BF6923022048
:104EC00034110220028000F0018000F0078000F021
:104ED00008B50A4A12785AB107280BD8084A02EBDB
:104EE00000131B7B43B1002103F004F8002008BD30
:104EF0000448FCE70448FAE70448F8E7692302207D
:104F000034110220028000F0018000F0078000F0E0
:104F100008B50A4A12785AB107280BD8084A02EB9A
:104F200000131B7B43B1012102F0E4FF002008BD08
:104F30000448FCE70448FAE70448F8E7692302203C
:104F400034110220028000F0018000F0078000F0A0
:104F50002DE9F041174B1F6D5B6D1F4000D5FEE73B
:104F600001260025144CDFF85880374218D02368FA
:104F7000C8F85060A3B1A168284601316268A160F9
:104F80009847637B012B0BD150B90C4B03EB4513B6
:104F90001A7B60F341021A731A7F60F341021A7799
:104FA0000135082D4FEA460604F11004DDD1BDE8B5
:104FB000F08100BF000004503411022034100220A0
:104FC000002004501FB54FF6FF730F28ADF80830CE
:104FD000039009DC00910022084B03A902A8FFF707
:104FE00069FC05B05DF804FB1038039000910022C5
:104FF000024B03A902A8FFF7D1FCF2E7431A03080A
:1050000038B514461DF042FE0023A36484F84C30EA
:105010002364237F0546012B03D104F160001DF0BA
:10502000BBFC636B1BB100212046E26B984728460E
:105030001DF027FEA36D002B03DCCA2103481CF0E2
:10504000B1FCA36D0120013BA36538BD947A030830
:105050002DE9F04387B016460022436390F85C3098
:105060000446884680F85420C663002B37D14FF49D
:10507000406305686B614369092B03D905F12C0373
:10508000443506E00BBF05F1200305F12403383554
:105090003C3567694FF00009082F94BF00270127AE
:1050A000A26D0132A265124A0494CDE90272019602
:1050B000CDF80090216B04F13802A06A1CF0A7FC27
:1050C0000123CDE90399CDE9016700932A464346C0
:1050D000E16A606A1CF081FC07B0BDE8F083012B37
:1050E000FAD100681CF027FD256805F13C03C7E7ED
:1050F0000150010838B50546B0B1B9B1B2B1B2F549
:10510000006F13DC1DF0C2FD95F84C3003F0FF0476
:105110001BB11DF0B6FD064838BD012385F84C30A3
:105120001DF0AFFD2046F7E70248F5E70248F3E738
:10513000032000F0012000F0022000F0F0B58FB055
:105140008A4A0B68054693420C4606AF0BD0884A44
:10515000934208D002F58042934204D002F5804287
:10516000934240F0DB80BC46824E05970FCEACE800
:105170000F0096E80F0010368CE80F000FCE0DF1EF
:10518000040CACE80F00002D00F0BD810026842245
:10519000002128461CF04AFF2368744AAE659342FA
:1051A00010D0734A934200F09F8002F580429342F0
:1051B00000F0A08002F58042934200F0A1806E488A
:1051C0000FB0F0BD4FF470226C486D492B60012385
:1051D000A44685F85C302F1DC5E90B122865BCE894
:1051E0000F000FC79CE80F0087E80F00637E012BBC
:1051F00008BF8DF81D30A37E3BB1012B00F08680E7
:10520000022B02D0032BDAD10623227E8DF8123036
:10521000012AE3687CD15B4A93428CBF04230523B7
:10522000059A537700238DF81130574B5748039355
:105230001DF03CFD2B6D98681DF038FD2369DA1FC9
:10524000092ABCD8063B8DF81030237E2BB9E37EAB
:10525000B3FA83F35B098DF81C30012128461CF05A
:10526000F5FB0028ACD1237A2279760142EA034289
:1052700006F1A04303F57033C3F8AC24617A627978
:1052800042EA0142C3F8A424A17AA27942EA014287
:10529000C3F8A824E27E002A3ED1E17AE27942EA0C
:1052A0000142C3F898241D222068C3F8942401A960
:1052B00002F03EF91DF0EAFC354B1A78002A40F066
:1052C000178101221A701DF0DCFC04F051FBFFF77E
:1052D000A5FD002105F12400FFF728FD0146002867
:1052E00000F009812B486BE74FF4801201262A4811
:1052F0002A496BE74FF4981202262948294965E7A5
:105300004FF4A0120326284828495FE704237CE7CE
:1053100000228DF8342089E71C22C5E73E46DFF8DD
:105320009CC0BCE80F000FC69CE8070086E8070099
:10533000002D00F0E88000268422002128461CF081
:1053400075FE23681A4AAE65934239D002F5804251
:10535000934200F0B58002F5804293427FF42FAF74
:105360004FF4B0120226134813492DE00000015BF0
:1053700000C00850D47A0308022000F0A882030875
:1053800001000F003F4B4C0040420F003C820308DD
:105390006A230220092000F09C820308010010000B
:1053A00090820308010013008482030801001400A6
:1053B00000000A505482030804001600087B03080A
:1053C0004FF48022514852492B600023A64685F8AD
:1053D0005C3005F1040CC5E90B122865BEE80F002E
:1053E000ACE80F009EE80F008CE80F00637E012BF5
:1053F00008BF8DF82630A37E43B1012B66D0022B67
:1054000067D0032B7FF4DBAE4FF44073ADF8283048
:10541000237E4048012B03BF00238DF825304FF435
:10542000E133E36808931DF041FC2B6D98681DF093
:105430003DFC23691A1F0C2A3FF6C1AE033B3946D7
:1054400020688DF8243002F01FFFA36923F47F0346
:1054500023F47F432BB94FF480322B6803F580533C
:105460009A60237A2779607947EA0347637AA179BA
:1054700040EA034094F81BC0A37A274A41EA03415B
:105480007301BCF1000F27D11A44C2F83878C2F872
:105490003008C2F83418E17AE27903F1A04342EA15
:1054A000014203F57033C3F824281D22C3F82028D5
:1054B000012128461CF0CAFA00287FF481AEF9E6E3
:1054C0004FF4A8120126154815497DE74FF40073E3
:1054D0009CE74FF4807399E71344C3F83878C3F816
:1054E0003008C3F834181C23413676019351DFE7A6
:1054F0001DF0C7FBEBE605F12800FFF717FC0028BD
:105500003FF45EAEEEE607485AE600BF6C82030841
:10551000020004003C82030800C0035060820308BC
:1055200002001500012000F02DE9F0419846037FAC
:105530000546012B0E4617460CD0FFF7DBFD04464F
:1055400028B943463A4631462846FFF781FD2046B2
:10555000BDE8F081004CFAE7082000F070B5037F49
:105560000446012B0D4616460DD0FFF7C3FD48B982
:10557000324629462046054BFFF76AFD20461CF0BF
:10558000E5FAA06C70BD0248FCE700BF992C030847
:10559000082000F0044BD3F88420D206FBD4D3F8C3
:1055A0008400C0F3811070470040005038B5104BA4
:1055B0000546D3F800310C4603F00303022B0BD051
:1055C000032B0DD0012B0FD11CF080FF032305B15D
:1055D000286004B1236038BD1CF0CAFF0923F6E738
:1055E0001CF07AFF0823F2E701230020EFE700BF59
:1055F0000080005038B5104B0546D3F840310C46BA
:1056000003F00303022B0BD0032B0DD0012B0FD182
:105610001DF028FB0A2305B1286004B1236038BDC2
:105620001CF0A6FF0923F6E71DF01FFB0C23F2E791
:1056300001230020EFE700BF0080005038B5104B79
:105640000546D3F860310C4603F00303022B0BD060
:10565000032B0DD0012B0FD11DF004FB0A2305B144
:10566000286004B1236038BD1CF082FF0923F6E7EF
:105670001DF0FBFA0C23F2E701230020EFE700BF47
:105680000080005038B5104B0546D3F840320C4628
:1056900003F00303022B0BD0032B0DD0012B0FD1F2
:1056A0001DF0E0FA0A2305B1286004B1236038BD7B
:1056B0001CF05EFF0923F6E71DF0D7FA0C23F2E792
:1056C00001230020EFE700BF0080005038B5124BE7
:1056D0000546D3F880300C4603F00303022B0BD0B1
:1056E000032B0DD0012B0FD11CF0B6FE0E2305B1FC
:1056F000286004B1236038BD1CF0F2FE0723F6E7F2
:105700001CF0A4FE0623F2E7044841F214211CF029
:1057100049F900231846EAE700800050247B03087B
:1057200038B51A4B0546D3F820010C4600F00700A7
:10573000062821D8DFE800F028040C1410181C00FB
:105740001CF084FE052305B1286004B1236038BD38
:105750001CF0BCFE0323F6E71CF0C2FE0723F2E7B1
:105760001CF0B0FE0223EEE71CF070FE0623EAE711
:105770001CF0ACFE0423E6E7054841F291211CF041
:1057800011F900231846DEE70123DCE70080005012
:10579000247B030838B5194B0546D3F828310C464D
:1057A00003F00703013B052B20D8DFE803F00313C8
:1057B0001B0F0B171CF04AFE052305B1286004B12E
:1057C000236038BD1CF042FE0623F6E71CF088FE7D
:1057D0000723F2E71CF07AFE0323EEE71CF076FEC7
:1057E0000423EAE71CF06EFE0223E6E7044841F2D8
:1057F00099011CF0D7F800231846DEE7008000501E
:10580000247B030837B500230193194B0546D3F8D1
:1058100020320C4603F00703042B1FD8DFE803F007
:1058200025030F141900002101A8FFF7B3FF12236D
:105830000DB1019A2A6004B1236003B030BD1CF0A1
:105840004FFE07230190F3E71DF00CFA0A230190A5
:10585000EEE71CF08DFE09230190E9E741F25601C5
:1058600004481CF09FF80023E2E70123E0E700BFB3
:1058700000800050247B0308F7B50027144B0197E4
:10588000D3F88041064604F00304022C0D4614D0E0
:10589000032C0DD0012C14D1394601A8FFF740FF8D
:1058A00010240EB1019B336005B12C6003B0F0BD34
:1058B0001CF016FE07240190F3E71CF003FE019094
:1058C000EFE741F2E63103481CF06CF83C46E8E7AC
:1058D00000800050247B030838B5164B0546D3F8EA
:1058E00000020C4600F00700042819D8DFE800F099
:1058F00020030B0F13001DF0B5F90A2305B1286032
:1059000004B1236038BD1CF033FE0923F6E71DF017
:10591000ACF90C23F2E71CF0BFFD0F23800AEDE782
:10592000054841F2A4411CF03DF800231846E5E784
:105930000123E3E700800050247B030838B5164BB1
:105940000546D3F808020C4600F00700042819D8D1
:10595000DFE800F020030B0F13001DF083F90A238A
:1059600005B1286004B1236038BD1CF001FE092395
:10597000F6E71DF07AF90C23F2E71CF08DFD0F23FA
:10598000800AEDE7054841F2DC411CF00BF80023EA
:105990001846E5E70123E3E700800050247B030875
:1059A00038B5124B0546D3F850320C4603F00303CA
:1059B000022B0FD0032B05D0012B0FD11DF052F974
:1059C0000A2302E01DF051F90C2305B1286004B14F
:1059D000236038BD1CF0CCFD0923F6E7044841F2F2
:1059E000C9011BF0DFFF00231846EEE700800050DE
:1059F000247B030837B500230193184B0546D3F8E1
:105A000060320C4603F00703013B032B1FD8DFE88D
:105A100003F0020E1914002101A8FFF781FE1023E4
:105A20000DB1019A2A6004B1236003B030BD00219A
:105A300001A8FFF7DFFD1123F2E71CF051FD07235A
:105A40000190EDE71CF03EFD02230190E8E741F2F2
:105A5000FD0103481BF0A6FF0023E1E70080005092
:105A6000247B030837B500230193184B0546D3F870
:105A700094320C4603F00703013B032B1FD8DFE8E9
:105A800003F0020E1914002101A8FFF749FE1023AC
:105A90000DB1019A2A6004B1236003B030BD00212A
:105AA00001A8FFF7A7FD1123F2E71CF019FD07235A
:105AB0000190EDE71CF006FD02230190E8E741F2BA
:105AC000301103481BF06EFF0023E1E70080005017
:105AD000247B030873B500240F4B0194D3F8703274
:105AE000064603F00303012B0D4607D0022B11D00D
:105AF00041F25B1109481BF055FF04E0214601A863
:105B0000FFF778FD11240EB1019B336005B12C60C5
:105B100002B070BD1524F6E700800050247B030816
:105B200008B5334B98424FD027D8324B984245D0D6
:105B300017D8314B98423ED00AD838B12F4B9842F3
:105B400039D041F2BB312E481BF02CFF002034E04D
:105B50002C4B98422FD02C4B9842F2D12B4B586EA5
:105B60002BE02B4B98422CD003F5371303F5D86369
:105B70009842E6D1254B986F1FE0264B98422FD0D4
:105B80000CD8254B984223D0244B984224D0244B48
:105B90009842D6D11D4BD3F884000EE0214B984299
:105BA00022D003F5740303F510539842C9D1174B63
:105BB000D3F8980001E0154B986D08BD134B186F92
:105BC000FBE7124B586FF8E7104BD3F88000F4E76F
:105BD0000E4BD3F88800F0E70C4BD3F88C00ECE7C1
:105BE0000A4BD3F89000E8E7084BD3F89400E4E7B9
:105BF00080BA8C01405DC60080841E0040420F00C8
:105C0000247B030800093D00C0CF6A000080E00F3C
:105C10000024F400007E560380D54302006CDC02B1
:105C20000048E8010090D00310B5B0F5207F2ED0D9
:105C300009D8B0F5007F24D003D868B1B0F5C07F93
:105C40000AD000241BE0B0F5607FFAD1124BD3F8E4
:105C50008040C4F3011412E00F4B1C6F230B13F0B0
:105C60000E0FC4F303340AD0072C08D00F2C06D033
:105C7000032C04D04FF4227108481BF093FE601CE3
:105C800010BD054BD3F89040C4F30464F7E7024B12
:105C90001C6FC4F38024F2E700800050247B0308CB
:105CA00038B54FF48032104B04469A6600200D46FA
:105CB000FFF7BAFF41F671320C4B6043DC69DA63DF
:105CC0005A6804F4803422F440125DB908498842CD
:105CD00094BF00200120000502435A600CB100224D
:105CE000DA6338BD0349F2E700900050000003502A
:105CF000005A6202002D310138B5420904460D46B2
:105D000006D140F235310D481BF04CFE002305E072
:105D1000531E022B0BD80A4B03EB820304F01F0423
:105D200045B103F580530122A2401A6038BD40F20C
:105D30004331E8E703F50053F5E700BF247B030890
:105D40006080005030B585B00021B0F5807F0446FA
:105D5000CDE9001100F009816BD8002800F0D9804E
:105D6000A0F12004602C74D8602C72D8DFE814F005
:105D7000D100DE00D100DE00EE00EE00EE00EE000D
:105D8000EE00DE00F8007D000E019D007D00DE00CB
:105D9000DE00DE00710071007100710071007100A1
:105DA00071007100DE00DE00DE00AF001801DE00D1
:105DB000710071007100710071007100710071005B
:105DC00071007100710071001D01EE00D100D10061
:105DD000D10013017D007D00BB0022019200F30081
:105DE00071007100710071007100C600D100710076
:105DF000EE00EE00EE00EE00EE00F300F300DE0039
:105E00007100DE00DE007100710071007100710030
:105E100071007100710071007100710071007100FA
:105E200071007100710071007100710071007100EA
:105E3000CB00B0F5E06F00F0B3803BD8B0F5607FE9
:105E40007FD01DD8B0F5007F66D008D8B0F5C07FF0
:105E50005FD040F2A4415C481BF0A4FD56E0B0F5D1
:105E6000207F63D0B0F5407FF3D11CF015FB0446D2
:105E70004FF42070FFF7D8FEB4FBF0F464085EE046
:105E8000B0F5B06F6CD00AD8B0F5806F5ED0B0F5C9
:105E9000A06FDED100216846FFF7B4FC36E0B0F514
:105EA000C06F73D0B0F5D06FD3D100216846FFF733
:105EB00013FD2BE0B0F5186F77D00DD8B0F5086F53
:105EC0007DD0B0F5106F66D0B0F5F06FC1D1002174
:105ED0006846FFF7B3FB19E0B0F5286F6AD007D822
:105EE000B0F5206FB5D100216846FFF783FD0DE0C6
:105EF000B0F5406F2FD0B0F5486FAAD100216846A9
:105F0000FFF7B0FD02E01CF0A7FA0090009805B082
:105F100030BD1CF0C1FAF8E71CF09EFA0546204699
:105F2000FFF782FEB5FBF0F50095EFE71CF0B4FA41
:105F300004464FF42070FFF777FEB4FBF0F40094B2
:105F4000E4E701A8FFF7C2FB019DE8E700216846EE
:105F5000FFF7E6FBDAE700216846FFF71BFCD5E711
:105F600000216846FFF788FCD0E74FF0E02302915C
:105F70001B695B0705D51CF08FFA0290029B00930A
:105F8000C4E703A902A8FFF735FBF7E7002168463D
:105F9000FFF730FBBAE700216846FFF7CFFCB5E713
:105FA00000216846FFF76EFBB0E700216846FFF767
:105FB000F7FCABE700216846FFF78CFDA6E76846D3
:105FC000FFF7F4FAA2E700BF247B030808B580209E
:105FD000FFF7B8FE034B98429EBF4FF48032024B4E
:105FE0001A6708BD005A620200A000501FB50346A0
:105FF0000020B3F5807F019000F0FB8000F28B80E1
:10600000662B7BD83C2B05D8243B092B5CD940F26E
:106010008951DDE03D3B292BF9D801A252F823F04C
:1060200015620108436201080F6001080F60010852
:106030000F6001080F6001080F6001080F60010880
:106040000F6001080F6001080F6001080F60010870
:106050000F6001080F6001080F6001084D62010820
:10606000E96101080F6001080F6001080F60010875
:106070007F6101080F6001080F6001089961010844
:106080005762010841610108396201080F60010887
:106090000F6001080F6001080F6001080F60010820
:1060A000B16101080F6001080F600108E961010892
:1060B000E9610108E9610108E9610108E961010894
:1060C0003962010839620108092BA0D801A252F8EF
:1060D00023F000BFE9610108E9610108E9610108F5
:1060E000E9610108E96101080F600108D96101084F
:1060F0000F6001085F6101081F620108802B86D1D3
:10610000574B1B6F03F00703013B032B5ED8DFE8FF
:1061100003F05B545759B3F5F06F7BD024D8B3F537
:10612000B06F59D011D8B3F5607F00F08180FFF4D3
:106130006EAFB3F5806F57D0B3F5A06F7FF467AF44
:10614000002001A9FFF75EFB4AE0B3F5D06F66D0EF
:10615000B3F5E06F75D0B3F5C06F7FF458AF002092
:1061600001A9FFF747FA3BE0B3F5186F6ED00BD8E3
:10617000B3F5086F58D0B3F5106F7FF448AF002027
:1061800001A9FFF7DBFB2BE0B3F5286F63D008D83C
:10619000B3F5206F7FF43BAF002001A9FFF72AFC85
:1061A0001EE0B3F5406F47D0B3F5486F7FF42FAFD3
:1061B000002001A9FFF756FC12E0052301930FE030
:1061C0000323FBE70823F9E70223F7E740F2D64170
:1061D00024481BF0E7FB03E0002001A9FFF74CFB7C
:1061E000019805B05DF804FB002001A9FFF798FABB
:1061F000F6E74FF0E02302901B695B0705D51CF022
:106200004BF90D230393039BD8E703A902A8FFF7DB
:10621000F1F9F8E7002001A9FFF710FAE0E7002004
:1062200001A9FFF759FBDBE701A9FFF7BFF9D7E7A2
:1062300001A9FFF74BFAD3E7002001A9FFF7AAFA5B
:10624000CEE7002001A9FFF71DFAC9E7002001A948
:10625000FFF7A6FBC4E7002001A9FFF73BFCBFE75F
:1062600000800050247B03084FF48032074B08491C
:10627000586E03F580535A664B6A23F001034B6254
:10628000C3035CBF034B5A66704700BF00800050D9
:106290000000085000A0005038B5036804460F2BDA
:1062A00004D940F68A317C481BF07CFB63680F2BD5
:1062B00004D940F68D3178481BF074FBA3680F2B8E
:1062C00004D94FF4396174481BF06CFB237B0F2B0E
:1062D00004D940F6933170481BF064FB637B0F2BAD
:1062E00004D940F696316C481BF05CFBA37B3F2B36
:1062F00004D940F6993168481BF054FBE37B3F2BEF
:1063000004D940F69C3164481BF04CFB2369032BF5
:1063100004D940F69F3160481BF044FB6369032BAE
:1063200004D940F6A2315C481BF03CFBE369032B27
:1063300004D940F6A53158481BF034FB8020FFF704
:1063400055FE032800F083804FF48012534B4FF02A
:10635000A0615A6645F60E02514BC3F88020514A9F
:1063600091624FF4803102F5805291629A6DD203AE
:10637000FCD4996D11F08041FBD1D4E900021205E3
:1063800042EA0062E07B0243207B42EA0042607BFB
:1063900042EA0032A07B42EA80121A619869D4E98D
:1063A0000452120642EA856200F000400243A07ED9
:1063B000E57E0243207E42EA0042607E42EA0022FD
:1063C0009A611A6AE06922F00F0242EA8502364DAC
:1063D00000283DD11A6294F82420996A94F820008C
:1063E000D200294042EA40120A4394F8211042EABE
:1063F000011242F480329A622C49294A936D31EAA3
:106400000303FBD14FF08071264881621369A568B0
:1064100023F4700343EA055313614FF00043836193
:1064200094F822300BB9224B996294F823303BB98F
:106430004FF480321E4B9A62194A936D5B00FCD474
:1064400094F825301BB1164B1A4AC3F8802038BD8A
:10645000024342F0080202281A6208D119614FF47F
:106460000852996114484FF47F411BF081FB0C499D
:1064700094F822308A6A94F820001B062A4043EAE6
:106480004013134394F8242043EAC20394F82320D2
:1064900043EA02438B62D3E7247B03080090005059
:1064A0000040005A0050005AC7FFFEFE03000100E2
:1064B0000060005AF1A7FFFF3440005A014B93F9E6
:1064C00000007047A924022010B543680446072B3A
:1064D00004D940F6E6512A481BF064FAA368032B5E
:1064E00004D940F6E85126481BF05CFA2378032BC8
:1064F00004D940F6EA5122481BF054FA94F90130CD
:10650000002B04DA40F6EC511D481BF04BFA4FF417
:1065100000011C4A637851664FF4D151022002F504
:10652000B832516218494F2B48604FF0010028BF24
:106530004F2301F5805148601169C903FCD42178CB
:1065400043EA01235361D4E901131B0143EA012308
:10655000617B0B43217B43EA41039360E37BA17B97
:106560001B0143EA4113617C0B43217C43EA410355
:106570005360A37C13B16FF4D153536210BD00BFBD
:10658000247B03080090005000100250014B18803B
:10659000704700BFA6240220014B1880704700BF3F
:1065A000A424022008B54FF48002184B5A66022337
:1065B000174A5360936813F48033FBD1012822D12A
:1065C0001BF084FF134B984215D003F5122303F5FB
:1065D000F863984213D0104B00EB8002400AB3FBE3
:1065E000F0F3520A0A49CA620B6301234B6200228C
:1065F000074B5A6008BD45F67A13084AF2E745F69C
:106600001A03074AEEE75362F1E700BF009000501B
:106610000040025000F0490264666666D8B8050082
:10662000BBCF050038B5B0F5207F77D00ED8B0F5D8
:10663000007F61D003D890B3B0F5C07F2FD04FF466
:106640004671BDE838403D481BF0ACB9B0F5607FFD
:10665000F5D13B4A4C1ED2F8FC5015F080751EBF98
:10666000D2F8FC3023F08073C2F8FC30032C04D93C
:1066700040F2F72131481BF095F9324AD2F88030C8
:1066800023F0300343EA0413C2F8803035B12C4ABA
:10669000D2F8FC3043F08073C2F8FC3038BD4C1E99
:1066A000012C0AD9102903D8274BCB40DB0704D48F
:1066B00040F2CB2121481BF075F91BF068FA1BF062
:1066C00074FA4FF48031214B1E4A1967136F23F47B
:1066D000704343EA043313671BF0DEFE0446FEF703
:1066E00059FFC0F1020120461BF059FA00F048F8AA
:1066F000BDE83840FFF76ABC4C1E1F2C04D94FF48C
:1067000043710E481BF04EF90E4AD2F8903023F038
:10671000F85343EA0463C2F89030BFE74C1E012CE3
:1067200004D940F2123105481BF03CF9054A136FB9
:1067300023F4806343EA84231367AFE7247B0308D1
:1067400000ED00E0008000501001010000900050BA
:1067500008B50121022000F04FFA4FF42070FFF736
:1067600063FA054B18701BF012FA1BF01EFA4FF477
:106770008032024B1A6708BD6B2302200090005044
:1067800008B54FF4C070FFF7DDFABDE808400449D2
:10679000884294BF012102214FF42070FFF742BFCD
:1067A00080F0FA0238B504461BF076FE0546FEF787
:1067B000F1FEC0F1020128461BF0F1F90121002091
:1067C00000F06EFA2CB1FFF7DBFFBDE83840FFF7B1
:1067D000FDBB034B4FF420701978FFF723FFF4E75C
:1067E0006B2302202DE9F0474FF4C022012104461B
:1067F000944B5A66944A03F598335F6851605D681C
:1068000015F00205FBD12268904B9A4204D840F65D
:106810007D218F481BF0C6F822688E4B9A4204D91E
:1068200040F67E218A481BF0BDF8A388B3F5967F19
:1068300004D840F6812186481BF0B4F8A388B3F54C
:10684000805F04D340F6822181481BF0ABF8E388D7
:10685000B3F5805F04D340F683217D481BF0A2F896
:10686000FEF798FE012820680AD17B4B984207D991
:1068700040F6882176481BF095F80020BDE8F087A7
:10688000764A002311461668B04202D35668B042D9
:1068900005D90133192B02F11002F4D1002301EBC9
:1068A0000313D3E9029028B1FFF73AF900F07F0013
:1068B00049EA00098020FFF799FB052840F09880FD
:1068C0001BF065F91BF071F94FF480325D4B4FF40A
:1068D000C0701A67FFF7A8F90128054640F08480C8
:1068E00002214FF4C070FFF79DFE0126DFF878818A
:1068F000D8F80C3013F0060FFAD1D8F808A0C8F871
:106900000890D8F8083083EA090313F4F81F71D10E
:10691000A288E38843EA0243514AD360A368032B69
:106920007BD1504AD2F8003123F0030343F0010336
:10693000C2F80031637D227D9B0143EA8203226914
:106940004FF000081343227B43EA4203444A93601A
:106950002068FDF7FFFD07223B4B1A610122A3F5DA
:1069600080535A60A3F580531F6917F00707FBD0C7
:106970008020FFF73BFB05282ED126B129464FF496
:10698000C070FFF74FFE1BF087FD2368054683426A
:1069900004D240F603312E481BF004F81BF056FDDC
:1069A000A84204D240F6043129481AF0FBFF2468BB
:1069B0001BF04CFD844204D040F6053124481AF007
:1069C000F1FFFEF7E7FDC0F1020128461BF0E7F8F2
:1069D000FFF7D6FEFFF7FAFAB8F1000F7FF44DAFDC
:1069E0007B1E5842584149E7022801D1042178E72B
:1069F00000267BE740F6CF2115481AF0D3FF17F0A9
:106A00000107C8F808A01AD18020FFF7EFFA05287F
:106A10007FF433AF4FF00108AFE7092B07D1114ADC
:106A2000D2F8003123F0030343F0020380E7082B80
:106A300080D10C4AD2F8003143F0030378E74FF0DD
:106A4000010888E70090005000E001509FBB0D0056
:106A5000247B030800B4C404005A62025C7B030870
:106A600000C00150008000500000015070B54E4B36
:106A70000546984273D041D8A3F5B703A3F55863F0
:106A8000984265D033D8494B494E984251D017D8D7
:106A9000002877D041F2DE1146481AF083FF40F615
:106AA000867144481AF07EFF4FF40022404B5A662C
:106AB0003E4B9D4276D000243F4A954236D05DE061
:106AC0003D4B984227D03D4B9842E3D13C4BD3F805
:106AD000A040621E033224F040744CD940F6867107
:106AE00034481AF05FFF4FF400237366E4E7354B38
:106AF0009842CFD1324BD3F8BC402CE0324B984275
:106B000031D0324B984232D0314B9842C2D12C4BCB
:106B1000D3F8C8401FE02A4BD3F8A040621E0332CE
:106B200024F04074DAD84FF40023736644F0807484
:106B300024E0234BD3F8A040621E033224F04074BB
:106B40002AD84FF400237366234643F0007415E0FF
:106B50001B4BD3F8B840621E154E0332BBE7184BEF
:106B6000D3F8C040F7E7164BD3F8CC40F3E7144B0B
:106B7000D3F8D040EFE74FF4002373664FF0B442F0
:106B8000946070BD40F686710A481AF00BFF4FF40E
:106B900000232C467366F1E740F6867105481AF02B
:106BA00001FFCEE70023D0E7C0EA210140420F00F9
:106BB00000900050247B030880841E0000093D00E3
:106BC0000080E00F0024F4000048E801005A62024F
:106BD00080BA8C01024A536B0342FCD1704700BF5C
:106BE00000800950034A0179D36E23F030030B4330
:106BF000D366704700400050F8B50446244BD3F8E4
:106C00008420D006FBD4D3F88430C3F381139C4294
:106C10003CD01BF021FC012C05460BD11D4B9842AA
:106C200004D940F29B711C481AF0BCFE0121284691
:106C30001AF0B5FF1CF021F84FF00072174B074611
:106C40005A6620461AF0B6FF4FF48063104E621E5B
:106C500093403367736E9A0103D4D6F884309B0651
:106C60000AD538461CF004F8022C0FD12846BDE89E
:106C7000F84000211AF093BFD6F884309906E9D580
:106C800040F2B37104481AF08DFEE3E7F8BD00BF8F
:106C900000400050005A6202EC7C03080060005083
:106CA00010B50C4608B91BF0D7FB074B21461B78E3
:106CB0003BB1064B984204D80120BDE81040FFF7D5
:106CC0009BBF0220F9E700BF6C230220005A62023A
:106CD00038B54FF00042244B244C5A664AF6CD3367
:106CE000656C014605F00105236428BB0120FFF710
:106CF00071FF6368DB0715D51D4B586008461D4BB7
:106D0000226BD2070CD4984208D1072415B1174B37
:106D1000194A1A641AF04FFF204638BD0130EFE7D8
:106D20009842F2D00024F1E70132236B13F00803FC
:106D300005D08A42F8D1E8E700220E49F5E78A42F9
:106D4000E3D020210A4A91620121A2F580525160CC
:106D50000649084A886A800603D49342D5D0013395
:106D6000F8E79342DDE700BF009000500080095033
:106D700000A0095040420F003254FFFF38B54FF0D9
:106D80000042164B01465A664AF6CD33144C154A5A
:106D9000656C236443780B205B0043F00103D363ED
:106DA000FFF718FF63688A7823F4F87343EA021345
:106DB0006360CA784B7943EA0223A3600A798B792E
:106DC00043EA022323610878FFF782FFEB0744BF01
:106DD000054B23641AF0EFFE012038BD00900050EF
:106DE00000800950004000503254FFFF70B50F285A
:106DF000044605D940F6746112481AF0D3FD0F24F9
:106E00004FF00042104B11495D6E03F580535A66F6
:106E10004AF6CD334E6C80200B64FFF7DBFE0B6A25
:106E200023F00F0323430B62F30744BF084B0B64AB
:106E3000002DA2BF4FF00042064B5A661AF0BBFE6F
:106E400070BD00BFEC7C030800800050008009503A
:106E50003254FFFF00A0005008B50E4B984211D0ED
:106E60000D4B984210D003F5804398420ED003F5A5
:106E7000804398420CD0094840F279311AF092FDD3
:106E8000002008BD5620FCE75720FAE76520F8E708
:106E90006620F6E70000015B00C00850237D030870
:106EA00010B51AF08DFE042300F5805100F5005254
:106EB0000B6113610B6113610B6113610B61136152
:106EC000202341F2020103610023C360836041611A
:106ED0004FF4A0218361836541620549C361036268
:106EE0008362C36243630365D164036310BD00BF63
:106EF000FF3F0D0338B51B4B044698420D460FD09B
:106F0000194B98420CD003F58043984208D003F502
:106F10008043984204D040F2691114481AF042FDAF
:106F200025B92046BDE838401AF04ABE012204F5D2
:106F300080535A6040F6FF71204605F00F021AF0A8
:106F40003BFEA26378211AF037FE05F001036A07C1
:106F500048BF43F00203A26C02F003029A42FAD146
:106F600038BD00BF0000015B00C00850237D03084E
:106F7000F8B505460C46164622B940F227216A4864
:106F80001AF010FD694B9D420FD0694B9D420CD009
:106F900003F580439D4208D003F580439D4204D011
:106FA00040F22A2160481AF0FDFC2CB92846FFF770
:106FB00053FFFEF7C7FE0446AB68D80741D5B4427D
:106FC00004D24FF40D7158481AF0ECFCB4FBF6F4FF
:106FD0006F68013CFF2C07F0010704D94FF40F71D3
:106FE00051481AF0DFFC24062FB92B6923F07F43A8
:106FF00023432B61F8BD282128461AF0DDFDAB6C38
:10700000990718D1AB6CDA0717D4AE6C16F00206EC
:1070100015D140F2492144481AF0C4FC28461AF020
:10702000CFFD2B69314623F07F4323432B61BDE81D
:10703000F840FFF75FBF0526F0E70926EEE70626D2
:10704000ECE76B68012B04D04FF4177136481AF047
:10705000A9FCAB6DDB07AB6848BF760003F0E0032B
:10706000402B42D009D893B1202B1AD040F29E2158
:10707000BDE8F8402C481AF095BC602B42D0802B1C
:10708000F4D106EB4603A34247D801230DE0B6EB4B
:10709000141F04D94FF4217123481AF083FC1023E4
:1070A00003E0B6EBD40F1AD8082373436401B4FB92
:1070B000F3F4204F203CB7EBC40F4FEAC40604D2D0
:1070C00040F2A92118481AF06DFC28463E400121E3
:1070D0001AF072FD2E63BDE8F8401AF06DBD40F263
:1070E000892111481AF05EFCDEE70623B4FBF3F3B6
:1070F000B34201D30623D8E740F28E210A481AF0A2
:1071000051FCF7E7B6EB940F01D80423CDE740F22A
:10711000932105481AF046FCF7E74FF42671024820
:107120001AF040FCB1E700BF237D03080000015BBB
:1071300000C00850F8FF7F002DE9F04198464368F1
:1071400004460E4617461BB140F6FF711AF034FD97
:107150002046FFF7A5FEF189737B62690B43318AF4
:1071600022F44C5222F00F020B4313436361A268D6
:1071700096F818C0337B22F0804222F0E2024CEAFB
:107180000303134372691343B268A3601AB9A36877
:1071900043F00043A360F06904F58053002800F039
:1071A0008F80857A017A6D04D4F808E045EA81552C
:1071B0008D490EEA01010D43818801F4C0410D4360
:1071C000417845EA8105417B45EAC105817B45EA75
:1071D0000115817845EA8125A560D4F80CE0D0E955
:1071E00004152943814D0EEA05052943857941EAB5
:1071F0008521C57941EA4521E16001787C4D01296D
:107200001ED1E16841F00401E160AC4200F0B580BC
:1072100078498C4200F0B38001F580418C4200F047
:10722000B08001F580418C420CBF03214FF0FF314B
:10723000490101F1A04142F2944501F5703120E08D
:10724000032940F08F80E16841F00401E160AC4225
:1072500000F08D8067498C4200F08B8001F5804101
:107260008C4200F0888001F580418C420CBF0321E4
:107270004FF0FF3141F29445490101F1A04101F580
:1072800070314FF0020E41F805E0417A996219B170
:10729000E16841F40061E160C17A59B1E16841F40B
:1072A0000041E16052498C426DD1017B524D01F0A9
:1072B0000F016967616AC07B21F0030101436162CC
:1072C0002FB197F8201000297BD001211962B8F165
:1072D000000F35D0BCF1000F02D04FF4004199658A
:1072E0004349B8F822508C4298F8211076D0414892
:1072F000844275D000F58040844273D000F5804010
:10730000844213D10320112934BF4FF0010C4FF0F8
:10731000020C3A4FB5F5006F07F800C094BF4FF06C
:10732000010C4FF0020C364F07F800C0A06D294346
:1073300020F4F95020F01E000143A1650121996558
:10734000012159601AB120467168FFF711FE2046ED
:107350003178FFF7CFFDA36CDB4313F4405FFAD124
:10736000BDE8F081023901297FF671AF4DE70021B8
:1073700080E701217EE702217CE7002158E7012117
:1073800056E7022154E71B498C4206D1017B1A4D76
:1073900001F00F01C5F880108CE71A498C4206D124
:1073A000017B154D01F00F01C5F88C1082E71649DD
:1073B0008C4201BF017B104D01F00F01C5F8981000
:1073C00078E7E06997F8221097F8215020F009003B
:1073D0002943014341F00101D96178E7002092E798
:1073E000012090E702208EE7E39BBDFFFFF9F087C5
:1073F0000000015B00C00850009003507123022080
:107400006D230220000009500040095070B5174B51
:10741000044698420D460ED0154B98420BD003F50A
:107420008043984207D003F58043984203D07021EF
:1074300010481AF0B7FA1DB972210E481AF0B2FAC4
:107440002B7B802B03D176210A481AF0ABFA6B7B99
:10745000032B03D9792107481AF0A4FA00232946FF
:107460002046BDE870401A46FFF766BE0000015B8B
:1074700000C00850237D030870B52B4B0546984289
:107480000C4643D119B98C2128481AF08BFA5620A2
:10749000FEF7ACFD0C2807D0A0F10903012B03D99E
:1074A000A0F11103012B3AD8637B032B03D9AD2143
:1074B0001E481AF077FA237B802B03D0AF211B489C
:1074C0001AF070FA6369B3F1804F03D0B121174805
:1074D0001AF068FA238A23F400539BB2B3F5805F55
:1074E00003D0B32111481AF05DFAA368013BB3F54C
:1074F000165F03D3B5210D481AF054FA0023214634
:107500002846BDE870401A46FFF716BE8A21074894
:107510001AF048FA1CB98C2104481AF043FA9E214B
:1075200002481AF03FFABFE70000015B237D030821
:10753000F8B5934B044698420E460ED0914B9842B4
:107540000BD003F58043984207D003F5804398425F
:1075500003D0E2218C481AF025FA1EB9E4218A48AA
:107560001AF020FA727BB3687AB1884A934203D941
:10757000E62185481AF016FA3369D3B1DB7BC3B133
:10758000E92181481AF00EFA13E0814A934203D9A7
:10759000EC217D481AF006FA336953B11A7F42B1E3
:1075A000B1687C4A5B7F914240F28280042B00F2FA
:1075B00082806368356923B140F6FF7120461AF076
:1075C000FBFA2046FFF76CFC2269737BB17B22F04B
:1075D00087020B43134343F080032361002D6CD0DB
:1075E0002369297F23F0F80343EAC1132978EA7B52
:1075F0000B43297943EA4113697A43EA011343EAC9
:1076000082132361E068D5E9053720F0F0403B4361
:1076100020F470200343287B697B43EA802343EAFC
:10762000C133E360A368F07B23F00303034343F01B
:107630000103A3606B88A06803F4C0430343A36005
:10764000A368687943EA8023A360AB79EF79606A25
:107650001B013F0203F0700307F4E06720F477207A
:1076600020F4EE603B430343287A000300F4E0403B
:107670000343687F000400F470200343636263697E
:10768000307B23F00F03034363616B89A36189BBE4
:107690000AB33B4B9C4237D03A4B9C4245D003F552
:1076A00080439C4252D003F580439C4260D012E05C
:1076B000042B3FF67EAFF32163E7A368F27B23F050
:1076C0000303134343F00103A3606369327B23F098
:1076D0000F03134363612046D6E90112FFF748FC0C
:1076E00020463178FFF706FCA36CDB4313F4405FC0
:1076F000FAD1F8BD224B9C420CD1AB7B264903F05A
:107700000F034B67002AE6D02B7C234A03F00F03BC
:107710001367E0E71B4B9C420DD1AB7B1E4903F086
:107720000F03C1F88030002AD5D02B7C1A4A03F011
:107730000F03D367CFE7194B9C420ED1AB7B1649A1
:1077400003F00F03C1F88C30002AC4D02B7C124AFE
:1077500003F00F03C2F88830BDE7114B9C42BAD149
:10776000AB7B0D4903F00F03C1F89830002AB2D06B
:107770002B7C094A03F00F03C2F89430ABE700BF3B
:107780000000015B00C00850237D0308002D31017B
:10779000809698003F4B4C00009003500000095029
:1077A0000040095070B51F2904460D46164603D9FE
:1077B000912106481AF0F6F82EB104F58054012301
:1077C000AB40236070BD04F50054F8E75D7D03080D
:1077D00038B5032804460D4605D8094B33F8103058
:1077E000CB40DB0704D440F2854106481AF0DAF8B2
:1077F000302301225C43044BAA401A5138BD00BF1C
:10780000787E0308CE7D030840D0035038B50328A6
:1078100004460D4605D8094B33F81030CB40DB0742
:1078200004D440F2564106481AF0BCF83023012235
:107830005C43044BAA401A5138BD00BF787E030850
:10784000CE7D030840E003502DE9F84F032807469A
:107850000E46144698469DF828A09DF82C9005D811
:10786000274B33F81030CB40DB0703D4BF2125482A
:107870001AF098F886EA0403032B03D9C1212148A2
:107880001AF090F8072C4FF0030506F0030625D8F0
:107890004FEA840B05FA0BF529461B4807FA0BF251
:1078A0001AF0B7F92946194806FA0BF21AF0B1F99D
:1078B000424621461648FFF775FF524621461548B5
:1078C000FFF770FF0123144AA340C2F82034214679
:1078D0004A46BDE8F84F1148FFF764BFA4F1080B12
:1078E0004FEA8B0B05FA0BF529460D4807FA0BF208
:1078F0001AF08FF929460B4806FA0BF2D6E700BFBB
:10790000787E0308407E030800C4035008C4035077
:1079100010C4035014C4035000E0035024C40350A7
:1079200004C403500CC403502DE9F041032804465D
:107930000D461746984605D81D4B33F81030CB40FE
:10794000DB0704D44FF4B0711A481AF02BF837B1A2
:1079500029462046B8F1000F20D0FFF739FF0F214C
:10796000072D04EB440688BFA5F108034FEA06166D
:10797000114895BFAB009B0004360C3607FA03F2A2
:10798000994030441AF045F97FB929462046B8F1AC
:10799000000F06D0BDE8F041FFF71ABFFFF736FF32
:1079A000DDE7BDE8F041FFF731BFBDE8F08100BF82
:1079B000787E0308407E030830C00350F8B50646C1
:1079C0000F461546002A6FD003F00304836823F4A2
:1079D000407383601BF051F9B26882EA042303F418
:1079E00040735340B3601BF043F937B9B6F1B64F5B
:1079F0000DD12E20FEF7A6F90746B3689A071CD5CD
:107A0000012C20D0022C2CD08CB9294B1CE0294B06
:107A10009E4201D12F20EDE7274B9E4201D16920E4
:107A2000E8E740F22F11254819F0BCFFB3684FF486
:107A3000B271224819F0B6FF08E0012C13D0022CD5
:107A4000E2D11F4B00E01F4B9F42F0D91E4B1B5D44
:107A50006B430AD140F27511BDE8F840174819F0A0
:107A6000A1BF1A4BF0E71A4BEEE7A3EBC504013CAC
:107A70003C44B4FBF3F4013C0CD540F27B110F48BD
:107A800019F090FF4FF4BE710C4819F08BFFB368EA
:107A9000B461F8BDB4F5007FF4D2B3689B07F7D5A5
:107AA000002C08BF0124F3E740F21511D4E700BF12
:107AB00080841E0000000B5000400B50807E0308A5
:107AC000002D3101404B4C00B77E0308809FD5004C
:107AD0004054890038B5B0F1B64F04460D460FD07A
:107AE0000C4B98420CD003F58043984208D003F524
:107AF0008043984204D040F29511074819F052FF94
:107B0000043425B104F580540123236038BD04F505
:107B10000054F9E700000B50807E030838B5B0F13F
:107B2000B64F04460D460FD0164B98420CD003F5C5
:107B30008043984208D003F58043984204D04FF424
:107B4000D571114819F02EFF0023104A236404F563
:107B50000053DA636A7804F108037AB903F58053B5
:107B600002221A602046D5E901122B7BFFF726FF7F
:107B700020462978BDE83840FFF7ACBF03F5005335
:107B8000EEE700BF00000B50807E0308FFFF1F00E0
:107B900070B5B0F1B64F12D0884B984225D003F59E
:107BA0008043984223D003F58043984221D08448F3
:107BB00040F2012119F0F6FE6FF0030070BD814B19
:107BC0009968C26B12F4C06F19D0910513D5FD22CC
:107BD0005A7009221A700022026493F901100129D7
:107BE00000D15A7093F90100E8E7774BE8E7774B4B
:107BF000E6E7774BE4E75605EBD5FE22E8E71C788D
:107C0000082C00F2D680DFE814F009001F004500C0
:107C1000530070007E009C00A700CB004C880A88AF
:107C2000E5060AD5120A02F0060242F0F00201212E
:107C300019704263C1600120C0E702F0FE02A10793
:107C400048BF42F00102F2E7160608D5802100F590
:107C50000052D1634FF608721A80022318E05506CD
:107C6000E9D5402400F50052D4634A88D40604D5EF
:107C700002221A700B784363DDE796076AD5072264
:107C80001A701B7901EBC3031B89012BD3D1082385
:107C9000C360D0E71506D9D45406CCD5402400F5EE
:107CA0000052D4634A88920754D503221A7088E799
:107CB0004C880A88E60643BF120A02F0060242F028
:107CC000F00202F0FE02650709D51C7942F00102BC
:107CD00001EBC4010989012904BF0821C160042105
:107CE00019700123C3604263A5E71406AED452069F
:107CF000A1D5402400F50052D4634A88560729D5FF
:107D000007221A7097E71A795D8801EBC204268969
:107D1000AE420FD800240132D2B21A715C804C8876
:107D20006507C2D4E40702D4012A7FF64AAF0822CD
:107D30001A7092E76268691C5980525D426306229C
:107D4000DFE7160682D455067FF575AF402400F5AF
:107D50000052D4630522A9E794067FF56CAF202674
:107D60001A7900F5005401EBC2010A89456AE663FD
:107D70005C88A24281BF4968661C5E800D555988A7
:107D80008A42D4D90424012AC46004D0013A914221
:107D900001D10822C2601A78092A3FF41CAF4AE7D1
:107DA000D2057FF548AF4FF4807100F50052D163E2
:107DB0000FE74FF609321A800DE700BF00000B50A5
:107DC000807E0308B4110220C0110220CC110220D1
:107DD000D811022038B5B0F1B64F04460D4630D167
:107DE00021B940F26A31314819F0DCFD304B22698B
:107DF000D00744BF2022E2606A88910702D5298912
:107E0000002934D0520701D52A8A82B34FF48072F8
:107E10001A6000229D601A71C023E3606369DB056C
:107E200041D4202204F50053DA63224A2046DA6363
:107E30004FF4FC6204F580531A64BDE83840FFF744
:107E4000A7BE1D4B98421ED003F58043984211D027
:107E500003F5804398421ED040F26931134819F06F
:107E6000A1FD25B940F26A31104819F09BFD6FF071
:107E7000030038BD09B1114BB9E740F26A310B4834
:107E800019F090FDF7E721B940F26A31074819F07F
:107E900089FD0B4BABE721B940F26A31034819F079
:107EA00081FD084BA3E7636AB8E700BF807E030843
:107EB000B4110220FFFF1F0000000B50CC11022064
:107EC000C0110220D811022010B5232000F084FE3A
:107ED0000024FF22064B21465C6520209A625C60EC
:107EE000FDF70AFF2146BDE810402120FDF704BF41
:107EF0000000045038B5072804460D4603DD7721FD
:107F0000084819F04FFD1F2C03D99121064819F09C
:107F100049FD064A064B002D08BF13460122A24028
:107F20001A6038BDBB7E03085D7D03084010045015
:107F30004020045010B5044618B991211F4819F08B
:107F400031FD23781B0613F0604F03D092211B48AC
:107F500019F028FDE3780F2B03D99521174819F064
:107F600021FD01212020FDF7C7FE01212120FDF781
:107F7000C3FE0122124B23205A60227812069A6017
:107F80006178A27842EA01429A61FF229A62002255
:107F90009A631A644FF000425A654FF0FF3203F5BE
:107FA00000531A6500F09EFE2320E17800F0A8FE41
:107FB000BDE81040232000F02DBE00BFBB7E0308AB
:107FC00000000450F8B50126C3B2072805460C4648
:107FD000174606FA03F603DDDE21344819F0E2FC09
:107FE0001CB9DF21314819F0DDFC236823F47C1330
:107FF00023F00F031BB1E2212C4819F0D3FCA37A24
:108000001B0413F47C0F03D0E721284819F0CAFCA5
:10801000E37A1B0513F07E6F03D0E921234819F0A2
:10802000C1FC237B5B0513F0FE5F03D0EB211F48EF
:1080300019F0B8FC1E4B27F003071E65AB00226841
:1080400003F1A04303F588235A60302202FB05F0B8
:10805000637B00F1A04000F580200366E37AA27AFA
:108060001B0543EA0243227B43EA4253C365076789
:108070001AF00CFE0F4B227A5E6502B11E64627A22
:1080800002B19E632279A37943EA0243084A9361CD
:108090006179E37943EA014306498B61064B5663F4
:1080A0009E64BDE8F8401AF0ECBD00BFBB7E03083B
:1080B00000200450001004500000045010B50124AA
:1080C000C3B2072804FA03F404DD40F27B11074829
:1080D00019F068FC1AF0DAFD054B5A6D22EA040229
:1080E0005A659C62BDE810401AF0CBBDBB7E030808
:1080F0000000045010B50124C3B2072804FA03F4A9
:1081000004DD40F299110A4819F04CFC1AF0BEFD4A
:10811000084BDA6A224208D15B6B9C430CBF0124F6
:1081200000241AF0AEFD204610BD0024F9E700BF80
:10813000BB7E03080000045070B50125C3B20728B8
:10814000044605FA03F504DD4FF4E071094819F01F
:1081500029FC1AF09BFD3022074B5E6B02FB0433B7
:108160005C6E1AF08EFD35420ABFC4F30A1000207F
:10817000013070BDBB7E0308000004500D4B9842D7
:1081800008D1A3F5D023C3F85812802300F58050FE
:10819000C3657047084B984204D1A3F5D823C3F8B0
:1081A0007412F2E7054B984204BFA3F5E023C3F82D
:1081B0009012EAE700000A5000400A5000800A507E
:1081C00070B506460C46154622B940F2A6210C4869
:1081D00019F0E8FB24B94FF42070FDF7B3FD044615
:1081E0006D00013CB4FBF5F4064B250213EA0423B1
:1081F00004D040F2CB21024819F0D4FBF56170BDE8
:10820000F37E0308070080FF10B51B4B044698421D
:108210000CD003F58043984208D003F58043984280
:1082200004D040F25E41154819F0BCFB012204F570
:1082300080535A6040F6AA6341F20502636100234D
:108240000F49A360E365E26004F500522361E36136
:10825000E36491640849A3658C4203D1236500233C
:10826000636506E007498C42F8D001F580418C42F5
:10827000F4D00123536010BD00000A50F37E0308C0
:10828000FFFF010000400A5038B5294B04469842D0
:108290000D460CD003F58043984208D003F5804387
:1082A000984204D040F28131224819F07BFB2046ED
:1082B000FFF7AAFF012204F580535A602B8AA268B7
:1082C00043F001031343AA7B43EA8223A360A3681C
:1082D0002A7D43EA4273A360AB7C1BB12046E97C54
:1082E000FFF74CFFD5E901122B7B204643F4805366
:1082F000E360FFF765FF6B7B0BB1102363616B7D60
:108300001BB1A36843F48033A360AB7D1BB1A368AA
:1083100043F40043A360EB7D2A7E1B07120503F0A4
:10832000E04302F4E0021343A3652B78636138BD98
:1083300000000A50F37E030810B5044620B940F24D
:108340003A21124819F02EFB23782BB1012B17D0BC
:10835000022B18D0032B05D140F2FF736278D34073
:10836000DB0704D440F23D21084819F01BFB012231
:10837000637821789A4030235943054B5A5010BDF9
:1083800040F2FF13EAE743F6FF73E7E72C7F0308A9
:1083900040E00350034BD3F82424D3F820041040CA
:1083A000704700BF00C0035010B5044620B94FF419
:1083B00049711C4819F0F6FA23782BB96078053812
:1083C00018BF4FF0FF3010BD012B08D16378012B8F
:1083D0001CD0032B14BF4FF0FF300420F3E7022B17
:1083E00009D16378A3B1052B14D0072B14BF4FF02C
:1083F000FF300820E7E7032B0ED16378022B0ED065
:10840000052B14BF4FF0FF300A20DCE70320DAE72A
:108410000620D8E70720D6E74FF0FF30D3E7092042
:10842000D1E700BF2C7F0308064BDA6E02F0300262
:10843000202A06D0DA6E22F0300208B142F0100293
:10844000DA667047004000502DE9F0410378044699
:108450000D4616462BB1012B21D0022B22D0032B27
:1084600005D140F2FF736278D340DB0703D45D216E
:10847000284819F097FA284BD3F810331BB1602124
:10848000244819F08FFA0F2D0FD8DFE805F03A35A0
:10849000353535353535353535353535353540F2C4
:1084A000FF13E0E743F6FF73DDE7B421194819F045
:1084B00079FA4FF00008204606B31AF0C3F80F21EE
:1084C00067782378072F03EB430388BF083F4FEA01
:1084D0000313124895BFBF00BF0004330C3308FAE2
:1084E00007F2B940184419F0A3FB85B9204656B1EC
:1084F000BDE8F0411AF0A6B8A846DCE7FFF71CFF7C
:10850000DDE7A846DBE7BDE8F041FFF715BFBDE8B2
:10851000F08100BFA77F030800C0035030C00350A4
:108520002DE9F047037806460C4615462BB1012B82
:108530004FD0022B50D0032B05D140F2FF7372783D
:10854000D340DA0704D44FF49C714C4819F02AFA4E
:10855000022D06D9042D04D040F23911474819F0F4
:1085600021FA474FD7F8103323B14FF49D71434898
:1085700019F018FA002C32DB73786340032B04D90E
:108580004FF49F713D4819F00DFA0127072C05F0B3
:1085900005094FF00308327805F0060507FA04F7DD
:1085A00029DC4FEA840A08FA0AF84146354802FAFB
:1085B0000AF219F03DFB7278414602F0030232489C
:1085C00002FA0AF219F034FBB9F1000F3AD12F4B3D
:1085D00039E040F2FF13B2E743F6FF73AFE7631CE5
:1085E00006D1D7F82414707819F031FB041ECCDAC8
:1085F0002046BDE8F087A4F1080A4FEA8A0A08FA83
:108600000AF84146224802FA0AF219F011FB727880
:10861000414602F003021F4802FA0AF219F008FB71
:10862000B9F1000F14D01F2C0CDD74211A4819F079
:10863000B9F91A4BC3F8107495B97421164819F09A
:10864000B1F903E0154BC3F810746DB90F4B0CE092
:108650001F2CBCDD7421104819F0A4F90B4BE9E77D
:1086600074210D4819F09EF90C4BC3F814740123C2
:10867000064AA340C2F82034BAE700BFA77F030828
:1086800000C0035000C4035008C4035000E003506E
:1086900004C403500CC40350E87F030800D0035007
:1086A00070B5154E054630420C4604D040F2891193
:1086B000124819F077F9344204D04FF4C5710F48CD
:1086C00019F070F90E4B2C40D3F83024012022EA27
:1086D0000502C3F83024D3F830241443C3F83044DF
:1086E000D3F82C242A43C3F82C24FFF79DFE054B16
:1086F000C3F8205470BD00BFFFFF00F0A77F030840
:1087000000C0035000E00350F8B5037805460F465B
:1087100016462BB1012B21D0022B22D0032B05D1E1
:1087200040F2FF736A78D340D80704D440F29B111B
:10873000184819F037F9184BD3F8103323B14FF418
:10874000CE71144819F02EF92846FFF72DFE791C3A
:10875000044609D1421C0BD12046F8BD40F2FF135C
:10876000E0E743F6FF73DDE7431CF5D0B8420ED1D6
:108770002846032186F00102FFF766FE012004F17E
:10878000100306FA03F19840FFF78AFFE4E74FF081
:10879000FF34E1E7A77F030800C00350054B9A6848
:1087A0009107FCD45A689207F9D4DA69002AF6D105
:1087B000704700BF00C00A5010B5074C6368DB0764
:1087C00004D44FF49F71054819F0ECF819F068FFD4
:1087D0000223236110BD00BF00C00A50628003085D
:1087E00008B5FFF7DBFF0122024B03F580514A6019
:1087F0001A6108BD00C00A5010B5044B5C68012C1A
:1088000003D1FFF7D9FF024B5C6010BD00C00A50D6
:1088100000E00A5038B5074DFFF7C0FF6B6804460B
:10882000012B03D1FFF7E8FFFFF7B8FF2378EB60D8
:1088300038BD00BF00C00A5038B505460C4619F0D7
:1088400039FFBDB96268237812B1127843EAC203D6
:10885000627843EA4203A26812B1127843EA8213B3
:10886000E27843EA8203226912B1127843EA422392
:10887000014A936438BD00BF00C00A5030B58BB0C8
:10888000AA481AF013FA20B14FF44E71A84819F013
:1088900089F86C46A74D0FCD0FC42B68A64A2360FC
:1088A000FF238DF80130D2F84C3113F4802340F0CF
:1088B0003081D2F850218DF801309DF801306C469E
:1088C000FF2B08BF3F2368469C4D8DF80130FDF714
:1088D000FBFD3220FDF75AFE0FCD0FC40FCD0FC4A4
:1088E00095E8030084E80300934BD3F84C21100370
:1088F00040F1F380A3F5FE431C88B4F5807F28BFC8
:108900008C248DF81940FDF7D9FD044484F3080444
:108910008B488DF81840FBF723FE6846FDF7BCFC3A
:108920003220FDF739FE874A874B0321CDE900232A
:108930000023CDE9021301238020CDE90433FDF7A4
:1089400055FB0528044606D1804A136F23F0070320
:1089500043F0010313677E481AF0A8F920B14FF4E1
:10896000CE71734819F01EF86846FDF73BFF052CE1
:1089700006D1764A136F23F0070343F0020313670F
:1089800020B94FF4D3716A4819F00CF87148FEF71A
:108990006DF871481AF08AF920B140F2CB116448A1
:1089A00019F000F8694C0020FDF7FCFDFDF7D0FE42
:1089B000236F002023F0070343F002032367FDF732
:1089C000F1FE236F654923F4744343F48063236706
:1089D000634BD3F8FC2012F0807240F08280D4F810
:1089E000803023F0030343F00103C4F88030C1F862
:1089F0008020564CD4F8203123F0070343F00103C4
:108A0000C4F82031D4F8283123F0070343F00103E0
:108A1000C4F82831D4F8803123F0030343F0010374
:108A2000C4F88031D4F8403123F0030343F002034B
:108A3000C4F84031D4F8603123F0030343F002035B
:108A4000C4F86031D4F8403223F0030343F002034A
:108A5000C4F84032D4F8003223F0070343F0020395
:108A6000C4F80032D4F8083223F0070343F00203BD
:108A7000C4F80832D4F8503223F0030343F0020361
:108A8000C4F85032D4F8703223F0030343F00103EA
:108A9000C4F87032D4F8203223F0070343F0010306
:108AA000C4F82032FDF7E0FB4FF0E022002013690C
:108AB00043F004031361D4F8603223F0070343F05A
:108AC0000103C4F86032D4F8943223F0070343F072
:108AD0000103C4F894320BB030BDD3F85041E4B276
:108AE0000FE7D3F8FC2022F08072C3F8FC20D4F802
:108AF000802022F0030242F00102C4F8802000220C
:108B0000C1F88020D3F8FC2042F08072C3F8FC202A
:108B10006FE74FF07E6393F89C2093F99C30002B15
:108B2000FFF6CBAE8DF80120C7E600BF2882030810
:108B30007A810308D88103080080E00FEC810308E4
:108B4000C0175302802FA604FF0E7F07008000503D
:108B500050820308C0EA21012C82030800900050D3
:108B600000ED00E007B5094B18689A889B790090E2
:108B70006846ADF804208DF80630FEF7FFF80C20AB
:108B8000FEF734F9002003B05DF804FB14820308FB
:108B900013B50024064A6846536F43F00103536738
:108BA00000948DF80440FEF71DF8204602B010BD79
:108BB000004000500028ABBF00F16040054B00F5BD
:108BC000614000F00F00ACBF90F80003185C000992
:108BD000704700BF14ED00E010B55D2804460DD8C5
:108BE00001220A49630904F01F04A240203341F81E
:108BF0002320BFF34F8FBFF36F8F10BD40F22511BD
:108C0000034818F0CFFE002CF7DBE9E700E100E0B5
:108C1000B482030810B55D28044608D80123610911
:108C2000074A04F01F04A34042F8213010BD4FF45E
:108C30009871044818F0B6FE002CF7DBEEE700BF91
:108C400000E100E0B482030810B55C28044604D9B2
:108C500040F23B11064818F0A5FE064B621153F88E
:108C6000220004F01F04E040C04300F0010010BDEA
:108C7000B482030800E100E010B500F10C03682B9A
:108C8000044604D940F24B11144818F08BFEEFF360
:108C90001083DB0702D50122104610BD2046FFF7E6
:108CA000D3FF02460028F6D160B2FFF783FF0146EA
:108CB000EFF3118313B1B0EB131FECD2084B5B68D9
:108CC000C3F30803002BE7D0103B58B2FFF772FF45
:108CD000814234BF00220122DEE700BFB4820308D4
:108CE00000ED00E0002808DB01224309034900F001
:108CF0001F008240603341F82320704700E100E00C
:108D000038B500F110036D2B04460D4604D94FF41D
:108D1000EF710E4818F046FE0F2D04D940F2DF1116
:108D20000A4818F03FFE60B20028ACBF00F1604076
:108D3000074B4FEA0515EDB2ABBF00F5614000F0FF
:108D40000F0080F800531D5438BD00BFB4820308E3
:108D500014ED00E010B519F099FF0A4B1A786AB9C2
:108D600001226FF004041A7019F08BFF20460521D0
:108D70000134FFF7C5FF5D2CF8D110BDBDE81040F0
:108D800019F07FBF7523022010B5044619F075FF56
:108D9000024B1C6019F06CFF002010BDE411022092
:108DA00010B519F06AFF034B1C6819F061FF2046EB
:108DB00010BD00BFE41102202DE9F0438FB01D4625
:108DC000136881461F6891F831308846144606AE14
:108DD0001BB3DFF828C2BCE80F000FC69CE80F00E9
:108DE00086E80F0018220021684619F01FF9A368D1
:108DF0000893237B012B13D0022B14D01BB1D92154
:108E0000774818F0CFFD0023ADF82630637B032BA5
:108E10001FD8DFE803F00B25221BDFF8E4C1DAE7F7
:108E20004FF40073F0E74FF44073EDE70023ADF823
:108E3000283001238DF80630A37BCDF834D0042BE5
:108E400011D8DFE803F01415151514004FF4405342
:108E5000EDE7EB21624818F0A5FD4FF48053E6E7FB
:108E60004FF40053E3E7FE215D4818F09BFD00231B
:108E70008DF800305B4AD8F8383029461A605A4AD3
:108E800048465A6000229A60584ADA60424600F02A
:108E900069FC0646002840F09B8023695448C5F8C9
:108EA000A430237E85F8AB30E37D85F8AA30A37D1E
:108EB00085F8A930637D85F8A830A37E85F8AD30AC
:108EC000637E85F8AC30237F85F8AF30E37E85F88C
:108ED000AE302368C5F8A03019F0E8FE0123042263
:108EE000A17D607DFEF720FD0123217E0222E07D31
:108EF000FEF71AFD85F8B060206919F0D7FE98F8E2
:108F00003130384606A9002B66D0FEF77FFA95F877
:108F1000B03043F0040385F8B0301421227D354B86
:108F200003EB4210C0F8941494F816C0617D25320A
:108F300041EA0C41C0F8AC14207EE17D03EB421302
:108F400041EA00415960A37B03F0FD03012B0BD1E3
:108F500095F8B030022243F0010385F8B030A17ECD
:108F60000023607EFEF7E0FCA37B023B012B0BD8C5
:108F700095F8B030042243F0020385F8B030217F29
:108F80000023E07EFEF7D0FC95F8B030DB0717D564
:108F9000A17E627E237D42EA014241F29C415B0157
:108FA00003F1A04303F570335A5041F29442022179
:108FB0009950217FE27E03F5A55342EA01421A60EF
:108FC0000D4A07F5005305213846DA64FDF792FF94
:108FD00030460FB0BDE8F083FEF74EFA9DE700BFC4
:108FE00015830308E11C0308731D0308F71C03081D
:108FF0003C82030800C00350FF3F0D036483030855
:109000008483030840F24221014818F0CBBC00BF22
:109010001583030810B50020144618F038FE022806
:1090200004D018B1C321024818F0BCFC204610BD82
:10903000A48303083021037D02464B4303F1A04380
:1090400003F58023D86E07491B6F884208D113F0BF
:10905000020006D0106A136D1B1A5842584170471F
:10906000002070477623022037B53023007D0DF1B4
:109070000701434303F1A04303F58023DD6E1C6F1A
:1090800019F09CFA20B140F2F931084818F08AFC36
:109090009DF8070040B9064B9D4203D184F00204BD
:1090A000C4F3400003B030BD0120FBE7FA8303089E
:1090B0007623022037B504460DF10701007D19F033
:1090C0007DFA20B140F24441114818F06BFC9DF844
:1090D0000730A3B1256DD4E9122313449D4201D872
:1090E000AA4204D940F24F41094818F05BFCD4E988
:1090F000120303449D4218BF284603B030BD3022FE
:10910000237D534303F1A04303F58023DD6EE2E7A3
:10911000FA8303082DE9F743D0E9043404F17C070E
:10912000D0F80C90013B06461022002138469DB233
:10913000D4F8748018F07AFF104BC5F30A0543EA9F
:109140000513C4E91F39012394F8780084F88C30A2
:10915000C4F884803A460A4B009604F16401FBF798
:1091600091FE38B140F28D31064803B0BDE8F043BE
:1091700018F018BC03B0BDE8F08300BF0000103049
:10918000FD920108FA8303082DE9F04385B000F150
:109190003806044610220021304618F047FF4FF4ED
:1091A0004473534D207DC4E90F556387FBF790FE50
:1091B00020B140F2CA514F4818F0F4FB10220021B0
:1091C000304618F033FF4FF4447363873023207D1B
:1091D000C4E90F55434303F1A04303F58023DB6E3D
:1091E000AB420BD1FBF794FE002876D040F2D3516E
:1091F000404805B0BDE8F04318F0D4BB0DF10B01B9
:1092000019F0DCF920B140F2D9513A4818F0CAFB04
:109210009DF80B30002B63D12046FFF74BFF03A9CD
:109220000746207D19F0ECF920B140F2E1513148B8
:1092300018F0B8FB039B002B04DC40F2E3512D48EF
:1092400018F0B0FB039B04F11808013B1022002129
:1092500040469DB2D4F8109018F0E8FE3022237DED
:10926000C5F30A0553432D0145F04075C4E906597D
:1092700003F1A043276203F580231A6F94F82410AA
:10928000520862F3410184F82410196F94F82420E5
:1092900028F0030861F3000284F824201B6F626A3F
:1092A0009B0863F39F0248F00203626263640094C8
:1092B00032462146104B207DFBF7E4FD20B140F201
:1092C00004610C4818F06EFB207DFBF721FE20B1F5
:1092D0004FF4C161074818F065FB05B0BDE8F083A5
:1092E00094F844306FF3410384F84430DFE700BF63
:1092F00076230220FA830308C31D030838B5556995
:10930000144695F88C3023B940F26A310A4818F0B7
:1093100049FB002305F1900085F88C30FBF742F9FA
:1093200008B1FFF7F7FE63681BB100212046A26871
:109330009847002038BD00BFFA83030838B50446BB
:10934000007DFBF7C5FD20B140F22D41084818F023
:1093500029FB2046FFF76EFE0546207DFBF7D8FD72
:1093600020B140F23241024818F01CFB284638BDBB
:10937000FA8303082DE9F04F8DB099460023044687
:1093800008910692C9F80030D9F80060069B9D1B31
:1093900000F0C580089B9E1900F0C1802046FFF7B1
:1093A000CDFF8046002840F0BA802046FFF782FEBD
:1093B000226D904240F2BC80801A854228BF05464B
:1093C00094F896A0BAF1000F00F0F28019F05EFC5C
:1093D000236D079020460993FFF746FE2F46099B11
:1093E000834658198342D4F8981040F0BC80D4E9E1
:1093F000122313448B4208BFC4F89820D4F8981065
:109400008A4201D88B4204D840F242518A4818F06F
:10941000C9FA079819F035FCDA46207DFBF758FDAC
:1094200020B140F28241844818F0BCFA207D0DF151
:109430002F0119F0C3F820B140F286417E4818F0A0
:10944000B1FA2046FFF736FE236D834698429DF819
:109450002F3040F2BC8023B140F28E41764818F0A4
:10946000A1FAA26C236DAEB2934240F0A88009939A
:1094700004F128082369102200214046079318F0C0
:10948000D5FD3021079B013EE362099BC6F30A0626
:109490002363237D36014B4328F0030803F1A043E7
:1094A00046F0407648F0020203F58023A6621A6770
:1094B000236DD4E912122B440A44934208BF0B4691
:1094C0009342236504D340F2DE415B4818F06AFA08
:1094D000236D9B4505D10123204684F85430FFF7C6
:1094E00053FE207DFBF714FD20B140F2F7415248B6
:1094F00018F058FA94F896303BB1BAF1000F04D046
:10950000236E112120465B689847D9F8003037B1A7
:10951000069A3B449342C9F80030FFF435AFD9F8BE
:109520000030002B14BF00201B200DB0BDE8F08FD1
:10953000D4E912310B449A4204D340F26A413E48C6
:1095400018F030FAD4E912321344226D9B1A9D426E
:1095500028BF1D46002D7FF433AF40F21651364828
:1095600018F020FA2CE701335A1E914210D1C4F8AA
:10957000983013F8012C112A01D0132A14D1013F7D
:10958000A2F111014A424A41D04684F89C2029E7C1
:1095900013F8012C02F0FD01112906D1013FB8F1A9
:1095A000000F3FF41FAFEBE7D04606F8012B19E799
:1095B0002A463046216D18F049FD2F462DE7238DB0
:1095C000C3F30A12164466F30E13238570E7207D59
:1095D00093B93023584300F1A04000F58020426E3B
:1095E000436EC2F30A1223F4FF432A4423F07003AC
:1095F00043EA021343665BE7104B04940393002392
:10960000CDE90153012300935A462369216818F0DC
:10961000FEF920B140F2CB41074818F0C3F93022DF
:10962000237D534303F1A04303F580235A6E22F4B4
:1096300080125A663CE700BFFA830308C31D030883
:109640002DE9F84F90F8943004460D46002B40F079
:10965000858090F89580DFF808918E18B54223D068
:1096600094F896306BB12046FFF768FEF8B1D4F855
:109670009820236D9A4204D040F2CD21484618F03C
:1096800091F994F89C30002BE8D0236E2F462A786D
:109690005B68B8F1000F59D1236E20465B683978BA
:1096A000013598470028D9D00020BDE8F88F19F07F
:1096B000EDFA0746207DFBF70BFC20B140F2D321E9
:1096C000274818F06FF92046FFF7F4FCA26C00F170
:1096D000FF3A924538BFE36C207D3CBF03F1FF3376
:1096E00002EB030A94F854B0FBF712FC20B140F2ED
:1096F000DF211B4818F056F9D4F89810BBF1000F81
:1097000022D0236D8B4204D04FF43971144818F0E5
:1097100049F9384619F0B5FAB3E7A26C9A4202D972
:10972000E36C013B134499420BD013F80129112A31
:1097300001D0132AF1D1A2F111035A425A4184F8FF
:109740009C20C4F898A0E4E75346ECE70A2AA3D18A
:109750000D212046984700289ED0A5E70E20A4E7BB
:10976000FA830308F0B589B00C4615460646A022D8
:109770000021204618F05AFC2746AC46BCE80F00F2
:109780000FC7DCF8003005F1140C3B6004F16407EE
:10979000BCE80F000FC7DCF80030EA6A3B60AB6A38
:1097A000C4E9132395F83020A36484F8952095F834
:1097B0003320C4F89830012384F8962084F89C3034
:1097C00084F85430AB6B2366324B34607360324B99
:1097D000B360324BF360324B7361324BB361324B47
:1097E0003361FBF71BFB10B1304B98420FD10021C6
:1097F00007A8FBF79BFA014648B9079B07A8237502
:10980000FBF794FA0346207D23B1FBF7E1FA102021
:1098100009B0F0BD079B84F87830FBF759FB0028AE
:10982000F5D1234B0494CDE90203E36C01930123AA
:1098300000932369A26C2168207D18F0E8F80028C5
:10984000E5D13022237D4FF48011534342F264026C
:1098500003F1A04303F580239950AB6B93F91000FB
:10986000FFF740FAAB6B93F91000FFF7D3F904F15F
:10987000900018F098F83046FFF786FA2046FFF778
:1098800083FC207DFBF744FB003818BF012000015A
:10989000BEE700BF41960108331E03087593010817
:1098A000B71D0308BD1D0308B5980108038000F02B
:1098B000C31D030870B50568044695F89460002E32
:1098C0003BD118F0D9FAFFF76BFA844202D1304647
:1098D000FFF75AFA2B6E93F91000FFF703FA2B6E7D
:1098E00093F91000FFF778F9287D18F047FE20B1B2
:1098F00040F29721144818F055F8287DFBF768FAD4
:1099000020B140F29B21104818F04CF8FBF73EFACA
:1099100038B10E4B984204D040F29F210A4818F00B
:1099200041F80023C4E90033C4E90533E3602B6E3A
:109930002846BDE87040DB68184740F266210248BF
:1099400018F030F80F2070BDFA830308058000F08E
:109950000346054A0549106803448B428CBF4FF00B
:10996000FF301360704700BF44240220000008202D
:1099700070B519F08BF9144E05463478FCB9134BC9
:109980001C60134B1C60134B1C6000F047F8012057
:1099900019F022FA19F008F90F4B0246186020B9A5
:1099A000284619F06EF9232070BD234640F2E731B6
:1099B0000A4800F001F90A4B186001233370284669
:1099C00019F05FF90020EFE779230220F01102205F
:1099D000EC110220F8110220F411022018FCFFFF04
:1099E000E811022000B58DB001238DF80F3019F079
:1099F0001DF800230146CDE90033074A0DF10F039E
:109A000004A819F0C1F918B99DF80F30002BFBD14B
:109A10000DB05DF804FB00BF832D030810B586B0C0
:109A200000241422214601A88DF8004018F0FEFA07
:109A3000012313488DF8043019F038F9BFF34F8F24
:109A40006846FEF7E7FE204601A98DF80440FEF7C0
:109A5000F3FE20460F2118F04DFE0F21204618F08E
:109A600057FEFEF7BDFE18F01BFE064B53209C610F
:109A7000FFF738F95320FFF7CDF806B010BD00BF4F
:109A80002882030800C00A5010B5044618F004FDEF
:109A90004FF47A729042B0FBF2F105D23621BDE864
:109AA00010400C4817F07EBF0B4BB3FBF1F30B4992
:109AB000884201D93C21F2E702FB04F0B0FBF3F04D
:109AC000022806D9BDE810400323B0FBF3F0E6F707
:109AD00077BB10BD9184030840420F00E7CD9A3B4D
:109AE00070B50024094D05F110063019103418F036
:109AF0000FFAB4F5A07FF8D10023054AC5F850311C
:109B000004490248BDE8704018F09BBA00100020DC
:109B10007C2302204D1F03087BB972B90029BEBF08
:109B200000204FF0004106E008BF00281CBF6FF086
:109B300000414FF0FF3000F0CDB9ADF1080C6DE9F8
:109B400004CE002909DB002B1ADB00F04DF8DDF80C
:109B500004E0DDE9022304B07047404261EB4101BB
:109B6000002B1BDB00F040F8DDF804E0DDE9022308
:109B700004B0404261EB4101524263EB4303704742
:109B8000524263EB430300F02FF8DDF804E0DDE917
:109B9000022304B0404261EB41017047524263EB43
:109BA000430300F021F8DDF804E0DDE9022304B00E
:109BB000524263EB4303704753B94AB9002908BFC7
:109BC00000281CBF4FF0FF314FF0FF3000F082B98A
:109BD000ADF1080C6DE904CE00F006F8DDF804E004
:109BE000DDE9022304B070472DE9F04F099D0C46D2
:109BF000002B4DD18A420F4684469646B2FA82F334
:109C000060D94BB102FA03FEC3F120029F4000FA73
:109C100003FC20FA02F217434FEA1E461FFA8EF4A5
:109C20004FEA1C42B7FBF6F106FB117701FB04F08B
:109C300042EA0742904208D91EEB020201F1FF37C7
:109C400002D2904200F231813946121A1FFA8CFC7E
:109C5000B2FBF6F006FB102200FB04F44CEA024CC7
:109C6000644508D91EEB0C0C00F1FF3202D26445AA
:109C700000F21E81104640EA0140ACEB040C0021CA
:109C800025B12CFA03F30022C5E90032BDE8F08FBC
:109C90008B4205D90DB1C5E9000100210846F5E761
:109CA000B3FA83F100294DD1A342C0F0F380904272
:109CB00080F0F080064623460846002DE6D0C5E930
:109CC0000063E3E7002B40F0A3808A1A4FEA1E47A7
:109CD0001FFA8EF60121B2FBF7F407FB14204FEABE
:109CE0001C4242EA004206FB04F090420FD91EEBF0
:109CF000020204F1FF382CBF4FF001094FF00009B8
:109D0000904203D9B9F1000F00F0CC804446121AFA
:109D10001FFA8CFCB2FBF7F007FB102200FB06F6E3
:109D20004CEA024C664508D91EEB0C0C00F1FF32E0
:109D300002D2664500F2B3801046ACEB060C40EA56
:109D400004409DE7C1F120068B4004FA01FE22FA8F
:109D500006F720FA06FCF4408A401F434EEA0C0343
:109D600000FA01FE4FEA17484FEA13491FFA87FC31
:109D7000B4FBF8F008FB104449EA044400FB0CF97A
:109D8000A1450ED93C1900F1FF3A2CBF4FF0010B51
:109D90004FF0000BA14503D9BBF1000F00F08B8001
:109DA0005046A4EB09041FFA83F9B4FBF8F308FB4F
:109DB000134403FB0CFC49EA0444A44506D93C19AE
:109DC00003F1FF3801D2A4457BD8434643EA004063
:109DD000A4EB0C04A0FB02984445CC46434602D3B6
:109DE00006D1CE4504D20138B9EB020C68EB07036B
:109DF000002D6CD0BEEB0C0264EB030422FA01F3DD
:109E000004FA06F6CC4000211E43C5E900643DE794
:109E100002FA03FEC3F1200104FA03F200FA03FC84
:109E2000CC404FEA1E4720FA01F11FFA8EF6B4FB30
:109E3000F7F00A4307FB1044110C41EA044100FB10
:109E400006F48C420ED91EEB010100F1FF382CBF45
:109E50004FF001094FF000098C4202D9B9F1000F0F
:109E60002CD04046091B92B2B1FBF7F407FB14114A
:109E700042EA014204FB06F1914207D91EEB0202BD
:109E800004F1FF3801D291421ED84446521A44EAE6
:109E9000004120E7861A64EB030301200DE7F44438
:109EA00002384AE7023C724431E702397244CCE698
:109EB000F4440238DFE602383C4472E70238714469
:109EC000D0E7023B3C4481E7023C7244DEE729468E
:109ED000DCE600BF704700BF08B5064B044613B16F
:109EE0000021AFF30080044B1B6803B19847204664
:109EF00017F049FF000000003C13022070B50F4E20
:109F00000C460546316811B900F088F930602146E9
:109F1000284600F083F9431C03D14FF0FF3420465C
:109F200070BDC41C24F00304A042F8D0211A2846B6
:109F300000F074F90130F2D1EFE700BFFC1102200C
:109F40002DE9F041CD1C064625F0030508350C2D02
:109F500038BF0C25002D01DBA94204D90C23336046
:109F60000020BDE8F081314F00F062F83B681C46EC
:109F700044BB29463046FFF7C1FF431C044650D17D
:109F80003C682146002941D1002C44D0236830464A
:109F900004EB030800F042F980453CD121683046CB
:109FA0006D1A2946FFF7AAFF013034D023682B44ED
:109FB00023603B68002B36D05A68A24229D1002288
:109FC0005A600EE02268521B1DD40B2A16D9611963
:109FD000A342256018BF5960636808BF39606251A9
:109FE0004B60304600F02AF804F10B00231D20F0EE
:109FF0000700C21AB5D01B1AA350B2E7A342626889
:10A00000DED13A60EDE723466468B1E70C46496863
:10A01000B8E71346CEE70C233046336000F00EF865
:10A020009EE70560DDE75B60FFDE00BF00120220F7
:10A03000014818F004B800BF7A230220014817F045
:10A04000FFBF00BF7A230220002310B504468360BF
:10A05000818119464366C28108228361C0E90033C9
:10A06000C0E904335C3017F0E1FF0D4B24626362FA
:10A070000C4BA3620C4BE3620C4B23630C4B9C42D6
:10A0800006D003F16802944202D0D0339C4205D13D
:10A0900004F15800BDE8104017F0D0BF10BD00BF5C
:10A0A000A71F0308C91F0308012003082520030870
:10A0B00004120220024A0349034817F056BF00BFAA
:10A0C00048240220A32203085824022041680C4B94
:10A0D000994210B5044601D018F0E3F8A168094B85
:10A0E000994202D0204618F0DCF8E168064B99420C
:10A0F00004D02046BDE8104018F0D3B810BD00BF12
:10A10000041202206C120220D412022010B50B4B54
:10A1100004210B4C0B4A20461A600022FFF794FFE3
:10A1200004F1680001220921FFF78EFF04F1D0003D
:10A1300002221221BDE81040FFF786BF3C13022027
:10A1400004120220B5A00108014817F078BF00BF33
:10A150007B230220014817F073BF00BF7B2302203E
:10A1600010B50446FFF7F0FF236A1BB1BDE81040AD
:10A17000FFF7F0BF044B2362044B1B68002BF5D1A3
:10A18000FFF7C4FFF2E700BFCDA001083C13022097
:10A190000FB407B5064904AB086853F8042B81686F
:10A1A000019300F0D9F803B05DF804EB04B07047F8
:10A1B0005424022038B50023054D044608462B6080
:10A1C00017F0DFFD431C02D12B6803B1236038BDBB
:10A1D0004013022038B50446064D084611460022B9
:10A1E0002A601A4617F0D7FD431C02D12B6803B131
:10A1F000236038BD4013022038B50446064D08469A
:10A20000114600222A601A4617F0C7FD431C02D1EE
:10A210002B6803B1236038BD4013022038B50023FA
:10A22000054D044608462B60FFF792FB431C02D104
:10A230002B6803B1236038BD4013022038B50446B3
:10A24000064D0846114600222A601A46FEF7E2FE35
:10A25000431C02D12B6803B1236038BD4013022098
:10A2600070B50D4D00260D4C641BA410A64209D1FB
:10A270000B4D00260B4C18F0D3FD641BA410A64216
:10A2800005D170BD55F8043B01369847EEE755F807
:10A29000043B01369847F2E7AC240220AC240220AC
:10A2A000AC240220B424022038B50546002941D050
:10A2B00051F8043C0C1F002BB8BFE418FFF7B8FEA0
:10A2C0001D4A136833B9636014602846BDE83840FE
:10A2D000FFF7B4BEA34208D9206821188B4201BF02
:10A2E00019685B6809182160EDE71A465B680BB1D5
:10A2F000A342FAD911685018A0420BD1206801443A
:10A30000501811608342E0D118685B6808445360BC
:10A310001060DAE702D90C232B60D6E720682118F9
:10A320008B4202BF19685B680918636008BF21602F
:10A330005460CAE738BD00BF0012022010B50446C1
:10A340000448134620B10A4602202146AFF300809C
:10A3500010BD00BF000000002DE9F04F0D469DB07C
:10A3600014469846064618B1036A0BB9FFF7F8FE83
:10A370006B6ED90705D4AB899A0502D4A86D17F086
:10A380005EFEAB891B0701D52B699BB92946304678
:10A3900000F026FA70B16B6EDC0704D54FF0FF3089
:10A3A0001DB0BDE8F08FAB899805F7D4A86D17F004
:10A3B00047FEF3E70023CDF80C804FF00109DFF8EA
:10A3C000B481099320238DF8293030238DF82A3069
:10A3D00023469A4613F8012B0AB1252AF9D1BAEB84
:10A3E000040B0BD05B4622462946304617F052FE3E
:10A3F000013000F0A780099A5A4409929AF8003077
:10A40000002B00F09F8000234FF0FF320AF1010A79
:10A41000049307938DF853301A93CDE905235446DE
:10A420000522544814F8011B17F0A1FF049AD8B96B
:10A43000D10644BF20238DF85330130744BF2B238C
:10A440008DF853309AF800302A2B15D0079A5446CD
:10A4500000204FF00A0C214611F8013B303B092B3C
:10A460004BD9B0B1079214E0A0EB0803A24609FA59
:10A4700003F313430493D2E7039B191D1B68002BBE
:10A480000391BBBF5B4242F0020207930793B8BF40
:10A49000049223782E2B0AD163782A2B32D1039B86
:10A4A00002341A1D1B6843EAE37303920593DFF835
:10A4B000D4A003222178504617F059FF38B1A0EB01
:10A4C0000A004022049B013482401343049314F891
:10A4D000011B062228488DF8281017F048FF002895
:10A4E0003FD0264B1BBB039B073323F007030833E6
:10A4F0000393099B3B4409936AE70CFB02320C4629
:10A500000120A8E7002301344FF00A0C19460593F7
:10A51000204610F8012B303A092A03D9002BC6D067
:10A520000591C4E70CFB012104460123F0E703ABCE
:10A530002A4604A930460093114BAFF3008007462A
:10A54000781CD6D16B6ED90705D4AB899A0502D495
:10A55000A86D17F075FDAB895B063FF51FAF099835
:10A560001EE703AB2A4604A930460093044B00F0D3
:10A570000BF8E4E7D4840308DE840308000000003D
:10A5800095200308DA8403082DE9FF470F7E9146E2
:10A5900080460C46782F9A460C9E01F1430207D85C
:10A5A000622F0AD8002F00F0DD80582F00F0C38002
:10A5B00004F1420684F842703AE0A7F16303152BD8
:10A5C000F6D801A151F823F021A6010835A601080B
:10A5D000B1A50108B1A50108B1A50108B1A50108FF
:10A5E00035A60108B1A50108B1A50108B1A501086A
:10A5F000B1A501084BA70108C3A6010803A70108DC
:10A60000B1A50108B1A501086DA70108B1A5010810
:10A61000C3A60108B1A50108B1A501080BA701084F
:10A6200033681A1D1B68326004F1420684F8423018
:10A630000123A8E031682368081D30601E0601D59B
:10A640000D6803E05D06FBD5B1F90050002D61688F
:10A6500078DA2D200029A16084F843002DDA6D42BC
:10A660005D480A231646B5FBF3F103FB1157C75D9E
:10A6700006F8017D2F460D46BB42F4D9082B0BD1BD
:10A680002368DF0708D5236961689942DEBF30235C
:10A6900006F8013C06F1FF36921B22614B4603AAE5
:10A6A00021464046CDF800A017F006FD01306FD1DD
:10A6B0004FF0FF3004B0BDE8F08723F004032360BF
:10A6C000CDE721683368080653F8045B02D44906D5
:10A6D00048BFADB26F2F33603F4814BF0A23082331
:10A6E000002184F843106668002EA660BADB21685A
:10A6F00021F004012160002DB4D1002EB2D1164604
:10A70000BCE7236843F0200323607827334823689D
:10A7100084F845701F06316851F8045B02D45F0667
:10A7200048BFADB23160D90744BF43F02003236076
:10A730001DB11023D4E72848E9E7236823F020035C
:10A740002360F6E724480A23CDE733682568181DFF
:10A75000616930602E061B6801D5196002E0680649
:10A76000FBD5198000231646236197E73368002143
:10A770001A1D32601E686268304617F0F8FD08B195
:10A78000801B606063682361002384F8433085E7A1
:10A790002369324649464046D047013088D0236875
:10A7A0009B0714D4E068039B9842B8BF184681E722
:10A7B0000123324649464046D04701303FF478AF46
:10A7C0000135E36803995B1AAB42F1DCEAE7002547
:10A7D00004F11906F5E700BFE5840308F6840308D1
:10A7E00038B5294B05460C46186818B1036A0BB9F1
:10A7F000FFF7B6FCB4F90C30190722D4DA0607D4F7
:10A8000009222A6043F040034FF0FF30A38133E078
:10A81000580712D5616B41B104F14403994202D04B
:10A820002846FFF741FD00236363A38923F0240337
:10A83000A3810023636023692360A38943F0080395
:10A84000A38123694BB9A38903F42073B3F5007F77
:10A8500003D02146284617F0BDFDB4F90C3013F0A3
:10A8600001020AD00022A26062695242A2612269FA
:10A8700042B913F08000C5D138BD990758BF62694D
:10A88000A260F4E70020F7E75424022038B5002343
:10A89000064D0446084611462B6017F075FA431C16
:10A8A00002D12B6803B1236038BD00BF40130220E2
:10A8B00038B50023054D044608462B6017F069FAA9
:10A8C000431C02D12B6803B1236038BD4013022022
:10A8D00001F066BD0A4601F0CABD70B5064600200B
:10A8E000EBF744FC002504460CB9284670BD204611
:10A8F0000DF056FF01280AD020460DF057FF864282
:10A9000008BF25462046EBF731FC0446ECE7254618
:10A91000EBE72DE9F047037F0546DC0788469246C2
:10A9200002D50020BDE8F087C668BEB137464FF0BB
:10A93000010931462846D047B8420446F1D03E4688
:10A94000ACB92B7F1907ECD5B9F1000FE9D0284637
:10A95000C047044636B14FF00009F1E71A07F6D4B4
:10A9600088470446002CDCD026464FF000092068BA
:10A9700000F073FC030638D4276837BBEB68A342AA
:10A98000CFD073B128461E68FFF7A7FF11210246FA
:10A99000304601F034FB0128C3D1EB68186801F0A0
:10A9A000A5FFEC6028462468FFF797FF10210246B8
:10A9B000204601F024FB0128B3D1EB68186801F0B0
:10A9C00095FF2B69A3B90120ACE70121384600F0BF
:10A9D00038FC20B9384603F0D4FB0746CDE7012107
:10A9E000384600F02EFC0028C8D037462646A0E79F
:10A9F00028469847E7E770B5064600F036FC04465F
:10AA0000002838D0C368E3B11B68B34219D1037F73
:10AA1000DA0744BF6FF3000303770FF073FFE368B7
:10AA2000834229D120460FF070FFE368984223D17A
:10AA300005682046FFF751FF11210246284601F024
:10AA4000DEFAE36823B11B68B34204BF0023E3606E
:10AA500020460FF057FF054668B12B682946B342E0
:10AA600020461CD10FF00EFF2846EFF773FFB368A6
:10AA70000BB100225A6070BD237F2046C3F3C0058E
:10AA800043F0080323775B0706D4E5F797FC237FA1
:10AA900065F3C3032377D4E7E5F7A6FCF7E70FF0E8
:10AAA00037FFD8E770B50D46044620B30846FFF7D8
:10AAB000A2FFAB6813B9284600F0FDFDAB68204645
:10AAC0005C600FF0C3FE064600B9FEE70560204655
:10AAD0000FF018FF86420ED1237F2046C3F3C00536
:10AAE00043F0080323775B0706D4E5F767FC237F71
:10AAF00065F3C303237770BDE5F776FCF7E710B184
:10AB0000C06800B10068704713B5019100B9FEE755
:10AB1000FFF7F5FF044610B9012002B010BD8021F7
:10AB200000F09DFB0028F7D10E21204601AA01F07C
:10AB300066FAF2E738B5034600B9FEE7027FC2F3D2
:10AB400040048C4217D061F341020277FFF7D7FF30
:10AB5000044680B1DA6818461568FFF7BEFE10217A
:10AB60000246284601F04BFA012804D12046BDE8F0
:10AB7000384001F0BBBE38BDF8B5064670B100F0F4
:10AB800074FB044650B1017F11F0010106D1FFF7BB
:10AB9000D1FF20460FF0B6FE054600B9F8BD2B6880
:10ABA0009E4229D1E36883B11F68BE420DD0204682
:10ABB000FFF793FE11210246384601F020FA0128E2
:10ABC000ECD1E368186801F091FE2369E5600BB1F0
:10ABD00020469847E36820461D68FFF77EFE102157
:10ABE0000246284601F00BFA0128D7D1E36818681D
:10ABF000BDE8F84001F07ABE294620460FF088FEF5
:10AC0000CAE710B1007FC0F34000704700B9FEE70B
:10AC10000FF085BE2DE9F3414E680C462EB3304649
:10AC2000E6F734FB0746304602F09CF810228046D7
:10AC300000213046B56902F0E9FD2B18A3EB0803AB
:10AC4000A361013B01902362122200213046756905
:10AC500002F0DCFD4BF676330544E81B60610138F9
:10AC6000E061636202B0BDE8F08141F67603F8E787
:10AC70002DE9F04F89B0B0F828A004468A458846EF
:10AC800007D00A46514602F01EFE814620B9A4F8BC
:10AC9000288009B0BDE8F08F204601F027FE20464D
:10ACA000A4F8288002F04AFF4FF42070EFF740FE2E
:10ACB000638D0026C3F3051B6FEA0803074602965F
:10ACC0000793B34517D9029B202B14D0E268F100FB
:10ACD00002EBC6035868C0F317051FFA80FE0798F9
:10ACE000049510EA0E0F3AD1DB7913F0020308D075
:10ACF0000136B345EAD81423029A3E4603FB027597
:10AD000064E05258117A1268FF2924D002EB8100C6
:10AD1000994224D910F801CBBCF1660F21D152F829
:10AD2000233004E0662B02F1080214D14B68049A28
:10AD300002F47F0206921A68013A0392039911F80D
:10AD4000012F0391059252B1029A202A07D0394669
:10AD50004FF0000C17E013781146002BE2D10136BA
:10AD6000AFE70133D4E7087A059DA84208D14868C7
:10AD7000069A00F47F05954202D180B27045DDD27B
:10AD80000CF1010C1431029A6245ECD114220299A3
:10AD900002FB01F0DA6839183A521869039A4880C0
:10ADA0009868C8601078049A087258684A60029AD5
:10ADB000086101320292C1E771684346009652462B
:10ADC000204601F47F01E6F7D7FE1436AE42F3D1F8
:10ADD0003846EFF7BFFD09F0FD03012B08D1FF2234
:10ADE0004FF47021204609B0BDE8F04FE6F78ABD68
:10ADF000B9F1020F7FF44DAF204601F077FD2046F8
:10AE000009B0BDE8F04F01F0BDB82DE9F041A6B0A2
:10AE100005460FF038FB064628460FF030FB172E8C
:10AE2000044673D128460FF032FB03780546022B07
:10AE300009D02D220021204602F0E8FC06460A90A7
:10AE400020B102232B7026B0BDE8F08101460C2210
:10AE5000204602F0DBFC6822074631460A90204675
:10AE600002F0D4FC6922804631460A90204602F066
:10AE7000CDFC636902460A93A36941460B93E369DB
:10AE80000AA80C93236A0D930EF095FC3A46686865
:10AE90000AA90EF066FD08B90123D3E71D22314649
:10AEA000204602F0B3FC0690C0B2FC28F4D95F2221
:10AEB0003146204602F0AAFC0690C0B2FC28EBD92D
:10AEC00020223146204602F0A1FC0690C0B240B1DB
:10AED00025223146204602F099FC0690C0B2FC289B
:10AEE000DAD926220021204602F090FC069020B1FB
:10AEF0000023827A03309A4201D80023A2E703EBB1
:10AF00008301415CFC29C7D90133F4E71A2E37D1FC
:10AF1000284601F00CF906460AA8E9F7BFF8002117
:10AF200020460AAA00F084FC35220021204602F0C7
:10AF30006DFC069028B19DF8713043F020038DF828
:10AF4000713068220021204602F060FC692205462B
:10AF500000210690204602F059FC2946024663690A
:10AF60000693A3690793E3690893236A099306A8E4
:10AF70000EF021FC304606AA0AA904F0FEF962E7A9
:10AF80001D2E7FF460AF284601F0D1F806AA0646D0
:10AF900002A9204601F0A7FF02A80EF002FC00283B
:10AFA00000F0AF800AA8E9F779F81D224FF480314C
:10AFB000204602F02BFC0190C0B202288DF8480018
:10AFC00010D91C224FF48031204602F01FFCC0F340
:10AFD0000722C0F3074301908DF849008DF84A20FD
:10AFE0008DF84B3032224FF48031204602F00EFCB7
:10AFF0000190C0B202288DF8700017D930224FF4AA
:10B000008031204602F002FC002801901B9040F3A2
:10B01000AF8031224FF48031204602F0F7FBC0F3BD
:10B0200007430190ADF866008DF868303E224FF47A
:10B030008031204602F0EAFBC3B2022B01908DF86A
:10B04000943023D93C224FF48031204602F0DEFBBD
:10B0500000280190219040F38F8042224FF48031EC
:10B06000204602F0D3FB3D22019024904FF4803122
:10B07000204602F0CBFBC0F30722C0F30743019048
:10B080008DF881008DF882208DF883304FF4803167
:10B09000204602F023FDFC280BD89DF8483013FB16
:10B0A00000F3C3F307238DF848308DF870308DF826
:10B0B00094309DF870209DF8483013439DF89420FB
:10B0C000134324D00C224FF48031204602F09EFB23
:10B0D0000190119002A80EF064FB30B100233046BD
:10B0E00002AA0AA90C9304F048F906A80EF059FB2D
:10B0F00068B10123304606AA0AA90C9304F03DF971
:10B1000005E006A80EF04DFB00287FF44BAF35227A
:10B110000021204602F07AFB0A9000283FF493AE0B
:10B1200000250AA8E8F7BAFF294620460AAA8DF8A2
:10B1300048508DF863508DF880508DF8945000F091
:10B1400077FB68222946204602F060FB6922074609
:10B1500029460690204602F059FB63690246069391
:10B16000A36939460793E3690893236A0993FEE6C6
:10B1700000238DF8703059E700238DF8943085E76F
:10B1800070B588B00D460446E5F7FCF9EA060646B8
:10B190000CD56946204604AA01F0A5FE6946204662
:10B1A00001F079FB204604A901F075FB636A23EAEC
:10B1B00005036362EB070ED5204601F097FB20469E
:10B1C000E5F7E0F938B1204602F0DBFF01F05AF96B
:10B1D000204601F057F92046E5F7D4F9B04202D1F4
:10B1E00015F0C07F07D0204602F0CBFF08B0BDE8C5
:10B1F000704001F047B908B070BD38B5038D044602
:10B2000043EA010599430DD025EA03031B0603D544
:10B2100001460020EBF74CFF29462046BDE83840A8
:10B22000FFF726BD38BD0A46038D1A4223EA010105
:10B2300001D0FFF71DBD70470AB1FFF7DEBFFFF772
:10B24000F2BF436A99430CBF012000207047436A54
:10B25000194214BF012000207047008D7047038DF4
:10B26000194214BF012000207047806800B1406877
:10B270007047F0B589B008460D460FF004F9064650
:10B2800028460FF0FCF8012E044605D1202109B014
:10B29000BDE8F040FFF7B1BF033E2C2E56D8DFE8E3
:10B2A00016F0480055005500550055002D000F01BF
:10B2B00055001101550055005F005500E9002801B7
:10B2C000550055008F019401960189017F015500B9
:10B2D000890155005500890155005500550055005C
:10B2E000550055005500550055004D015500780199
:10B2F00055005500550055002A014F002021FFF749
:10B3000092FF28460FF0C3F80DF071FAF0B9636AA6
:10B310001E071BD5238D0121DD07204633D4FFF7FF
:10B320006CFF00222021204609B0BDE8F04000F06B
:10B3300066BE2021204609B0BDE8F040FFF773BF8C
:10B3400002F055FF00250646B54201D109B0F0BD17
:10B35000A3681B6853F8250001F094F80135F3E762
:10B36000436A180715D5284600F0EAFE132802D1D3
:10B3700001212046D3E71128FAD0142801D0122841
:10B3800004D101212046FFF74EFFCAE70A28DDD08D
:10B39000C7E703F40163B3F5016FD7D1204600F08E
:10B3A000C0F90028D2D12046E5F770FF07462046B5
:10B3B000E5F7C4FF0646284600F0C2FE12280DD16C
:10B3C000204601F0CAFC0546204601F0D0F8011ED7
:10B3D000B8BF0331002205EBA1010EE0112812D104
:10B3E000204601F0BAFC0546204601F0C0F8011ED7
:10B3F00000DA03310022A5EBA101204609B0BDE827
:10B40000F040E6F7B5B813281BD1204601F08AFCBE
:10B410008107D5D0002F01DC002ED1DD204601F0C0
:10B4200097FC0546204601F09FF80022011EB8BF98
:10B43000033105EBA101204609B0BDE8F040E6F775
:10B4400083B8142882D1204601F06CFC8207C7D053
:10B45000002F01DC002EC3DD204601F079FC0546FB
:10B46000204601F081F8011EB8BF03310022A5EB90
:10B47000A101E0E7436A5B0502D5012101F017FD58
:10B480002046FFF7F2FEFFF7BCFB0646EAF778FE20
:10B4900010B9284600F039FE0DF082F9022808D0D4
:10B4A000042814BF022106212EB141F008012046D4
:10B4B000EDE60621F8E72046FFF79FFE082139E771
:10B4C0004021F4E74021FFF7AEFE204601F021FCC9
:10B4D00002287FF43BAF6946204604AA01F003FD31
:10B4E0006946204601F0D7F9204604A901F0D3F9B6
:10B4F0002CE70E211EE70A22002102F087F916220E
:10B50000049005460021204602F080F9049080B2A4
:10B5100008B9EDB215B1204600F0B4FF204602F0A4
:10B5200066FE00250646B5423FF410AFA3681B68CF
:10B5300053F8250000F0A6FF0135F4E701220021B1
:10B5400002F064F90222002104900746204602F02E
:10B550005DF90A22002104900646204602F056F9C1
:10B560001622049005460021204602F04FF904906F
:10B5700080B240B9EDB235B96FF040439F4202D07E
:10B580009E427FF4E3AE204609B0BDE8F04000F0F3
:10B5900079BF90F82A3043F0020380F82A30F2E7AE
:10B5A000002100F083FC0146284609B0BDE8F040C8
:10B5B00000F0DEBD284609B0BDE8F040FFF725BC2D
:10B5C0002021FFF730FE4021B4E610216FE7102163
:10B5D000B0E610B50C460846EEF736FA0020E6F75E
:10B5E0008BF92046E6F750FA0120E6F785F90021AD
:10B5F0002046EEF775F92046FFF737FE10B12046DA
:10B60000FFF7F9F9A3687BB1186820B1EFF7A2F949
:10B610000022A3681A60A06808300EF017FFA06827
:10B62000EFF798F90023A36010BDF0B589B00D467F
:10B630000446E4F7A7FFE907074623D4636A2B43D0
:10B6400063622046E4F79EFFB84202D115F0C07F46
:10B6500007D0204602F095FD00F014FF204600F0D0
:10B6600011FFEB060CD56946204604AA01F03BFC0D
:10B670006946204601F00FF9204604A901F00BF9B4
:10B6800009B0F0BD204601F031F9636A2B436362D3
:10B69000238D9A07D5D52046FFF7E7FD06460028FB
:10B6A000CFD0E4F78BFE3046FFF729FA0028C8D048
:10B6B00001F01CF9C5E710B5836804465BB92C207E
:10B6C000EFF736F9A06000B9FEE7438D43F47073DD
:10B6D00043F00303438510BD18B10068431A584274
:10B6E0005841704770B50E68054633680C461BB16B
:10B6F0000B60FFF7F7FF2660736823B121462846E9
:10B70000BDE87040184770BD10B5044620688368D6
:10B710000BB12146984723681B680BB12360F5E7FE
:10B7200010BD006838B190F8203013F00303F8D052
:10B73000013B584258417047006838B190F82030BA
:10B7400013F00C03F8D0043B58425841704738B509
:10B750000446B0B300F096FE0020E6F7CDF8204690
:10B7600010F0A3FF21462068FFF7BCFF0120E6F799
:10B77000C3F8FF224FF470212046E6F7C3F82046B5
:10B7800000F03BFFE4F714FE024638B12046FFF715
:10B79000D3FF18B121461046FFF784F9204602F086
:10B7A000F0FC054668B12246272100F028FC22461D
:10B7B0002846282100F023FC2046BDE8384001F04F
:10B7C00095B838BD30B585B01C2204460D4602F050
:10B7D0001DF829460246204602F04EF80346002096
:10B7E000DAB262F30700C3F3072262F30F20C3F358
:10B7F000074363F3174005B030BD30B585B058221C
:10B8000004460D4602F002F829460246204602F0A0
:10B8100033F803460020DAB262F30700C3F30722CD
:10B8200062F30F20C3F3074363F3174005B030BD45
:10B83000F0B587B0C2E9000106460D46144602F095
:10B840004DF9074675B102280CD8002384F8203042
:10B8500084F83B3084F8483084F8583084F86C30F1
:10B8600007B0F0BD0C222946304601F0CFFF94F816
:10B8700020300590E0615BB31D222946304601F07F
:10B88000C5FF0590C0B2022884F8200020D92946BF
:10B890003046FFF797FFC0F3072384F82100C0F379
:10B8A0000740294684F823002622304684F82230B7
:10B8B00001F0ACFF01460590002800F00781C37A33
:10B8C0005A0700F003810C2204F1240010F091FAD1
:10B8D00094F8483073B330222946304601F096FF81
:10B8E0000590606430B332222946304601F08EFF65
:10B8F0000590C0B2022884F848001BD9342229469A
:10B90000304601F083FF94F84930312260F304039C
:10B9100084F8493029460590304601F077FF2946E2
:10B920000246304601F0A8FFC0F307430590E087C8
:10B9300084F8403094F8583053B3382229463046C2
:10B9400001F064FF0590206510B33A222946304685
:10B9500001F05CFF0590C0B2022884F8580017D9A6
:10B960003B222946304601F051FF392229460590F5
:10B970006065304601F04AFF29460246304601F034
:10B980007BFFC0F307430590A4F84A0084F84C30CD
:10B9900094F83B306BB328222946304601F036FF3D
:10B9A0000590206328B329222946304601F02EFF56
:10B9B0000590C0B2022884F83B001AD9206B03F02E
:10B9C0004AFA022840F0D5805A222946304601F032
:10B9D0001DFF2946059060633046FFF70EFFC0F358
:10B9E000072384F83800C0F3074084F8393084F81E
:10B9F0003A0094F86C30002B41D03C222946304666
:10BA000001F004FF0590E065002838D094F86C3010
:10BA1000022B34D93E222946304601F0F7FE05902C
:10BA2000C0B2022884F86C0029D940222946304649
:10BA300001F0ECFE4122294605902066304601F0D7
:10BA4000E5FE4222294605906066304601F0DEFEA2
:10BA50003D2229460590A066304601F0D7FE2946D2
:10BA600002460590304601F007FFC0F30722C0F3FD
:10BA7000074384F8590084F85A2084F85B30FC2F7F
:10BA80003FF6EEAE94F8203013FB07F31B1284F858
:10BA9000203094F83B3013FB07F31B1284F83B3043
:10BAA00094F8483013FB07F31B1284F8483094F8DD
:10BAB0006C3013FB07F31B1284F86C3094F8583089
:10BAC00013FB07F31B1284F85830C9E620222946DD
:10BAD000304601F09BFE94F82F30059060F302038E
:10BAE00084F82F305B073FF4F3AE29463046FFF76A
:10BAF00069FEC0F3072384F82400C0F3074084F8EC
:10BB000025302322294684F82600304601F07EFEA7
:10BB100029460246304601F0AFFEC0F30743C0F3AA
:10BB2000072284F82B302946059084F8290084F8F0
:10BB30002A203046212201F069FE22222946059062
:10BB400084F82800304601F061FE24222946059041
:10BB500084F82D00304601F059FE2522059084F826
:10BB600027002946304601F051FE059084F82C004C
:10BB7000AEE62A222946304601F048FE2946024612
:10BB8000304601F079FEC0F307432B222946059089
:10BB9000208784F83A30304601F038FE2C22059098
:10BBA00084F83C002946304601F030FE059000380C
:10BBB00018BF012084F83D001BE773B51446C2E9A5
:10BBC0000001592206460D4601F020FE0190C0B248
:10BBD000022884F8480053D92946304601F07EFFF8
:10BBE000FC289FBF94F8483013FB00F0001284F843
:10BBF000480094F84830022B42D929463046FFF7D6
:10BC0000FCFDC0F3072384F82C00C0F3074084F840
:10BC10002D305B22294684F82E00304601F0F6FDD7
:10BC20005C2229460190E063304601F0EFFD5D2281
:10BC30000190A0632946304601F0E8FD94F84C30AD
:10BC4000019060F3020384F84C305DB1672229460D
:10BC5000304601F0DBFD94F84C30019060F3C503F1
:10BC600084F84C305A222946304601F0CFFD5E223E
:10BC7000019020622946304601F0C8FD84F84A0050
:10BC800002B070BDF7B51446C2E900014422054672
:10BC90000E4601F0BBFD0190C0B2022884F84C00B2
:10BCA0004BD93146284601F019FFFC289FBF94F874
:10BCB0004C3013FB00F0001284F84C0094F84C3028
:10BCC000022B3AD94FF48073002205F11407C4E91E
:10BCD0000B23636338460EF0CFF800EBD0704010B2
:10BCE000206438460EF0CDF800EBD07040104622AC
:10BCF00031466064284601F089FD452231460190B5
:10BD000084F84B00284601F081FD31460246284662
:10BD100001F0B2FDC0F307430190A4F8480084F895
:10BD20004A3056B167223146284601F06FFD94F83B
:10BD30004D3060F3030384F84D3003B0F0BD73B5AC
:10BD40001446C2E900014D2206460D4601F05EFD93
:10BD50000190C0B2022884F83C0055D929463046EB
:10BD600001F0BCFEFC289FBF94F83C3013FB00F0B0
:10BD7000001284F83C0094F83C30022B44D948224D
:10BD80002946304601F042FD0190206300283BD057
:10BD90004C222946304601F039FD294602463046FC
:10BDA00001F06AFDC0F307430190A08549222946AE
:10BDB000304684F82E3001F029FD0190606330B1E7
:10BDC0004A222946304601F021FD0190A0634B2212
:10BDD0002946304601F01AFD0190003818BF0120B5
:10BDE00094F83D3060F3820360F3C30384F83D3080
:10BDF00055B167222946304601F008FD94F83D30E0
:10BE000060F3010384F83D3002B070BD73B5144691
:10BE1000C2E90001502205460E4601F0F7FC0190F0
:10BE20002062002840D053223146284601F0EEFC23
:10BE30000190C0B2022884F83C0035D9314628462A
:10BE400001F04CFEFC289FBF94F83C3013FB00F03F
:10BE5000001284F83C0094F83C30022B24D9522282
:10BE60003146284601F0D2FC314602460190284670
:10BE700001F002FDC0F30743A3775422314600903E
:10BE8000A083284601F0C2FC51220090A0633146F5
:10BE9000284601F0BBFC003818BF012094F83D3063
:10BEA00060F3000384F83D3002B070BDF7B53C226A
:10BEB00005460E4601F0AAFC0446019080BB002412
:10BEC00038223146284601F0A1FC0746019090B186
:10BED0003A223146284601F099FC0190C0B202286E
:10BEE00009D93B223146284601F090FC0744BC4268
:10BEF000B8BF3C46019031466822284601F086FCD6
:10BF00006922074601903146284601F07FFCB8427D
:10BF1000B8BF38460028C8BF2418204603B0F0BD7B
:10BF20003E223146284601F071FC0190C0B2022841
:10BF3000C5D942223146284601F068FC04EBD4748E
:10BF4000641001344022314601900444284601F037
:10BF50005DFC4122074601903146284601F056FC1F
:10BF600000280190B8BF4042002FB8BF7F42B842BE
:10BF7000ACBF2418E41924EAE474A1E7806800B196
:10BF8000406A704737B50446FFF7F8FF002301AA5F
:10BF9000054618212046019300F031F8A268019B64
:10BFA00042B15362019BAB4202D0204600F09EFC9E
:10BFB00003B030BD002BF5D02046FFF77CFBA36813
:10BFC000019A5A62EEE7806818B190F82B00C0F32E
:10BFD0008100704710B50C4668B90B68186860B1ED
:10BFE000C36843B100222146E2609847207EC043E7
:10BFF00000F0010002E00068F1E7012010BD10B57B
:10C0000088B0C8B10023CDE904329DF81C30CDE9D9
:10C01000010023F0070301A8ADF80C108DF81C30C7
:10C02000EDF704FD01A8E4F75FFA044601A8EDF777
:10C0300005FD204608B010BD0124FAE72DE9F041C6
:10C0400007460C4615461E46FFF735FBB8683346D3
:10C050002A462146BDE8F04108300EF0BCB900B9CF
:10C06000FEE7806810B108300EF0D3B9704700B910
:10C07000FEE7806810B108300EF0CFB9704700B904
:10C08000FEE7806810B108300EF0CFB97047F8B500
:10C090000F46054600B9FEE7FFF7E1FF002406461C
:10C0A000B44201D100200BE021462846FFF7DFFF14
:10C0B0000368BB4205D121462846FFF7E0FF012077
:10C0C000F8BD0134ECE72DE9F0410F4690460546F6
:10C0D00000B9FEE7FFF7C3FF0026441E002C02DA7A
:10C0E0003046BDE8F08121462846FFF7C0FF50B139
:10C0F0000368BB4207D14368434504D12146284623
:10C10000FFF7BDFF0136013CE8E703895A1E082A04
:10C1100009D90B3B9BB20B2B07D840F6EF4222FA12
:10C1200003F3DB0701D50EF0B2B900207047038995
:10C13000193B9BB2052B01D80EF0A9B9002070471E
:10C1400008B503890E2B01D0002008BD0EF09FF921
:10C150000028F9D00068F8E708B503890F2B01D053
:10C16000002008BD0EF093F90028F9D00068F8E728
:10C1700010B503890C46182B06D10EF088F9036818
:10C18000A342ACBF0360046010BD07B527220021A5
:10C1900001F03CFBC0B203B05DF804FB73B51222A2
:10C1A0000021064601F032FB3022044601900021B6
:10C1B000304601F02BFB3422054601900021304629
:10C1C00001F024FB430748BF6419204602B070BD4C
:10C1D0002DE9F04F8BB00591924600216E22044666
:10C1E0001D4601F013FB6C22002108900646834691
:10C1F000204601F00BFB6D2201280746089081467E
:10C200004FF000012046B8BF012701F0FFFA0128D6
:10C2100080460890B8BF4FF001082EB9B9F5807F6D
:10C2200002D1B0F5807F6AD06F220021204601F054
:10C23000EDFA702208900021204601F0E7FA089BF1
:10C24000099003F0C042B2F1005F19D16FF0604273
:10C2500023F0C049914513D0B9F1805FA4BFC9F163
:10C260007F6909F57F2904F11400A8BF09F6FF7959
:10C270000DF002FE642309FB00F090FBF3F0089040
:10C28000099B03F0C042B2F1005F19D16FF0604228
:10C2900023F0C049914513D0B9F1805FA4BFC9F123
:10C2A0007F6909F57F2904F11400A8BF09F6FF7919
:10C2B0000DF0E7FD642309FB00F090FBF3F009901B
:10C2C0006269089B13440893A269099B134409936C
:10C2D0004DB14FF6FF73FA184344B2FBF7F7B3FBC7
:10C2E000F8F8C6F1000B08AB85F00105CDE9008335
:10C2F0005A463B465146059802950DF0EBFC0BB0B3
:10C30000BDE8F08F73B511220021064601F07EFAD8
:10C310003022044601900021304601F077FA3422A1
:10C32000054601900021304601F070FAC30748BF6E
:10C330006419204602B070BD73B510220021064674
:10C3400001F064FA3022044601900021304601F0E9
:10C350005DFA3422054601900021304601F056FA7C
:10C36000830748BF6419204602B070BD73B513221D
:10C370000021064601F04AFA3022044601900021CD
:10C38000304601F043FA3422054601900021304640
:10C3900001F03CFA030748BF6419204602B070BDA3
:10C3A00037B500230C4601AA0821054601F044FADE
:10C3B000012804D1019BA34203D103B030BD002862
:10C3C000FBD100222146284601F028FEF5E737B5CB
:10C3D00000230C4601AA0921054601F02DFA012887
:10C3E00004D1019BA34203D103B030BD0028FBD18F
:10C3F00000222146284601F018FEF5E738B504462C
:10C400001546FFF7CDFF29462046BDE83840FFF727
:10C41000DEBF37B500230C4601AA0121054601F015
:10C420000BFA012804D1019BA34203D103B030BD14
:10C430000028FBD100222146284601F0DAFDF5E76D
:10C4400037B500230C4601AA0221054601F0F4F994
:10C45000012804D1019BA34203D103B030BD0028C1
:10C46000FBD100222146284601F0D1FDF5E738B581
:10C4700004461546FFF7CDFF29462046BDE8384063
:10C48000FFF7DEBF08B590F82A2042F0010280F8DD
:10C490002A2001F06EFE90F82A2042F0040280F873
:10C4A0002A20E5F7C5FCBDE808400022352102F04E
:10C4B0005DBA10B50446002289B201F01AFE20468A
:10C4C000BDE81040FFF7DEBF70B5044615461E46B6
:10C4D000002201F0B1FD324629462046BDE87040F9
:10C4E000FFF78CBF43690B6083694B60C3698B6046
:10C4F000036ACB60704738B5044601F042FE6469B8
:10C50000054648B14269A41A00F022FC04442846BA
:10C51000FFF744FE201A38BD2046FCE738B5044634
:10C5200001F02FFEA469054648B18269A41A00F003
:10C5300014FC04442846FFF7FFFE201A38BD2046AD
:10C54000FCE738B50546FFF7E9FF044605F114009E
:10C550000DF097FC204438BD07B50922002101F0F9
:10C5600055F903B05DF804FB14300DF085BC1430B0
:10C570000DF087BC70B50446FFF710FE0646204656
:10C58000FFF7F4FE054604F114000DF075FC801B66
:10C59000401B70BD70B50446FFF7CEFE0646204630
:10C5A000FFF7B0FE054604F114000DF06AFC801B95
:10C5B000401B70BD38B543690C460B608369054666
:10C5C0004B60C3698B60036ACB60FFF7E7FD2368AC
:10C5D000034423602846FFF7C9FEA3681B1AA36023
:10C5E0002846FFF7A9FE6368034463602846FFF707
:10C5F00089FEE3681B1AE36038BD37B501220021CC
:10C60000044601F003F9022205460190002120466C
:10C6100001F0FCF86FF040439D42019001D0984238
:10C6200005D12046FFF72EFF012003B030BD0020CA
:10C63000FBE72DE9F04781460D4616469A4601F084
:10C64000D6FD00278046474501D1BDE8F087D9F8DF
:10C6500008301B6853F82740BAF1000F13D1636903
:10C6600032462B446361A36929463344A361E369DD
:10C6700020462B44E361236A334423620023FFF7FF
:10C68000D8FF0137DFE74FF480212046FEF7D9FDC0
:10C690000028E4D0F5E72DE9F04704460D4616469C
:10C6A0001F4603F0010903F0020A6CB32046FFF7AE
:10C6B0008AFC0AF0FF038046BAF1000F15D0B9F1E9
:10C6C000000F07D0204601F05CFD3B46324629466C
:10C6D000FFF7E1FFB8F1020F16D132462946204696
:10C6E000BDE8F0470123FFF773BD022804D13246AD
:10C6F00029462046FFF76CFDB9F1000F04D0204613
:10C7000001F03FFD0446D0E7BDE8F0871346012263
:10C71000FFF7C1BF70B588B00C4609686668A568A8
:10C72000CDE901610091E16801350131CDE90651A2
:10C730001346039104226946CDE90456FFF7ABFF87
:10C74000069B049D1A46AB42A8BF2A460298009950
:10C750008242A8BF02468A42D4BF22602160AB4217
:10C76000B8BF2B468342B8BF0346059D8B42ACBF82
:10C77000A360A160079B0398AB421A46A8BF2A4654
:10C780008242A8BF024601998A42D4BF62606160BA
:10C79000AB42B8BF2B468342B8BF03468B42ACBF07
:10C7A000E360E16008B070BDF0B589B00D460121CD
:10C7B0000446FEF746FD002869D1204601F0D9FC69
:10C7C0000646E5F735FB0746E6F726FA86424AD1E4
:10C7D0002046FFF7D3FB636902460093A369014635
:10C7E0000193E36968460293236A03930CF0E3FF25
:10C7F0006A46294628460CF0F8FF0646002846D02F
:10C80000204601222946FFF785FF204601F0B9FCAA
:10C81000044604AFE4B301212046FEF712FDB0BB8D
:10C8200004F114030FCB87E80F004FF4801120466A
:10C83000FEF707FD38B12046FFF7A0FB0246014690
:10C8400038460CF0B8FF012239462046FFF762FF58
:10C850003A46294628460CF0C8FFC0B1204601F0F0
:10C8600090FC0446D6E73846E6F7E0F98642AFD0BA
:10C870003846E6F7F9F98642AAD03846E6F7E0F9F5
:10C880008642A5D03846E6F7E5F98642A0D00026D4
:10C89000304609B0F0BD30B585B00C460546E5F729
:10C8A000C7FAE6F7F5FAF8B12368694600936368BA
:10C8B00028460193A3680293E3680393FFF774FF8C
:10C8C00090B1AB6853B193F82B3003F00C03082BF5
:10C8D00004D10522684611460CF06DFF2846E5F7A5
:10C8E000A7FA694601F047FF05B030BD30B585B005
:10C8F0000446FFF743FBD4E90623256A6169121A4F
:10C900000344091A28440091039069462046019285
:10C910000293FFF7C0FF05B030BD2DE9F04389B0A9
:10C92000456804460E4617469DB14FF48021FEF738
:10C9300088FCD5F81490002847D0AB69B1441F4457
:10C940002846FFF72BFC09EB00062846FFF7F4FC0E
:10C9500007446369F61AA369FF1A56EA070331D040
:10C960002046FFF7C3FF63690093A3690193E3695E
:10C970000293236A03936DB1284604A9FFF71AFEB8
:10C980000022684604A90CF0ECFF804620B9284636
:10C9900000F0B2FD4FF0000863693A46334463612A
:10C9A000A36931463B44A361E36920463344E36114
:10C9B000236A3B4423620023FFF73BFE9DB92046D8
:10C9C000FFF794FF09B0BDE8F083284600F0C0F9F6
:10C9D000A9EB00092846B144AE6900F0BEF9A6EB08
:10C9E00000084744ACE7224627212846FFF707FB0B
:10C9F0002046FFF77BFF002204A904F114000CF08D
:10CA0000B0FFB8F1000F01D10028DBD0284600F0BC
:10CA100073FDD7E730B585B00446FFF7AFFAD4E928
:10CA20000623256A6169121A0344091A28440091F1
:10CA300003906946204601920293FFF7B5FE05B0C8
:10CA400030BD38B505460C46FEF735FEAB681C62B6
:10CA500038BD03465A6908460A609A694A60DA692D
:10CA60008A601A6A9B68CA601BB11A6A11460CF088
:10CA7000A2BE704770B586B00E4602210546FEF78D
:10CA8000E0FB18B90024204606B070BD284602A974
:10CA9000FFF7DFFF0022314602A80CF0E2FE044659
:10CAA0000028EFD04FF480312846FEF7CAFB00285B
:10CAB000E9D001236A461321284600968DF80430F8
:10CAC000FFF79DFA9DF80440DDE730B504460846BF
:10CAD00001F0C041B1F1005F12D16FF0604520F06C
:10CAE000C041A9420CD06420B1F1805FA2BFC1F166
:10CAF0007F6101F57F2101F6FF71594391FBF0F051
:10CB000002F0C041B1F1005F12D16FF0604522F038
:10CB1000C041A9420CD06422B1F1805FA2BFC1F133
:10CB20007F6101F57F2101F6FF71594391FBF2F21C
:10CB3000A242A8BF22469042B8BF104630BD70B591
:10CB4000044601F054FB00250646B5421FD194F877
:10CB50002A30D9070DD56FF30003204684F82A3018
:10CB6000E3F756FE2046E3F747FD15B12046ECF704
:10CB7000D5F894F82A309A0711D56FF3410320466F
:10CB800084F82A300021BDE8704000F0D6BCA368CC
:10CB90001B6853F82500FFF7D2FF0135D5E770BDBC
:10CBA00007B5272200F032FEC0B203B05DF804FBE7
:10CBB00090F854305B0704D500220B210068FFF782
:10CBC0001EBA704773B512220021064600F01EFE01
:10CBD0003022044601900021304600F017FE342236
:10CBE000054601900021304600F010FE430748BF83
:10CBF0006419204602B070BD73B5112200210646AB
:10CC000000F004FE3022044601900021304600F07E
:10CC1000FDFD3422054601900021304600F0F6FD6E
:10CC2000C30748BF6419204602B070BD73B5102217
:10CC30000021064600F0EAFD302204460190002162
:10CC4000304600F0E3FD34220546019000213046D5
:10CC500000F0DCFD830748BF6419204602B070BDB8
:10CC600073B513220021064600F0D0FD30220446A1
:10CC700001900021304600F0C9FD342205460190A4
:10CC80000021304600F0C2FD030748BF641920466A
:10CC900002B070BD38B504460D46FEF70CFDA26823
:10CCA00092F82A3003F00301A94208D065F301038A
:10CCB000204682F82A30BDE83840FFF717BE38BD5D
:10CCC00038B505460C46FEF7F6FCAA68538DC3F34B
:10CCD0008311A1421CBF64F38913538538BD38B555
:10CCE00005460C46FEF7E7FCAB6893F82A2064F390
:10CCF000830283F82A2038BD38B505460C46FEF776
:10CD0000DAFCAB6893F82A2064F3051283F82A2032
:10CD100038BD836823B193F82A0000F00300704700
:10CD20000320704783681BB1588DC0F38310704790
:10CD30000F207047806818B190F82A00C0F3810076
:10CD40007047806818B190F82A00C0F3011070474E
:10CD5000806808B1806940427047806808B1C06946
:10CD600040427047FFF7F9BF70B551EA020304462D
:10CD70000D46164618D0FEF79EFCA36829469A6910
:10CD800020462A449A61DA693244DA610123324644
:10CD9000FFF74FFC00220C212046FFF730F9012855
:10CDA00003D12046FFF7A2FD012070BD08B5034660
:10CDB000FFF7D3FF42181846BDE808400021FFF7EF
:10CDC000D3BF08B50346FFF7C3FF0022014418464E
:10CDD000BDE80840FFF7C8BF2DE9F047984651EA83
:10CDE000020305468946924651D0E3F7D5FF28460F
:10CDF000FFF7AEFF00210746A9EB00092846FFF721
:10CE0000CFFE01282ED0B9F1000F3CDA2846E4F716
:10CE10003DFA04462846E4F791FA204420EAE070FF
:10CE200044424C45B8BF4C462846FFF796FFBAEB44
:10CE3000000A814629D52846E4F7DCF909EB00060B
:10CE400026EAE67676425645B8BF5646391909EBCA
:10CE5000060251EA02031AD043462846BDE8F047CD
:10CE6000E4F7E2BAB9F1000F0DDD2846E4F70EFA57
:10CE700004462846E4F762FA044424EAE4744C4584
:10CE8000A8BF4C46D0E70024CEE70026DEE7BDE889
:10CE9000F08770B5054616461C461A46E4F754FB63
:10CEA000224631462846BDE87040E4F761BB73B5C1
:10CEB00004460E46E3F770FF00232046CDE9003319
:10CEC00001F05FF90546214614340DB902B070BD7A
:10CED00033466A462046E4F75FFB284601F051F9E5
:10CEE00029460546F1E72DE9F04F91B04FF0FF36A6
:10CEF0000D46174600220446114633462846009642
:10CF00000CF03FFC002233461146384600960CF0E8
:10CF100038FC10212046FEF794F98046C0B3204625
:10CF2000FFF7F7FE834698B30020E9F71FF9BBF13E
:10CF3000020F824629D02046FFF70FFF8146204688
:10CF4000E4F758F90B902046E4F7A0F90790204643
:10CF5000E4F7F4F904902046FFF7E4FE10F00C0F1C
:10CF600000F003061FD19EB1BBF1010F40F0058117
:10CF700046464FF0000832E050460BF038FC844241
:10CF8000D9D05046E9F7F2F88246BAF1000FF3D152
:10CF900011B0BDE8F08F002EFAD050460BF01AFC0D
:10CFA0000328F5D1E4E7BBF1010FF6B200F0D88019
:10CFB000BBF1030F40F0C080B9F1000F0BDC0B9BFD
:10CFC000002B08DC002EE3D0079B002BD0DC049B59
:10CFD000002BCDDCDCE7002E40F0C68000264FF4AD
:10CFE00080312046FFF7DCFD10224FF4803108909D
:10CFF000204600F00BFC11224FF4803105900F9079
:10D00000204600F003FC12224FF4803106900F906E
:10D01000204600F0FBFB13224FF480310F90824634
:10D02000204600F0F3FB01224FF480310F9083463D
:10D03000204600F0EBFB03900F902046FFF797FA95
:10D0400009902046FFF790FAB8F1000F039B08BF44
:10D050000023002E0293039B08BF00230A901D2289
:10D060004FF4803120460C9300F0D0FB0F90C0B2FB
:10D07000012840F28D80B8F1000F40F09580002E1D
:10D0800086D00A9B079E1E44049BF61880D0236A14
:10D09000069A00209B1A039AEB609B1A01336B607F
:10D0A00063694FF00A092B60E369AB600A9BA3EB4D
:10D0B0000A07029BA7EB0B07FF1A0A9B07FB03F863
:10D0C000E5F77AFD09FB00F0EF2898FBF6F840F34E
:10D0D0005B810020E5F770FDA02309FB00F05030D4
:10D0E00090FBF3F0804513DC0020E5F765FD4FF081
:10D0F0000A0808FB00F0EF2840F348810020E5F71C
:10D100005BFDA02308FB00F808F1500898FBF3F83A
:10D110000A9B6269F61A002E00F34281089B524472
:10D12000012BE36940F035810299A3EB0B03114415
:10D130004A1E2A60AB602BE7BBF1020F7FF428AFD9
:10D1400050460BF047FB0C287FF425AF002E3FF430
:10D1500045AF50460BF03EFBC31E5E425E413EE7CC
:10D16000003E18BF01263AE7079B002B0EDC049B0C
:10D17000002BD4BF0026012631E7BBF1030F3FF49B
:10D1800023AFBBF1020F7FF403AF06E7464626E765
:10D1900032224FF48031204600F038FB0F90C0B2AD
:10D1A00001283FF668AFF3E6099B99440B9B19EB06
:10D1B00003093FF464AFA3697B60236AFB60089BAB
:10D1C000012B4CD16369039A53443B601344013BE8
:10D1D000BB60099B059A0020A3EB0208069BA8EB05
:10D1E00003080C9BA8EB0308099B08FB03F393FBC4
:10D1F000F9F30D93E5F7E0FC0A225043EF280D9B6D
:10D2000036DD0020E5F7D8FC0A225043A02250303A
:10D2100090FBF2F00D9B83420FDC0020E5F7CCFC85
:10D220000A235843EF2825DD0020E5F7C5FC0A2333
:10D23000A0224343503393FBF2F3099AA169A9EB6F
:10D240000209B9F1000F17DC059B069A0B447B60BD
:10D25000236A9B1A0C9A9B1A013BFB600FE7E36958
:10D26000039AA3EB0B03BB609B1A01333B60B0E74F
:10D270000120D0E70123E0E70B9AA8EB030808FBA5
:10D2800002F292FBF9F9A8EB090808EB01020599F3
:10D2900051180B44013B7960FB60A3699A422FDA75
:10D2A000059A00201A447A6090464FF00A09E5F783
:10D2B00083FC09FB00F0EF285EDD0020E5F77CFC35
:10D2C000A02309FB00F0503090FBF3F0FB68804492
:10D2D000984515DD00204FF00A09D7F80480E5F7DE
:10D2E0006BFC09FB00F0EF2848DD0020E5F764FC4B
:10D2F000A02309FB00F0503090FBF3F04044F860AD
:10D300000C9A236A9B1A069AA3EB0208FB68434512
:10D310007FF7B5AE0020C7F80C80E5F74DFC4FF065
:10D320000A0909FB00F0EF282ADD0020E5F744FC9C
:10D33000A02309FB00F0503090FBF3F07B68A8EBD2
:10D3400000089845BFF69BAE00204FF00A09D7F8B9
:10D350000C80E5F731FC09FB00F0EF2812DD00201E
:10D36000E5F72AFCA02309FB00F0503090FBF3F016
:10D37000A8EB0000786082E60120A7E70120BDE766
:10D380000120DBE70120F3E70120ABE64FF00108C5
:10D39000BEE62A60029AA3EB0B039B1A013BC9E687
:10D3A000049BA7EB08077B4393FBF6F6BF1B1744D0
:10D3B000089A0AEB0703012A63D1029A13442B60EF
:10D3C00066694344013BBE42AB6027DD56441644C8
:10D3D00000202E60E5F7F0FB0A277843EF284CDDAC
:10D3E0000020E5F7E9FBA0237843503090FBF3F0F1
:10D3F000AB6806449E4211DD00200A272E68E5F73F
:10D40000DBFB7843EF283ADD0020E5F7D5FBA023CE
:10D410007843503090FBF3F00644AE60E469AB68AB
:10D42000A4EB0B04A3427FF7B3AD0020AC60E5F79B
:10D43000C3FB0A267043EF285ADD0020E5F7BCFB4A
:10D44000A0237043503090FBF3F02B68241A9C42C9
:10D45000BFF69EAD00200A26AC68E5F7ADFB704331
:10D46000EF2847DD0020E5F7A7FBA02370435030ED
:10D4700090FBF3F0241A2C608AE50898B8E70120A5
:10D48000CAE72B606669984408F1FF33BE42AB607F
:10D4900026DD564400202E60E5F78EFB0A277843F0
:10D4A000EF2821DD0020E5F787FBA02378435030EB
:10D4B00090FBF3F0AB6806449E4211DD00200A2782
:10D4C0002E68E5F779FB7843EF280FDD0020E5F7BC
:10D4D00073FBA0237843503090FBF3F00644AE601A
:10D4E000E469029BE41A9AE70120E3E70120F5E7EB
:10D4F0000120AAE70120BDE710B588B0694604AA5B
:10D500000446FFF7F0FC68460CF04BF918B904A884
:10D510000CF047F978B168460CF043F918B1694648
:10D520002046FFF7B8F904A80CF03BF918B12046E3
:10D5300004A9FFF7B0F908B010BD2DE9F041044689
:10D54000FFF7FFFB8846064698B92046FFF705FC23
:10D5500007462046E3F74EFE051E0ADA002F08DDD7
:10D560006A42BA424346A8BF3A4631462046E3F7EC
:10D570005BFF2046FFF7DEFB074620BB2046E3F7B4
:10D5800085FE06462046E3F7D9FE39460546204685
:10D59000FFF706FB01280ED0002D14DA002E12DD55
:10D5A0006942B14243463A46A8BF31462046BDE8EB
:10D5B000F041E3F739BF002E05DA002D03DD4346C5
:10D5C0003A463146F2E7BDE8F08170B5047A036867
:10D5D000FF2C0ED0002003EB840584420ED80020DF
:10D5E0000BE0884203F1080303D163680120136054
:10D5F00003E018781C460028F3D170BD15F8016BC4
:10D600008E4202D153F82030F0E70130E5E72DE9F2
:10D61000F74F0E4611461A468B081F2B28BF1F23B3
:10D620004FF001090746002490F82A5009FA03F93F
:10D6300006F47F0A05F008057B8DC3F3051BA3459F
:10D6400005D84FF0FF35681C18BF01201CE0F868B2
:10D650004FEAC40C00EBC40393F807E01EF0020F7E
:10D6600015D00DB10134E7E75B6803F47F03534540
:10D67000F8D150F80C00436819EA030FF2D0FFF715
:10D68000A4FF0128EED1012003B0BDE8F08FB6B2AF
:10D69000F3434FF0FF359BB20193A345D3D9FB6809
:10D6A00053F8340003EBC40C436819EA030F07D0A6
:10D6B000DCF80430C3F3170C03F47F039A4503D05E
:10D6C000A84645460134E8E7019B1FFA8CF81CEA9E
:10D6D000030FF5D1A845F3DDFFF777FF0128EFD160
:10D6E0004645EED1CFE7F8B5074600F080FD0024AF
:10D6F0000646B44200D1F8BDBB681B6853F82450FD
:10D7000001342846FFF7F2F800222F212846FEF7C1
:10D7100076FC2846FFF7EAF82846FFF7E4FFE8E73B
:10D72000F8B5002204460D46438DC3F3051393421A
:10D730000BD815D1628D013303F03F0363F3091257
:10D74000628502F47C728AB9FEE7E16801EBC201EE
:10D75000C879800708D54968C1F31701A94203D1E8
:10D76000E06800EBC200F8BD0132E0E7D900E068F4
:10D77000EDF7FAF80646638DE060C3F30513A0F1F8
:10D780000807013B17D11946082230460EF026FC47
:10D790000C20E668EDF7C4F8E368306018680DF017
:10D7A000C9FBE068C37943F00203C371436865F3C2
:10D7B00017034360D7E706EBC30207EBC30103C9B6
:10D7C00082E80300DDE770B5037A0446FF2B0568A5
:10D7D0001AD0002605EB8305237A9E4212D215F853
:10D7E000010BECF78BFA830605D40136F4E7ECF76E
:10D7F00085FA820601D5012070BD013415F8340088
:10D800000028F4D10020F7E70024F7E737B51446E5
:10D8100000B9FEE70023058D009329436B46E3F72B
:10D82000D9FF012805D0204603B0BDE83040ECF711
:10D830000FBA009803B030BDF0B50024458DC5F394
:10D840000515A54201D80020F0BDC7684FEAC40CF9
:10D8500007EBC40696F807E01EF0010F0AD07668C1
:10D86000C6F317069E4205D157F80C00BDE8F040FC
:10D870000DF0F4BB0134E4E77FB50E460546019296
:10D88000F0B16122FFF7C2FF04460390C0B1036804
:10D89000B3B1622231462846FFF7B8FF10F0FF020D
:10D8A00003900DD02368204601999847C0F30723C1
:10D8B0008DF80400C0F307408DF805308DF80600A0
:10D8C000019804B070BD2DE9F743002507462E46A8
:10D8D0006FEA01086FEA02097B8DC3F30513AB42BF
:10D8E00040F28780FB68E90003EBC502D07984072A
:10D8F0007CD4928818EA020F0CBF0120002019EA9C
:10D90000020F0CBF0122002290426FD05C5801AA86
:10D91000102120460DF0A2FB002869D111212046DC
:10D9200001AA0DF09BFB002862D11221204601AA1A
:10D930000DF094FB00285BD11321204601AA0DF0C5
:10D940008DFB002854D11521204601AA0DF086FB3D
:10D9500000284DD11421204601AA0DF07FFB00289C
:10D9600046D11621204601AA0DF078FB00283FD1B0
:10D970006A21204601AA0DF071FB002838D16B21E5
:10D98000204601AA0DF06AFB90BB0121204601AAA6
:10D990000DF064FB60BB0221204601AA0DF05EFB86
:10D9A00030BB0421204601AA0DF058FB00BB052125
:10D9B000204601AA0DF052FBD0B90621204601AA4B
:10D9C0000DF04CFBA0B90721204601AA0DF046FB43
:10D9D00070B93021204601AA0DF040FB40B9682102
:10D9E000204601AA0DF03AFB38B10226013573E753
:10D9F0000326304603B0BDE8F0836921204601AA22
:10DA00000DF02CFB0028F0D16E21204601AA0DF06C
:10DA100025FB0028E9D16C21204601AA0DF01EFB50
:10DA20000028E2D16D21204601AA0DF017FB002845
:10DA3000DBD13A21204601AA0DF010FB0028D4D1F9
:10DA40003B21204601AA0DF009FB0028CDD1382149
:10DA5000204601AA0DF002FB0028C6D13C21204639
:10DA600001AA0DF0FBFA0028BFD13E21204601AAF1
:10DA70000DF0F4FA0028B8D14021204601AA0DF09B
:10DA8000EDFA0028B1D14121204601AA0DF0E6FAB5
:10DA90000028AAD14221204601AA0DF0DFFA002871
:10DAA000A3D14821204601AA0DF0D8FA00289CD124
:10DAB000012E38BF012699E773B55E2205460E4652
:10DAC000FFF7A4FE2722C4B231462846FFF79EFE88
:10DAD000012C204638BF012002B070BD73B55F2213
:10DAE00005460E46FFF792FEC4B2022C019003D801
:10DAF0000024204602B070BDFC2C96BFC4EB042469
:10DB0000FF24C4F307241EB9284600F03AFB05465B
:10DB10002DB9022CECD9FD2C28BFFF24E9E75F22A8
:10DB200000212846FFF772FE0190C0B20228DFD91B
:10DB3000FC289CBF4443C4F30724E5E737B56E22B5
:10DB400000210446FFF762FE0546019020B1A3685C
:10DB5000002B4ED102252EE001466C222046FFF715
:10DB600055FEB0F5807F0190F1D16D222946204607
:10DB7000FFF74CFEB0F5807F0190E8D12946712275
:10DB80002046FFF743FE014601900028DFD17222B4
:10DB90002046FFF73BFE054601900028D7D10146FD
:10DBA00060222046FFF732FE0190C0B2FF280BD062
:10DBB000A36833BB01252046FDF77DFDA36893F8DC
:10DBC0002B2065F3830219E0294673222046FFF7D4
:10DBD0001DFE014601900028EAD167222046FFF78A
:10DBE00015FE019010F0FF00A368E2D113B903B055
:10DBF00030BD022093F82B2060F3830283F82B20A2
:10DC0000F5E70120F6E72DE9F84F04460F461FFA25
:10DC100082F902F47F0511B30E7A1DB90846FFF7A9
:10DC2000D2FDC0B9003E18BF01267642F6B20022EE
:10DC30004FF6FF7A9046638DC3F30513434510D822
:10DC4000002A69D0002E67D029462046BDE8F84F4B
:10DC5000FF22E3F757BE2046FEF748FEE2E7FF2625
:10DC6000E5E7E068D14500EBC8014B684FEAC80B17
:10DC7000C3F3170303D01FFA83FCCC450BD1B5F5D2
:10DC8000702F03D003F47F039D4204D137B150F8C5
:10DC90000B30BB4202D008F10108CCE7CB799907E1
:10DCA00005D50023FF2229462046E3F7CFFDE36890
:10DCB00003EB0B02D27992070DD053F80B0008B199
:10DCC0000DF03CF9E36853F80B00ECF743FE00223B
:10DCD000E36843F80B20638D4246C3F30513D4F881
:10DCE0000CC003F1FF3B06E001320CEBC20E9EE8D4
:10DCF00003000EE903009345F6D803F13F01638D5D
:10DD000001F03F0161F3091360466385C900ECF738
:10DD10002BFE0122E0608EE7BDE8F88F2DE9F0418F
:10DD2000438D044603F47C73B3F57C7F0E461546A1
:10DD300000D1FEE70023FF222946E3F787FD4EB11D
:10DD400015F47F0F06D13046FFF73DFD10B1204698
:10DD5000FEF7CCFD00272A4631462046FFF753FF49
:10DD6000638DC3F30513BB4205D9E26802EBC7021A
:10DD7000D27992070AD1628D013303F03F0363F336
:10DD80000912628502F47C7212B9FEE70137EAE7F4
:10DD9000E068D900ECF7E8FD8446E06000B9FEE7F2
:10DDA000638DA0F1080EC3F30513013B9F4217D307
:10DDB0000CEBC700082200210EF010F9E2684FEAD0
:10DDC000C70802EB080342F837605A68294665F332
:10DDD00017025A602046BDE8F041FF22E3F792BDEA
:10DDE0000CEBC3020EEBC30103C9013B82E8030045
:10DDF000DCE7F8B54B8D054613F47C7F0C46C3F386
:10DE000005120CD028B10023E16851F83310A94263
:10DE10000DD1FF224FF470212046E3F773FD204619
:10DE200000F0E5F900260746BE4204D1F8BD0133F3
:10DE30009A42E9D8F3E7A36828461B6853F82610EE
:10DE4000FFF7D7FF0136EFE72DE9F7431E460446FB
:10DE5000002301920F460A4606F47F01E3F7F6FC21
:10DE60000023658DC5F30515AB420AD3638D0135DB
:10DE700005F03F0565F30913638503F47C733BBB31
:10DE8000FEE7E168D80001EBC30292F807C01CF07E
:10DE9000010F1BD05268C2F31702964216D10D58DB
:10DEA0003EB93846EBF72AFF830602D52046FEF737
:10DEB0001DFD39462846019A0DF08AF83A4631464A
:10DEC000204603B0BDE8F043E3F71CBD0133CBE7C8
:10DED000E068E900ECF748FD0346E06000B9FEE7C2
:10DEE000658DC5F3051505F1FF3905F10055023DB6
:10DEF00000EBC5054FEAC908B9F1000F1ED1082291
:10DF0000002103EB08000EF069F80C20E568ECF73F
:10DF100007FDE36845F8390053F839000DF00AF8B9
:10DF2000E16801EB0803DA7942F00102DA715A681C
:10DF300066F317025A6051F83950B1E7EA79083DA3
:10DF40009207DCD1D5E90201984488E8030009F181
:10DF5000FF39CFE7F8B50023044616460F46418D3A
:10DF6000C1F30511994203D80DD100252846F8BD0B
:10DF7000E26802EBC302D079C00713D55268C2F33E
:10DF80001702B2420ED1E268394652F833000CF063
:10DF9000E4FF05460028E8D03A4631462046E3F73C
:10DFA000B1FCE3E70133DDE770B50468A5682279C9
:10DFB00005F47F0529462068FFF728FC0023267911
:10DFC00029463246E060237120682346E3F73EFC91
:10DFD000A16820682671FFF7A3FBE2682179006839
:10DFE0000CF0F6FF2279A1682068BDE87040E3F7E5
:10DFF00089BC82B013460A46012102B0FFF724BF54
:10E0000082B013460A46042102B0FFF71DBF82B05A
:10E0100013460A46022102B0FFF716BF82B013462C
:10E020000A46082102B0FFF70FBF82B013460A4626
:10E03000092102B0FFF708BF82B013460A460A2141
:10E0400002B0FFF701BF82B013460A46102102B0AA
:10E05000FFF7FABE82B013460A46112102B0FFF75D
:10E06000F3BE82B013460A46122102B0FFF7ECBE9F
:10E0700082B013460A46132102B0FFF7E5BE84B012
:10E0800013460022ADF80C10090C8DF80E101C215F
:10E090008DF80F20039A04B0FFF7D6BE82B0134666
:10E0A0000A461D2102B0FFF7CFBE82B013460A46D2
:10E0B000282102B0FFF7C8BE84B013460022ADF895
:10E0C0000C10090C8DF80E1058218DF80F20039AB2
:10E0D00004B0FFF7B9BE82B013460A465E2102B013
:10E0E000FFF7B2BE82B013460A460C2102B0FFF71A
:10E0F000ABBE82B013460A46162102B0FFF7A4BE9B
:10E1000082B013460A46272102B0FFF79DBE82B0B7
:10E1100013460A467D2102B0FFF796BE82B0134631
:10E120000A467E2102B0FFF78FBE82B013460A4630
:10E130007F2102B0FFF788BE82B013460A468021D5
:10E1400002B0FFF781BE82B013460A46812102B0B9
:10E15000FFF77ABE38B504460D460AF024FB10B12D
:10E1600020460AF05CFB29462046BDE83840E8F727
:10E170009FBF034620B118465B68002BFBD1704758
:10E18000704700B140687047806858B10029038D1E
:10E1900001DAC91805D48B4203D9036853F821006A
:10E1A00070470020704770B58468F4B10029238D52
:10E1B00019DA0131013B14D3206850F823000568B7
:10E1C0009542F7D10029F4D170BD206850F82500A0
:10E1D0000668964202D10029F6D0013901359D42E8
:10E1E000F3DB0020F0E70025F9E72046ECE7806844
:10E1F00000B1008D704730B5836873B100200246CE
:10E200001C8D944200D830BD1D6855F82250013253
:10E210002D688D4208BF0130F3E71846F3E710B5CB
:10E22000034670B1426862B100209268118D81424C
:10E2300000DCFEE7146854F820409C4203D0013013
:10E24000F5E74FF0FF3010BD70B590F82B30044665
:10E25000DB062BD4FEF74AFB65682046ADB1E3F739
:10E2600007FE95F82B4014F010041FD12846FFF745
:10E2700043F9224627212846FDF7C1FE22462846BB
:10E28000BDE870402921FDF7BABEE3F7D1FD06468F
:10E2900060B1D0F8C03220469C4203D0BDE8704047
:10E2A000E3F7E6BDE3F7E4FDC6F8C05270BDFFF743
:10E2B000CBBF2DE9F041436804460D46002B66D0E4
:10E2C000002964D08B4262D0FEF710FB2846FDF790
:10E2D000F2F92046FFF7A3FF03466768D7F80880E6
:10E2E000D8F800203846FFF782FF0138984241DC19
:10E2F000B8F82860013EB6B2A8F82860002E40D0D9
:10E300001046B100ECF730FBC8F80000AE68318D64
:10E310003068013189B231858900ECF725FB306026
:10E320002846FFF764FFAB6800F180401B680138A6
:10E3300043F8204038466560FFF7DEF82246272183
:10E340003846FDF75CFE002229213846FDF757FECE
:10E35000224627212846FDF752FE00222821284682
:10E36000FDF74DFE2046FEF78DF82046BDE8F04152
:10E37000FEF7BCBA02EB8301496842F8231001336F
:10E38000B0E71046ECF7E6FABB681E60BEE7BDE8F2
:10E39000F081F8B50E46074698B345688DB3FFF790
:10E3A0003EFF031E00DAFEE72846FFF720FF002E9F
:10E3B00001DA361825D4B04223DDB34221D0AA6851
:10E3C000146808DC04EB8301496844F82310013326
:10E3D0009E42F7D108E004EB830151F8041C44F895
:10E3E0002310013B9E42F6D11368284643F826705D
:10E3F00000222721FDF703FE2846BDE8F840FEF77E
:10E4000075BAF8BD10B5044600223C2100F0AEFA02
:10E41000E36A6BB1226B0AB120469847002323635D
:10E420000022204662633D21BDE8104000F09EBA04
:10E43000236B002BFCD1F3E773B500220C4614319B
:10E4400006460BF08EFA10B9002002B070BD012113
:10E450002046FCF7F6FE0028F6D12046FDF7B3FD76
:10E460000028F1D18DF800006A4617212046019658
:10E47000FDF7C5FD9DF80030022BE5D02046FFF7E3
:10E48000B6FE451E002D05DA9DF80030002BDBD1CD
:10E490002046DAE7A36830461B6853F82510FFF7DB
:10E4A000CBFF0028D1D1013DECE72DE9F341041D5C
:10E4B000076890F8148020460E460BF0DDFC0546F8
:10E4C00020460BF0DEFC2A460346414638460096BD
:10E4D00000F0B3FB00B9FEE702B0BDE8F081704781
:10E4E0002DE9F04FC7B00C460DF10C0800F11805EE
:10E4F000074695E80F0088E80F000BA92046FDF7B6
:10E50000F1FF2046FDF73AFD07AE024601460BA893
:10E510000BF051F9414630460BAA0BF066F9E8B30F
:10E5200096E80F0085E80F003A4619212046FDF7CE
:10E5300066FD3A461A212046FDF761FD1B213A4649
:10E540002046FDF75CFD4FF480112046FCF779FE74
:10E5500038BB04F114020DF13C09414648460BF06A
:10E5600044F9B8B12046FFF742FE8346D8B996E891
:10E570000F0085E80F003A461C212046FDF73FFDBD
:10E580003A461D212046FDF73AFD3A461E21204617
:10E59000FDF735FD98E80F0085E80F0047B0BDE8AE
:10E5A000F08F0BAAD7E799E80F0085E80F002D221E
:10E5B00000212046FFF72AF92B9068B94FF0000997
:10E5C000A36838461B6853F8291009F10109E3F7DD
:10E5D000F7FCCB45F4D1CAE70C2200212046FFF717
:10E5E00015F981462B900028E8D01FA800F061FEA5
:10E5F00004F114060DF1980C96E80F008CE80F005A
:10E600002BA8CDF8A890E5F7EFF930460BF034FCD5
:10E61000824630460BF035FC824503DB30460BF07A
:10E6200030FC02E030460BF027FC40104845034622
:10E63000A8BF4B460DF14C09009396E80F0089E8FE
:10E640000F00009A49469B1A0133424648461493EC
:10E650000BF0CBF860B34A461021384600F0DDF9E4
:10E6600000238246A26850461268019352F8231094
:10E67000E3F7A6FC019B01339B45F3D152461C21D5
:10E680002046FDF7BCFC52461D212046FDF7B7FC95
:10E6900052461E212046FDF7B2FC50461FA900F04D
:10E6A0000CFE4A4638462BA9CDF8C8A000F059FC0C
:10E6B00096E80F000DF15C0989E80F000B46009AFF
:10E6C00049461344013B424648461A930BF08DF8E5
:10E6D00060B34A461021384600F09FF90023824675
:10E6E000A26850461268019352F82310E3F768FCC1
:10E6F000019B01339B45F3D152461C212046FDF777
:10E700007EFC52461D212046FDF779FC52461E2113
:10E710002046FDF774FC50461FA900F0CEFD4A4686
:10E7200038462BA9CDF8C8A000F01BFC96E80F00D6
:10E730000DF16C0989E80F000B46009A4946134415
:10E740001C931E9B48469B1A42461E930BF04DF8A5
:10E7500000283FF41FAF99E80F00002685E80F005E
:10E76000A36838461B6853F826100136E3F728FCE7
:10E77000B345F5D1FFE670B588B00E46044618B92A
:10E78000E4F7EAF9044660B12046E4F781FB40B1C2
:10E7900094F83A3013F0020300D0FEE71EB9C4F833
:10E7A0005C6208B070BD2046CDE90033E4F7E4F9BF
:10E7B000013802902046E4F7EFF96D4601380390E6
:10E7C0002A46314604A80BF010F80028E9D094F846
:10E7D0003B30072B07D1049B23F007030493069BD0
:10E7E00043F00703069394F83930022B0ED195E8D5
:10E7F0000F0004F13C0686E80F00012300223521BA
:10E800002046C4F85C3200F0B1F8CAE73221204655
:10E8100004AA00F0ABF80128C3D10026D4F85C327A
:10E82000B1B28B4215D81F2B82BF00232A46C4F8F1
:10E830005C32D4F85C3298BF04AA106804EB031170
:10E84000C86350680133086490684864D2688A6479
:10E85000D4E704EB011100223C3104A80BF081F84D
:10E8600001360028DAD09CE738B505460BF00BFEE0
:10E87000044628460BF005FE352C06D1D0F8F802E8
:10E8800018B1BDE838400CF097BF38BD2DE9F04F06
:10E8900087B099469DF84030044615468B4605934F
:10E8A00001B9FEE7E4F768F9824620B12046E4F7B3
:10E8B00073F9064600B9FEE72046E4F7A3F90146DE
:10E8C00007465846E4F7CEFE834500D0FEE735B153
:10E8D00039462846E4F7C6FE854200D0FEE73946B1
:10E8E0005046E4F799FE059B804613B9484505D983
:10E8F000FEE700FB06F34B4502D9FEE7B9FBF0F655
:10E9000004F51C73049332463B465146CDE901B9E8
:10E91000049804F5237BCDF80080E4F7ABFE324683
:10E920003B4651465846CDE90159CDF80080E4F701
:10E93000A1FE002D2046049914BF5A460022E4F798
:10E9400045F92046059907B0BDE8F04FE4F748B90E
:10E95000002303637047006A003818BF0120704726
:10E9600000B9FEE700F538700BF035BD70B588B022
:10E9700004460E46154600211C2201A80DF02EFB70
:10E98000CDE9014404F538740122204601A9ADF80F
:10E990000C6005950BF0EDFC012804D10022204607
:10E9A00001A90BF0E6FC08B070BD08B5024650B1F5
:10E9B0000020E4F701F94243EF2AC3BFA0235032FD
:10E9C000B2FBF3F20122104608BD7047F8B50646C7
:10E9D00054200C46EBF7ACFF054600F1080794E81D
:10E9E0000F0087E80F0005F1180794E80F0005F104
:10E9F000380487E80F0006F118030FCB84E80F00F6
:10EA00000123AB64B36B13B9B5632846F8BD1A464E
:10EA10001B68002BFBD11560F7E72DE9F041884614
:10EA200014460646E3F7A0FD07464C20EBF780FFAF
:10EA3000054600B9FEE7C66300F1180694E80F002A
:10EA400086E80F002E1D94E80F0086E80F0005F100
:10EA5000280694E80F0086E80F0085F81480D7F8A0
:10EA6000A8323BB11A461B6C002BFBD1156428461B
:10EA7000BDE8F081C7F8A852F9E70068E4F740BEA6
:10EA800010B54022002104460DF0A8FA01232362AC
:10EA9000FF2384F83C300BF038FBC0F30723637787
:10EAA00040232077C0F30740A077636110BD7FB596
:10EAB00091F83C300546022B0C4624D90B6A13B35F
:10EAC000D1E909239A421ED08B8ECA6AD11A0091CD
:10EAD000216B1A44CE1A0B44013B013A6946039359
:10EAE00002920196FFF772FF06464020EBF718FFEF
:10EAF00021464022F0640DF07CF908233146284677
:10EB00003371E4F7ABFA04B070BD10B1033020F0FC
:10EB10000300704710B504460846EAF75FFF6043FC
:10EB20000730C00810BDEBF715BF0330EBF7F8BE98
:10EB300003465B690846114603B1184718467047FB
:10EB400003469B680846114603B1184718467047AC
:10EB500030B587B00A46044600B9FEE7856905B9B5
:10EB6000FEE72B696BB141B98388C088013B01384E
:10EB7000009002A80AF005FE02AA114620462B6961
:10EB8000984707B030BD2DE9F84F07461C2089464D
:10EB900093461D460A9EEBF7CBFE044600B9FEE7FE
:10EBA00026B929464846E4F737FD064633462A4645
:10EBB00059464846E4F738FD3B68804633B920465D
:10EBC000EBF7C8FE00242046BDE8F88F2946984799
:10EBD00082460028F3D065702368294603F47F43FA
:10EBE00043F4401343F01903A4F80490A4F806B0CA
:10EBF00026812360E4F736FDC4F80C80C4E9040ADA
:10EC0000A761E0E737B50B890C4600934B78CA88BB
:10EC10008988FFF7B8FF054660B16388C26843F092
:10EC200030034380E36821699A4228BF1A4600698D
:10EC30000DF0DFF8284603B030BD2DE9F0410D4658
:10EC4000174698460446069E18B900242046BDE89B
:10EC5000F08101B9457826B929463846E4F7DCFC4D
:10EC6000064633462A4641463846E4F7DDFCE3686B
:10EC70008342EAD36570A780A4F806802681E5E781
:10EC800010B5044600B9FEE74388DB060BD583695F
:10EC900003B9FEE75B680BB1406998472046BDE8C1
:10ECA0001040EBF757BE10BDF0B589B00D460446D5
:10ECB00000B9FEE7068951B90A46E4F721FD294665
:10ECC000E288724309B0BDE8F0400DF087B9002337
:10ECD000CDE9003383886A46013B0293C38804A8C8
:10ECE000013B03930AF081FDE8B104A80BF0C4F8DE
:10ECF000002818DD04A80BF0C4F8002813DDDDE9B6
:10ED000004122046E4F7FCFC05466078EAF766FE4C
:10ED1000044604A80BF0B0F84443059F0734E41000
:10ED2000079BBB4201DA09B0F0BD2846224600210C
:10ED30000DF054F935440137F2E72DE9F84F9046CC
:10ED40001E465278437805469A420C4600D0FEE7AC
:10ED500069B9DA1F032AB0F8049011D91EB33046FE
:10ED60000BF08AF8484546D1D6E9001221E0084662
:10ED70000BF082F88146CEBB6B78DA1F032A12D8DB
:10ED8000072B2869D8F8101009D0082B09D0092BB7
:10ED900014BF4FF4806240220DF02BF8DEE708220A
:10EDA000FAE71022F8E7B8F804304B4523D10022E7
:10EDB00011464046E4F7A4FC0746ECB1D4E9001242
:10EDC0002846E4F79DFC0646D4F804B0D4F80CA01D
:10EDD00068782C89B8F80880EAF700FE09FB00F58E
:10EDE0000735ED10D34513DDBDE8F88F30460BF045
:10EDF00043F88145B8D0FEE7224621462846E4F78D
:10EE00007FFCB5F806A00646A3460AF1FF3ADFE705
:10EE1000394630462A460CF0ECFF264447440BF1B5
:10EE2000010BDFE74388194214BF0120002070471F
:10EE300030B585B0CB680C4602930B69054601934B
:10EE40000B8900934B78CA888988E4F713FC6388A0
:10EE50006B8005B030BD38B10078A0F120035F2B86
:10EE600004D9C00940007047032070470120704753
:10EE70002DE9F0438BB005461E46BDF84870BDF83D
:10EE80004C80DDF8509073B9B7F5807F0BD1B8F5A1
:10EE9000807F08D1C0E9003301398160541EEC60E5
:10EEA0000BB0BDE8F08301240023CDE90812CDE9C1
:10EEB0000413CDE9063231463A46CDE90233CDE9B5
:10EEC0000094434602A80AF0C9FF43463A46314639
:10EED000CDE9009404A80AF0C1FF43463A46314602
:10EEE000CDE9009406A80AF0B9FF43463A463146F8
:10EEF000CDE9009408A80AF0B1FF089B069C1A46C9
:10EF0000A342A8BF2246049802998242A8BF0246A3
:10EF10008A42D4BF2A602960A342B8BF23468342F5
:10EF2000B8BF03468B42B8BF0B46099C0798013B0C
:10EF30008442AB602346A8BF03460599039A8B42DF
:10EF4000A8BF0B469342D4BF6B606A608442B8BFCF
:10EF500004468C42B8BF0C469442B8BF1446013CEC
:10EF60009DE72DE9F04385B00B6B0746002B0C465F
:10EF7000164638DD4B6B002B35DD1146FFF726FDBD
:10EF800005466C20EBF7CCFC21466C22E8640CF0C3
:10EF900030FF06232B7100233046AB640AF06CFF70
:10EFA000804630460AF06DFF04F140030293A38EC1
:10EFB00005F118090193238E02460093E36A414646
:10EFC0004846FFF755FFD6E9001248460AF000FC14
:10EFD000012229463846E36983F8442005B0BDE89C
:10EFE000F043E4F73BB805B0BDE8F0832DE9F0430A
:10EFF00085B0CB6980460C461546002B48D091F869
:10F000004C30022B44D90B6B002B41DD4B6B002B9A
:10F010003EDD6C20EBF784FC07466C2221460CF0A9
:10F02000E8FEF86907F1200100F0FBFB012805D09C
:10F03000384605B0BDE8F043EBF78CBC29464046A6
:10F04000FFF7C4FC052300F1180903710646C764E5
:10F0500028460AF011FF074628460AF012FF04F17D
:10F0600040030293A38E02460193238E39460093F8
:10F070004846E36AFFF7FCFED5E9001248460AF06D
:10F08000A7FB3146404605B0BDE8F043E3F7E6BFD5
:10F0900005B0BDE8F0832DE9F041A0B006460C466E
:10F0A00015461F46002B4ED01368059353680693F0
:10F0B00093680793D3680893CB6A3BB90B6BB3F59E
:10F0C000807F03D14B6BB3F5807F21D028460AF0B7
:10F0D000D3FE804628460AF0D4FE04F14003029392
:10F0E000A38E02460193238E41460093E36A05A84E
:10F0F000FFF7BEFE2968059B6A680B440593069BD3
:10F1000013440693079B0B440793089B13440893EF
:10F110000DF124084046B26805A90AF066FB90B1DB
:10F120000022E1690DA8E5F7DDF801280BD1304692
:10F1300000232146CDE9018700950DAAE4F7F0FBF5
:10F140000DA800F094FB20B0BDE8F0811F2825D960
:10F1500040F21C63984221D0A0F58A531F3B012B3B
:10F160001CD9A0F5C0530B3B032B17D9A0F50053B6
:10F17000A3F10B02042A11D9283B072B0ED9A0F5C5
:10F1800001531F3B102B09D94FF6FF63984205D05E
:10F190004FF6FF03C31A5842584170470120704789
:10F1A0000379042B0CBFC06C002070471C22002187
:10F1B0000CF014BFF8B50C4694F848300646022B04
:10F1C000114621D9E369FBB11B78EBB1236ADBB1AE
:10F1D000FFF7FCFB05465420EBF7A2FB5422214627
:10F1E000E8640CF006FE04232B7194F84C305B06A7
:10F1F00004D5E069EF6C0CF059FFF8612946304600
:10F20000BDE8F840E3F72ABFF8BD10B54022002161
:10F2100004460CF0E3FE01232363FF2384F83C3013
:10F220000AF073FFC0F3072384F82D30402384F8DD
:10F230002C00C0F3074084F82E00636110BD7FB539
:10F240000B6B06460C46002B31D091F83C20022A6D
:10F250002DD9496AE2699142D4BFC3EB0105C3EBE2
:10F26000020500959142ACBF5D189D18226AA16A03
:10F2700002959142D4BFC3EB0105C3EB0205914255
:10F28000ACBF5B189B18694603930195FFF79EFB83
:10F2900005464020EBF744FB21464022E8640CF091
:10F2A000A8FD0723294630462B71E3F7D7FE04B0AB
:10F2B00070BD302200210CF091BEF8B50446007DEF
:10F2C0000F460AF09FFE60B3211D2046FFF77EFB2C
:10F2D00005463020EBF724FB30223946E8640CF079
:10F2E00088FD0A23EE6C2B713068346198B14FF4BD
:10F2F0000021FBF7A6FF70B14FF400213068FBF747
:10F300003FFF1F212A463868FCF779FE4FF40021A1
:10F310003068FCF78AF929462046BDE8F840E3F753
:10F320009DBEF8BD10B53022002104460CF056FEFB
:10F33000FF2384F820303023636110BD0379012B53
:10F340000CBFC06C0020704710B504462C22002171
:10F350000CF044FE238D23F4FF5323F01F036FEAC8
:10F3600013336FEA033323852C23636110BD0379C4
:10F37000022B0CBFC06C002070472DE9F04F93B0FA
:10F38000CD6D06460C46174685B191F86C30022BC0
:10F3900040F28D80012D40F08C808B6E002B05DCBF
:10F3A0000B6E1BB94D6E003D18BF012594F820303F
:10F3B000059394F83B30022B7DD9236B003B18BF9B
:10F3C0000123079394F84830022B76D9636C002B05
:10F3D00073D094F8499019F0200F6ED119F01F09DD
:10F3E00018BF4FF0010994F85830022B68D9236DEB
:10F3F000003B18BF01230693059BFF2B73D194F8A4
:10F400002F305B075ED1002D72D039463046FFF7B2
:10F41000DDFA82463820EBF783FA8046A26E0AF1C5
:10F42000180B1146CAF84C0058460AF0C4F9E26DB0
:10F43000584611460AF0BFF9D4E9181258460AF0A6
:10F44000C7F9C446A646BEE80F00ACE80F009EE828
:10F45000070038238CE80700C8F81430E369B4F8D3
:10F460005920C8F81C3094F85B30A8F8202088F8A0
:10F470002230E36D5146C8F82430A36E3046C8F8F8
:10F48000283094F86C3088F83430236EC8F82C306B
:10F49000636EC8F8303098F8353065F3000388F8AB
:10F4A000353003238AF80430E3F7D8FD1DE000254A
:10F4B0007CE701257AE7002383E74FF0000992E714
:10F4C000002398E7002394F82E2004F127019A42A4
:10F4D00099D903EB8300085CFF2801D10133F6E7DB
:10F4E00035B1002591E7002DFBD1059B022B58D9A2
:10F4F00097E80F000EAD85E80F00636C012B1BDD54
:10F5000094F84830FC2B17D9E369ABB1024694F864
:10F510004930C3F380010A440E920F9AC3F34001AD
:10F520000A440F92109AC3F3C001521A1092119A12
:10F5300003F00103D21A119229463046FFF746FA2A
:10F5400080463020EBF7ECF90546FFF7EBFEAC46C2
:10F55000A646C8F84C50BEE80F00ACE80F009EE885
:10F56000070030238CE807006B61E36904F1240293
:10F57000EB61B4F8213007CAA5F8213094F82330A4
:10F5800085F8233005F1240383E8070094F8203040
:10F59000414685F820300123304688F80430E3F7EF
:10F5A0005DFD079B002B6ED0206BFFF754FC0128FC
:10F5B0001ED80DF12C0A5146206B00F032F90128BB
:10F5C00061D194F83D30002B40F0F080BDF8302040
:10F5D0000EA9013A1092BDF832203846013A119234
:10F5E00000930922CDE90E330AF0A9FA0EA9DEE054
:10F5F000032848D00C2200210BA80CF0EFFC0025BA
:10F600006FF06043CDE9013500952B46D4E90C122B
:10F6100009A80CF071F8099B0922013B10930A9B81
:10F620003846013B119300952B460EA9CDE90E55A6
:10F630000AF085FA0EA93046FFF7C8F98046542033
:10F64000EBF76EF90546E4F75DFAAC46A646C8F856
:10F650004C50BEE80F00ACE80F009EE807005423B2
:10F660008CE807006B61A36BAB851B0C85F82E3013
:10F67000636B2B62236BEB6104234146304688F8B1
:10F680000430E3F7EBFCB9F1000F35D039463046D2
:10F69000FFF79CF980462C20EBF742F9A6468446FA
:10F6A000C8F84C000546BEE80F00ACE80F009EE825
:10F6B00007002C238CE807006B61E369E28FEB61A4
:10F6C00094F840302A8485F8223094F8483095F830
:10F6D000292085F82830636C41466B6294F84930E4
:10F6E0003046C3F3040363F30402022385F82920A0
:10F6F00088F80430E3F7B2FC069B002B53D097E860
:10F700000F000EAD85E80F00D4E914231A4411460A
:10F7100028460AF050F829463046FFF757F9804648
:10F720002C20EBF7FDF80546226D08F1180711466D
:10F73000C8F84C0038460AF03EF8626D384611466B
:10F740000AF039F82F46A446BCE80F000FC79CE822
:10F7500007002C2387E8070047F6FF726B61E36917
:10F760004146934218BF226D30461EBF9B18626D02
:10F770009B18B4F84A20EB6194F84C302A840F228D
:10F7800085F8223094F8583085F82830236D6B6264
:10F7900095F8293062F3040385F82930022388F8AC
:10F7A0000430E3F75BFC13B0BDE8F08F3946304618
:10F7B000FFF70CF980466C20EBF7B2F80546E4F74A
:10F7C00013F9AC46A646C8F84C50BEE80F00ACE8AA
:10F7D0000F009EE807006C238CE807006B61236B29
:10F7E000EB6194F83B3085F84C30A36BA5F84830BA
:10F7F0001B0C85F84A3094F83C3085F84B3094F86F
:10F800003D2095F84D3062F3451385F84D3005F1F4
:10F8100020039AE8070083E80700E3696B66052385
:10F820002BE730B595B004464C220D4601A80021C7
:10F830000CF0D4FB20460494FFF70DFB29468DF80D
:10F84000140001A8E4F78CFC003818BF012015B0A3
:10F8500030BD30B4044600681346856825B10A46B9
:10F86000AC46214630BC6047284630BC704710B5D6
:10F870000446006878B1C3680BB121469847E9F7A0
:10F880004FFE40B1206C30B1616C21B1BDE8104039
:10F89000002209F031BC10BD016070474160704723
:10F8A00081607047C1607047CB10C943C05C01F0F4
:10F8B0000701084100F00100704737B5ADF80400BA
:10F8C000C0F30720FC2802D84C78022C03D8BDF8DE
:10F8D00004300B800FE002280DD9FF2C0DD19DF8CC
:10F8E00004300A7813FB00F3C0F1FF0505FB023377
:10F8F0001B0A0B704C7003B030BDD378A34202D109
:10F90000537883420DD0C0F1FF03C4F1FF04634379
:10F910006FEA2323C0EB0020DBB2B0FBF3F093715E
:10F92000D0710C885088BDF80430844202D1108810
:10F93000984212D0BDF80430D07913800B88C0F102
:10F94000FF0553809DF804300C7813FB00F305FB92
:10F9500004331B0A1371937953719388B9E710B478
:10F9600085B01446022CADF804101A46C9B216D060
:10F97000032C19D0012C1CD104780C44FF2CA8BFF7
:10F98000FF24E4B201469DF805308DF80C408DF857
:10F990000D30039805B05DF8044BFFF78EBF047877
:10F9A000641A24EAE474ECE7047814FB01F4240AF2
:10F9B000E8E705B05DF8044B704710B5022200215E
:10F9C00004460CF00BFB02220021A0180CF006FBF1
:10F9D00002220021201D0CF001FBFF23A371E37123
:10F9E00010BD2DE9F04F8BB00746436890F8219089
:10F9F0000093836806680193C36888460293D0E940
:10FA000006530393D0E9044308A80493FFF7D5FFF6
:10FA100097F82230002B40F0C08044BBB9F1FC0FB6
:10FA200022D8019B9C4280F2BB80AA46002739E085
:10FA300050460AF0F2FB09F1010907F8020C07F839
:10FA400001BCC244009B02379945F1DB029B0134A3
:10FA50001E44039B1D44019B9C4280F2A180AA4648
:10FA600037464FF00009EDE74FF0FF0BF3E7B9F130
:10FA7000FC0F1F463BD8019B9F4280F29180AB4612
:10FA80004FF0000A4FE050460AF0C7FB8DF81D907A
:10FA90008DF81C0006EB4701079808AAFFF70DFF39
:10FAA0000137C244009B9F42EDDB029B01341E44A0
:10FAB000039B1D44B5E750460AF0AFFB14F809302C
:10FAC0008DF81C008DF81D3006EB4901079808AA37
:10FAD000FFF7F3FE09F10109C244009B9945EADBF7
:10FAE000029B01371E44039B1D44049B1C44019B45
:10FAF0009F4255DAAA464FF00009EEE758460AF051
:10FB00008CFB14F80A308DF81C0013FB09F31B1250
:10FB10008DF81D3006EB4A01079808AAFFF7CDFEC5
:10FB20000AF1010AC344009B9A45E7DB029B0137B7
:10FB30001E44039B1D44049B1C449CE705980AF04B
:10FB40006CFB8DF81C0034B314F80A3013FB09F376
:10FB50001B0A8DF81D3006EB4A0008AB97F82220EF
:10FB60000799FFF7FCFE059B0AF1010A4344059340
:10FB7000009B9A45E2DB0CB1049B1C44029B0BF1F9
:10FB8000010B1E44039B1D44019B9B4508DA4FF06B
:10FB9000000A0595ECE74B46DBE74FF0000BF3E777
:10FBA0000BB0BDE8F08F2DE9F04F87B00546D0E9E6
:10FBB0000167D0E9044A90F81B90D0F80C8004A8A3
:10FBC000FFF7FBFEA869002C40F08780B9F1FC0F1D
:10FBD00068D90AF0EEFA002E0246286806F1FF35D1
:10FBE00025F00F054FF0FF01D8BF0025A6F1100E3C
:10FBF000BC4261DA03464FF0000C41E003F8202CD0
:10FC000003F81F1C03F81E2C03F81D1C03F81C2C02
:10FC100003F81B1C03F81A2C03F8191C03F8182C02
:10FC200003F8171C03F8162C03F8151C03F8142C02
:10FC300003F8131C03F8122C03F8111C03F8102C02
:10FC400003F80F1C03F80E2C03F80D1C03F80C2C02
:10FC500003F80B1C03F80A2C03F8091C03F8082C02
:10FC600003F8071C03F8062C03F8051C03F8042C02
:10FC700003F8031C03F8022C03F8011C0CF1100C10
:10FC8000E64503F12003B9DC2B4600F1010CB34239
:10FC900002DB40440134ABE700F813200CF81310EA
:10FCA0000133F4E70AF085FA8DF80D90D5F800904D
:10FCB0008DF80C00BC420EDB07B0BDE8F08F09EBFD
:10FCC0004501039804AAFFF7F8FD0135B542F6DBBC
:10FCD000C1440134EEE70025F8E7B9F1FC0F1CD967
:10FCE0000AF067FA4FF00009D5F800B08DF80C0063
:10FCF000B945E1DA002509E0635D0BEB45018DF8BC
:10FD00000D30039804AAFFF7D8FD0135B542F3DBA7
:10FD1000C344544409F10109EAE70AF04AFA4FF0F2
:10FD2000000B2B688DF80C00BB45C5DA00250EE0F2
:10FD3000625D03EB450112FB09F212128DF80D20F2
:10FD4000039804AA0193FFF7B8FD019B0135B54262
:10FD5000EEDB434454440BF1010BE5E72DE9F04F92
:10FD60008BB090F820300446063B0F2B2FD8DFE8ED
:10FD700013F0E20170032E002E002E002E002E0044
:10FD80002E002E00E400ED00EB0010002E002E00EF
:10FD90009102436890F82180019383680668D0F847
:10FDA0000CA00293D0E9067BD0E9045308A8039382
:10FDB000FFF703FE94F82230002B40F0BC80002DAA
:10FDC0003CD1B8F1FC0F1CD8029BAB4234DC0BB029
:10FDD000BDE8F08F37F814000AF006FA013408F88D
:10FDE000020C08F8019C019B08F10208A342F1DC17
:10FDF00056445F440135029BAB42E8DDB046002427
:10FE0000F1E74FF0FF09F6E737F814000AF0ECF9D4
:10FE10004FEA44098DF81C008DF81D80079808AA48
:10FE200006EB0901FFF749FD0134019BA342EBDC1E
:10FE300056445F440135C7E70024F6E7B8F1FC0FEC
:10FE40001C4621D8029BA342C1DD4FF0000939E0D6
:10FE500037F818000AF0C8F915F808304FEA4809D1
:10FE60008DF81C008DF81D30079808AA06EB0901D3
:10FE7000FFF723FD08F10108019B4345E8DC039BE4
:10FE800056445F441D440134029BA3429FDD4FF062
:10FE90000008F1E74FEA490137F8190004910AF028
:10FEA000A3F915F80930049913FB08F31B128DF818
:10FEB0001C008DF81D30079808AA3144FFF7FDFC9F
:10FEC00009F10109019B4B45E4DC039B56445F4467
:10FED0001D440134B6E74FEA490337F8190005938A
:10FEE0000AF082F98DF81C001DB315F8093013FBD8
:10FEF00008F31B0A05988DF81D3094F82220079905
:10FF000008AB3044FFF72BFD09F10109019B4B457C
:10FF1000E1DC0DB1039B1D44049B56445F44013357
:10FF20000493049A029B93427FF751AF4FF000096C
:10FF3000ECE74346DEE70023F2E7032120460BB05F
:10FF4000BDE8F04FFFF74DBD0421F7E7436890F897
:10FF500021800193836807680293C368D0E9066A29
:10FF60000393D0E9045308A80493FFF726FD94F8FF
:10FF70002230002B40F0DD80002D48D1B8F1FC0F7D
:10FF800020D8029BAB427FF722AFB146002436E077
:10FF9000D8F800000AF058F998F803308DF81C00E2
:10FFA0008DF81D3007EB4401079808AAFFF785FC80
:10FFB000013408F10408019BA342E9DC039B564489
:10FFC0001F440135029BAB427FF701AFB0460024CE
:10FFD000F1E7D9F800000AF037F999F803308DF805
:10FFE0001C0013FB08F31B128DF81D3007EB4401B6
:10FFF000079808AAFFF761FC013409F10409019B85
:020000040802F0
:10000000A342E6DC039B56441F440135B9E7B8F12F
:10001000FC0F1C4629D8029BA3427FF7D8AEB346FB
:100020004FF0000944E0D9F800000AF00DF915F886
:10003000082099F803308DF81C0013FB02F31B1203
:100040008DF81D3007EB4801079808AAFFF735FC2B
:1000500008F1010809F10409019B4345E3DC039B16
:1000600056441F44049B01341D44029BA3427FF766
:10007000AEAEB1464FF00008EEE7DBF800000AF044
:10008000E3F815F809209BF803308DF81C0013FBEA
:1000900002F308FB03F31B148DF81D3007EB490135
:1000A000079808AAFFF709FC09F101090BF1040BF5
:1000B000019B4B45E1DC039B56441F44049B0134E8
:1000C0001D44A8E7DBF800000AF0BEF89BF8032007
:1000D0008DF81C002DBB12FB08F2130A8DF81D30A1
:1000E00007EB490094F82220079908ABFFF737FC8B
:1000F00009F101090BF1040B019B4B45E2DC0DB149
:10010000049B1D44039B56441F44059B01330593E8
:10011000059A029B93427FF75AAEB3464FF000090F
:10012000EAE715F8093013FB02F308FB03F31B0C95
:10013000D4E70023EBE7D0E9019390F8218006682B
:10014000D0F80CA00193D0E9067BD0E9045308A8AD
:100150000293FFF732FC94F82220002A40F09880A6
:1001600075BBB8F1FC0F17D8019BAB427FF72FAEE0
:1001700000241FE0F85C06F8130001F81320013397
:100180009945F7DC56445F440135019BAB427FF74C
:100190001EAE0023711CF3E7FF22F6E73B5D8DF8EE
:1001A0001D808DF81C3006EB4401079808AAFFF764
:1001B00084FB0134A145F1DC56445F440135D3E7AB
:1001C000B8F1FC0F14461CD8019BA3427FF7FFAD8A
:1001D00000232FE017F8083006EB48018DF81C309B
:1001E00015F8083008AA8DF81D300798FFF765FB51
:1001F00008F10108C145EDDC029B56445F441D44F3
:100200000134019BA3427FF7E2AD4FF00008F1E714
:10021000FA5C06EB43018DF81C20EA5C039312FBA9
:1002200008F212128DF81D20079808AAFFF745FB67
:10023000039B01339945EBDC029B56445F441D440C
:100240000134C1E73B5D8DF81C30FDB12B5D13FB24
:1002500008F31B0A8DF81D3006EB4400079908AB24
:100260000492FFF77CFB049A0134A145EADC0DB14E
:10027000029B1D44039B56445F440133039303993F
:10028000019B8B427FF7A3AD0024EEE74346E1E7F5
:100290000023F3E7436890F821800193836807689F
:1002A000D0F80C900293D0E9066AD0E9045308A86C
:1002B0000393FFF782FB94F82220002A40F0C780C6
:1002C000002D3DD1B8F1FC0F19D8029BAB427FF74E
:1002D0007EADB34600242AE006EB440216F8143043
:1002E000507807EB440108AA43EA0020FFF7E5FA3B
:1002F0000134019BA342EFDC4F4456440135029B7D
:10030000AB427FF764AD0024F3E73BF8023C07EB18
:100310004401ADF81C301BF8013C08AA13FB08F39C
:100320001B128DF81D300798FFF7C7FA0134019BA7
:100330000BF1020BA342E8DC4F4456440135C4E7FD
:10034000B8F1FC0F144626D8029BA3427FF73FADBD
:1003500033464FF0000B3FE03BF8023C15F8082015
:10036000ADF81C301BF8013C07EB480113FB02F30E
:100370001B128DF81D30079808AAFFF79EFA08F1A6
:100380000108019B0BF1020B4345E5DC039B4F4445
:1003900056441D440134029BA3427FF718ADB34677
:1003A0004FF00008EDE733F8022C15F80B10ADF80C
:1003B0001C2013F8012C049312FB01F208FB02F23B
:1003C00012148DF81D2007EB4B01079808AAFFF7C0
:1003D00074FA049B0BF1010B019A02335A45E2DCDB
:1003E000039B4F4456441D440134ADE736F81B309F
:1003F000ADF81C30049B13F81B1005BB11FB08F172
:100400000B0A8DF81D3007EB4B00079908AB0592DE
:10041000FFF7A5FA059A0BF1010B019B5B45E5DCA3
:100420000DB1039B1D444F4456440134029BA3422B
:100430007FF7CDAC731C4FF0000B0493EDE715F87C
:100440000B3013FB01F308FB03F31B0CD9E700246B
:10045000ECE7D0E9018390F821900668D0F80CA071
:100460000193D0E9067BD0E9045308A80293FFF773
:10047000A4FA94F82240002C7FF4A9ACCDBBB9F1CA
:10048000FC0F1DD8019BAB427FF7A1AC00242AE0F2
:1004900011463846FFF708FA404204F8020C04F807
:1004A000019C0132904504F10204F1DC56445F44A2
:1004B0000135019BAB427FF78AAC34460022F1E75D
:1004C0004FF0FF09F5E721463846FFF7EDF94042C6
:1004D0008DF81C008DF81D9006EB4401079808AAC2
:1004E000FFF7EBF90134A045EDDC56445F440135DC
:1004F000C8E7B9F1FC0F1FD8019BA3427FF767AC97
:10050000002337E049463846FFF7CEF915F80930A1
:1005100040428DF81C008DF81D3006EB490107980C
:1005200008AAFFF7CAF909F10109C845EADC029BEC
:1005300056445F441D440134019BA3427FF747ACFE
:100540004FF00009F1E7194638460393FFF7ACF97D
:10055000039B4042EA5C8DF81C0012FB09F2121268
:100560008DF81D2006EB4301079808AAFFF7A5F9AF
:10057000039B01339845E6DC029B56445F441D44CF
:100580000134B9E7CB10C943C05C01F00701084151
:1005900000F00100704730B585B0B0F17D4F1446D2
:1005A000CDE900104FEA10634FEA116501D2022D28
:1005B00014D8019B039300209DF80C3063F30700CF
:1005C0009DF80D3063F30F209DF80E3063F3174054
:1005D0009DF80F3063F31F6005B030BD022B01D8CA
:1005E0000391E8E7FF2D04D105B0BDE8304009F0E4
:1005F00074BED279AA4202D1E2789A420DD0C3F1F8
:10060000FF02C5F1FF056A436FEA2222C3EB032311
:10061000D2B2B3FBF2F3227363736168009809F0FE
:1006200045FDB0B90198637B206000988DF80730D4
:1006300001466060019809F050FEC0F30723637221
:10064000237B2072C0F30740A072E372A06803907E
:10065000B1E72168019809F029FD0028E2D0F5E70B
:10066000F0B585B01746022F04461A460191CDB267
:10067000C1F30726C1F307402DD0032F3CD0012F33
:1006800027D1A37821780344FF2BA8BFFF238DF83F
:100690000E30637829443344FF2BA8BFFF23FF2982
:1006A000A8BFFF218DF80D30C9B29DF807308DF835
:1006B0000C108DF80F3021680398FFF76CFFC0F322
:1006C000072320706370C0F30743C0F30760A37073
:1006D000E07005B0F0BDA37821781B1A23EAE3731C
:1006E0008DF80E306378491B9B1B23EAE3738DF86A
:1006F0000D3021EAE171D7E76178A37811FB06F1AB
:1007000009128DF80D10217813FB00F311FB05F190
:100710001B128DF80E30090AC7E732B1FF23FC2AFD
:10072000CB7003D98870487008707047D34310FBB2
:1007300002F08A78DBB202FB0302120A8A704A785E
:1007400002FB0302120A4A700A7802FB0300000A45
:10075000EAE710B50422002104460BF03FFC042216
:100760000021A0180BF03AFC0422002104F108003B
:100770000BF034FCFF232373637310BD2DE9F04F9E
:100780008DB00746436890F8218000938368056820
:100790000193C36804910293D0E906630393D0E9FF
:1007A000044308A80593FFF7D4FF97F82230002BE5
:1007B00040F02981002C43D1B8F1FC0F38D9049BBB
:1007C000042B33D1009B9F00019B9C4202DB0DB0A8
:1007D000BDE8F08F314628463A460BF00AFB029BF3
:1007E00001341D44039B1E44EEE712F8017C0131E5
:1007F00003F8027C12F8027C03F8037C12F8037CF5
:1008000003F8010C03F8047C009F0332B94203F1A2
:100810000403EADB029B01341D44039B1E44019B3D
:100820009C42D4DA32462B460021EDE7FF20F6E762
:100830008DF81F80019B9C42C9DAB04600272FE04B
:10084000B8F1FC0F1F4668D8019B9F42BFDAB24641
:100850004FF0000996E098F8023055F827108DF80F
:100860001E3098F8013008AA8DF81D3098F8003035
:1008700005EB87098DF81C300798FFF78CFEC0F355
:10088000072305F8270089F80130C0F3074389F8EA
:100890000230049BC0F3076089F8030001379844D5
:1008A000009B9F42D7DB029B01341D44039B1E44E7
:1008B000C0E714F8083055F828108DF81F3099F863
:1008C000023008AA8DF81E3099F8013005EB880A2D
:1008D0008DF81D3099F800308DF81C300798FFF71F
:1008E0005AFEC0F3072305F828008AF80130C0F348
:1008F00007438AF80230049BC0F307608AF80300BC
:1009000008F101089944009B9845D2DB029B01370E
:100910001D44039B1E44059B1C44019B9F42BFF644
:1009200056AFB1464FF00008EDE714F8093055F81E
:10093000291013FB08F31B128DF81F309AF80230B0
:1009400008AA8DF81E309AF8013005EB890B8DF856
:100950001D309AF800308DF81C300798FFF71BFE09
:10096000C0F3072305F829008BF80130C0F30743D3
:100970008BF80230049BC0F307608BF8030009F189
:1009800001099A44009B9945CFDB029B01371D4426
:10099000039B1E44059B1C4456E79AF802308DF8D1
:1009A0001E309AF801308DF81D309AF800308DF81D
:1009B0001C3034B314F8093013FB08F31B0A8DF80C
:1009C0001F3005EB890008AB97F822200799FFF745
:1009D00047FE049B09F101099A44009B9945DCDB21
:1009E0000CB1059B1C44029B0BF1010B1D44039BA6
:1009F0001E44019B9B45BFF6EAAEB2464FF000098C
:100A0000EBE74346DBE74FF0000BF2E72DE9F04F51
:100A100089B0D0E904430646D0E9015990F81B801B
:100A2000D0F80CA004A80093FFF793FE002C5CD133
:100A3000B8F1FC0F30D9B06909F010FB691E002D28
:100A400021F00F01D8BF002103463068A5F110073F
:100A50004C4529DA0246002610E042E9103342E90B
:100A60000E3342E90C3342E90A3342E9083342E9E2
:100A7000063342E9043342E902331036B74202F149
:100A80004002EADC0A46AA4202DB50440134DFE7B6
:100A900040F822300132F6E74146B06909F0BDFA6C
:100AA000376803904C451EDB09B0BDE8F08F57F85E
:100AB0002610039804AAFFF76EFD07EB8608C0F323
:100AC000072307F8260088F80130C0F30743C0F376
:100AD000076088F8023088F803000136AE42E6DB92
:100AE00057440134DEE70026F8E7B8F1FC0F2DD9B2
:100AF000FF21B06909F091FA4FF0000837680390C0
:100B0000C845D1DA002619E0A35D57F826108DF804
:100B10000F30039804AAFFF73EFD07EB860BC0F3E6
:100B2000072307F826008BF80130C0F30743C0F312
:100B300007608BF802308BF803000136AE42E3DB2E
:100B4000009B57441C4408F10108D9E74146B069AD
:100B500009F063FA4FF0000B37680390CB45A3DA36
:100B600000261BE0A35D57F8261013FB08F31B12A9
:100B70008DF80F3004AA07EB860303980193FFF763
:100B80000AFD019BC0F3072207F826005A70C0F344
:100B90000742C0F307609A70D8700136AE42E1DBBD
:100BA000009B57441C440BF1010BD7E72DE9F04F94
:100BB0008DB090F820308346063B0F2B33D8DFE80A
:100BC00013F07602F40332003200320032003200B9
:100BD00032003200570160015E0110003200320025
:100BE0002603436890F82190019383680568029377
:100BF000C3680393D0E906430493D0E9046308A8CB
:100C00000593FFF7A6FD9BF82270002F40F02B8183
:100C1000002E48D18DF81F9040F20D4A40F63A0957
:100C2000029BB3423DDC0DB0BDE8F08F04EB4703FF
:100C30005B7855F82710DB0809FB03F31B128DF8CE
:100C40001E3034F8173008AAC3F345130AFB03F328
:100C50001B128DF81D3014F8173005EB870803F0D0
:100C60001F0309FB03F31B128DF81C300798FFF7D5
:100C700092FCC0F3072305F8270088F80130C0F381
:100C80000743C0F3076088F8023088F80300013793
:100C9000019BBB42CADC039B01361D44049B1C44E0
:100CA000BEE70027F4E7B9F1FC0F51D840F63A0B44
:100CB00040F20D43029ABA42B5DD4FF0000887E0DA
:100CC00016F8083055F828108DF81F3004EB48034B
:100CD0005B7808AADB080AFB03F31B128DF81E30B1
:100CE00034F8183005EB8809C3F345130BFB03F305
:100CF0001B128DF81D3014F8183003F01F030AFB87
:100D000003F31B128DF81C300798FFF744FCC0F367
:100D1000072305F8280089F80130C0F30743C0F322
:100D2000076089F8023089F8030008F10108019B87
:100D30004345C5DC039B01371D44049B1C44059BB4
:100D40001E44029BBB427FF76EAF4FF00008EEE7F8
:100D500040F63A0A40F20D4BF3E716F8082055F832
:100D6000281012FB09F212128DF81F2004EB480222
:100D7000527805EB880AD2080BFB02F212128DF8AA
:100D80001E2034F81820C2F345125A4312128DF86F
:100D90001D2014F8182002F01F020BFB02F21212A1
:100DA0008DF81C20079808AAFFF7F5FB40F20D43C9
:100DB000C0F3072205F828008AF80120C0F3074293
:100DC000C0F307608AF802208AF8030008F10108DE
:100DD000019A4245C1DC039A01371544049A144430
:100DE000059A164466E740F20D4204EB47035B7830
:100DF000DB080AFB03F31B128DF81E3034F81730A2
:100E0000C3F3451353431B128DF81D3014F81730EC
:100E100003F01F030AFB03F31B128DF81C3006B30B
:100E2000F35D13FB09F31B0A8DF81F3005EB8700F8
:100E30009BF82220079908ABFFF712FC0137019BB2
:100E4000BB42D0DC0EB1059B1E44039B08F1010898
:100E50001D44049B1C44029B43457FF7E4AE0027DE
:100E6000EDE74B46E0E74FF0000840F63A0AF2E7BC
:100E7000032158460DB0BDE8F04FFFF77FBC0421B9
:100E8000F7E7436890F82180019383680468029330
:100E9000C368D0E906690393D0E9045308A8049312
:100EA000FFF757FC9BF82270002F40F0FD80002DCB
:100EB00059D1B8F1FC0F25D8029BAB427FF7B3AEF6
:100EC000B246002745E054F8271056F8270008AA34
:100ED000FFF761FB04EB8708C0F3072304F8270042
:100EE00088F80130C0F30743C0F3076088F8023088
:100EF00088F803000137019BBB42E4DC039B4E44AE
:100F00001C440135029BAB427FF78DAE0027F2E710
:100F10001AF8013C5AF8040C13FB08F31B12079053
:100F20008DF81F3054F82710079808AAFFF733FBF5
:100F300004EB870BC0F3072304F827008BF801307C
:100F4000C0F30743C0F307608BF802308BF803004F
:100F50000137019B0AF1040ABB42D9DC039B4E44D2
:100F60001C440135A8E7B8F1FC0F36D8029BBB4200
:100F70007FF759AEB3464FF0000A5AE015F8082043
:100F80001AF8013C5AF8040C13FB02F31B120790E9
:100F90008DF81F3054F82810079808AAFFF7FBFABD
:100FA00004EB880BC0F3072304F828008BF801300A
:100FB000C0F30743C0F307608BF802308BF80300DF
:100FC00008F10108019B0AF1040A4345D6DC039BA2
:100FD0004E441C44049B01371D44029BBB427FF7D7
:100FE00022AEB2464FF00008ECE71BF8012C15F8D2
:100FF0000A1012FB08F24A435BF8040C1214079023
:101000008DF81F2004EB8A0354F82A1008AA0798C9
:101010000593FFF7C0FA059BC0F3072204F82A00E6
:101020005A70C0F30742C0F307609A70D8700AF193
:10103000010A019B0BF1040B5345D6DC039B4E4484
:101040001C44049B01371D4490E756F82700059B7C
:10105000079013F8272005BB18FB02F2130A8DF83E
:101060001F3004EB87009BF82220079908ABFFF79D
:10107000F7FA0137019BBB42E7DC0DB1049B1D442D
:10108000039B4E441C440AF1010A029B53457FF71F
:10109000CAADF31C00270593ECE7EB5D13FB02F3ED
:1010A00008FB03F31B0CDAE74FF0000AEDE790F8BA
:1010B0002270D0E9019390F8218001930668D0E96D
:1010C0000653D0F80CA00293D0E904430393002FF9
:1010D0006DD19CBBB8F1FC0F19D8019BA3427FF7DF
:1010E000A2AD002723E012F8011F03F8011C03F84A
:1010F000021C117803F8031C03F8041C81184945ED
:1011000003F10403EFDB029B56441D440134019BB1
:10111000A3427FF788AD33466A1EC5F10100EDE7B3
:10112000E85D06EB87014246FFF7F7FA0137B9455C
:10113000F6DC029B56441D440134CEE7B8F1FC0FA7
:1011400018D8019BBB427FF76EAD4FF0000B25E036
:1011500014F8082015F8080006EB8801FFF7DDFAFF
:1011600008F10108C145F3DC029B56441D44039B72
:1011700001371C44019BBB427FF755AD4FF000087F
:10118000F0E714F80B2015F80B0012FB08F206EB41
:101190008B01120AFFF7C1FA0BF1010BD945F0DC04
:1011A000029B56441D44039B01371C44C9E708A811
:1011B000FFF7CFFA00230493049A019B93427FF731
:1011C00032AD002716E0EB5D8DF81E308DF81D3036
:1011D0008DF81C30CCB1E35D13FB08F31B0A8DF8CE
:1011E0001F3006EB87009BF82220079908ABFFF71A
:1011F00037FA0137B945E6DC0CB1039B1C44029B6E
:1012000056441D44049B0133D5E74346E7E7436852
:1012100090F822700193836890F821800293066809
:10122000D0E90443D0F80C900393D0E9065A002F7C
:1012300040F08180B4BBB8F1FC0F17D8029BA342E9
:101240007FF7F1ACAB46002723E006EB870118F8E7
:10125000012C18F8020CFFF760FA0137019B08F126
:101260000208BB42F1DC4E4455440134029BA342C8
:101270007FF7D9ACA8460027F0E71BF8012C06EB56
:10128000870112FB08F21BF8020C120AFFF745FA5D
:101290000137019B0BF1020BBB42EEDC4E4455447F
:1012A0000134CBE7B8F1FC0F20D8029BBB427FF79B
:1012B000BAAC2B464FF0000B33E014F808301BF8A3
:1012C000012C06EB880112FB03F21BF8020C120A38
:1012D000FFF723FA08F10108019B0BF1020B4345CC
:1012E000EBDC039B4E4455441C440137029BBB423C
:1012F0007FF799ACAB464FF00008EDE714F80B1000
:1013000013F8012C13F8020C12FB01F208FB02F295
:1013100006EB8B01120C0493FFF7FFF9049B0BF112
:10132000010B019A02335A45E8DC039B4E445544B5
:101330001C440137B9E708A8FFF70BFA0023049310
:10134000049A029B93427FF76EAC6B1C00270593B7
:1013500019E015F817308DF81E308DF81D308DF816
:101360001C30059B13F81720C4B912FB08F2130AAE
:101370008DF81F3006EB87009BF82220079908ABF9
:10138000FFF76EF90137019BBB42E2DC0CB1039B16
:101390001C44049B4E4455440133D0E7E35D13FBEA
:1013A00002F308FB03F31B0CE2E7436890F822808A
:1013B0000193836890F8217002930568D0E9044393
:1013C000D0F80C900393D0E9066AB8F1000F79D1F8
:1013D000CCBBFC2F1CD8029BA3427FF724AC4FF060
:1013E000000829E039463046FFF7CCF84042C0B249
:1013F00002F8010C02F8020C02F8030C02F8040CCB
:101400000137019B0432BB42ECDC4D4456440134AD
:10141000029BA3427FF707AC2A460027F1E741462B
:101420003046FFF7AFF8404205EB88013A46C0B2BC
:10143000FFF773F908F10108019B4345EFDC4D44C8
:1014400056440134C7E7FC2F1BD8029B43457FF766
:10145000EAAB4FF0000B2BE039463046FFF792F82D
:101460004042E25D05EB8701C0B2FFF756F9013754
:10147000019BBB42F0DC039B4D4456441C4408F1E5
:101480000108029B43457FF7CEAB0027F0E75946A2
:101490003046FFF777F814F80B20404212FB07F2B2
:1014A00005EB8B01120AC0B2FFF737F90BF1010B04
:1014B000019B5B45EBDC039B4D4456441C4408F107
:1014C0000108C2E708A8FFF744F900230493049A2F
:1014D000029B93427FF7A7AB4FF000081DE0414607
:1014E0003046FFF74FF84042C0B28DF81D008DF82E
:1014F0001C00ECB114F8083013FB07F31B0A8DF83D
:101500001F308DF81E009BF8222005EB88000799FC
:1015100008ABFFF7A5F808F10108019B4345DEDCA5
:101520000CB1039B1C44049B4D4456440133CDE74E
:101530003B46E4E700290B46B8BFCB1D4A4202F008
:10154000070201F0070158BF51420122DB10C1F12F
:1015500007018A40C15C0A43C254704700290B4608
:10156000B8BFCB1D4A4202F0070201F0070158BF85
:1015700051420122DB10C1F1070102FA01F1C25C04
:1015800022EA0102C25470470B460029B8BFCB1DA6
:10159000DB10C05C4B4203F0070301F0070158BFAA
:1015A0005942C1F10701084100F00100704710B530
:1015B0005AB1FC2A9FBFD34310FB02F00C78DBB278
:1015C0009CBF04FB0300000A087010BDF0B585B095
:1015D000044610461F460D46019208F035FE294686
:1015E00006462046FFF7D0FF4242D2B2022F8DF8C6
:1015F0000F2019D0032F1BD0012F23D13244FF2AF3
:10160000A8BFFF22D0B20DF10F019DF80720FFF710
:10161000CEFF9DF90F302946002B20460DDA05B08C
:10162000BDE8F040FFF786BF921B22EAE272E9E7CD
:1016300012FB06F2C2F30720E5E705B0BDE8F04073
:10164000FFF78CBF05B0F0BD2DE9F04F8BB090F8DF
:1016500022700591002F40F0DE804368426A0093BB
:10166000836802F00708019390F821300468029320
:10167000C3680393D0E906630493D0E90453069347
:10168000534203F0070358BFC3F10008029B002D2B
:1016900052D1FC2B1CD8019B9D4280F2BC80B146EC
:1016A00000273DE0484608F0B8FD10F0800F08EB39
:1016B0000701204613D0FFF73DFF059B01379944F2
:1016C000009B9F42EEDB039B01351C44049B1E44A0
:1016D000019B9D4280F29F80B1460027F0E7FFF713
:1016E0003DFFEAE7484608F098FD07EB080B824605
:1016F00059462046FFF748FF40428DF827000DF17C
:1017000027015046029AFFF752FF9DF927305946AC
:10171000002B20460DDAFFF70DFF059B013799449A
:10172000009B9F42DEDB039B01351C44049B1E444F
:10173000B1E7FFF713FFF0E7FC2B30D8019B9F4286
:1017400069DAB2464FF0000957E0504608F065FDEF
:1017500008EB090B594602902046FFF715FF40425F
:1017600015F809208DF827000DF127010298FFF7E1
:101770001EFF9DF927205946002A204616DAFFF75A
:10178000D9FE059B09F101099A44009B9945DCDBD0
:10179000039B01371C44049B1E44069B1D44019B74
:1017A0009F4238DAB2464FF00009EEE7FFF7D6FE67
:1017B000E7E7504608F031FD08EB090B5946079062
:1017C0002046FFF7E1FE15F80920029B404212FB7C
:1017D00003F28DF82700120A07980DF12701FFF791
:1017E000E6FE9DF927205946002A204610DAFFF729
:1017F000A1FE059B09F101099A44009B9945D8DB9C
:10180000039B01371C44049B1E44069B1D4495E723
:10181000FFF7A4FEEDE70BB0BDE8F08F2DE9F74F21
:10182000D0E904430546D0E90198C77ED0F80CA062
:101830008069019308F0BDFCC0F3C7130646286811
:10184000ED6900936B4203F0070305F0070558BFED
:101850005D42002C4BD1FC2F1ED8009B13FB07F6DA
:10186000C7F1FF0744450FDA4FF0000B37E0002EB9
:1018700005EB07010BDAFFF75DFE01374F45F6DB9D
:1018800050440134444505DB03B0BDE8F08FFFF759
:1018900065FEF2E70027F1E776B2F3E70BEB05010F
:1018A0000B460029B8BFCB1DD1F1000C4FEAE30372
:1018B0000CF0070C01F00702C35C58BFCCF100022A
:1018C000C2F10702134103F0010307FB0363FE3378
:1018D000B3F5FE7F08D9FFF72DFE0BF1010BCB45C9
:1018E000DCDB50440134BDE7FFF738FEF5E7FC2FA1
:1018F0004FF0000B3DD8C345C6DA002666E0E35D35
:101900003BB1FF2B05EB07010FD1002E2EDAFFF7BD
:1019100011FE01374F45F2DB019B50441C440BF193
:10192000010BC345B0DA0027F4E70A460029B8BF27
:10193000CA1DD1F1000E0EF0070E4FEAE20201F0CF
:10194000070C825C58BFCEF1000CCCF1070C42FAB8
:101950000CF202F0010E009AC3F1FF0C13FB02F32C
:101960000CFB0E33FE33B3F5FE7FD0D8FFF7F6FD48
:10197000CFE776B2D5E7A35D3BB3FF2213FB07F3B6
:10198000A919B3FBF2F30A460029B8BFCA1DD1F169
:10199000000E0EF0070E4FEAE20201F0070C825C27
:1019A00058BFCEF1000CCCF1070C42FA0CF202F059
:1019B000010E009AC3F1FF0C53430CFB0E33FE33B0
:1019C000B3F5FE7F0AD9FFF7B5FD01364E45D2DBF0
:1019D000019B50441C440BF1010B8CE7FFF7BEFD4B
:1019E000F3E72DE9F04F8BB090F820300446063B2A
:1019F0000F2B50D8DFE813F07502A0044F004F0002
:101A00004F004F004F004F004F002F0138013601AB
:101A100010004F004F0073034368426A01938368CC
:101A200002F007080293C36890F821A00393D0E95D
:101A300006730493D0E904630593534203F007034C
:101A400058BFC3F1000890F822300568002B40F021
:101A5000FF80002E4FD1BAF1FC0F19D8029BB34280
:101A600019DD00243BE037F8140008F0BDFB10F04E
:101A7000800F08EB0401284610D0FFF75BFD01340E
:101A8000019BA342EFDC039B01361D44049B1F44D2
:101A9000029BB34205DC0BB0BDE8F08FFFF75EFDA3
:101AA000EDE70024ECE737F8140008F09DFB08EBA5
:101AB000040B814659462846FFF766FD40428DF8E3
:101AC000240009A948465246FFF771FD9DF92430CC
:101AD0005946002B28460BDAFFF72CFD0134019BF9
:101AE000A342E0DC039B01361D44049B1F44B5E781
:101AF000FFF734FDF2E7BAF1FC0F1C462DD8029B2C
:101B0000A342C8DD4FF0000951E037F8190008F092
:101B10006BFB08EB090B824659462846FFF734FD5C
:101B200040428DF8240009A9504616F80920FFF715
:101B30003EFD9DF924305946002B284613DAFFF765
:101B4000F9FC09F10109019B4B45DEDC039B0134E3
:101B50001D44049B1F44059B1E44029BA3429ADD27
:101B60004FF00009EFE7FFF7F9FCEAE737F8190053
:101B700008F03AFB08EB090B594606902846FFF798
:101B800003FD16F80920404212FB0AF28DF82400EA
:101B9000120A069809A9FFF70AFD9DF92420594663
:101BA000002A28460EDAFFF7C5FC09F10109019B5E
:101BB0004B45DBDC039B01341D44049B1F44059B08
:101BC0001E449CE7FFF7CAFCEFE740F63A0240F2FA
:101BD0000D4107EB49035B78DB0853431B128DF87B
:101BE000263037F81930C3F345134B431B128DF8D9
:101BF000253017F8193003F01F0353431B128DF8DB
:101C000024301EB316F8093013FB0AF31B0A8DF8B3
:101C1000273008EB0901284694F82230099AFFF78B
:101C2000D5FC09F10109019B4B45CEDC0EB1059BAA
:101C30001E44039B0BF1010B1D44049B1F44029B9C
:101C40005B457FF728AF4FF00009ECE75346DEE72E
:101C50004FF0000BF3E7032120460BB0BDE8F04F37
:101C6000FFF7F2BC0421F7E74368426A02938368F6
:101C700090F821800393C36805680493D0E9067344
:101C80000593D0E904630693534203F0070302F07F
:101C9000070258BF5A4290F822300192002B40F0C0
:101CA0001D81002E6AD1B8F1FC0F2ED8039BB342E0
:101CB0007FF7F1AEB946002454E0D8F8000008F0F0
:101CC000C3FA019B814604EB030A51462846FFF7FD
:101CD0005BFC40428DF8240009A9484698F803208F
:101CE000FFF765FC9DF924305146002B284613DA96
:101CF000FFF720FC013408F10408029BA342DCDC5E
:101D0000049B01361D44059B1F44039BB3427FF790
:101D1000C2AEB8460024F0E7FFF720FCEAE7D9F8A6
:101D2000000008F091FA019B824604EB030B594630
:101D30002846FFF729FC99F80320404212FB08F2DD
:101D40008DF8240009A95046120AFFF730FC9DF9CE
:101D500024305946002B28460DDAFFF7EBFB0134FF
:101D600009F10409029BA342D9DC049B01361D44FE
:101D7000059B1F449AE7FFF7F1FBF0E7B8F1FC0F72
:101D80001C4637D8039BA3427FF785AEBA464FF077
:101D9000000961E0D9F8000008F056FA019B82467C
:101DA00003EB080B59462846FFF7EEFB99F8033082
:101DB00016F80820404212FB03F28DF8240009A90E
:101DC0005046120AFFF7F3FB9DF924305946002BC9
:101DD000284617DAFFF7AEFB08F1010809F10409FC
:101DE000029B4345D6DC049B01341D44059B1F44E4
:101DF000069B1E44039BA3427FF74DAEB9464FF0AE
:101E00000008EDE7FFF7AAFBE6E7DAF8000008F0C4
:101E10001BFA019B079003EB090B59462846FFF775
:101E2000B3FB16F809209AF8031012FB08F24A4394
:101E300040428DF82400120C079809A9FFF7B7FB60
:101E40009DF924205946002A284610DAFFF772FB34
:101E500009F101090AF1040A029B4B45D5DC049BF8
:101E600001341D44059B1F44069B1E448AE7FFF76F
:101E700075FBEDE75AF8030C9AF8002009902EBB89
:101E800012FB08F2130A01998DF8273049442846BD
:101E900094F82230099AFFF799FB09F101090AF138
:101EA000040A029B4B45E5DC0EB1069B1E44049BD5
:101EB0000BF1010B1D44059B1F44039B5B457FF702
:101EC000EAAD4FF0000907F1030AEAE716F8093016
:101ED00013FB02F308FB03F31B0CD4E74FF0000BDA
:101EE000EBE74368426A0193836802F007080293B4
:101EF000C36890F821900393D0E906730493D0E966
:101F000004630593534203F0070358BFC3F100086D
:101F100090F822300568002B40F0DE80002E45D17D
:101F2000B9F1FC0F16D8029BB3427FF7B4AD002481
:101F300030E03B572846002B08EB040110DAFFF78E
:101F4000F9FA0134019BA342F3DC039B01361D44E3
:101F5000049B1F44029BB3427FF79DAD0024F1E731
:101F6000FFF7FCFAEDE708EB040A51462846FFF7B5
:101F70000BFB40428DF8240009A9385D4A46FFF763
:101F800016FB9DF924305146002B28460BDAFFF74B
:101F9000D1FA0134019BA342E5DC039B01361D44C9
:101FA000049B1F44BFE7FFF7D9FAF2E7B9F1FC0F32
:101FB0001C462BD8029BA3427FF76DAD4FF0000A61
:101FC0004DE008EB090B59462846FFF7DDFA17F8F4
:101FD00009A040428DF8240009A9504616F80920AE
:101FE000FFF7E5FA9DF924305946002B284614DA0C
:101FF000FFF7A0FA09F10109019B4B45E1DC039BC6
:1020000001341D44049B1F44059B1E44029BA342B4
:102010007FF741AD4FF00009EEE7FFF79FFAE9E7E0
:1020200017F80A3008EB0A0B594628460693FFF7C3
:10203000ABFA16F80A20404212FB09F28DF8240090
:10204000120A069809A9FFF7B2FA9DF92420594609
:10205000002A28460EDAFFF76DFA0AF1010A019B01
:102060005345DDDC039B01341D44049B1F44059B49
:102070001E449FE7FFF772FAEFE717F80A308DF872
:1020800026308DF825308DF824301EB316F80A302E
:1020900013FB09F31B0A8DF8273008EB0A012846C9
:1020A00094F82230099AFFF791FA0AF1010A019B8C
:1020B0005345E2DC0EB1059B1E44039B0BF1010B63
:1020C0001D44049B1F44029B5B457FF7E4AC4FF02B
:1020D000000AECE74B46DEE74FF0000BF3E74368FE
:1020E000426A0193836802F0070B0293C36890F879
:1020F00021800393D0E906730493D0E90463059328
:10210000534203F0070358BFC3F1000B90F822308D
:102110000568002B40F00E81002E5ED1B8F1FC0F57
:1021200028D8029BB3427FF7B6AC002407F101091F
:1021300047E00BEB040949462846FFF725FA4042E1
:102140008DF8240009A917F8140018F81420FFF7D7
:102150002EFA9DF924304946002B284612DAFFF763
:10216000E9F90134019BA342E3DC039B01361D44E2
:10217000049B1F44029BB3427FF78DAC002407F100
:102180000108EFE7FFF7EAF9EBE70BEB040A51462A
:102190002846FFF7F9F919F81420404212FB08F21B
:1021A0008DF8240009A917F81400120AFFF7FFF9A7
:1021B0009DF924305146002B28460BDAFFF7BAF977
:1021C0000134019BA342E0DC039B01361D44049BC8
:1021D0001F44A6E7FFF7C2F9F2E7B8F1FC0F1C466F
:1021E00031D8029BA3427FF756AC7B1C4FF000090D
:1021F000069356E00BEB080A51462846FFF7C4F950
:1022000016F8083019F81820404212FB03F28DF836
:10221000240009A917F81800120AFFF7C8F99DF958
:1022200024305146002B284616DAFFF783F908F1CF
:102230000108019B4345DDDC039B01341D44049BE5
:102240001F44059B1E44029BA3427FF724AC4FF022
:10225000000807F10109ECE7FFF780F9E7E70BEB6E
:10226000090A51462846FFF78FF9069B404213F8AA
:10227000192016F809308DF8240012FB03F208FB30
:1022800002F217F8190009A9120CFFF790F99DF94D
:1022900024305146002B28460EDAFFF74BF909F19E
:1022A0000109019B4B45DADC039B01341D44049B6F
:1022B0001F44059B1E4494E7FFF750F9EFE71AF817
:1022C000013C9AF800208DF826308DF825308DF8E5
:1022D00024303EBB12FB08F2130A8DF827300BEBBB
:1022E0000901284694F82230099AFFF76FF909F19D
:1022F00001090AF1020A019B4B45E0DC0EB1059B86
:102300001E44039B1D44049B1F44069B01330693FC
:10231000069A029B93427FF7BEAB4FF0000907F18C
:10232000010AE8E716F8093013FB02F308FB03F390
:102330001B0CD2E70023EAE74368426A01938368F3
:1023400002F007080293C36890F821900393D0E944
:1023500006730493D0E904630593534203F0070323
:1023600058BFC3F1000890F822300568002B40F0F8
:10237000E780002E49D1B9F1FC0F1AD8C9F1FF0A44
:10238000029BB3427FF787AB002432E021463846F8
:10239000FFF7FAF804EB080188B12846FFF7CAF8FE
:1023A0000134019BA342F1DC039B01361D44049BD5
:1023B0001F44029BB3427FF76EAB0024F1E728462F
:1023C000FFF7CCF8ECE721463846FFF7DDF8024688
:1023D00004EB080B59462846FFF7D6F819FB02F222
:1023E00000FB0A221206594628460BD5FFF7A2F831
:1023F0000134019BA342E6DC039B01361D44049B90
:102400001F44BDE7FFF7AAF8F2E7B9F1FC0F1C463D
:102410002BD8029BA3427FF73EAB4FF0000A4EE061
:1024200049463846FFF7B0F8824608EB090B594693
:102430002846FFF7A9F816F809205946C2F1FF030C
:1024400012FB0AF200FB03221306284614D5FFF7FD
:1024500071F809F10109019B4B45E1DC039B013453
:102460001D44049B1F44059B1E44029BA3427FF70F
:1024700012AB4FF00009EEE7FFF770F8E9E716F846
:102480000A20D2B151463846FFF77EF8834608EB62
:102490000A0128460691FFF777F812FB09F212129B
:1024A000C2F1FF0312FB0BF200FB032212F0800FBC
:1024B000284606990ED0FFF73DF80AF1010A019B64
:1024C0005345DCDC039B01341D44049B1F44059BE6
:1024D0001E449EE7FFF742F8EFE751463846FFF704
:1024E00053F84042C0B28DF825008DF824002EB379
:1024F00016F80A3013FB09F31B0A8DF827308DF804
:1025000026000AEB0801284694F82230099AFFF7C2
:102510005DF80AF1010A019B5345DEDC0EB1059B13
:102520001E44039B0BF1010B1D44049B1F44029BA3
:102530005B457FF7B0AA4FF0000AECE74B46DCE7BB
:102540004FF0000BF3E7CB10C943C05C01F007016B
:10255000084100F00100704710B55AB1FC2A9FBF36
:10256000D34310FB02F00C78DBB29CBF04FB0300EA
:10257000000A087010BD37B515460446084601919B
:1025800007F062FE022D11D0032D14D0012D18D1B9
:1025900023780344FF2BA8BFFF23D8B221469DF820
:1025A000072003B0BDE83040FFF7D6BF23781B1AE1
:1025B00023EAE373F1E7237813FB00F3C3F3072067
:1025C000ECE703B030BD2DE9F04F89B04368074612
:1025D0000093836888460193C36890F82190029322
:1025E000D0E906530393D0E90443049390F82230D2
:1025F0000668002B40F0A980F4B9B9F1FC0F14D89B
:10260000019B9C4280F2A380AA46002729E048460D
:1026100007F003FEC144F0550137009B9F42F6DBF3
:10262000029B01341E44039B1D44019B9C4280F28B
:102630008E80A9460027F0E7B9F1FC0F1F462FD87E
:10264000019B9F4280F28380AB464FF0000A3DE041
:10265000504607F0E2FDF1194A46FFF77DFF0137CA
:10266000C244009B9F42F3DB029B01341E44039B48
:102670001D44C5E7504607F0D0FD14F8092006EBCD
:102680000901FFF769FF09F10109C244009B99455F
:10269000F0DB029B01371E44039B1D44049B1C443A
:1026A000019B9F4253DAAA464FF00009EEE75846D5
:1026B00007F0B3FD14F80A2006EB0A0112FB09F239
:1026C000120AFFF749FF0AF1010AC344009B9A4529
:1026D000EDDB029B01371E44039B1D44049B1C44FD
:1026E000AEE79BF802208DF81E209BF801208DF8A4
:1026F0001D209BF800208DF81C2024B314F80A201C
:1027000012FB09F2120A8DF81F2006EB0A0097F857
:10271000222007990593FFF72EFF059B0AF1010A76
:10272000C344009A9245DCDB0CB1049A1444029A2B
:1027300001331644039A1544019A934207DAAB46D3
:102740004FF0000AEDE74A46DDE70023F4E709B061
:10275000BDE8F08F2DE9F74F0546D0E90167D0E9D4
:10276000044990F81BA0D0F80C808069002C5AD145
:10277000BAF1FC0F3FD907F01CFD002E0346286874
:1027800006F1FF3525F00F05D8BF0025A6F1100C86
:10279000BC4237DA014620E0114602F8103C02F84C
:1027A0000F3C02F80E3C02F80D3C02F80C3C02F81B
:1027B0000B3C02F80A3C02F8093C02F8083C02F81B
:1027C000073C02F8063C02F8053C02F8043C02F81B
:1027D000033C02F8023C02F8013C01F11002091A24
:1027E0008C45D9DC2A46B24202DB40440134CFE7B3
:1027F00083540132F7E707F0DCFC8346D5F80090FC
:10280000BC420EDB03B0BDE8F08F09EB0501524678
:102810005846FFF7A1FE0135B542F6DBC14401344D
:10282000EEE70025F8E7BAF1FC0F18D94FF0000ADF
:1028300007F0BFFCD5F800B0BA45E3DA002507E0A1
:10284000625D0BEB05010090FFF786FE00980135F5
:10285000B542F5DBC3444C440AF1010AECE74FF002
:10286000000B07F0A6FC2B68BB45CBDA00250BE07C
:10287000625D591912FB0AF20135120ACDE9000313
:10288000FFF76AFEDDE90003B542F1DB43444C4447
:102890000BF1010BE8E72DE9F04F89B090F82030FB
:1028A0008146063B0F2B3CD8DFE813F0A301FD0265
:1028B0003B003B003B003B003B003B003B00CD00AE
:1028C000D600D40010003B003B003C02D0E901835D
:1028D00090F822B00193C36890F8217002930668C3
:1028E000D0E90443D0E9065A0393BBF1000F40F04E
:1028F000A8806CBBFC2F11D8019BA34211DD4FF0C7
:10290000000B1EE035F8170007F06EFCF05501379C
:10291000B845F7DC029B55441E440134019BA34299
:1029200002DC09B0BDE8F08F0027F1E735F81B00A5
:1029300007F05AFC06EB0B013A46FFF70DFE0BF1D0
:10294000010BD845F2DC029B55441E440134D3E709
:10295000FC2F17D8019B5B45E3DD4FF0000925E014
:1029600035F8170007F040FCE25DF119FFF7F4FDC0
:102970000137B845F4DC029B55441E44039B0BF120
:10298000010B1C44019B5B45CBDD0027F1E735F8CB
:10299000190007F029FC14F8092006EB090112FBC5
:1029A00007F2120AFFF7D8FD09F10109C845EEDC6C
:1029B000029B55441E44039B0BF1010B1C44C9E7C9
:1029C00040F63A0140F20D4005EB4B025278D20836
:1029D0004A4312128DF81E2035F81B20C2F345120F
:1029E000424312128DF81D2015F81B2002F01F0221
:1029F0004A4312128DF81C200CB314F80B2012FB62
:102A000007F2120A8DF81F2006EB0B0099F822201E
:102A100007990493FFF7AFFD049B0BF1010BD84519
:102A2000CEDC0CB1039A1444029A55441644013387
:102A3000019A9A427FF775AF4FF0000BEFE73A46E5
:102A4000E0E70023F4E70321484609B0BDE8F04F72
:102A5000FFF7B9BD0421F7E7436890F822700193AE
:102A6000836890F821800293C36806680393D0E9D5
:102A7000065AD0E904430493002F40F0B780002C9D
:102A80003AD1B8F1FC0F19D8029BA3427FF749AFA6
:102A9000AB46002728E0D8F8000007F0D5FB98F8EF
:102AA0000320F119FFF758FD013708F10408019BD5
:102AB000BB42F0DC039B55441E440134029BA342FD
:102AC0007FF72FAFA8460027F1E7DBF8000007F0FB
:102AD000BBFB9BF80320F11912FB08F2120AFFF767
:102AE0003BFD01370BF1040B019BBB42EDDC039B6B
:102AF00055441E440134C7E7B8F1FC0F23D8029BAC
:102B0000BB427FF70EAFA9464FF0000B37E0DBF872
:102B1000000007F099FB9BF8032014F8083006EB3F
:102B2000080112FB03F2120AFFF716FD08F1010873
:102B30000BF1040B019B4345E9DC039B55441E4408
:102B4000049B01371C44029BBB427FF7EAAEAB46B5
:102B50004FF00008EEE7D9F8000007F075FB99F890
:102B6000032014F80B1012FB08F24A4306EB0B018A
:102B7000120CFFF7F1FC0BF1010B09F10409019BA9
:102B80005B45E8DC039B55441E44049B01371C4411
:102B9000B5E755F8270013F827100790FCB918FB84
:102BA00001F10A0A8DF81F20F01999F822200799DF
:102BB0000593FFF7E0FC059B0137019ABA42E8DC78
:102BC0000CB1049B1C44039B55441E440BF1010BA8
:102BD000029B5B457FF7A5AE0027EB1CEDE7E25DAE
:102BE00012FB01F208FB02F2120CDBE74FF0000BC4
:102BF000EEE7436890F822700193836890F8218093
:102C000002930568D0E90443D0F80CA00393D0E9FF
:102C1000066B002F40F084800CBBB8F1FC0F0DD880
:102C2000029BA3427FF77DAE002711E03146284684
:102C3000019A09F0DEF855445E440134029BA34238
:102C4000F4DC6EE6F05DE9194246FFF785FC0137DA
:102C5000019BBB42F6DC55445E440134E0E7B8F129
:102C6000FC0F18D8029BBB427FF75BAE4FF0000908
:102C700025E014F8082016F8080005EB0801FFF716
:102C80006BFC08F10108019B4345F2DC039B5544B2
:102C90005E441C440137029BBB427FF742AE4FF0BB
:102CA0000008F0E714F8092016F8090012FB08F2F2
:102CB00005EB0901120AFFF74FFC09F10109019B1D
:102CC0004B45EFDC039B55445E441C440137C9E788
:102CD000F25D8DF81E208DF81D208DF81C20ECB1C2
:102CE000E25D12FB08F2120A8DF81F20E81999F82C
:102CF000222007990493FFF73EFC049B0137019AB9
:102D0000BA42E5DC0CB1039A144455445E440133E5
:102D1000029A9A427FF705AE0027F0E74246E3E7C2
:102D20000023F5E7436890F822700193836890F8D8
:102D300021800293C36805680393D0E9066AD0E94D
:102D400004430493002F40F0AB80B4BBB8F1FC0FF8
:102D500017D8029BA3427FF7E4ADB346002722E0D9
:102D6000E91918F8012C18F8020CFFF7F5FB0137E8
:102D7000019B08F10208BB42F2DC039B56441D4450
:102D80000134029BA3427FF7CCADB0460027EFE7AA
:102D90001BF8012CE91912FB08F21BF8020C120AAD
:102DA000FFF7DAFB0137019B0BF1020BBB42EFDCB3
:102DB000039B56441D440134CBE7B8F1FC0F21D8E6
:102DC000029BBB427FF7ADADB1464FF0000B32E046
:102DD00014F808301BF8012C05EB080112FB03F274
:102DE0001BF8020C120AFFF7B7FB08F10108019B60
:102DF0000BF1020B4345EBDC039B56441D44049B43
:102E000001371C44029BBB427FF78BADB3464FF0AA
:102E10000008ECE714F80B1019F8012C19F8020C53
:102E200012FB01F208FB02F205EB0B01120CFFF79B
:102E300093FB0BF1010B019B09F102095B45E9DCF6
:102E4000039B56441D44049B01371C44B8E716F805
:102E500017308DF81E308DF81D308DF81C30ECB118
:102E6000E35D13FB08F31B0A8DF81F30E81999F88E
:102E700022200799FFF77FFB0137019BBB42E6DC6D
:102E80000CB1049B1C44039B56441D440BF1010BE5
:102E9000029B5B457FF745AD0027EEE74346E3E73E
:102EA0004FF0000BF4E7436890F8228001938368A9
:102EB00090F821700293C36805680393D0E9066A0D
:102EC000D0E904430493B8F1000F40F0AC80002C2B
:102ED00038D1FC2F1AD8029BA3427FF722AD4FF0C6
:102EE000000827E041463046FFF72DFB404205EB46
:102EF00008013A46C0B2FFF72FFB08F10108019B19
:102F00004345EFDC039B56441D440134029BA3421E
:102F10007FF707AD4FF00008F1E741463046FFF775
:102F200012FB404205EB08013A46C0B2FFF714FB22
:102F300008F10108019B4345EFDC039B56441D4407
:102F40000134C8E7FC2F1BD8029B43457FF7E9AC4F
:102F50004FF0000B2BE039463046FFF7F4FA4042C1
:102F6000E25DE919C0B2FFF7F7FA0137019BBB42F6
:102F7000F1DC039B56441D44049B08F101081C44EA
:102F8000029B43457FF7CDAC0027EFE7594630461B
:102F9000FFF7D9FA14F80B20404212FB07F205EBB9
:102FA0000B01120AC0B2FFF7D7FA0BF1010B019B1C
:102FB0005B45EBDC039B56441D44049B08F1010870
:102FC0001C44C1E741463046FFF7BDFA4042C0B25B
:102FD0008DF81D008DF81C001CB314F8083013FB8D
:102FE00007F31B0A8DF81E008DF81F3005EB080053
:102FF00099F822200799FFF7BEFA08F10108019B12
:103000004345DFDC0CB1049B1C44039B56441D4428
:103010000BF1010B029B5B457FF783AC4FF000087F
:10302000EDE73B46DEE74FF0000BF3E7CB10C9437B
:10303000C05C01F00701084100F0010070472DE974
:10304000F04F87B08046D0E901738069019306F0A4
:10305000F7FFD8E904530393D8F80C30064698F8E4
:103060001B90D8F800400293002D40F0B180B9F1D8
:10307000FC0F42D9791E21F00F017800490006EBC0
:103080000642A3EB4707019B9D4202DB07B0BDE868
:10309000F08FA30704EB000C04EB010E18BF24F81B
:1030A000026B234673451BD30EF11F031B1BA4F1B8
:1030B0001F0823F01F03C64538BF002323441C46C6
:1030C000644517D30CF10104E41A24F0010403F160
:1030D000FF3EF44538BF00243C441C440135D2E790
:1030E000C3E90022C3E90222C3E90422C3E906229C
:1030F0002033D7E724F8026BE2E723880133CDE9D8
:103100000353BB1E0593039B019A9342BEDA14F04E
:10311000030A07D04A4630462188E6F769FC4FF09B
:10312000010A2080D34604EB4A08059B5B4514DC6A
:1031300007F1FF38A8EB0A0828F001085745D8BF67
:103140004FF00008D04404EB480AB84535DB029B39
:103150001C44039B01330393D5E734F81B00B8F8F4
:103160000210814213D001464A463046E6F740FC41
:1031700024F81B004A463046B8F80210E6F738FC3F
:10318000A8F802000BF1020B08F10408CDE7D8F80B
:103190000020049B9A4202D1C8F80050F2E7D8F808
:1031A00000304A4630460493E6F722FC24F81B0020
:1031B000A8F80200D8F80050E4E7BAF800104A4630
:1031C0003046E6F715FC08F101082AF8020BBCE7C7
:1031D000B9F1FC0F4FF0000B2FD8019B9B45BFF6B8
:1031E00055AF4FF00008A4F1020A69E015F001089C
:1031F00007D030462A782188E6F7FAFB4FF001081D
:103200002080C1467A1E04EB480A05EB08030492AD
:10321000049A4A4515DCA7EB080323F00103B845DF
:10322000C8BF0023984404EB4809B8452EDB029B35
:103230000BF1010B1C44039B1D44019B9B45D5DBFB
:1032400024E74FF6FF711A888A4209D124F81960E1
:10325000AAF8026009F102090AF1040A0233D7E769
:10326000002AF7D01A7834F8191030460593E6F79B
:10327000BFFB059B24F819005A783046BAF80210B3
:10328000E6F7B6FB059BAAF80200E3E715F808206D
:10329000B9F800103046E6F7ABFB08F1010829F851
:1032A000020BC2E715F808203AF8021F12FB09F2D8
:1032B0003046120AE6F79CFB08F10108AAF8000064
:1032C000B845EFDB029B0BF1010B1C44039B1D4433
:1032D00083E72DE9F04F87B090F820208146063A29
:1032E0000F2A2DD8DFE812F09302EC042C002C00FA
:1032F0002C002C002C002C002C003B01440142012E
:1033000010002C002C00A203436890F82250009378
:10331000836890F821800193C36806680293D0E91E
:10332000067AD0E904430493002D40F0168164BB73
:10333000B8F1FC0F22D9009B5D00019BA34202DC87
:1033400007B0BDE8F08F394630462A4608F051FDF7
:10335000029B57441E440134EFE73BF8021F37F845
:1033600015004246E6F744FB0135ABF80000009B30
:10337000AB42F2DC029B57441E440134019BA34242
:10338000DEDD0025A6F1020BF1E7B8F1FC0F1CD839
:10339000019BAB42D4DD4FF0000BA6F102092BE0FC
:1033A00014F808203BF8021F37F81800E6F720FB56
:1033B00008F10108ABF80000009B4345F0DC029BDC
:1033C00057441E44049B01351C44019BAB42B7DDAE
:1033D0004FF00008A6F1020BEEE714F80B2039F8C5
:1033E000021F12FB08F237F81B00120AE6F700FB77
:1033F0000BF1010BA9F80000009B5B45EDDC029B83
:1034000057441E44049B01351C44C1E799F822200F
:10341000022A4ED0032A71D0012A91D1BBF80010A4
:1034200051B39BF801206878D20802EBD0022888BB
:103430001F2AC1F34511C0F345100844A8BF1F223D
:103440003F28A8BF3F20D20292B202EB401290B2B6
:1034500029789BF8002001F01F0102F01F0211449F
:103460001F29D4BF40181F30298880B2002C6BD18F
:103470004246E6F7BDFA2880039B0BF1020B0133AD
:1034800003930235009B039A9342BFDC029B57448F
:103490001E440CB1049B1C44059B01330593059A03
:1034A000019B93427FF74CAF0023BB463546039305
:1034B000E8E7BBF800100029DED09BF8012068780F
:1034C000D208C2EBD0022888C1F3451122EAE27289
:1034D000C0F34510401AD20220EAE07092B202EB2B
:1034E000401290B229789BF8002001F01F0102F0F1
:1034F0001F02891A0029A8BF4018B5E74FF6FF72CE
:10350000BBF800109142B7D06A789BF80100D2084E
:10351000C00812FB00F22888C1F34511C0F3451022
:1035200010FB01F080115211400100EBC2209BF80A
:1035300000102A7801F01F0102F01F0212FB01F2B5
:1035400080B200EB52108FE7039BB8F1FC0FE25CF6
:103550009CBF12FB08F2120A8BE700239EE70321AF
:10356000484607B0BDE8F04FE1F74CB90421F7E752
:10357000436890F822700093836890F8218001934B
:10358000C36806680293D0E906530393D0E9044365
:103590000493002F40F03981002C40D1B8F1FC0F8A
:1035A0001CD8019BA3427FF7CBAE2F464FF0000AF9
:1035B000A6F1020B2AE0FA7838463AF8021FE1F742
:1035C000EBF808F10108AAF800000437009B434516
:1035D000F1DC029B01341E44039B1D44019BA3426A
:1035E0007FF7AEAE2F464FF00008A6F1020AEDE7D6
:1035F000FA78384612FB08F23BF8021F120AE1F78C
:10360000CBF80AF1010AABF800000437009B5345E0
:10361000EEDC029B01341E44039B1D44C1E7B8F15C
:10362000FC0F25D8019BBB427FF78AAEAB464FF01B
:10363000000AA6F1020939E014F808309AF80320CC
:10364000504612FB03F23BF8021F120AE1F7A4F8FE
:1036500008F10108ABF800000AF1040A009B434599
:10366000EADC029B01371E44039B1D44049B1C445F
:10367000019BBB427FF764AEAA464FF00008A6F15B
:10368000020BEBE714F80A109BF80320584612FBD4
:1036900001F208FB02F239F8021F120CE1F77CF884
:1036A0000AF1010AA9F800000BF1040B009B534535
:1036B000E8DC029B01371E44039B1D44049B1C4411
:1036C000B0E799F82220022A51D0032A70D0012AAB
:1036D0007FF436AE9AF80120B978D20802EBD10215
:1036E0001F2AA8BF1F22D002BAF800207978C2F39F
:1036F000451202EB91023F2AA8BF3F2280B200EBA5
:1037000042109AF80020397802F01F0280B202EBD2
:10371000D1021F2AD4BF80181F30BAF8001080B21F
:10372000002C65D1FA78B8F1FC0F9CBF18FB02F2AF
:10373000120AE6F75DF90BF1010B2AF8020B0437C8
:10374000009B5B45BDDC029B1E44039B1D440CB1EA
:10375000049B1C44059B01330593059A019B9342EE
:103760007FF7EEADB2462F464FF0000BE8E7BA7890
:103770009AF80110D208C2EBD10222EAE272D0021A
:10378000BAF800207978C2F34512A2EB910222EA3E
:10379000E27280B200EB42109AF80020397802F011
:1037A0001F0280B2A2EBD102002AA8BF8018B4E7A2
:1037B000BA789AF80110D208C90812FB01F2787899
:1037C000BAF800108008C1F3451110FB01F0801118
:1037D0005211400100EBC2209AF800103A7801F033
:1037E0001F01D20812FB01F280B200EB521094E7E5
:1037F00014F80B20B8F1FC0F9FBF12FB08F297F8EA
:1038000003C00CFB02F2120C93E70023A4E7436809
:1038100090F822700093836890F821800193C36828
:1038200005680293D0E9066AD0E904430393002FA8
:1038300040F0FA8074BBB8F1FC0F14D8019BA3428E
:103840007FF77EAD0027A5F1020B1BE0705CE0F76F
:1038500065FF25F811000131009B8B42F6DC029BCD
:1038600056441D440134019BA3427FF769AD0021FA
:10387000F2E7F05D3BF8021F4246E0F75BFF0137DD
:10388000ABF80000009BBB42F3DC029B56441D4496
:103890000134D3E7B8F1FC0F1DD8019BBB427FF781
:1038A0004FAD4FF0000BA5F102092CE014F80820F1
:1038B00016F808003BF8021FE0F73CFF08F101088A
:1038C000ABF80000009B4345F0DC029B56441D44CE
:1038D000039B01371C44019BBB427FF731AD4FF086
:1038E0000008A5F1020BEDE714F80B2016F80B0009
:1038F00012FB08F239F8021F120AE0F71BFF0BF166
:10390000010BA9F80000009B5B45EDDC029B5644CF
:103910001D44039B01371C44BFE799F8221016F899
:103920002BC002294FEADC024FEA9C0C41D003294C
:1039300058D001297FF404AD7878398802EBD000A3
:103940001F28C1F345116144A8BF1F203F29A8BF0C
:103950003F21C00280B200EB4110397880B201F003
:103960001F010A441F2AD4BF80181F3080B2002CC8
:103970004FD1B8F1FC0F03D842463988E6F738F842
:1039800027F8020B0BF1010B009B5B45C5DC029B8A
:1039900056441D440CB1039B1C44049B0133049307
:1039A000049A019B93427FF7CBAC2F464FF0000B5C
:1039B000EAE778783988C2EBD00020EAE070C1F3FA
:1039C0004511C002A1EB0C0121EAE17180B200EBCC
:1039D0004110397880B201F01F018A1A002AA8BF6D
:1039E0008018C3E738887978C0F3451010FB0CF0D5
:1039F000C90811FB02F180114911400100EBC120FF
:103A0000397880B201F01F0111FB02F200EB521075
:103A1000ACE714F80B20B8F1FC0F98BF12FB08F2CA
:103A2000398898BF120AA9E70023B8E7436890F8DD
:103A300022700093836890F821800193C368066820
:103A40000293D0E906530393D0E904430493002F73
:103A500040F03481002C44D1B8F1FC0F1ED8019BFA
:103A6000A3427FF76DAC2F464FF0000AA6F1020B80
:103A70002DE017F8012C3AF8021F17F8020CE0F7B6
:103A800059FE08F10108AAF80000009B02374345DF
:103A9000EFDC029B01341E44039B1D44019BA342A7
:103AA0007FF74EAC2F464FF00008A6F1020AECE774
:103AB00017F8012C3BF8021F12FB08F217F8020C52
:103AC000120AE0F737FE0AF1010AABF80000009B8A
:103AD00002375345ECDC029B01341E44039B1D441A
:103AE000BDE7B8F1FC0F26D8019BBB427FF728AC9D
:103AF000AB464FF0000AA6F1020939E014F808308D
:103B00001AF8012C3BF8021F12FB03F21AF8020C00
:103B1000120AE0F70FFE08F10108ABF80000009B65
:103B20000AF1020A4345E9DC029B01371E44039B6C
:103B30001D44049B1C44019BBB427FF701ACAA4679
:103B40004FF00008A6F1020BE9E714F80A101BF881
:103B5000012C1BF8020C12FB01F208FB02F239F8EF
:103B6000021F120CE0F7E6FD0AF1010AA9F80000B5
:103B7000009B0BF1020B5345E7DC029B01371E440F
:103B8000039B1D44049B1C44AEE799F8221097F850
:103B900000C002294FEADC024FEA9C0C4BD00329FB
:103BA00065D001297FF4CCAB9AF80100BAF8001077
:103BB00002EBD0001F28C1F345116144A8BF1F20AC
:103BC0003F29A8BF3F21C00280B200EB41109AF804
:103BD000001080B201F01F010A441F2AD4BF8018D0
:103BE0001F30BAF8001080B2002C5AD17A78B8F1A0
:103BF000FC0F9CBF18FB02F2120AE5F7F9FE0BF16D
:103C0000010B2AF8020B0837009B5B45BDDC029BC9
:103C10001E44039B1D440CB1049B1C44059B0133B3
:103C20000593059A019B93427FF78AABB2462F46D4
:103C30004FF0000BE8E79AF80100BAF80010C2EB69
:103C4000D00020EAE070C1F34511C002A1EB0C01E5
:103C500021EAE17180B200EB41109AF8001080B2C5
:103C600001F01F018A1A002AA8BF8018B9E7BAF824
:103C700000009AF80110C0F3451010FB0CF0C908C1
:103C800011FB02F180114911400100EBC1209AF8AB
:103C9000001080B201F01F0111FB02F200EB521084
:103CA0009FE714F80B20B8F1FC0F9FBF12FB08F23E
:103CB00097F801C00CFB02F2120C9EE70023AFE75D
:103CC000436890F822700093836890F821800193F4
:103CD000C36805680293D0E9066AD0E904430393F8
:103CE000002F40F0F380002C38D1B8F1FC0F19D828
:103CF000019BA3427FF724AB0027A5F1020B25E02F
:103D000039463046FFF792F94042C0B2E0F706FD6F
:103D100025F817000137009BBB42F1DC029B56449B
:103D20001D440134019BA3427FF70AAB0027F2E751
:103D300039463046FFF77AF940423BF8021F4246C7
:103D4000C0B2E0F7F7FC0137ABF80000009BBB42C4
:103D5000EEDC029B56441D440134C9E7B8F1FC0F68
:103D600021D8019BBB427FF7EBAA4FF0000BA5F1D6
:103D7000020934E041463046FFF758F9404214F852
:103D800008203BF8021FC0B2E0F7D4FC08F101089C
:103D9000ABF80000009B4345ECDC029B56441D44FD
:103DA000039B01371C44019BBB427FF7C9AA4FF01C
:103DB0000008A5F1020BEDE759463046FFF736F94A
:103DC00014F80B20404212FB08F239F8021F120AC5
:103DD000C0B2E0F7AFFC0BF1010BA9F80000009BAB
:103DE0005B45E9DC029B56441D44039B01371C44A0
:103DF000B7E73046FFF71AF999F822204042022A25
:103E0000C0B231D0032A36D0012A7FF499AAE0F754
:103E100085FC4FF6FE7279880844904246DC80B2F9
:103E2000002C48D1B8F1FC0F03D842467988E5F759
:103E3000DFFD27F8020F0BF1010B009B4FEA8B010E
:103E40005B45D6DC029B56441D440CB1039B1C44CD
:103E5000049B01330493049A019B93427FF770AA59
:103E60004FF0000BAF1EE8E7E0F758FC798881427D
:103E70001FDD081AD3E7E0F751FC7988C0F3CF0CB7
:103E8000CA0A0CFB02F200F01F0E01F01F0C0EFB21
:103E90000CFC4FEA6C1C4CEAC22CC0F38500C1F349
:103EA0004512504380114CEA4010B8E74FF6FF70BE
:103EB000B6E70020B4E714F80B20B8F1FC0F98BF68
:103EC00012FB08F2798898BF120AB0E70023C1E715
:103ED000CB10C943C05C01F00701084100F00100AC
:103EE000704722B1FC2A03D9087048708870704767
:103EF000D34310FB02F00A78DBB202FB0302120A82
:103F00000A704A7802FB0302120A4A708A7802FB9E
:103F10000300000AEAE730B53AB1FC2A037805D974
:103F20000B7043784B7083788B7030BDD44313FB98
:103F300002F30D78E4B205FB04331B0A0B704B78D7
:103F4000457813FB04F305FB02331B0A4B708B7897
:103F5000807813FB04F300FB02331B0AE4E730B55F
:103F600085B0022A0191CCB2C1F30725C1F3074104
:103F700021D0032A30D0012A1BD103782344FF2B00
:103F8000A8BFFF238DF80C3043782B44FF2BA8BF2C
:103F9000FF238DF80D3083780B44FF2BA8BFFF2340
:103FA000DBB201469DF8072003A88DF80E30FFF71D
:103FB000B2FF05B030BD03781B1B23EAE3738DF815
:103FC0000C3043785B1B23EAE3738DF80D30837864
:103FD0005B1A23EAE373E3E7037813FB04F31B1292
:103FE0008DF80C30437813FB05F31B128DF80D3060
:103FF000837813FB01F31B0AD3E72DE9F04F8BB055
:10400000436807464B430193836888460293C3681D
:1040100091460393D0E906630493D0E904430693E1
:1040200090F8223090F821A00568002B40F0BA806B
:1040300064BBBAF1FC0F44D991420FD0029B9C4261
:104040000FDA32462B4617E031462846019A07F030
:10405000D0FE039B01341D44049B1E44029B9C42E2
:10406000F2DB0BB0BDE8F08F117819705178597000
:1040700091784A44997043440198591B8142F3DB7B
:10408000039B01341D44049B1E44D7E7BAF1FC0F87
:104090001F4630D8029B9F42E3DA30464FF0000BB8
:1040A000631E40E05846E9195246FFF734FF474483
:1040B000CB44019B9F42F5DB039B01341D44049BD1
:1040C0001E44029B9C42CCDAB3460027F1E705EB85
:1040D0000A011BF8012F0590FFF71DFF0598C24448
:1040E0004844019B9A45F2DB039B01371D44049B26
:1040F0001E44069B1C44029B9F42B2DA30464FF09E
:10410000000A04F1FF3BECE713F8012F05EB0B016C
:1041100012FB0AF2120A07930590FFF7FCFE0598BE
:10412000079BC3444844019A9345EDDB039B013749
:104130001D44049B1E44069B1C44ABE79A788DF8F3
:1041400026205A788DF825201A788DF824203CB343
:1041500014F80B2012FB0AF2120A8DF8272005EB47
:104160000B0097F8222009990793FFF7F8FE079BA9
:10417000C3444B44019A9345E0DB0CB1069B1C44BD
:10418000039B1D44049B1E44059B01330593059B23
:10419000029A9342BFF665AF33464FF0000BE9E752
:1041A0005246DAE70023F1E72DE9F04F87B0D0E976
:1041B00004438046D0E901A70D4690F81B90C668DD
:1041C0000193002C76D1B9F1FC0F5AD9032925D1DE
:1041D00004680AEB4A0A2346D91C1B1B9A4507DCD4
:1041E000012504EB0608BD4210DB07B0BDE8F08FE7
:1041F00098F8183001F8033C98F8193001F8023C9F
:1042000098F81A3001F8013C0B46E5E74046524663
:10421000214607F0EEFDB0440135E4E70429E4D17E
:10422000806905F01BFFBAF1000F2AF00F02B8BF3A
:104230000022D8F80010AAF10F0CBC42D5DA0B46C8
:10424000002510E043E9100043E90E0043E90C00AB
:1042500043E90A0043E9080043E9060043E9040092
:1042600043E902001035AC4503F14003EADC134694
:10427000534502DB31440134DFE741F823000133C9
:10428000F6E7806905F0EAFE05FB0AFAD8F800B007
:104290000590BC42A9DA4FF0000806E00BEB0801DC
:1042A0004A4605A8FFF737FEA844D045F6DBB344DD
:1042B0000134EEE701FB0AF3B9F1FC0F80690293C8
:1042C0001ED905F0CBFE4FF00009D8F800A00590EC
:1042D000B9458ADA4FF0000804F1FF3B07E00AEB2A
:1042E00008011BF8012F05A8FFF715FEA844029B43
:1042F0009845F4DB019BB2441C4409F10109E7E74E
:1043000005F0ACFE4FF0000AD8F800B00590BA45B1
:10431000BFF66BAF4FF00008631E0CE013F8012FDF
:104320000BEB080112FB09F205A8120A0393FFF731
:10433000F2FD039BA844029A9045EFDB019BB34436
:104340001C440AF1010AE2E72DE9F04F8BB090F826
:1043500020300446063B01910F2B00F2D082DFE8AB
:1043600013F02702B203CE02CE02CE02CE02CE025C
:10437000CE02CE024B01560154011000CE02CE02F5
:10438000D902D0E901B30293C36890F82190039356
:10439000D0E906530493D0E90463059390F82230E2
:1043A0000768002B40F02381002E62D1B9F1FC0F89
:1043B00030D840F63A0840F20D4A029BB34240F32F
:1043C0009E82394600244CE005EB42035B78DB0813
:1043D00043431B128B7035F81230C3F3451363430C
:1043E0001B124B7015F81230013203F01F034343C8
:1043F0001B120B70019B19449345E5DC039B0136AE
:104400001F44049B1D44029BB34240F3788239460B
:104410000022F1E740F63A0040F20D44F3E705EBE5
:1044200044035B784A46DB0808FB03F31B128DF854
:10443000263035F8143009A8C3F345130AFB03F3FB
:104440001B128DF8253015F81430013403F01F03CA
:1044500008FB03F31B128DF82430FFF75CFD019B72
:104460001944A345DBDC039B01361F44049B1D4418
:10447000A3E7B9F1FC0F1C463ED840F63A0A029B6E
:10448000A34240F33C8239464FF0000861E005EB5F
:1044900048035B7816F80820DB0809FB03F31B12BE
:1044A0008DF8263035F8183009A8C3F345130AFBF8
:1044B00003F31B128DF8253015F8183008F10108A8
:1044C00003F01F0309FB03F31B128DF82430FFF7E1
:1044D00022FD019B1944C345D9DC039B01341F44D1
:1044E000049B1D44059B1E44029BA34240F307828C
:1044F00039464FF00008EEE740F63A0940F20D4A1F
:10450000F2E740F20D4205EB48035B7809A8DB08AF
:104510000AFB03F31B128DF8263035F81830C3F36D
:10452000451353431B128DF8253015F8183016F833
:10453000082003F01F030AFB03F312FB09F21B120E
:10454000120A8DF82430FFF7E6FC019B08F1010800
:104550001944C345D5DC039B01341F44049B1D440F
:10456000059B1E448BE740F20D4105EB4802527853
:10457000D2085A4312128DF8262035F81820C2F3BB
:1045800045124A4312128DF8252015F8182002F022
:104590001F025A4312128DF8242036B316F8082051
:1045A00012FB09F2120A8DF82720099994F82220AB
:1045B0000690FFF7D4FC019B069808F10108184407
:1045C00040F63A03C345CEDC0EB1059A1644039A71
:1045D0000AF1010A1744049A1544029A524540F31D
:1045E0008E8138464FF00008ECE74A46DBE74FF093
:1045F000000A40F63A03F0E7032220469DF8041033
:104600000BB0BDE8F04FFFF7F8BC0422F5E74368B4
:1046100090F821800293836807680393C368D0E908
:1046200006690493D0E90453059390F82230002BD7
:1046300040F0BC80002D38D1B8F1FC0F18D8039B96
:10464000AB4240F35C81B2463946002425E0404647
:1046500098F80320FFF75FFC019B013408F1040880
:104660001944029BA342F2DC049B4E441F440135D3
:10467000039BAB4240F34381B04639460024F0E748
:104680009AF80320504612FB08F2120AFFF743FC87
:10469000019B01340AF1040A1944029BA342EFDC96
:1046A000049B4E441F440135C9E7B8F1FC0F1C467A
:1046B00021D8039BA34240F32281B34639464FF0F1
:1046C000000A33E015F808309AF80320504612FB30
:1046D00003F2120AFFF71FFC019B08F101080AF11F
:1046E000040A1944029B4345ECDC049B4E441F44DE
:1046F000059B01341D44039BA34240F30081B24655
:1047000039464FF00008EDE715F80A309BF8032012
:10471000584612FB03F208FB02F2120CFFF7FBFBF8
:10472000019B0AF1010A0BF1040B1944029B53454A
:10473000EADC049B4E441F44059B01341D44B8E74A
:1047400053F8030C1978099045BB18FB01F10A0ACC
:104750008DF8272007EB0A0094F822200999079387
:10476000FFF7FDFB019B0BF1010B9A44079B043300
:10477000029A5A45E4DC0DB1059B1D44049B4E444E
:104780001F44069B01330693069A039B934240F312
:10479000B6804FF0000BF31CDA46E9E715F80A2063
:1047A00012FB01F208FB02F2120CD1E70023EAE748
:1047B000436890F821800293836807680393D0E9E7
:1047C0000453049390F82230D0F80C90D0E9066A94
:1047D000002B40F09D8075BBB8F1FC0F15D8039BF2
:1047E000AB4240F38C80394600241DE012F8011FD3
:1047F000997059701178197001990B44029C8118B5
:104800008C42F3DC4F4456440135039BAB4276DDCA
:104810003B46721EC6F10100F0E7305D4246FFF7ED
:1048200060FB019B01341944029BA342F5DC4F4419
:1048300056440135D3E7B8F1FC0F1C4618D8039B4A
:10484000A3425CDD39464FF0000B25E015F8082047
:1048500016F80800FFF745FB019B08F10108194411
:10486000029B4345F2DC049B4F4456441D440134F3
:10487000039BA34243DD39464FF00008F0E715F8EB
:104880000B2016F80B0012FB08F2120AFFF729FBA7
:10489000019B0BF1010B1944029B5B45EFDC049B70
:1048A0004F4456441D440134C9E716F80B208DF8D7
:1048B00026208DF825208DF824201DB3EA5C12FBFC
:1048C00008F2120A8DF82720F81894F82220099986
:1048D0000693FFF744FB019A069B0BF1010B13446F
:1048E000029A5A45E1DC0DB1049B1D44059B4F44DF
:1048F000564401330593059A039B934204DC0BB0A5
:10490000BDE8F08F4246DDE74FF0000B5B46E7E77E
:104910000023EFE7436890F82180029383680768DB
:104920000393C368D0E906690493D0E9045305935F
:1049300090F82230002B40F0C480002D3AD1B8F11D
:10494000FC0F19D8039BAB42D9DD344639464FF0F2
:10495000000A26E014F8012C14F8020CFFF7C1FA43
:10496000019B08F101081944029B02344345F1DC24
:10497000049B4E441F440135039BAB42BFDD3446CC
:1049800039464FF00008EFE714F8012C14F8020C38
:1049900012FB08F2120AFFF7A4FA019B0AF1010ABE
:1049A0001944029B02345345EEDC049B4E441F44E1
:1049B0000135C7E7B8F1FC0F1C4621D8039BA34281
:1049C0009DDDB34639464FF0000A33E015F8083054
:1049D0001AF8012C1AF8020C12FB03F2120AFFF764
:1049E00080FA019B08F101081944029B0AF1020AAE
:1049F0004345EBDC049B4E441F44059B01341D449E
:104A0000039BA3427FF77BAFB24639464FF00008C5
:104A1000EBE715F80A301BF8012C1BF8020C12FB0F
:104A200003F208FB02F2120CFFF75BFA019B0AF19A
:104A3000010A1944029B0BF1020B5345E9DC049B6C
:104A40004E441F44059B01341D44B7E713F8011C75
:104A500018788DF8261065BB10FB08F0020A8DF857
:104A600027208DF824108DF8251007EB0A0094F804
:104A7000222009990793FFF772FA019B0BF1010BB2
:104A80009A44079B0233029A5A45DFDC0DB1059B1D
:104A90001D44049B4E441F44069B01330693069A13
:104AA000039B93427FF72BAF4FF0000B731CDA464A
:104AB000E9E715F80A2012FB00F208FB02F2120CDB
:104AC000CDE70023EAE7436890F8218002938368EA
:104AD00006680393C368D0E9067A0493D0E90453C7
:104AE000059390F82230002B40F0B880002D38D18B
:104AF000B8F1FC0F19D8039BAB427FF700AFB1466A
:104B0000002426E021463846FFF7E2F9019B4042A7
:104B1000C0B290705070107001341A44029BA342CE
:104B2000F0DC049B57441E440135039BAB427FF7E6
:104B3000E6AE32460024F1E721463846FFF7C8F9D1
:104B4000404249464246C0B2FFF7CBF9019B0134CF
:104B50009944029BA342EFDC049B57441E44013559
:104B6000C9E7B8F1FC0F1C461FD8039BA3427FF78F
:104B7000C6AEB1464FF0000B31E049463846FFF76C
:104B8000A7F94042414615F80920C0B2FFF7A9F93C
:104B9000019B09F101099844029B4B45EDDC049B04
:104BA00057441E44059B01341D44039BA3427FF7D9
:104BB000A6AEB0464FF00009EEE759463846FFF77B
:104BC00087F915F80B20404212FB08F24946120AF9
:104BD000C0B2FFF786F9019B0BF1010B9944029BD0
:104BE0005B45EADC049B57441E44059B01341D448D
:104BF000BBE749463846FFF76BF94042C0B28DF833
:104C000025008DF824003DB315F8092012FB08F2A9
:104C1000120A8DF827208DF8260094F82220099991
:104C20000698FFF79CF9069B019A09F101091344C4
:104C30000693029B4B45DCDC0DB1059B1D44049B98
:104C400057441E440BF1010B039B5B457FF757AEA6
:104C50004FF000090696ECE74246DAE74FF0000B0A
:104C6000F2E70B79053B012B0CD8CB6C9A6BF2B9B0
:104C7000DA6BE2B9D86A9A6E18B9186BB0F5807F12
:104C800009D0A2B991F85130632B84BF46F2014399
:104C9000A1F850300BE0586BB0F5807FF1D1002ABD
:104CA000F0D093F821300E2B01D0142BEAD1002044
:104CB000704770B50E46C1690546002969D10122C9
:104CC0003046DEF71BFA044610B94FF0FF3070BDD6
:104CD0003046DEF775FA0028F7D00223A36404F10A
:104CE00038036E60AB60EC612379013B092B0CD873
:104CF000DFE803F005141B22294137303C482846E1
:104D0000E16C04F1080201F052FB0322EB699A64A2
:104D10000023EB61DEF7EAF90120D8E72846E16CD1
:104D200004F1080200F089FAEFE72846E16C04F18B
:104D3000080200F0C2FDE8E72846E16C04F1080231
:104D4000E0F7C0F9E1E72846E16C04F10802E0F77A
:104D5000ADF9DAE72846E16C04F1080200F083F8C7
:104D6000D3E72846E16CE0F7B7F9CEE72846E16CD7
:104D700003F0AAFAC9E72846E16C04F1080201F041
:104D8000A1FDC2E72846E16C04F1080202F0FBFA3B
:104D9000BBE700209BE7F0B585B0154606460F46F9
:104DA0000A46684629461C4604F01FFD90B1696812
:104DB000019A009B2D68521A3F680A995D1B68464C
:104DC00001FB0255DF1B05F057F8E3197119184470
:104DD000834201D105B0F0BD1A7811F8014B22448D
:104DE000FF2A28BFFF2203F8012BF1E72DE9F84342
:104DF00056081F46A1EB52059046814605F0E5FE98
:104E000000FB05F44846E4F763FE6FEA08026843D6
:104E1000E411002CD3BF8034803CC6EB2423C6EBC6
:104E200024234FEAE010D8BF06EB242402F001024D
:104E3000C6BF9B1806EB2424A41A0028CCBF8038D8
:104E400080303B60CDBFC6EB2023C6EB202306EBB2
:104E500020269B18CCBF06EB2026B61ABC607B60D0
:104E6000FE60BDE8F8832DE9F04FADF50B7D91F8BC
:104E70003C300C46022B059041D90D6A002D3ED0E6
:104E8000D1E9091399423AD00FCA0AAF87E80F0057
:104E9000059B0EAE394630469A68B4F8348004F06B
:104EA000A4FC039058B3D4E909A9A36B4545A8BF56
:104EB000454643BB0AF5B4734B4503D009F5B473BB
:104EC000534520D167A8FAF73FFA94F83C300F22F7
:104ED0008DF8C431E3690598ADF8BC311B0C8DF831
:104EE000BE3147F6FF736E939DF8C53167A962F333
:104EF00004033A4670958DF8C53100F09EF90DF522
:104F00000B7DBDE8F08F236AD7E90112D21A386809
:104F10001492FA6818441944D31A129013911593F5
:104F2000BAF5B47F80F2B380B9F5B47F80F2B28075
:104F30001022002116A80DF079F80DF5CE78CDF8E5
:104F400000904046D4E90B125346E0F789FCCDF8B7
:104F500058800DF1B808002347F6FF7239464046E5
:104F6000E0F7CCFC12A8CDF85C8004F085FF0028A7
:104F700000F3938000230393304604F082FF0690F1
:104F8000304604F079FF8046E5F7CAFC074696E80C
:104F90000F000DF1680B8BE80F00002128224AA8B2
:104FA0000DF044F894F83C30A16B4F978DF83831F0
:104FB000CDF824B1CDF844B100297ED1A28BA37FD6
:104FC000ADF839218DF83B31002394F83D6004930E
:104FD00016F001063AD005FB05FB5846E5F7A0FCA4
:104FE0005A46FF21064606F0F9FF00236A1E0DF51A
:104FF000807BCDE92C2205EBD572584652102AA9A8
:10500000CDE92A33E0F77AFC0023CDF820B0B3468F
:105010000993AB42C0F288805FFA85FB22AB5A4607
:10502000A18E0FFA8AF0FFF7E1FED4E90B1222A855
:1050300004F0CEFB5A46A18E0FFA89F026ABFFF79B
:10504000D5FED4E90B1226A804F0C2FB4FF00009EC
:105050001B9B1D93069B994578DB67A8E0F732FB05
:105060002EA8E0F72FFB039B13B137A8E0F72AFB2C
:105070003846E5F76FFCA36B13B154A8FAF7F7FBBA
:10508000002E3FF43CAF3046E5F764FC37E7AAF565
:10509000B47A45E7A9F5B47946E712A804F0F1FE21
:1050A00000287FF767AF37AF012347F6FF72384616
:1050B00012A9E0F723FC18975EE7002254A8DFF757
:1050C00011F900283FF47AAF5F9A002A3FF476AFD7
:1050D00000231EAEC6E900339388D288591E013AD8
:1050E000B160F2603046D4E90B12A2EB5302A1EB9F
:1050F000530104F06DFB5F9A4D96D2F810B01389FE
:105100005278CDF828B1142A4B9302D08DF8302173
:105110005AE71222304604938DF8302104F0B1FE94
:10512000049B03FB00B350E759460022009508A8F2
:10513000079302F0E8F8079B014620B92A46584633
:1051400006F04CFF079BAB44013362E74246FF2168
:10515000384606F043FFDDE91A233946CDF80080D2
:1051600016A802F0D0F894F83D300146DB078DF820
:1051700040012DD51B9B239A934211DB259A934224
:105180000EDC30B94246384606F028FF02238DF87F
:1051900040313B463046009522AA1AA9FFF7FBFD95
:1051A0001B9B279A934213DB299A934210DC9DF8AC
:1051B000401131B94246384606F010FF02238DF8FF
:1051C00040313B463046009526AA1AA9FFF7E3FD79
:1051D000049BEBB19DF84031D3B14D9B1B9A5868AD
:1051E0001B68A2EB000C1A9A4B98D31A400800FBDC
:1051F0000C33049A791E1344C7F1010042189045FC
:1052000012DC9DF84031012B04BF02238DF84031A0
:10521000059849A9DFF742F91B9B09F10109013300
:105220001B931D9B013314E713F801CB11F8012FD9
:1052300012FB0CF212120A70E0E72DE9F04FB9B040
:1052400091F828300546022B0F46144640F2AE80F6
:105250004B6A002B00F0AA8091F82930DA0600F0A2
:10526000A580204604F008FE0646204604F009FE0C
:10527000D4E902C28642A8BF0646FB697010984274
:10528000A8BF184697F829307E6A8346D4E900E023
:1052900013F0040F03F01F0112BF33460BEB06039C
:1052A0005B4273440B930B074EBF33460BEB060375
:1052B0005B42ACEB03030D938B074EBF33460BEB06
:1052C00006035B4203440C93CB074EBF33460BEB04
:1052D00006035B42D21A97F8203097F82880039390
:1052E00097F8213097F822900E92ABEB06060293C6
:1052F000BBF1000F5DD1002E5BDC59462C222DA89E
:1053000006F06CFE24AB2D93039BD4F804B08DF80B
:10531000C930029B8DF8CB908DF8CA300B9BDDF81D
:1053200030902768A66802930D9B09F1FF31CB45A9
:105330008DF8C880CDE925B6D4F80CA0DDF838800A
:1053400003932497279103DC28462DA9DFF7A6F8BD
:105350000E99C24501F101012591E168279103DB16
:1053600028462DA9DFF79AF8CB45D4BF0C9B63687C
:10537000C24525932168ACBF0E9BE3682491279317
:105380000B99029B01399F42269103DC28462DA9E7
:10539000DFF784F80D9B01332493A3682693039BC6
:1053A0009E4203DB28462DA9DFF778F839B0BDE827
:1053B000F08F2146AA680FA804F017FA069000287B
:1053C000F4D00FA804F058FD2C22002107902DA83E
:1053D00006F004FE0798E5F7A3FA0027339082460B
:1053E00001231BA826EAE6720BA9CDE908770A97E4
:1053F000E0F784FA1BA8BB45089007DD24AE3B46C6
:105400005A4621463046E0F779FA099613AB2D93B8
:105410003593039B0B9A8DF8C930029B17A88DF822
:10542000CA3023688DF8CB905B449342ACBF17938E
:105430001792A3680D9AA3EB0B039342D4BF199361
:10544000199263680C9A5B449342ACBF189318920C
:10545000E3680E9AA3EB0B039342D4BF1A931A92FC
:105460008DF8C88004F008FD6368D4F800900293BA
:105470000C9BDDF82C800393A368C14504930D9B1E
:10548000E6680E9F059362DCDDE9043293425EDB41
:10549000DDE9023293424FF001038DF8D03041DD57
:1054A000BE420CDB179B28461393199B2DA915931D
:1054B0000E9B01331493E3681693DEF7EFFF0B9B0B
:1054C0000D9A93424BDBC14557DCDDE904218A424A
:1054D00047DB23681393A36828461593189B2DA9CF
:1054E00014931A9B1693DEF7D9FF0F9B0699119A16
:1054F000139300297AD163680C9F8846FF1A5F4591
:10550000B8BF5F46159247453EDC1BA8E0F7DAF8C6
:10551000BBF1000F02DD24A8E0F7D4F85046E5F710
:1055200019FA43E7BE4201DB31280DDD179B2846FF
:105530001393199B2DA91593029B1493039B013B75
:105540001693DEF7ABFFABE700230693B7E7012323
:105550008DF8D030DDE902329342E7DDA0E7C145A6
:105560000BDC013B1593189B226814931A9B284669
:105570002DA913921693DEF791FFDDE904329342D1
:10558000B3DB0D9B0133A5E76368E66808EB03090D
:10559000109BA6EB0806994502DA129B9E4222DC7C
:1055A000FF215046079A06F019FD079B51460093CC
:1055B000139A4B4608A801F0A6FE109B8DF8D00068
:1055C000994507DB28462DA9CDF85090CDF8589085
:1055D000DEF764FF129B9E4205DC28462DA9149637
:1055E0001696DEF75BFF08F101088CE7179B13A8FE
:1055F000013B9342D4BF1593159204F03DFC041E69
:1056000034DC199B0F9A01339342ACBF139313926E
:10561000119B13A8159304F02FFC041E7FF775AFA0
:10562000DDE90432934267DADDE90232934263DD59
:10563000BE42FFF66AAF1A9E129B01369E423FF7AA
:1056400064AF22465046FF211496169606F0C6FC1B
:1056500051463346139A009408A801F054FE2DA930
:105660008DF8D0002846DEF719FFE5E7C14524DDB7
:10567000DDE90232934220DDBE42C2DB1A9B03F118
:105680000108129B9845BCDC2246FF215046CDF80C
:105690005080CDF8588006F0A1FC43465146139A3D
:1056A000009408A801F02FFE2DA98DF8D0002846FF
:1056B000DEF7F4FE08F10108E3E7109B189A934225
:1056C00002DBC145DADDD7E72246FF2150461493BD
:1056D0001693069306F082FC069B5146139A00949B
:1056E00008A801F010FE2DA98DF8D0002846DEF79D
:1056F000D5FE069B0133E1E7DDF84080189B984515
:1057000004DBDDE90432934295DA91E72246FF217A
:105710005046CDF85080CDF8588006F05FFC4346E7
:105720005146139A009408A801F0EDFD2DA98DF8BB
:10573000D0002846DEF7B2FE08F10108DEE72DE9C9
:10574000F04F89B045004FEA610ACB07044628466E
:1057500090464CBFD3460AF1FF3B0F46E5F7E0F811
:105760006FF00102AB1E01934FEA4A030293064613
:10577000C14600230BFB02220392A34225DB4FF418
:105780007F5C4246BCFBF7FC434604FB04F008EB9D
:105790004000834245D14FF0000C6B420AFB03F3FB
:1057A0000793631E05FB038306930BF1010302932A
:1057B0000BFB05530593AB190393A4453DDB304622
:1057C00009B0BDE8F04FE5F7C5B8019A029839F87D
:1057D000021000EB090C79430398621E484402EB67
:1057E0000A0E7445D8BF4FF0000E26F81210C8BF3D
:1057F0003CF812E0A1EB0E0EA2EB0B010029D4BF86
:10580000B9F8001030F81210013A7144E7D2484656
:105810002A463146049306F0ECFA049BA94401336E
:10582000ABE7198839B1B1F57F5F16BF91FBF7F18E
:10583000A3F800C019800233ABE700200799964611
:10584000511804910599904602EB0109014613880D
:105850007B430193019B002BB4BF4FF0000BC3F3BC
:105860008F1B26F811B0A1EB0A0BBBF1000FCABFCA
:10587000049BB8F800B033F800B0019BA844A3EB38
:105880000B0B029B0B449C42D6BF069B39F80030A1
:1058900033F81C3001315B448C4201932844D9D148
:1058A000334633F8021BAEF800100399AE448B4226
:1058B000F7D10CF1010C02327FE72DE9F04FB9B0BE
:1058C0000D46D1E90A3114460290106892680844E6
:1058D00066681144E7682A6B194416443A44C01AB2
:1058E000F61A1A446B6A0C9003EBD3735B105B429D
:1058F000184401380E910F921090D21AC81AF1185C
:1059000095F834300130FE2B28BFFF230793029B0C
:105910000139013212901191139210A99A6814A8BA
:105920000D9603F062FF002800F031834FF0FF3244
:10593000236811461893636818A81993A3681A93EB
:10594000E3681B9303F037FF18A8EC6904F094FA9E
:10595000064618A804F095FA864218A866DA04F0FC
:105960008BFA4010A0420346A8BF23460CA803931D
:10597000EC6904F081FA06460CA804F082FA86422B
:105980000CA856DA04F078FA4710A742A8BF2746B9
:105990006C6A4FF0000B3C4404FB04F04000E4F759
:1059A000BFFF0C9B6E6A24930F9B66F0010927933F
:1059B00006EBD6735A1007EB6303994406F0010116
:1059C000013204900CA806912592CDF8989004F02D
:1059D00053FAA9EB000024900CA8DDF8949004F091
:1059E00050FA4844002306EB07083A46279024A9BA
:1059F0002DA8DFF783FF012E404618BF7610E4F78D
:105A00008FFF81464FEA4803DDF810A00593D84583
:105A100012DC4846E4F79EFF2DA8DFF753FE012E67
:105A200008FB08F740F0B682002341E004F029FAB1
:105A300097E704F026FAA7E74246FF21484606F01A
:105A4000CDFA2DAB002100935A46434648462D9F80
:105A5000B847014640B95046059A06F0BFFA059B83
:105A60000BF1010B9A44D2E799F8003052469B01A2
:105A700093FBF6F3494622F8023B059B03EB0A0031
:105A80009042ECD00F4611F8013F3F789F421BBF78
:105A90009B0193FBF6F332F8023C9BB222F8023BE7
:105AA000EEE7049A049932F813209209CA5401339C
:105AB000BB42F6D1002395F83570CDE90A3317F0D3
:105AC000010707D124AE01233046039A18A9DFF756
:105AD00015FF0A9610A804F0CFF9E4F721FF064657
:105AE0002C2200212DA806F079FA95F822302A8C74
:105AF0008DF8CB3095F834301CA910A8DDF8408023
:105B00002D913591ADF8C9208DF8C830339604F049
:105B1000B3F900EBD07008EB600310A8DDF8448007
:105B2000089304F0AEF9129A00EBD07008EB600312
:105B3000089905931E92119B121B01328A42ACBF39
:105B40001C921C911D93059A2344013B9342D4BFA0
:105B50001F931F92029B1CA99A6820A803F045FE80
:105B6000002840F04682129A08991E92121B139B3D
:105B700001328A42ACBF1C921C91059A1F931B1BD9
:105B8000013201339342ACBF1D931D92029B0692DA
:105B90001CA99A6820A803F028FE002835D0039A93
:105BA00018A920A803F0DDFE78BB20A804F064F952
:105BB000DDF87CB08246239BDDF88080DDF84890DC
:105BC00037B1039A18A920A8099303F079FF099B1C
:105BD000BAF1000F19DDA9EB040909F10109A8EBDD
:105BE0000908ABEB030B04FB0B88049BDDF88C90DE
:105BF0009844209B33961C93229B1E9302238DF87E
:105C0000D030219B4B4540F35182109B059A234491
:105C10001C93129B1CA91B1B1E93119B20A81D9358
:105C20002344013B9342D4BF1F931F92029B9A6867
:105C300003F0DBFDF8B1039A18A920A803F091FE48
:105C40008046C0B920A804F017F9DDF88490824698
:105C50001D9B002F00F08682039A18A920A80993A3
:105C600003F02EFF099B8346002800F04382BAF11F
:105C7000000F00F3448295F83430069A8DF8C8304E
:105C8000109B1CA923441C93129B20A81B1B1E9332
:105C9000139B1F931B1B01339342ACBF1D931D929B
:105CA000029B9A6803F0A1FD48B3039A18A920A8A3
:105CB00003F057FE814610BB20A804F0DDF8B0F1D8
:105CC000000B1CDDDDF87C80DDF88CA0002F00F0DF
:105CD0005982039A18A920A803F0F2FE4B46049AB1
:105CE000A8EB0A083393209B04FB08281C93229BF3
:105CF000DDF88C901E93219B4B4540F3458295F82F
:105D00003430DDE905508DF8C830129B13991A1B09
:105D10001E93119B01322344AB42C8BF03461D931F
:105D2000089B091B9A42ACBF1C921C93029BA94280
:105D3000ACBF1F911F959A681CA920A803F055FDC0
:105D400068B3039A18A920A803F00BFE38BB20A85B
:105D500004F092F8129B209D1B1B0133ED1A631E69
:105D600004FB0355049B80461D44002F00F03F8236
:105D7000039A18A920A803F0A3FE2B46B8F1000F40
:105D800033930CDD209BDDF884901C93229B1E93A3
:105D900002238DF8D030239B4B4580F22A820021CC
:105DA000049B6510013BA142C0F24382DDE905502E
:105DB000119A109B2244AA42C8BF02461D92089A1B
:105DC0001C932344013B02F1FF3913994B45D4BF87
:105DD0001E93CDF87890029B091BA942ACBF1F917E
:105DE0001F959A681CA920A803F0FFFC002840F02A
:105DF0003282109A119B1C922244013A1D934A450B
:105E0000D4BF1E92CDF878902344059A013B93426B
:105E1000D4BF1F931F92029B1CA99A6820A803F06D
:105E2000E4FC002830D0039A18A920A803F099FDBB
:105E300050BB20A804F020F8DDF884A080461D9B0C
:105E4000209DDDF870B037B1039A18A920A80793F8
:105E500003F036FE079BB8F1000F339614DDAAEB72
:105E6000030AA5EB0B0504FB0A55049BDDF884A08F
:105E70001D44209B1C93229B1E9302238DF8D0303F
:105E8000239B534580F23782109B139A1C93234423
:105E9000013B06991F924B45D4BF1E93CDF87890D5
:105EA000121B029B01328A42ACBF1D921D9120A899
:105EB0009A681CA903F099FC78B3039A18A920A842
:105EC00003F04FFD48BB20A803F0D6FFDDF87C901F
:105ED0008046DDF88CB0209DDDF870A027B1039AD4
:105EE00018A920A803F0ECFDB8F1000F339614DDDB
:105EF000A9EB0B09A5EB0A0504FB0955049BDDF88A
:105F00008C901D44209B1C93229B1E9302238DF892
:105F1000D030219B4B4540F31182DDE90501109BF8
:105F2000139A23441C93129B121B1B1B1E93119B41
:105F30008242ACBF1F921F9023448342C8BF0B46CE
:105F40001D93029B1CA99A6820A8339603F04DFC70
:105F500098B1039A18A920A803F003FD68B920A8F6
:105F600003F08AFF051E08DD209B219C1C93229BC9
:105F70001E93239BA34280F2048217B924A8DFF763
:105F8000A1FB0498E4F7E6FC3046E4F7E3FC39B003
:105F9000BDE8F08F31464046049AFFF7D0FB0699E2
:105FA000314401290CDD4FF47F5090FBF1F0049A4D
:105FB00002EB4706B2420ED14046049AFFF7BFFB00
:105FC0000023BB423FF476AD049A049932F81320C3
:105FD000CA540133F5E732F8023B002BEAD0FF2B1D
:105FE0001BBF9B0193FBF1F322F8020C22F8023C49
:105FF000E0E7039A18A920A803F0B3FC00287FF477
:10600000B2AD20A803F038FFDDF884B08246119BC2
:10601000DDF88080DDF8489037B1039A18A920A8F0
:10602000069303F04DFD069BBAF1000F7FF79BAD81
:10603000A9EB040909F10109A8EB0908ABEB030B73
:1060400004FB0B88049BDDF884909844209B3396D6
:106050001C93229B1E9302238DF8D030239B4B452B
:10606000FFF681ADCDF87490CDF87C90DFB9224673
:106070004146304605F0BDFE4B463146209ACDF8EC
:1060800000A00AA801F03FF901280ABF02238DF8F9
:10609000D0008DF8D03002982DA9DEF7FFF9A0448A
:1060A00009F10109DAE7CDF8CC80F4E7CDF8749076
:1060B000CDF87C90DFB922464146304605F099FE86
:1060C0004B463146209ACDF800A00AA801F01BF9F2
:1060D00001280ABF02238DF8D0008DF8D030029835
:1060E0002DA9DEF7DBF9A04409F1FF3989E5CDF8E8
:1060F000CC80F4E7BAF1000F7FF7BDADBB46A9EB4A
:106100000309049BCDF8CC8004FB0939209BDDF802
:1061100084801C93229B1E93239B4345FFF6ABADCB
:10612000CDF87480CDF87C8099F80010BBF1000F99
:106130001DD15246304605F051FF43463146209A64
:10614000CDF800A00AA801F0DEF8012808BF02205F
:106150008DF8D00002982DA9DEF7A0F9A14408F12E
:106160000108D9E700287FF786ADB046C6E7079B50
:10617000FF2B1EBF95F8343013FB01F1090A8DF88F
:10618000C810E7E73346AAE5CDF87490CDF87C90C7
:10619000D7B95A46304698F8001005F01FFF4B4615
:1061A0003146209ACDF800B00AA801F0ACF80128D9
:1061B00008BF02208DF8D00002982DA9DEF76EF9F5
:1061C000A04409F1FF3996E5039A18A920A803F025
:1061D00077FC079BFF2B18BF95F8342098F8003008
:1061E0001CBF13FB02F31B0A8DF8C830E4E73346EB
:1061F000C4E5CDF87490CDF87C909FB9424629460D
:10620000304605F0F6FD4B463146209ACDF8008029
:106210000AA801F078F801280ABF02238DF8D000FF
:106220008DF8D03002982DA9DEF738F909F101096F
:10623000B1E518190246A0EB020C654502DC0346E5
:106240000131B0E513F801CF92F800E083F800E0E7
:1062500002F801C9EFE7039A18A920A803F081FB0F
:1062600000287FF4C6AD20A803F006FE1C9B209DED
:106270008046ED1A631E04FB0355049B1D44002F4A
:1062800037D0039A18A920A803F01AFC2B46B8F1BE
:10629000000F33937FF7ADAD209BDDF884A01C93F6
:1062A000229B1E9302238DF8D030239B5345FFF68B
:1062B000A0ADCDF874A0CDF87CA09FB94246294688
:1062C000304605F096FD53463146209ACDF80080C1
:1062D0000AA801F018F801280ABF02238DF8D0009F
:1062E0008DF8D03002982DA9DEF7D8F80AF1010A0E
:1062F000DBE73346CBE7CDF874A0CDF87CA0DFB95F
:1063000022462946304605F074FD53463146209A10
:10631000CDF800800AA800F0F6FF01280ABF02238A
:106320008DF8D0008DF8D03002982DA9DEF7B6F8A0
:1063300025440AF1010AA3E53395F5E7CDF87490F9
:10634000CDF87C90DFB922462946304605F051FD54
:106350004B463146209ACDF800800AA800F0D3FFC2
:1063600001280ABF02238DF8D0008DF8D0300298A2
:106370002DA9DEF793F8254409F1FF39C9E53395D6
:10638000F5E72A46FF2130461D941F9405F026FEAE
:1063900023463146209A00950AA800F0B4FF2DA9A3
:1063A0008DF8D0000298DEF779F80134E1E52DE9A7
:1063B000F04FADB091F820300C46022B04903BD941
:1063C00013680CAE0C93536831460D9393680E938B
:1063D000D368826810A80F9303F007FA029058B3AD
:1063E00094F82F502C22C5F30203002115F0070565
:1063F00021A803BF94F8219094F8228094F8237088
:1064000094F824901CBF94F8258094F82670079384
:106410000BF00CFEE36994F820A08DF899908DF8AC
:106420009A808DF89B7053B94DB9049821A9219693
:106430008DF898A0DEF732F82DB0BDE8F08FBAF1F4
:10644000FD0F304628BF4FF0FF0A03F015FD8046D0
:10645000304603F016FD80454346A8BF0346E26977
:106460005B109342A8BF13464FF0000B814610A863
:10647000059303F001FD059BCDE90ABB5B45039045
:1064800038DDE4F74DFA5B460746314618A8059A11
:10649000DFF734FA18A80A90109B0DF1500B1493F3
:1064A000129B4A461693FF23414604F12400279786
:1064B000CDF884B0CDF8A4B08DF8983000F0C5F9CF
:1064C000064600284BD0012D4CD90C9A109BCDF8D4
:1064D00094B09B1A026803EB43010A442292002203
:1064E00094F82E102734914206D84FF0000B4FF04D
:1064F00000080EE05F46CFE702EB8200205CFF2839
:1065000040F02C810132EEE77268DDF808B002EB52
:1065100003080F238DF890304FF00009059A0D9C69
:1065200091450F9B22DB14449B1A002D40F0D08034
:10653000049821A9159417938DF898A02795DDF755
:10654000ADFF2FB13846E4F705FA18A8DFF7BAF81F
:10655000002E3FF471AF304600F0B2F96CE7804690
:106560008346D9E74FF0000BD846D5E7A3EB0903E4
:106570000693119B4C44A34204DD139B069A93425D
:10658000C0F2928051463846039A05F027FD039BDE
:1065900039460093149A23460AA800F0B4FE012855
:1065A00008BF0220119B8DF8A000A3425DDC012DE5
:1065B0001594179404D0022D13D000231A4615E029
:1065C0000D9B3168E31A03EB430288188A5AADF831
:1065D000992082788DF89B207268D35C8DF8983072
:1065E000EBE7B8F1000F3ED14246029B049821A987
:1065F000CDE90823DDF752FFDDE90823139906985A
:10660000814251DB012D1590179031D0022D43D0DE
:10661000002A45D0022D3DD951463846039A05F04F
:10662000DDFC039B39460093149A23460AA800F028
:106630006AFE01280ABF02238DF8A0008DF8A03061
:1066400028E018F80310FC299FBFFA5C12FB01F246
:106650001212FA540133039A9342F2DB02238DF8AB
:10666000A030029BAAE70023F5E700231A46C5E7FE
:1066700006990D9B3068CB1A03EB43014418415A2D
:10668000ADF89910A1788DF89B107168CB5C8DF8EE
:1066900098302AB1002314E013B9B8F1000FF9D1F2
:1066A000049821A9DDF7FAFE09F1010936E718F887
:1066B0000310FC299FBFFA5C12FB01F21212FA547C
:1066C0000133039A9342F2DB02238DF8A030E7E70F
:1066D000022D8DF898A035D030D96A1D02F007023E
:1066E000022A36D9119A9442B8BF1446139A93429B
:1066F000A8BF134699464C453FF723AF012D15948B
:10670000179415D10D9B3168E31A03EB43028818E7
:106710008A5ABAF1FC0FADF8992082788DF89B2047
:106720007268D35C9CBF13FB0AF31B128DF8983080
:10673000049821A9DDF7B2FE0134DCE701228DF8CF
:10674000A020CFE79DF81C208DF8A020CDF89C80DC
:10675000C8E70BF1010B8DF8A0B0F7E7022D3FF46D
:10676000D3AEDDF808B0C2E62DE9F0411E4603794C
:1067700005464B43B2EB232F4FEA23200ADCAB78CC
:1067800029786A7831707270B370EB78069A13705A
:10679000BDE8F081AF7A07EB87032B4413F8014C77
:1067A0004C43B2EB242F09DA012F06D96B7A4B4305
:1067B000B2EB232F4FEA23210CDDFEE713F8050C83
:1067C00013F8041C13F8032C30707170B27013F8B6
:1067D000023CDBE7121A0B1AC2EB0222B2FBF3F403
:1067E0006FEA040848F281072A785FFA88F8697826
:1067F00012FB08F26B79A87811FB08F1E4B204FBF4
:10680000032210FB08F0AB797A4304FB0311EB7908
:10681000794304FB03007843C2F3C752C1F3C75165
:10682000C0F3C75003F058FC3070C0F30723C0F327
:1068300007407370B070EB782A7A13FB08F304FBFF
:1068400002337B43C3F3C753A0E7F7B5C37A0646C9
:1068500013F00704174623D0012C234606D0063335
:1068600003F00703032B94BF0F4640277D1CF81C41
:1068700005EB450520F0030025F003050C30284406
:10688000E4F74EF8044600B9FEE70C350544C0E9CC
:106890000157002500F10C030360A168A94202D84A
:1068A000204603B0F0BDD4E9000205EB45032A44BD
:1068B000009203442A463046FFF756FF0135ECE7C5
:1068C000E4F748B870B59CB0CB6904461E6815461D
:1068D0004EB16C2201A80BF0B9FB2A46204601A953
:1068E0000896DEF7E3FB1CB070BD2DE9F04391B0D4
:1068F0000646904699460C46E1B10B79082B19D80B
:10690000DFE803F00526261826181818260005A823
:10691000F8F71AFDE37D30468DF83C306369E26894
:10692000ADF834301B0C8DF83630012305A90E93D9
:10693000FEF783FCB8F1000F37D0B9F1000F34D067
:106940004A464146304611B0BDE8F043FFF72FBD3F
:106950008B6801AD0FCB85E80F000746284603F092
:106960008BFA0E21DCF758FE013F07442C2205A8C4
:106970000021039705F032FBA37DA28A8DF82B300E
:10698000E37DADF829208DF82830236830461A6958
:106990001B8905A90E93A3680B92059302230D95FD
:1069A0008DF83030DDF77AFDC4E711B0BDE8F08333
:1069B0000A46002105F012BBFC290AD8022907D992
:1069C00048F2810310FB01F05843C0F3C7507047F1
:1069D000002070472DE9F843089F1D463B6A064694
:1069E000D41AF86997F834C0FB6AA1EB00080CF0E0
:1069F0000102B3BB3B7E03F0020782B1BFB103F0DB
:106A00000303022B02D1E00FBDE8F883032B01D072
:106A10000020F9E7002CD4BF00200120F4E737B9AB
:106A200003F00303012B04D1B8F1000F0FDD0120A7
:106A3000EAE763B918EB050FF9D4401AE8D48542A8
:106A400003DD291A3044FFF7B3FF0220DCE718EB1F
:106A5000050FDDD4411A21EAE171A942D8DA3046A6
:106A6000F1E70CF00200002A00F09E80BB6AC0B281
:106A700003FB08F2002B4FEAA22205DD94420FDA55
:106A8000003818BF0120BFE79442F9DC08EB05028B
:106A90005343B4EBA32F09DB7A6A04FB02220CE018
:106AA00008EB05025343B4EBA32F03DDB0FA80F0EB
:106AB0004009A9E77B6A03FB04F242F3950212F056
:106AC000FF01C8EB222865D03B6BC1F1FF014B43AE
:106AD000B8F1000F4FEA2323C3F1FF020DDB454558
:106AE0000BDD5943C1F3472108B9C943C9B216F8B0
:106AF0000800FFF761FF06F8080008F10104396B90
:106B00008A4227DCA5423DDD002C3BDB796ABB6A6B
:106B1000514389125143002BC1F34721B8BFC943E8
:106B200097F83430B8BFC9B29A0748BFC943305D3F
:106B300048BFC9B2FFF740FF305597F834309B0784
:106B40002BD54545FFF664AFB8F1000FFFF67DAFDA
:106B5000414684E7002C0FDBA5420DDD97F8343069
:106B6000A2EB61019807C9B248BFC943305D48BF75
:106B7000C9B2FFF721FF30553B6B0134A542A2EBB0
:106B80000302BCDC97F834309F07DAD401343FF5B8
:106B90003FAF03E04446FF22B1E70134A542FFF6D0
:106BA00054AF291B30194EE77B6AC0B25C43002BFF
:106BB0004FEAA422D4BF1146511C88453FF760AF6D
:106BC00008EB05018A423FF771AF44F38D2EC4F301
:106BD00087021C4444F38D29CE454FEA0421AEEBD5
:106BE000080406D0002B80F29480002A39D1FF22BD
:106BF000013C002C1FDBA54227DDC1F38721114496
:106C0000C1F3470108B1C943C9B2305DFFF7D4FEF3
:106C1000305597F83430980708D5A9EB08018D4214
:106C20007FF7F6AE0029FFF610AF18E70134AC424B
:106C3000A8BF2C46B5E70028EFD10134AC42A8BF6D
:106C40002C46002C3FF4E4AEFFE60028E5D10134E9
:106C5000AC42A8BF2C46002C3FF4DAAE7FF7F5AE6D
:106C60009FE7002CBB6A49DBC3F1000802FB08F870
:106C7000A5424FEAA8280ADD08FB02F1C1F347212B
:106C800008B1C943C9B2305DFFF796FE305597F899
:106C90003430796A621E03F002033CB3954221DD71
:106CA000C8F1FF08494208FB01F1891208FB01F114
:106CB000C1F347210BB9C943C9B2B05CFFF77CFEF1
:106CC000B05497F83430990707D59542FFF6BDAE1A
:106CD000002A3FF4BAAE1146C1E60134A542BFF620
:106CE00060AFA4E6002B3FF4A2AEEEE7002B7FF4EA
:106CF000ACAE002D7FF79BAE012452E700287FF455
:106D0000A4AE0134A542FFF692AE002C7FF49DAEF6
:106D100047E7C2F1FF01BA6A002C01FB02F24FEA19
:106D2000A22ECEF1FF0804F101022DDBA5420BDDFE
:106D30000EFB01F1C1F3472108B9C943C9B2305D67
:106D4000FFF73AFE30557B6A08FB03F39B1297F876
:106D50003400954200F002002ADD08FB03F3C3F380
:106D6000472108B1C943C9B2B05CFFF725FEB05452
:106D700097F834309B070ED5A542FFF649AE002C9C
:106D8000FFF663AE21466AE6621C0AD108FB03F3F4
:106D900000229B12DBE70234AC42A8BF2C46002C39
:106DA0005CE71CF0020F05D0A542BFF64EAE2FE601
:106DB0000028E1D10234AC42A8BF2C46002C3FF49D
:106DC00027AEECE72DE9F74F0C9D0746AC68D5F8E8
:106DD0000CC0A1EB040BD5E904E4BEF1B30F894666
:106DE00016469846A2EB0C0A00F39380B32C00F3EE
:106DF000FD80BEF1000F07D1944500F36481002CA3
:106E000000F0828001244CE1002C00F01A81A6459C
:106E100019DC944500F3598105F1180332460093BB
:106E2000494643463846FFF7D5FD6A690446B42A09
:106E3000EB6840F01481B34240F31581002C40F020
:106E40000A81002402E0944504DD0124204603B0B9
:106E5000BDE8F08F6A6FEB6B02FB0AF20AFB0333AB
:106E60000EF1FF3059284FEAA2224FEAA32304F182
:106E7000FF310BD8002B10DA59294FF0000310D93D
:106E80005B3CB22C98BF03EAE3730AE0AEF15B0E01
:106E9000BEF1B20F98BF03EAE3735929F0D823EA91
:106EA000E373D21A03EB6201A1EB0B014145A8BFCA
:106EB000414600290C4629DD05F1180300933246AE
:106EC0000B4638464946FFF785FD824618B92146EC
:106ED0003846FFF76DFD4445A8BF444624EAE474F4
:106EE0002744A8EB0408503504EB09014346324619
:106EF00038460095FFF76EFD044618B941463846FE
:106F0000FFF756FDA245A1D002249FE74FF0010AEA
:106F1000E1E7BEF1B40F73D0B42C40F39580A645E1
:106F200012DC94453FF778AF66454FF003047FDAF3
:106F3000503543463246494638460095FFF74AFDEC
:106F4000002C3FF47EAFB4E09445FFF67EAF6FF4C3
:106F500087706FF487716A6FEB6B02FB0AF20AFBB2
:106F60000333704458284FEAA2224FEAA323214456
:106F70000AD8002BB8BF0023582910D95B3CB22C8B
:106F800098BF03EAE3730AE0AEF15B0EBEF1B20F05
:106F900098BF03EAE3735829F0D823EAE373D21ABF
:106FA00003EB6201A1EB0B014145A8BF414600295B
:106FB0000C4618DD05F15003009332460B46384667
:106FC0004946FFF707FD824618B921463846FFF7C4
:106FD000EFFC4445A8BF444624EAE4742744A8EBE8
:106FE0000408183580E74FF0010AF2E7BEF1000F00
:106FF00023D1944518DDB42C96D10320033818E032
:1070000094450DDDB42C3FF47FAF002C3FF41DAF51
:10701000B32C0CDD50350095FFF7DCFC012448E073
:10702000B42C36D10120E9E7B42C3FF40EAF012493
:10703000E01E18BF0120440008E794457FF7ECAE3E
:10704000D9E79445EEDCE7E694453FF7E5AEB42C8E
:10705000E8D014BBD1E7032C7FF456AFCDE75AB983
:107060009E42BFF6EBAE002C3FF4EBAE032CD9D022
:10707000012C3FF4EAAE47E7B32A06DC9E42BFF696
:1070800057AF002C3FF4DDAED2E79E42FFF650AF83
:10709000F7E7002CB1D0B32C17DCB4454FF0030454
:1070A000C6DC503543463246494638460095FFF720
:1070B00091FC00283FF4C5AE032C9FD0012C7FF437
:1070C00023AF0128D5E7002CACD00324B0E72DE98D
:1070D000F04F87B0DDF84090054699F81C800F46C8
:1070E00092461C46D9F80810D9F80C00D9F810209F
:1070F000D9F8143018F00108D9F8186002910390FB
:107100000492059328D1824503DA002007B0BDE838
:10711000F08F9A45F9DC06EB010CBC4500F3838047
:1071200007EB040CA2EB060EF44505DD3044504598
:1071300039DC9B1B534536DBCE1BB442E5DB002E0E
:1071400075DAD11B481C0028DFDD84427EDD211A60
:107150002844FFF72DFC79E0824501DA0120D5E7CC
:107160009A45FBDC06EB010CBC4513DD3044504571
:1071700019DC9B1B9A4516DCC81B20EAE070844290
:1071800064DBD11B091A01314318A342DFDC00295B
:107190005CDBDDE7A2EB060C07EB040EF445EBDA53
:1071A00030448245E5DA02A8CF1B02F065FE834633
:1071B00002A802F066FE039BD9F82010AAEB030296
:1071C0009642CCBFB21A801BCB68CCBF02F1FF3213
:1071D000121A501C33F8129033F810008B68BB441D
:1071E00033F81220ABEB060B4B68F11993448A1A63
:1071F000A0EB0909561E1F18B8F1000F28D0B046A1
:10720000DA46A6EB08034B4559DBA242A8BF22464B
:107210005C4522EAE272CCBFABEB0201A11A21EA83
:10722000E171A81895E73044824582DABBE7284629
:107230003146FFF7BDFB0498C01B013000287FF7E3
:1072400064AF844283DC0EB9844287D002205DE7BC
:107250003246D846B31A994516DCB9F1000FA8BFDB
:10726000CB44A345A8BFA3462BEAEB70211A2844C0
:10727000FFF79EFBA6EB09010131A142A8BF214601
:10728000284621EAE17164E7B8F1000F17F801AD73
:1072900008DB444506DD15F808105046FFF78CFB67
:1072A00005F80800002A06DB944204DDA95C50467C
:1072B000FFF782FBA854013A08F10108CAE717F862
:1072C000013DBAF1000F6FEA0303DBB20ADBA2450E
:1072D00008DA184615F80A100193FFF76DFB019BB9
:1072E00005F80A00B8F1000F08DBA04506DA15F82A
:1072F00008101846FFF760FB05F8080008F1FF3892
:107300000AF1010A7DE72DE9F74300240F46904674
:107310009946061F56F8045F25B90134E0B203B060
:10732000BDE8F08300954A46414638462D680A9BE1
:10733000A8470028F3D0022808BF0124EAE72DE976
:10734000F3411C46B42BC4BFA3F1B40424B20746D6
:1073500004F15A0000B20D461646E2F7B9FB05EB00
:1073600060182046E2F7B4FB9DF8203006EB601071
:10737000019300904346324629463846DEF7D6F957
:1073800002B0BDE8F0812DE9F04796B001F11C098B
:1073900006460D468268494605A802F026FA0028EE
:1073A00073D02B6A7468B168013B27680093D1E9F8
:1073B000012309A8096802F0E4F9D4E9011209A837
:1073C0005242494202F004FA384609A9F7F76CFC28
:1073D000B168AA6ACB68013200938B6809A8096872
:1073E00002F0CFF9D4E9011209A85242494202F051
:1073F000EFF9384609A9F7F757FCAA6AEB69B168B3
:107400000092013B2A6A096809A802F0BAF9D4E996
:10741000011209A85242494202F0DAF9384609A994
:10742000F7F742FCD5E90912B36800929B682A6A13
:10743000013109A802F0A5F9D4E9011209A85242C4
:10744000494202F0C5F90DF13408384609A9F7F7A9
:107450002BFC4946EA6A00234046DEF74FFA002338
:1074600005A8CDE9038302F007FD0646E3F758FAC5
:107470000546069F4FEA8609089BBB4208DA284664
:10748000E3F768FA4046DEF71DF916B0BDE8F0876D
:107490003246FF21284604F0A1FD3B462946059AC5
:1074A000009603A8FFF72FFF0128824621D0D4E9D8
:1074B000013205992046C91ABA1AF7F7DEFA0346CF
:1074C000BAF1000F11D0294605EB060C614510D02A
:1074D00011F8010B0433FF281FBF13F8012C12FB16
:1074E00000F2121203F8012CF0E74A46514604F06C
:1074F00075FD0137C0E7F0B51C46036A856963B9BD
:10750000B5F5807F28D1C369B3F5807F24D1090206
:1075100021601202059B1A60F0BDC36A0669C91A90
:10752000036BB5F5807FA2EB0303426901FB02F216
:1075300006FB1322466A20D1C769B7F5807F1CD1AC
:1075400006EBA2062660D0E904425A4304FB01235D
:10755000826A02EBA302DDE7036BD21AC36A12044C
:10756000C91A090491FBF5F1436A19442160C36902
:1075700092FBF3F2836A1A44CCE7120292FBF5F213
:1075800006EBA2062660D0E90424634302FB013324
:10759000C2691B0293FBF2F3DAE72DE9F04F89B0E1
:1075A00000268A469046374604939DF86030179D22
:1075B000039005930196169B019A9A4202DB09B04B
:1075C000BDE8F08F129B03EB2623191209D4514515
:1075D00007DA139A02EB27225FEA222C01D4C44572
:1075E00003DB4FF00003EB708DE01C06D8B254BFF4
:1075F000C0F17F03A0F180031998039C00FB01FEFA
:1076000004985FFA82F900FB0CEE039858BF0293CE
:10761000704490F802B048BF029385F802B090F829
:1076200001B058BF4FF0FF3385F801B014F80EE0F9
:107630004FF0FF34EC70059C48BF0123120655BF84
:107640004FF0FF320122C9F17F09A9F1800985F8C5
:1076500000E0002C73D003EB010EBEF1FF3F61D0C0
:10766000D6456CDA02EB0C0EBEF1FF3F54D0C64596
:1076700065DA4FF0FF3419998DF81F404B43C1185C
:10768000C35C91F802C08DF81830049B49785A43C6
:1076900083188DF8191099785B788DF81E108DF885
:1076A0001D30835C28688DF81C3007998DF81AC04E
:1076B0008DF81B4002F0FAFC78B98DF81F9029680C
:1076C000079802F00AFEC0F3072328706B70C0F31E
:1076D0000743C0F30760AB70E8700699286802F0B2
:1076E000E5FC80B9029B29688DF81B30069802F0F2
:1076F000F4FDC0F3072328706B70C0F30743C0F399
:107700000760AB70E870019B043501330193159B52
:107710001F44149B1E444EE759B9013302D0BAF1FD
:10772000010F1AD1029BC3F1FF03C3EB03231B120A
:1077300059E70AF1FF3291420FD1012BF1E7A9B9C4
:107740000133EFD0BAF1010FECD0BCF1000F13D12F
:10775000013202D0B8F1010FD5D1C9F1FF09C9EB4F
:1077600009294FEA292985F80390CCE70AF1FF306F
:107770008842EAD1012BE7E708F1FF336345C2D124
:10778000012AE9E72DE9F04F89B01E46DDE91749E6
:107790009DF86430154606939DF868300590079370
:1077A00002FB0603009306EBD6735B1001930023E4
:1077B000039102930493189B169AA9EB03039A4230
:1077C00002DC09B0BDE8F08F129B029A03EB222C79
:1077D0005FEA2C210AD4039B994207DA139B049A8F
:1077E00003EB2220031201D49D420FDC4FF0000373
:1077F00089F80030049B159A09F101091344049398
:10780000029A149B02341A440292D4E74FEA410AC6
:107810001CF0800F5FFA8CF803FB06AA0CBFC8F1BE
:107820007F08A8F18008C2B2059F0BBF4FF0FF3E52
:107830004FF0010E4FEA48084FEA48080006059845
:1078400058BFC2F17F02504437F80AA0079F4BBFD0
:10785000803A4FF0FF3C4FF0010C520048BF5200FD
:10786000A4F800A0002F6BD00EEB010ABAF1FF3F85
:1078700057D0039FBA4563DA0CEB030ABAF1FF3F16
:107880005ED0AA455CDA06FB0CFB069F30F81EA012
:1078900030F80B00002F40D0019F03FB0711009B25
:1078A00007FB0CFC03EB010B5B5C89F800301BF859
:1078B0000CC01BF80E1063451FBF02FB0CFCC2F589
:1078C000807E03FB0ECCCCF3072C8B421FBF08FB42
:1078D00001F1C8F5807E03FB0E11C1F307218C4432
:1078E0004FEA6C0389F80030002B83D02188814255
:1078F00002D150453FF47EAF02F0FE02E2F778F885
:107900008346218808F0FE025046E2F771F87F2294
:107910005946E2F76DF820806CE7FF2389F80030C4
:10792000E4E7069A8AB3019A5343009AD05CC8F1FF
:10793000FF0800FB08F84FEA282889F8008059E77B
:107940000698C0B1DDE9000703FB0700405CA1B960
:10795000BEF1FF3FEBD003990129E8D0BBB9BCF1E0
:10796000FF3F01D0012D18D1C2F1FF024243121294
:1079700089F800203EE7FF20E9E7039F07F1FF3A7F
:107980008A45EBD1BEF1010FE7E7FF20CFE7691E83
:10799000994202D1BCF1010FE5E789F8000029E71F
:1079A0002DE9F04FB3B04FF00A080B939DF800316A
:1079B0006FF0090714933E9B0D92DB6A3E9A5E427C
:1079C0002D9696FBF8F6126B77432B923E9A129106
:1079D000526BFF1A2C923E9ADDF8F0B0D2E91001FA
:1079E00032AA02E9030030B2E2F772F8751C82464F
:1079F00028B2E2F76DF8054606F15A0000B2E2F748
:107A000067F8814606F15B0000B2E2F761F807FB18
:107A100000F3A8EB070209FB02337D4393FBF8F365
:107A20000AFB025595FBF8F55B112A93309B1298DF
:107A30001B022E93319B6D111B022F93299502F08F
:107A40001BFA0C90129802F01CFA149B1990062B4A
:107A50000BD13E9B0C9A93F84B30022B34BF022380
:107A6000042353431593002313E0149B0F2B05D1DC
:107A7000102002F000FB0C9B4343F3E7149B142BF4
:107A800076D10C9B5B001593419B199A159901FBCC
:107A9000023313933E9B93F84D3003F01002C3F36F
:107AA00000131A933E9B1692DB6A1793002B69D141
:107AB0003E9B3E9A196C0B9B126B013B5B1A534326
:107AC00001EB23213E9B3E985A6C406B0BF1FF3338
:107AD0009B1A434302EB2322129B9B688B42A8BF55
:107AE0000B461D46129BDB689342A8BF13461E46F9
:107AF000129BD3E90007BA42A8BF3A4622AB8142A3
:107B0000A8BF0146009325A821ABFFF7F4FC24ABE6
:107B100029463246009323ABFFF7EDFC0C9D21A8CC
:107B2000012D0FC8C1BF121A120205F1FF3592FBD9
:107B3000F5F2D8BF179A0E92199A012AC1BF5B1AA3
:107B40001B0202F1FF3293FBF2F3D8BF00231D9317
:107B500000F180030F9301F180031F9300231C9316
:107B60001893DDE91832934212DB33B0BDE8F08F91
:107B7000149802F080FA0C9B43431593149B122B2C
:107B800082D070E700230E931D931F930F93E5E7B8
:107B9000179BE3B91F9B1C9A03EB22231193179B9E
:107BA0001093149B063B0E2B00F29E80DFE813F02F
:107BB00012029C009C009C009C009C009C009C006D
:107BC0006900AD0040008600F5019C000E02129B8A
:107BD00012995D68189B25A81D4422AB00932A4684
:107BE000096821ABFFF787FC129924AB00932A4662
:107BF000896823ABFFF77FFC0C98239D012821990E
:107C0000249B229A11DD6D1A01382D029B1A95FBD7
:107C1000F0F51B0293FBF0F30E95109301F1800336
:107C20000F9302F180031193BBE700230E93F4E757
:107C30004FF00008419DCDF87880CDF86C800C9B0A
:107C40001B9A934250DD0F9B03EB282211120BD499
:107C50000B9B8B4208DD1E98119B03EB202318120F
:107C600002D4834500F3D88000232B601B9B109A1D
:107C700001331B931E9B043513441E930E9B9844A3
:107C8000DDE74FF0000EF0464199419B0C9ACB1A6C
:107C90009A4229DD0F9B03EB2E252F120AD40B9B52
:107CA000BB4207DD119B03EB28205FEA202C01D4A7
:107CB000E3452CDC4FF000030B7078E004230793BE
:107CC0001A9B5A460693419B0B9905930C9B0D9862
:107CD0000493109B03930E9B0293119B01930F9BA4
:107CE00000933D9BFFF759FC419B159A1344419328
:107CF000139B13B10C9A13441393189B01331893DD
:107D0000DDE91C3213441C932BE70323D7E72C0631
:107D1000EAB254BFC2F17F02803AC3B255BF4FF0FE
:107D2000FF3601265200520000063D980D9C0CFBC8
:107D3000007004EB0009205C169C55BFC3F17F0363
:107D4000803B4FF0FF35012554BF5B005B0008709E
:107D5000002C41D007EB060ABAF1FF3F33D00B9C51
:107D6000544539DD0CEB050ABAF1FF3F25D0D34568
:107D700032DD19F806603D9CB04218BF5E4304FB3B
:107D800005F51CBFC3F5807700FB076619F80550A1
:107D900018BFC6F30726A8421FBF5543C2F580731C
:107DA00000FB0355C5F307252E4476100E70109B7B
:107DB000013198440E9B9E4467E70B9C4FB9012C00
:107DC00018D1012E16D1C2F1FF02424312120A70DD
:107DD000EDE7651EAF42F3E78FB90136F3D00B9C98
:107DE000012CF0D0BCF1000F10D1013502D0BBF155
:107DF000010FDCD1C3F1FF0343431B125CE70B9C73
:107E000004F1FF394F45EDD1012EEAE70BF1FF32C6
:107E10009445CCD1012DECE75FFA82F93D9C120626
:107E200055BF4FF0FF320122C9F17F09A9F1800946
:107E30001F064FEA810700FB04770D9CDEB204EBBE
:107E4000070CE759169C55BF4FF0FF330123C6F1CD
:107E50007F06803E2F60002C00F081808F187C1CF4
:107E600073D00B9CBC427ADDC7187C1C67D0BB4525
:107E700075DD5CF822000CEB82013D9A23905343A0
:107E80000CEB03025CF8030092F803A0CF78249077
:107E9000BAF1000F0ED1EB78C6F1FF0673431B1247
:107EA000EB7057BBEB78C9F1FF0909FB03F31B1219
:107EB000EB70DBE62499286802F0F8F80028F0D18E
:107EC000EA784AB106FB0AFAC6F1FF0302FB03AAED
:107ED0004FEA2A2A85F803A08DF893602968249830
:107EE00002F0FBF9C0F3072328706B70C0F307435F
:107EF000C0F30760AB70E870D3E72399286802F0FD
:107F0000D5F800287FF4B2AEEA783AB109FB07F75A
:107F1000C9F1FF0302FB03773F12EF708DF88F90DA
:107F20002968239802F0D9F9C0F3072328706B70F1
:107F3000C0F30743C0F30760AB70E87096E60B9B95
:107F400051B9012B1DD1012A1BD1EB78C9F17F0951
:107F500009FB03F3DB11ABE7013B9942F2E729B9D7
:107F60000132F2D00B9A012A04D1EEE70B9C671E76
:107F7000B942F8D050B9013303D0BBF1010F7FF4FF
:107F800075AEEB78C6F17F067343E3E70BF1FF3282
:107F900090427FF46BAE012BF1E71A9B089300230C
:107FA0000793139B5A460693419B0B9905930C9B91
:107FB0000D980493109B03930E9B0293119B0193C6
:107FC0000F9B00933D9BFFF7DDFB8DE61A9B08930B
:107FD0000123E5E73E9B93F84B30012B21D8002786
:107FE000BA463E46DDF804C10C9BB3427FF77CAE37
:107FF0000F9B03EB272005120BD40B9BAB4208DD34
:10800000119B03EB2A215FEA212E02D4F34500F3F2
:10801000C3804FF00002419B03F816208CF801202A
:1080200014E10027B946B84641990C9B43457FF7B8
:108030005BAE0F9B03EB27252E120AD40B9BB3429A
:1080400007DD119B03EB29205FEA202E01D4F345C5
:1080500009DC00230B60109B08F1010899440E9B7A
:1080600004311F44E1E7EAB22D0655BFC2F17F0299
:10807000803A4FF0FF35012554BF520052000406EC
:108080003D9CC3B20EFB046C0D9C58BFC3F17F0333
:1080900064441B940D9C48BF803B14F80CA04FF027
:1080A000FF34CC70169C55BF4FF0FF3001205B00B1
:1080B0005B0081F800A081F801A081F802A0002CEB
:1080C00044D006EB050ABAF1FF3F33D00B9C544570
:1080D0003CDD0EEB000ABAF1FF3F25D0D34535DD7C
:1080E0001B9C655D3D9C60431B9C265C0D9810F8B5
:1080F0000C0085420FBF05465D43C3F5807C00FB45
:108100000C5518BFC5F3072586421FBF5643C2F55D
:10811000807300FB0366C6F307200544C5F34705DB
:108120000D704D708D7096E70B9866B901281CD1C3
:10813000012D1AD10D9BC2F1FF0213F80C305343ED
:108140001B12CB7087E701388642F0E7B6B90135DC
:10815000F0D00B9C012CEDD0BEF1000F15D10130F9
:1081600003D0BBF1010F7FF476AF0D9AC3F1FF038B
:1081700012F80C205A431212CA706CE70B9C04F1DF
:10818000FF3A5645E8D1012DE5E70BF1FF32964560
:108190007FF461AF0128E6E73D9CC2B20EFB0459B3
:1081A0000D9C00064C441E940D9C58BFC2F17F02EA
:1081B00014F80980419C48BF803A04F816804FF0BB
:1081C000FF34CBB255BF4FF0FF30012052005200B8
:1081D000090654BFC3F17F03803B8CF80140169C15
:1081E00055BF5B005B004FF0FF31012154BF1B9373
:1081F0001B93002C45D02C18631C35D00B9BA3423D
:108200003FDD0EEB0104631C28D0A34539DD1E9C25
:10821000205C3D9C804504FB01F11E9C615C07D005
:108220001B9B5843C3F5807508FB0500C0F307206E
:1082300088451FBF5143C2F5807308FB0311C1F38A
:108240000721419B0844401003F81600109B01369B
:108250009A440E9B0CF1020C1F44C5E60B996DB9B4
:10826000012922D1012820D10D9BC2F1FF0213F870
:10827000093053431B128CF80130E7E70139A9425A
:10828000EFE72DB90130EFD00B98012805D1EBE7CE
:108290000B9C04F1FF384545F7D0BEF1000F0DD11E
:1082A000013102D0BBF1010FD0D10D9A1B9B12F806
:1082B0000920C3F1FF035A431212AFE60BF1FF325C
:1082C0009645C3D10129EFE72DE9F04FD3B0CA6B32
:1082D0004E6B1346B242A8BF3346CC6A0290A3420B
:1082E000D4BF07930794886B0B6C0D4683421F46DF
:1082F000A8BF0746096B0DF12C088F42D4BF089721
:108300000891B242B8BF3246A242ACBF099209946A
:108310008342B8BF03468B42ACBF0A930A91029BCB
:1083200040469A6807A901F060FA002800F0CA8068
:10833000E86A696B05F12C03884205F1340B05F1FD
:108340003C0A04AC17AE19AF0DF16C0940F0BD80CA
:108350001946204601F09AFD94E8030086E80300E0
:108360005946204601F092FD94E8030087E8030097
:108370005146204601F08AFD94E8030089E8030095
:10838000189A1A9B9A4203DD3946304601F08BFD5C
:108390001C9C17AE96E8C00CAAEB0603E41B5C43DA
:1083A0001B9BABEB07029B1B02FB1344002110221B
:1083B0000FA809F03BFEE30FE4430DF1A0093A4694
:1083C00031464846CDE900B35346DDF7AFF9DDE964
:1083D00017121C9BE40F36AE3046019400931B9B92
:1083E000DDF7A4F91A9A1C9B19999A420ABF022335
:1083F000CDE90034CDE9002344A81B9BDDF796F9B5
:1084000044AB4046CDE90F96119301F035FD82460D
:10841000E2F786FA4FF0000B074698E80F0013AC1E
:1084200084E80F00B5F81D3007A8ADF88930EB7F60
:1084300016918DF88B302B7F95F82B908DF8883026
:1084400023971D9425948DF89CB0CDF878B001F059
:1084500013FD064607A801F014FD3146024605F15A
:108460002000FEF7F2F909F007090646002800F09F
:108470008980B9F1020F40F08780079AD8F8003060
:10848000219444689B1A03EB43011C440F230268A8
:108490008DF880300A441E92D8F804B0D8F80C3019
:1084A0005B4573DA3846E2F755FA44A8DDF70AF976
:1084B00028A8DDF707F936A8DDF704F916B130462C
:1084C000FEF7FEF953B0BDE8F08FEA6B904211D190
:1084D0001946204601F0DAFC94E8030086E8030020
:1084E0005146204601F0D2FC94E8030087E80300DF
:1084F00059463EE7914213D159462046039301F075
:10850000C5FC94E8030086E803005146204601F0CC
:10851000BDFC94E80300039B87E80300194628E7A5
:108520001946204601F0B2FC94E8030086E80300F7
:108530005946204601F0AAFC94E8030087E80300AE
:108540005146204601F0A2FC94E80300189A1A9BB9
:1085500089E803009A4203DD3946304601F0A3FC66
:10856000189A1C9B9A4203DD4946304601F09BFC59
:108570001A9A1C9B9A42BFF603AF4946384601F04F
:1085800092FCFDE6044687E75C4685E75246FF21FC
:108590003846CDF850B0CDF858B003F01FFDCDF8F7
:1085A00000A05B463946D8F800200FA8FEF7ABFEC6
:1085B000B9F1010F8DF890001DD1089B3168ABEB2C
:1085C000030303EB430288188A5AADF889208278A6
:1085D0008DF88B207268D35C2A7F8DF88830FC2A56
:1085E00004D813FB02F31B128DF8883002981DA9E2
:1085F000DBF754FF1CE0B9F1020FF7D1002CF5D0E6
:1086000002280DD1002323975345EFDAE15CFC29C2
:108610009FBFFA5C12FB01F21212FA540133F3E726
:10862000012803D123948DF89090DFE70028DDD155
:108630000BF1010B32E7036803B9FEE75B681847EB
:108640000146006810B1836803B1184770472DE9EF
:10865000F0470D4691469A46804600B9FEE741B381
:10866000002406460C60337D4A4613F0040F0CBF0D
:1086700053460023294630463768B84728B1EB7B7C
:10868000DB0712D5002C08BF3446F669002EEAD16C
:1086900084B1237D266813F0040F0CBF53460023DA
:1086A0004A4629462046B047264601202E60BDE8AE
:1086B000F087FEE7D8F80C20204602EBD273C3F314
:1086C0004F03EB800233AB80EB682C6003F07E43FA
:1086D00043F0807343F480332A816C81EB60E6E7DA
:1086E00010B586B0134600B9FEE71F292BD940F21A
:1086F0001C62914227D0A1F58A521F3A012A22D941
:10870000A1F5C0520B3A032A1DD9A1F50054A4F1DA
:108710000B02042A17D9283C072C14D9A1F50152C1
:108720001F3A102A0FD94FF6FF6291420BD04FF635
:10873000FF02914207D00A466946FFF788FFBDF85D
:10874000040006B010BD0020FBE7C0687047036856
:108750000A78934209BF4B78981A4068C01A70474C
:1087600003680A88934209BF4B88981A4068C01A68
:10877000704700880B88C01A704730B1036823B176
:108780000022C3E91622C3F8C020704720B1837AC3
:10879000017043F002038372704700B1416070477B
:1087A00000B10078704700B1007A704708B1D0F886
:1087B000A800704710B9086048607047037803F05C
:1087C000FD03012B02D04FF0FF30F4E7036B406B49
:1087D0000B60F1E750B1037803F0FD03012B04D1E6
:1087E00090F8980000F00F0070470020704738B1F3
:1087F000037803F0FD03012B01D1006F70470020C7
:1088000070470023C1E9003340B1037803F0FD0352
:10881000012B01BF836C0B60C36C4B60704718B1B8
:10882000837A43F0080383727047F0B587B00D4632
:1088300001210446F2F705FD10B1002007B0F0BD9C
:108840006E4695E80300022286E803003146204682
:10885000F3F75CFF31462046F4F70CF902AD04F162
:10886000140307460FCB85E80F004FF48011204614
:10887000F2F7E7FC38B12046F3F780FB02460146E9
:10888000284600F098FF00223146284600F0E9FF14
:1088900018B9002FD1D02046D0E72046F5F7A7FC25
:1088A000451E002DF5DBA36831461B6853F82500F3
:1088B000FFF7BBFF0028C1D1013DF2E770B588B0DA
:1088C00004460E46154600211C2201A803F086FB33
:1088D000CDE90144B0340122204601A9ADF80C6075
:1088E000059501F046FD012804D10022204601A98A
:1088F00001F03FFD08B070BDC068DDF7D3BFA0B187
:1089000003290AD00C290FD1436E90F82520642149
:108910000020C2F1640213B97047036EF5E71844F2
:10892000534393FBF1F3F6E7002070472DE9F04F36
:108930008FB0036D826C054613440365C26C436DB2
:1089400090F82460134443650023CDE90433846E1A
:1089500002930393002C00F07D8100234FF4807973
:108960002746CA469B46CDE90A336E220021384687
:10897000F4F74CFF0C90584483B26C2200210FFA9C
:1089800080FB38460693F4F741FF6D2280460021B4
:108990000C903846F4F73AFFB8F1010FB8BF4FF02A
:1089A000010801280C90B8BF012009FB00F04FEA34
:1089B00020293846F5F7E5FB0AFB08F80746069B31
:1089C0004FEA282A0028D0D1D5E914010CAF87E856
:1089D0000300BBF1000F05D1BAF5807F02D1B9F5D4
:1089E000807F0ED0594200234FF4803201930AABAE
:1089F0000093384692FBF9F309B292FBFAF201F0C8
:108A00002DFA0C9B102183EAE372A2EBE3720D9B1B
:108A10002046002BB8BF5B429A42059BC8BF01238A
:108A20000593029BD8BF01230293F2F70AFCC0B959
:108A30004FF480712046F2F704FC18B9059B002B17
:108A400040F008814FF400712046F2F7FAFB18B9A4
:108A5000029B002B40F0FE802046F5F792FB044677
:108A600078E72046F4F75EF910F0010F059B08BF88
:108A7000002310F0020F0893059B08BF0023069304
:108A8000029B10F0040F14BF9A464FF0000A10F03A
:108A9000080F204614BF99464FF00009F4F74AF931
:108AA00068BB2046D8F7F2FB07902046D8F746FC73
:108AB00007462046F4F745F9002839D12046F4F757
:108AC00051F983462046D8F795FBBBF1000F80464D
:108AD0004BDC002849DC079B002B6EDC002F6CDC94
:108AE000BBF1000F59DCB8F1000F00F39080002FAC
:108AF0009EDD069B002B9BD04FF00009EEE0204648
:108B0000F5F775FB4FF0000883464746D845C8D0B7
:108B100041462046F5F738FB4FF48051F2F791FBC0
:108B200008B11FB9012708F10108EFE70797C0E76F
:108B30002046F5F75CFB4FF0000B0346D8469B45FB
:108B4000BCD0594620460993F5F71EFB4FF48051DF
:108B5000F2F777FB099B20B1B8F1000F04D14FF079
:108B600001080BF1010BEAE7C346BAF1000F02D08E
:108B70000D9BB3420EDAB9F1000FACD00D9B7242DF
:108B80009342039BD8BF23460393049BD8BF0C2377
:108B90000493A0E70C230394FAE7B8F1000F76DC06
:108BA000002F69DD069B002B40F09280BAF1000F88
:108BB0003FF43EAFDDF818906EE0089B13B10C9BBC
:108BC000B3421FDA069B53B10C9B72429342039B44
:108BD000D8BF23460393049BD8BF03230493BBF160
:108BE000000F079B1DDCB8F1000F0EDC002B7FF798
:108BF0007EAF002F5CDC089B002B3FF419AF4FF0D9
:108C0000000952E003230394E8E7002B48DC002F1F
:108C100061DCB9F1000F3FF40BAF0D9A73429A4239
:108C200030E0B8F1000F30DC002BB9DD4FF0000967
:108C3000002F41DC089B63B30C9B9E4229DC059B03
:108C4000002B0CBF0C22032295F8983062F303032B
:108C500085F89830039B5BB195F89830049A62F3DD
:108C6000030385F89830039B2B670023C5E9143371
:108C700003980FB0BDE8F08FBAF1000F3FF4D8AE03
:108C80000D9B9E423FF7D4AED9E7002BD0DC002FDE
:108C900017DCBAF1000FBCD00D9BB342B9DBCEE7B5
:108CA000002F07DC089B002BB3D04FF0000AC3E76E
:108CB0004FF000094FF0000A089B13B10C9BB34220
:108CC000BDDA069B002BE4D00C9A73429A42B5E7BA
:108CD0004FF00009F8E7069B002B9AD00C9A7342DC
:108CE0009A4296DCABE770B5012BDDE9044502DC66
:108CF000C61E012E07D9013804282BD8DFE800F062
:108D00000C03221B130000238A1A2B60236802EB3A
:108D1000D27203EB620304E000232B6023688A1AFB
:108D20001344236006E0012B04DD8A1A013B92FB09
:108D3000F3F22A6070BD8A1A92FBF3F22B681A4490
:108D40002A60E3E70133891A91FBF3F12960236874
:108D50000B44E6E700232B60ECE7136851B1013BBD
:108D6000002B136001DA002070478268126852F805
:108D700023007047013313608268118D8B42F5DB4D
:108D8000F1E707B51822F4F741FD03B05DF804FBE5
:108D900007B51922F4F73AFD03B05DF804FB07B5F7
:108DA0001A22F4F733FD03B05DF804FB07B51B226C
:108DB000F4F72CFD03B05DF804FB38B5002105463F
:108DC000FFF7DFFF04462846F3F7D1FB00210444F8
:108DD0002846FFF7DDFF204438BD38B500210546A1
:108DE000FFF7DDFF04462846F3F7BEFB00210444ED
:108DF0002846FFF7DBFF204438BD10B504460022AB
:108E0000F5F785F92046BDE8104000220121F5F76D
:108E100070B970B5044616461D460022F5F77EF976
:108E2000314620460022F5F780F9294620460022E7
:108E3000F5F782F92046BDE8704000220121F5F7E0
:108E400058B910B504460022F5F77DF92046F5F72C
:108E500098F9BDE81040F3F715BB2DE9F041054640
:108E6000DDE906671846089C9DF8243011B1002200
:108E7000226022E0A2F1040C5FFA8CFCBCF1020F2C
:108E800003D8012E084608BF0122BC46002107EB8B
:108E90008608E0450AD14FF0000C091A062A0CD8C2
:108EA000DFE802F0092B310B413A33005CF804EBA8
:108EB00086447144EDE7C4F800C0A6464FF0000CAC
:108EC00006F1FF38E04534D806F18042013A54F803
:108ED000220057F8222010442268801A5BB1002239
:108EE000043C54F8043F57F82210EB1A01325B1A85
:108EF00096422360F5D1BDE8F081691A01EBD1718A
:108F000049102160D9E7691AFBE7691A701E91FBC5
:108F1000F0F0C4F800C0D0E7691A91FBF6F000EB5E
:108F2000D0725210A4E7691A701C91FBF0F0206017
:108F3000C3E757F82C10DEF800200CF1010C0A44AE
:108F400002444EF8042FBDE72DE9F041069F044688
:108F500015461E460FB100233B600022204601F05B
:108F600097FB38B93B46324629462046BDE8F041DA
:108F700001F0B2BABDE8F08138B5846C0546B4B1F1
:108F8000206820B101F087FA2068E1F7E3FCE0698E
:108F900008B1F5F775FE206A08B1F5F771FE606853
:108FA000E1F7D8FC2046E1F7D5FC0023AB6438BDDF
:108FB00038B58D6C0C462DB1286C18B1F5F760FEF4
:108FC00000232B642046BDE83840FFF7D5BF10B51D
:108FD0000446806C28B94420E1F7AAFC00B9FEE7FA
:108FE000A06410BD70B5036805461B6A0E4698471D
:108FF000044678B12B68324601465B69284698479B
:109000002046AD6900F0DCF83146A847204600F064
:10901000FCF8012070BD2DE9F041036815465F6A38
:109020001346002204460E46B84701280FD10020FF
:10903000BDE8F08129462046FFF7D4FF0028F6D08E
:10904000236800225F6A31462B462046B847022833
:10905000F0D023682A4631462046BDE8F0411B691E
:10906000184782B0F8B50793036805460F461646C1
:109070009847044600B9FEE7002307AAC36000F141
:109080001003C0E90057866007CA83E807006B68D1
:1090900020469847054640B92046E1F75BFC2C4640
:1090A0002046BDE8F84002B0704704F11C0002F011
:1090B000BFFBF5E72DE9F0410E469046054600B9A5
:1090C000FEE701B9FEE700F11C07384602F0B2FBEB
:1090D000EC682CB9384602F0AFFB2046BDE8F081C1
:1090E0002B68424631462846DB68984704460028EC
:1090F000F0D000F06AF8EDE7F8B5064615460C46E4
:1091000001B9FEE700F11C07384602F093FB204648
:10911000294600F063F8204600F04AF860B920467E
:1091200000F04AF840B12046B66900F049F82946F7
:10913000B047204600F069F83846BDE8F84002F034
:109140007BBB2DE9F0410E469046054600B9FEE78F
:1091500001B9FEE700F11C07384602F06BFBAC6872
:109160002CB9384602F068FB2046BDE8F081424643
:1091700031462846FFF74FFF04460028F1D000F0A3
:1091800024F8EEE78068003818BF0120704700B16E
:109190000162704700B9FEE74368013343607047DE
:1091A00000B9FEE74368013B23EAE373436070477D
:1091B00000B9FEE74068704700B9FEE7007B7047E2
:1091C00000B9FEE78368C01A704708B500B9FEE72A
:1091D000FFF7E0FFBDE80840FFF7F2BF00B9FEE788
:1091E00043680BB1FFF7DCBF704700B9FEE70844E6
:1091F00070471030704700B9FEE701B9FEE7002361
:109200000160826043600373704708B500B9FEE7F0
:10921000FFF7D6FFBDE80840E1F79CBB00B9FEE7C9
:109220000368DB69184738B51446054600B9FEE700
:1092300049B98368EA6814446018984294BF0020D2
:109240000120400038BDC36B08469847AB68014613
:109250008342EFD20120F5E7012070470068704794
:10926000F8B5054600B9FEE700F13007384601F0D1
:109270004CFB044610B906463046F8BD23686968C1
:109280001869FFF7B2FF0646FFF792FF0028F3D0F8
:109290002146384601F040FBEBE72DE9F0410F464F
:1092A000054600B9FEE700F13006304601F02AFB22
:1092B000044648B905F1240001F01DFE304601F0D6
:1092C0006DFBEC60BDE8F08123686968D3F810801D
:1092D0004046FFF78AFFFFF76BFF18B93946404653
:1092E000AB6998472146304601F012FBE0E72DE9D3
:1092F000F0419046044600B9FEE701B9FEE700F1EF
:109300002407384601F00DFD054628B3066941469D
:109310003046A3699847E36B30469847E368616835
:109320001B1AE3603046FFF760FF0646E26A2B69CE
:109330002946134453F8048C384601F08EFD30461C
:10934000FFF763FF04F13000414601F09BFA40460D
:10935000BDE8F041E1F7FEBABDE8F081F8B504469A
:1093600000B9FEE701B9FEE70846FFF729FF04F15F
:10937000240701460546384601F0D3FC0146A8B152
:10938000E26A03693846134453F8046C01F065FD42
:10939000314604F1300001F075FA3046E1F7DAFAAF
:1093A000E36B28469847E3681B1AE360F8BD2DE994
:1093B000F0410E46054600B9FEE701B9FEE700F1AF
:1093C0003007384601F09EFA48B9314605F12400CD
:1093D00001F0A7FC044688B92046BDE8F081036887
:1093E0006968D3F810804046FFF7FFFE3146044617
:1093F0002B69404698470028E7D1EDE7EA6A036900
:109400003846134453F8046C01F07CFA31460246A6
:10941000384601F090FA69682069BDE8F041FFF72D
:10942000E4BE10B54020E1F77BFA044600B9FEE740
:109430004022002102F0D2FD204610BD2DE9F3416B
:109440000E46044600B9FEE701B9FEE700F1240824
:10945000404601F07BFC0090B0B105696168284688
:10946000FFF7C3FE314662680746284602F0C1FC9A
:1094700004F1300001F0A6F905460190A8B9404674
:10948000009901F02EFD0095009D55B16168286995
:10949000FFF7ABFEE36B054630469847E3680344AD
:1094A000E360284602B0BDE8F0816946042202F07C
:1094B000A0FC0422009BE06A1B6904380DEB02014A
:1094C000184402F096FC214638466268FFF793FE86
:1094D000DAE708B502460B46127A1B7A40689A42D0
:1094E00049680ED1012A08D102F0D5FD002801D12A
:1094F000002008BD06DD0120FBE7002AF8D18842E4
:10950000F6D0F8D84FF0FF30F3E738B5C568044619
:1095100010212846F5F786FC10B12846F5F7B0FB78
:10952000237A012B04D16068BDE83840E1F712BA14
:1095300038BD08B502460B4612791B7900689A427D
:1095400009680ED1012A08D102F0A5FD002801D139
:10955000002008BD06DD0120FBE7002AF8D1884283
:10956000F6D0F8D84FF0FF30F3E70379012B02D1A2
:109570000068E1F7EFB9704713B54FF480630093CB
:10958000002304461946026B406B01F005FB626A3A
:10959000E36A9B1A584302EBA02002B010BDF7B556
:1095A0001F464FF48063009300230D461646044681
:1095B0001946026B406B01F0EFFA089B32460093AC
:1095C00029463B4601F0EDF9626AE36A9B1A58436B
:1095D00002EBA02003B0F0BD002816DA6423891A3C
:1095E0000029B8BF49420A225943C0F30903B1FB1D
:1095F000F3F1C0F309535343994228BF1946C0F30E
:1096000089205043884238BF0846704770B5456A84
:10961000C66A04463246006B2946FFF7DDFF324634
:1096200029462063E06BFFF7D7FF32462946E06307
:10963000A06BFFF7D1FF3246A0632946206CFFF7ED
:10964000CBFF206470BD30B542F2107542F2F67463
:10965000A84294BF03462346A94294BF0846204629
:10966000AA4298BF14460A220533B3FBF2F3053031
:10967000B0FBF2F0053403F1004303EB8023B4FBAD
:10968000F2F003EB005030BD07B500224FF48063C9
:109690001146009340F25123FFF781FF03B05DF8BC
:1096A00004FB07B54FF48063002200934FF4D77199
:1096B00040F25123FFF773FF03B05DF804FBD0E9DC
:1096C0000C329A42ACBFC06A406A704707B5B0F925
:1096D0004E300093B0F94C30B0F94A20B0F9481040
:1096E000FFF75DFF03B05DF804FB01607047416068
:1096F0007047016370474942416370474FF0004330
:109700004162C0E90A32704701627047C160704728
:109710000161704741617047C16370478163704761
:10972000416470470164704790F8543061F3C3039B
:1097300080F854307047C1617047A0F84C30BDF9D3
:109740000030A0F84810A0F84A20A0F84E3070472A
:1097500030B50568836840685B1B03EBD37300EB8F
:10976000630005EB63055C104B680A681B1A5B43DA
:10977000521B644302FB0232944234BF002001209A
:1097800030BD8360009BC0E90012C360704703686E
:109790001944013981607047436819440139C16037
:1097A0007047836802689A1AC3684068181A0130C3
:1097B00002FB0000704703685B1A036083680B4478
:1097C000836043689B1A4360C3681344C360704757
:1097D00003680B44036083680B448360436813444D
:1097E0004360C3681344C360704770B515680B6865
:1097F0004C689D42B8BF1D4653688E68A342B8BFEF
:1098000023469468C968D268B442A8BF34468A42E5
:10981000A8BF0A46A542056043608460C26004DCBC
:109820009342CCBF0020012070BD0020FCE710B5A2
:1098300014680B689C42D4BF0460036054684B6892
:109840009C42D4BF4460436094688B68D2689C4259
:10985000ACBF84608360CB689A42ACBFC260C36017
:1098600010BD2DE9F04F85B00C6805680E46AC427E
:1098700060DBD0F8088044455CDC4C684768BC423B
:1098800058DBD0F80C904C4554DC002A03DC012056
:1098900005B0BDE8F08FA8EB0504A9EB0700013483
:1098A0000130641040108442A8BF04469442A8BF0F
:1098B0001446009500226846254407EB040ACDE9CA
:1098C0000175CDF80CA0FFF7CCFF024630B12C4457
:1098D000029431466846FFF73BFFD9E731466846B8
:1098E000A9EB040BCDF804B0CDF80C90FFF7B9FF4D
:1098F000024628B125440295ABEB04040194E8E745
:1099000031466846A8EB04050095CDF80880FFF7BE
:10991000A8FF024610B12D1B0095EDE731466846C1
:109920000197CDF80CA0FFF79CFF0028AFD02D1BAE
:109930000095CEE70020ABE702688B689A420EDC08
:1099400082680B689A420ADB4268CB689A4206DC5E
:10995000C0684B689842B4BF0020012070470020C7
:1099600070472DE9F34107680B680C469F42154686
:1099700003DA002002B0BDE8F081436849688B42F9
:10998000F7DB8668A1688E42F3DCD0F80C80E168D2
:109990008845EEDCFAB169462046CDE90073FFF751
:1099A00060FF0028E5D02A46694620460096FFF76A
:1099B00058FF0028DDD02A4669462046CDE90078C8
:1099C000FFF74FFF0028D4D02A466946204600966C
:1099D000FFF747FFCEE70120CCE72DE9F0410C4629
:1099E0000546114620461646FFF7A6FF002862D01E
:1099F00000222046FFF7B5FF00285FD16368716839
:109A0000D4F808C0D4F800E09942E268C4BFC5E9C0
:109A100000E3C5E902C1A2EB03026168F368C8BFB5
:109A20000120591A521A002AACEB0E0713DDE16827
:109A30008B4210DAD4F808E0216800F1010C4FEAFB
:109A4000001805EB001045F80810C0E9013E13446A
:109A5000C3604FFA8CF073686168F2689942B8BFCE
:109A60001946E368D4F800C09342A8BF1346326891
:109A700062450EDD8B420CDD00F1010E4FEA00184D
:109A800005EB001045F808C0C0E90112C3604FFAA9
:109A90008EF0B2682468141B3C1B002C09DD070102
:109AA000EA51461C224405EB0010C0E90223416044
:109AB00070B2BDE8F0814FF0FF30FAE70020F8E720
:109AC0002DE9F34186680B680C469E42154634DB4F
:109AD000D0F80C804B6898452FDB07688B689F4255
:109AE0002BDC4368C9688B4227DC1AB9002002B01E
:109AF000BDE8F08169462046CDE90073FFF7B1FE6D
:109B00000028F3D12A46694620460096FFF7A9FEB1
:109B10000028EBD12A4669462046CDE90078FFF7B8
:109B2000A0FE0028E2D12A46694620460096FFF7AB
:109B300098FE80F00100C0B2D9E70120D7E72DE9F7
:109B4000F74FD1F80090D1F80C80D1F804A0019320
:109B50008B68A8EB0A04A3EB090E023A0EF1010C84
:109B6000671CD0E90065132A00F2B180DFE802F03B
:109B70001F3B40455358630A686C7A8387959A9DCA
:109B8000A0A3A7AB83689B1B013303EBD3720CEB41
:109B9000DC735B10C3EB6203C26807EBD774521B24
:109BA000013202EBD2726410C4EB62040AE08368F3
:109BB0009B1B013303EBD3720CEBDC735B10C3EB29
:109BC00062030024019A334413440C9A2C44144435
:109BD0000B604C6063443C44013B013C8B60CC60B7
:109BE00003B0BDE8F08F83689B1BA3EB0E03E8E78F
:109BF000C3685B1B1C1B0023E4E783689B1B0133CA
:109C000003EBD3720CEBDC735B10C3EB6203C26833
:109C1000521B141BD6E783689B1BA3EB0E03F6E7CE
:109C2000C36807EBD7745B1B013303EBD37364107A
:109C3000C4EB6304DFE783689B1BA3EB0E03ABE776
:109C40006FEA08045444D6E76FEA08048368544472
:109C50009B1B013303EBD3720CEBDC735B10C3EB88
:109C60006203AFE76FEA0808836808EB0A049B1BEE
:109C7000A3EB0E03A6E7C468641B0134BBE783684B
:109C80009B1B013303EBD3720CEBDC735B10C3EB58
:109C90006203C468641B013494E783689B1BA3EBD5
:109CA0000E03F6E7DB434B448BE7DB434B4473E7A0
:109CB000DB434B44ABE783689B1B013381E783683D
:109CC0009B1B013368E783689B1B01339FE70024DC
:109CD000234677E72DE9F04F85B01F469DF84030C9
:109CE00081468B46DDF83CA0019312B9B7F5807F21
:109CF00009D04E46484600245C4500F1080009D1D1
:109D000092BB14462BE00E9BB3F5807FF1D105B0DA
:109D1000BDE8F08FDAF8001050F8083C01345B1A07
:109D200040F8083CDAF8041050F8043C5B1A40F89C
:109D3000043CE1E756F8083C013403FB07F2DAF88B
:109D4000003003EB222346F8083C0E9A56F8043CF8
:109D50005A43DAF8043003EB222346F8043C5C450E
:109D600006F10806E6D1D2E7B2F5616F52DDA2F541
:109D700061620A2392FBF3F86FF009010FFA88F091
:109D800001FB0824DFF7A4FE08F10105039028B2C7
:109D9000DFF79EFE054608F15A0000B2DFF798FE95
:109DA000029008F15B0000B2DFF792FE0A23C4F1D3
:109DB0000A0C654344430399029A01FB0C5502FBCC
:109DC0000C4495FBF3F594FBF3F44FF0000C6D118C
:109DD0006411DC459BD0DAE90008B7F5807F59F8BB
:109DE0003C2073681BD10E99B1F5807F17D102FB1F
:109DF00004FE03FB15EE634302FB053300EBAE20CC
:109E000008EBA32149F83C00083646F8041C0CF185
:109E1000010CDEE7002AB8BF02F56162A9E70199EB
:109E200071B17A430E9902FB04FE4B4303FB15EE1E
:109E3000634302FB053300EBAE4008EBA341E1E7CF
:109E400002FB04FE03FB15EE634307FB0EFE02FB61
:109E500005330E9A00EBAE405343EEE71FB59DF875
:109E60001C400294069CCDE9003413460A460121A9
:109E7000FFF730FF04B010BD83680068181A013086
:109E80007047C3684068181A01307047D1E9001262
:109E9000C0E900127047D1E90012C0E90012704712
:109EA000C0E90012704730B50246D0E900540B46B5
:109EB000D1E9000182E80300C3E9005430BD00F09D
:109EC000C043B3F1005F12D16FF0604220F0C04395
:109ED00093420CD06420B3F1805FA2BFC3F17F63D3
:109EE00003F57F2303F6FF734B4393FBF0F07047BA
:109EF00010B500230446C0E90131C26002FB01F045
:109F0000E0F70EFD206000B9FEE710BD10B5044675
:109F1000006818B1E0F71EFD002323600023C4E9A8
:109F2000013310BD38B50D46C16804466943006869
:109F3000E0F71AFD00B9FEE763682060AB42A56058
:109F400088BF656038BDD0E90113B1EB530F01D86C
:109F5000FFF7E8BF704738B5036804460D4603B9FC
:109F6000FEE7D0E90113994202D10431FFF7DAFF8D
:109F7000D4E90030E268294600FB023001F039FFE5
:109F8000636801200133636038BD43688B4206D9A2
:109F9000036803B9FEE7C06800FB0130704700208A
:109FA000704738B5426804468A420D4615D9531E9B
:109FB0008B4204D14360FFF7C6FF012038BDFFF795
:109FC000E4FF521BE168013A4A43014402F032F8CF
:109FD00063682046013B6360EDE70020EEE74068E0
:109FE00070470021FFF7D1BF70B5C468D4E90056AF
:109FF000DFF7D8FF2046E0F7ADFC30462B46BDE842
:10A0000070401847C31FDBB20E2B9DBF47F2FF20E5
:10A01000D84000F00100002070471FB50023024621
:10A02000C0B2C2F3072460F3070364F30F23C2F343
:10A03000074262F3174361F31F63184604B010BD73
:10A0400082B0030A420902F4FC6203F4784313432A
:10A05000C0F3C400184480B202B0704782B0034617
:10A0600000F47F02C0B200F17F40104403F47F434C
:10A07000184402B0704708B5DFF7B0FC0730C0F3F2
:10A08000C70008BD82B000F47F0313FA80F002B06D
:10A09000704707B5FFF7F6FF02460846FFF7F2FFE5
:10A0A000131A5842584103B05DF804FB82B0431ABA
:10A0B0005842584102B0704782B003460020DAB2DD
:10A0C00062F30700C3F3072262F30F20C3F30743D1
:10A0D00063F3174002B0704782B0002362F30703B6
:10A0E00061F30F2360F31743184602B0704782B044
:10A0F0004FF6FF730020DAB262F307001B0A63F326
:10A100000F2040F47F0002B0704782B0002002B000
:10A1100070471FB50446FFF7F8FF0A462146C0F313
:10A1200007238DF80D30C0F307438DF80C008DF830
:10A130000E30039804B0BDE8104000F0A0B8C1781C
:10A14000FF2912D011B9042201F048BF827812FB16
:10A1500001F212128270427812FB01F21212427066
:10A16000027812FB01F212120270704710B4FF293C
:10A170000A461BD021B902225DF8044B01F02EBF24
:10A1800001880378C1F3451103F01F0311FB02F1AD
:10A1900013FB02F309121B1243EA41134178C90869
:10A1A00011FB02F1091243EAC12101805DF8044B61
:10A1B000704782B0C0F30743C0F3072203EB83016B
:10A1C00003EB410302EB8201C1EB011102EB4102FF
:10A1D000C3EBC303C0B21344C0EBC00003EB800069
:10A1E000C0F3072002B07047C0F34512C0F3C42388
:10A1F00002EBC20101EB011103EB830300F01F002E
:10A2000002EB8102C3EBC313C0EBC000134400EBAD
:10A2100040101844C0F307207047837803EB830293
:10A2200003EB42034278C3EBC30302EB8201C1EBB1
:10A23000011102EB410213440278C2EBC20203EBAC
:10A240008200C0F30720704782B0C0F30743C0F319
:10A25000072203EB830103EB410302EB8201C1EB15
:10A26000011102EB4102C3EBC303C0B21344C0EBC4
:10A27000C00003EB8000C0F3072002B07047F0B5C8
:10A2800085B015460746844648F28106C2F1FF02B2
:10A29000C1F307445443C0F3074000FB05440020CA
:10A2A000C1F30723C9B253434A43FFB207FB052258
:10A2B000CCF3072C0CFB0533724373437443C2F396
:10A2C000C75262F30700C3F3C75363F30F20C4F30D
:10A2D000C75464F3174005B0F0BDF0B585B0B0F1D8
:10A2E0007D4F0091C2B2C0F30726C0F307454FEA85
:10A2F00010674FEA11611BD2022F9DF800309DF8C4
:10A3000001009DF802401ED9C7F1FF0C0CFB04F4BC
:10A310000CFB00F00CFB03F305FB074407FB0600F6
:10A3200007FB0233C4F30725C0F30726C3F3072254
:10A33000002062F3070066F30F2065F3174061F316
:10A340001F6005B0F0BD1A4606462546F0E782B00C
:10A350000346C0F3074202EB4202C0B202EB8002A6
:10A36000C3F307201044C0F3C70002B07047016078
:10A3700070472DE9F0410D461746064610B90120F9
:10A38000BDE8F081FFF72DFE04463046FFF727FEBB
:10A3900000268046043C4645F1D054F8042F13684B
:10A3A0000BB90136F7E79368C3F3C031B942F8D16E
:10A3B000C3F30E0313B129899942F2D15368284699
:10A3C000EB6023681B6898472B7E13F00200D6D100
:10A3D000DB07E6D5D4E7F7B504460C200F46164652
:10A3E0001D46E0F79DFA019000B9FEE7C0E901566D
:10A3F00007602046FFF7F3FD20B904220121204623
:10A40000FFF776FD204601A9FFF7A5FD019803B0EF
:10A41000F0BD00B9FEE7FFF7E2BD08B500B9FEE701
:10A42000FFF7B3FD00B1006808BD38B50D4604461E
:10A4300000B9FEE7FFF7F1FFE0F78CFA2946204666
:10A44000FFF7AFFD003818BF012038BDF8B504464E
:10A4500000B9FEE7FFF7C3FD06462046FFF7C1FD42
:10A4600000250746B54204DB2046BDE8F840FFF76B
:10A470004DBD57F82500E0F76DFA0135F2E70068A9
:10A480007047406870470089C0F30E00704700694C
:10A490007047C068704738B504464068C0B103696A
:10A4A000C3B121689847636805465A6852B1A368EA
:10A4B00043B1013203D0D86808B1E0F74BFAA06885
:10A4C000E0F748FA0023C4E90033A360284638BD0A
:10A4D0000B25FBE70925F9E72DE9F04F87B0044686
:10A4E0008B461546994613B10023C9F800306068C1
:10A4F000002800F0C780D0F804804669B8F1000F4A
:10A5000022D0002E00F0C180D0F81CA0BAF1000FBC
:10A5100000F0BB800023A26804939668D2E900C1D2
:10A520006645D76826D2002332462168D047A84521
:10A5300080F08280606804AB00935A462B464669DF
:10A540002168B04780465AE0002E00F09E8004ABA0
:10A550000093CDF810802B465A462168B0478046BC
:10A56000B9F1000F02D0049BC9F80030404607B093
:10A57000BDE8F08F8E42D6D88A1B0131531CA1EB67
:10A580000C01C91AB8F1FF3F0393394402D19D422F
:10A5900003D91546039BAB420CD32A46584601F01B
:10A5A00028FC0495A268049993684FF000080B44B6
:10A5B0009360D5E75846039A01F01BFCD4E90103E8
:10A5C0005A68D0F81CA0002321680132D04700232C
:10A5D0000593039B6068A5EB030A9B44D04505AB3C
:10A5E000009310D253465A4647692168B8478046BF
:10A5F000059B039E1E44AE4294BF04960495B8F199
:10A60000000FADD1CEE743693A461E462168434666
:10A61000B047A268804653680133136005988245AD
:10A6200028BF8246411E0B445360394658461FFAE4
:10A630008AF201F0DEFBDBE747B94046A768E0F7A6
:10A640006FF9A368F860DF6807B9FEE70023606868
:10A65000059305AB00933A4643462168D0F814A011
:10A66000D047A16880460E60059A5846AA4202F17A
:10A67000FF3328BF2A4633444B603946049201F029
:10A68000B8FBBCE74FF00B0870E74FF009086DE727
:10A6900037B5044640681346002830D04268C56983
:10A6A00022B10DB1026A52B909200EE0002DFBD093
:10A6B0000A46AC46216803B0BDE830406047012B34
:10A6C00008D0022B0BD013B1002003B030BDA3681B
:10A6D0009960F9E7A26893680B449360F4E70A462F
:10A6E0002168A8470028F0D160682168036A01AAA0
:10A6F00098470028E9D1A368019A9A60E5E70B2002
:10A70000E3E72DE9F041064690460C46002942D089
:10A71000087878B14B783A2B14BF4F1C8F1CDFF7A9
:10A72000ABF90546002838D083682BB9EB684BB9E4
:10A73000092005E00F46F2E798470028F6D10120EE
:10A74000BDE8F0816A687560013206D1366010207C
:10A75000E0F7EEF8B06068B9FEE7424639462846B1
:10A760009847431E03331AD86B683060002BEED134
:10A770000020E5E76B68013307D16368C3600023FD
:10A7800003608360A3684360F2E74FF0FF33036028
:10A790006FF00103F7E70B20D2E70320D0E70C208E
:10A7A000CEE709B10368CA50704711B10368194474
:10A7B0004A6070470023033121F00301C0E90133EF
:10A7C0000160704738B5044600680830E0F7A8F823
:10A7D000054680B1014600222046FFF7E2FF62688D
:10A7E000FFF7E3FF616811B12A46FFF7DAFFA368BC
:10A7F000656003B9A560284638BDF8B50E46054624
:10A8000068B161B14368994203D1BDE8F840FFF7F0
:10A81000D9BF00680830E0F783F8044610B9002477
:10A820002046F8BD2B680246F75828463946FFF700
:10A83000BCFF3A462146FFF7B4FF22463146FFF7F8
:10A84000B0FF32462146FFF7B0FFE9E738B50546CD
:10A8500000680830E0F764F8044688B10146002239
:10A860002846FFF7A2FF2146AA68FFF79AFFA968CA
:10A8700011B12246FFF799FF6B68AC6003B96C60B9
:10A88000204638BD38B50B4640B1D0E90014A3428C
:10A890000AD10B445968416009B9816038BD002272
:10A8A000BDE83840FFF77DBF85685C58AB4209D1F1
:10A8B00084600CB94460F1E72146BDE838400022CD
:10A8C000FFF773BF0B445D6821462A46FFF76DFF13
:10A8D00022462946E4E7F8B50E46054608B1446825
:10A8E00004B9F8BD2B6823445F6846B92846214661
:10A8F000FFF7C8FF2046E0F72DF83C46F0E720467A
:10A90000B047FAE700B14068704700B1806870470F
:10A9100003681944486870470368C858704703467D
:10A9200040B14268002002B97047196801300A44FA
:10A930005268F8E7704770B591420C4615461BD037
:10A94000DAB10368D658A64216D02146FFF79AFF1F
:10A9500022463146FFF729FF32462146FFF721FF05
:10A9600022462946FFF71DFF2A462146FFF71DFF15
:10A9700005B9846006B9446070BD08B18668E2E735
:10A980000646E0E730B1436833B98068B0FA80F03A
:10A990004009704701207047002070470021FFF7F1
:10A9A0009ABF2DE9F74F0546002800F08680B0F5E4
:10A9B000806F00F082805E1A0C9B01EB41089B1AAD
:10A9C00006EB460603EB430302EB4207DA1BA6EB5A
:10A9D0000809C6F58066009206FB00F209EBA22C7E
:10A9E00000FB0CFC08EBAC2C00FB0CFCC3F58063FB
:10A9F000C0EBAC2C01930CF10103022B61D904468E
:10AA00004FF0080A4FEA490B02EB42020BEBA2227D
:10AA1000624308EBA222531C022B0FD94FEAEC71C0
:10AA20008902D3174FEA8C2041EA9C51EFF774F862
:10AA300020B1BAF1010AA4EB000424D1002D42DBBD
:10AA4000B5F5806F41DC2C464FF48061002204FB99
:10AA500006F309EBA323634308EBA3236343981294
:10AA6000C5EBA3230133022B1DD98542CCBF22465F
:10AA700021468C1A04EBD47402EB6404A24212D077
:10AA80009142E4DC0FE004FB06F209EBA22C04FB8C
:10AA90000CFC08EBAC2C04FB0CFCC5EBAC2C0CF157
:10AAA0000103022BB0D8019B009A634302EBA3235E
:10AAB000634307EBA3276743BD12284603B0BDE8F5
:10AAC000F08F0446EFE70024EDE74FF48064EAE7F7
:10AAD0000028B8BF01234FF02D02B4BF404200232D
:10AAE0000029BEBF49420233DBB288428BBF5143CB
:10AAF0005043B1FBF0F1B0FBF1F188BF1033CAB2A3
:10AB000088BFDBB2162A16D92C2A1FD8292A1FD8AB
:10AB1000252A1FD8202A8CBF03200420DA060844E7
:10AB200048BFC0F15A0003F001029B0717D59AB144
:10AB3000B43080B27047012A08D9052A08D9092AF9
:10AB400008D90F2A34BF03200420E7E70020E5E7F7
:10AB50000120E3E70220E1E7C0F1B400E9E7002AC1
:10AB6000E7D0C0F5B470E4E730B503460C460120E9
:10AB7000002102B930BDD50741BF00FB04F503FB3E
:10AB80000155A0FB0301491903FB04F5A3FB0334A2
:10AB9000521004EB4504ECE710B58A42044618460F
:10ABA000029B04DBA2420EDDA14204DB10BDA242E7
:10ABB00009DAA142FADD1B1A641A5C43521A94FBAB
:10ABC000F2F42044F2E71846F0E75A3000B2DEF71C
:10ABD0007FBF4B689A684A6002B111600A681A60C8
:10ABE0001AB9036099600B607047906888420CBF87
:10ABF00093605360F6E78B685A688A6002B111600F
:10AC00000A681A601AB9036059600B60704750688F
:10AC100088420CBF53609360F6E738B5054614468A
:10AC200011B10B7B012B39D10B4629688B4234D0F3
:10AC30006168994235D1A1680B7B3BB90122284656
:10AC40000A7321462373FFF7D6FFA168D1E90123D8
:10AC500012B1107B012809D113B1187B012805D14D
:10AC600000230B73236821461C46DAE713B11B7BD4
:10AC7000012B07D101231373002328460B73FFF721
:10AC8000A8FFA168237B28460B73012323738A68DE
:10AC900021461373FFF7AFFF296809B101230B7336
:10ACA00038BD0B7B3BB9012228460A73214623732A
:10ACB000FFF78FFF61684B6813B11A7B012A11D12E
:10ACC0008A68002ACCD0107B0128C9D013B11B7B25
:10ACD000012B07D101231373002328460B73FFF7C1
:10ACE0008AFF6168237B28460B73012323734A681C
:10ACF00021461373FFF76DFFCEE770B50E4615467C
:10AD0000044600B9FEE701B9FEE702B9FEE70C22EE
:10AD1000002101F063F900230120C4E90036A56099
:10AD200070BD70B50E46054600B9FEE704680CB963
:10AD3000204670BD30466B68216998470028F7D0DF
:10AD4000D4E90132A8BF13461C46F0E72DE9F84FBD
:10AD50000F46054600B9FEE7FFF7E3FF0446B0B92A
:10AD60001420DFF7E5FD044600B9FEE7A868DFF729
:10AD7000DFFD8046206100B9FEE7002323732E68C3
:10AD8000C4E9013336B901232C60266023732046C1
:10AD9000BDE8F88F27616B68316920699847D6E96B
:10ADA000013213EA200338BF1346BBB92373384678
:10ADB0006B68316926609847002811DA746027466D
:10ADC0004FF001094FF0000A396809B10B7B4BB114
:10ADD00001222B681A73C4F81080D8E71E46DAE700
:10ADE000B460ECE70E68736899421ED1B3684BB14A
:10ADF0001A7B3AB901221A7381F80C9086F80CA0DC
:10AE00003746E1E7D1F808B0BB4504D12846FFF743
:10AE1000F2FE0F46594681F80C902846314686F8D6
:10AE20000CA0FFF7D6FE3E46EAE723B11A7B12B923
:10AE300083F80C90E0E7D1F804B05F4504D12846D0
:10AE4000FFF7C7FE0F46594681F80C902846314659
:10AE500086F80CA0FFF7CFFEE5E7F8B50C46D1E980
:10AE600001312268257B1BB321B30B4649680029B9
:10AE7000FBD1CAB15168A1420CBF536093601A68FC
:10AE8000996894421F7B11D001B10A60A668516095
:10AE90009E60336026681D736568012F1E605D60CB
:10AEA0002B6018D1A8B9FEE70360E8E71A46F1E77E
:10AEB00011B10B4619461A6042B15368A3420CBF48
:10AEC00051609160012D06D118B9FEE7012D016096
:10AED00001D1FFF7A2FE25692046DFF73BFD28469A
:10AEE000F8BD08B500B9FEE7FFF7B7FF10B1DFF70F
:10AEF00031FD012008BD70B5054600B9FEE70468C4
:10AF00000CB92C6070BD26466468002CFBD1B46877
:10AF1000002CF8D1346834B16368B3424FF00003B9
:10AF20000CBF6360A3603069DFF714FD3046DFF7C4
:10AF300011FDE5E70C22002101F050B810B5037AAD
:10AF40000446FF2B02D00068DFF704FD2046BDE871
:10AF500010400C22002101F041B8F8B5037A0446F4
:10AF6000581EC2B2FD2A0E4630D8276807EB83056B
:10AF70002A462B4412F8011BB14225D100EB800078
:10AF8000DFF7CEFC10B300221146237A2060013B8C
:10AF9000DBB22372013D00EB830E15F801CFB445FF
:10AFA00008D057F8223040F8213095F800C00EF84C
:10AFB00001C0013194F808C001329445EDD2384601
:10AFC000DFF7C8FC0120F8BD9A42D3D10020FAE790
:10AFD00073B50D46017A0446FF29019237D005B9B1
:10AFE000FEE7006828B101EB81024B1E02445E1CA3
:10AFF00026D10131C9B201EB8101DFF7B5FC30B3D5
:10B00000237A206000EB8302111D013B23D2237AB7
:10B010000133DBB25A1E237202EB8303C554237A39
:10B02000AD08019A03F18043013B1F2D40F8232016
:10B0300028BF1F2501226368AA401343636006E00E
:10B0400012F8016DAE4204D1019A40F8232002B0FB
:10B0500070BD013BCBE7D65CCE54D6E770B5047A21
:10B060000368FF2C0ED0002003EB840584420ED829
:10B0700000200BE0814203F1080303D16368012043
:10B08000136003E018781C460028F3D170BD15F852
:10B09000016BB14202D153F82030F0E70130E5E70F
:10B0A000007AB0FA80F04009704782B00A46012168
:10B0B00002B0FFF78DBF82B00A46022102B0FFF74F
:10B0C00087BF82B00A46072102B0FFF781BF82B076
:10B0D0000A46032102B0FFF77BBF82B00A4668210F
:10B0E00002B0FFF775BF82B00A46692102B0FFF7D0
:10B0F0006FBF82B00A46102102B0FFF769BF82B06D
:10B100000A46112102B0FFF763BF82B00A4612213E
:10B1100002B0FFF75DBF82B00A46132102B0FFF70D
:10B1200057BF82B00A46142102B0FFF751BF82B068
:10B130000A46152102B0FFF74BBF84B00023ADF8DB
:10B140000C10090C8DF80E101C218DF80F30039A8D
:10B1500004B0FFF73DBF82B00A461D2102B0FFF7E1
:10B1600037BF84B00023ADF80C10090C8DF80E1019
:10B1700023218DF80F30039A04B0FFF729BF82B066
:10B180000A46282102B0FFF723BF84B00023ADF8A0
:10B190000C10090C8DF80E1031218DF80F30039A28
:10B1A00004B0FFF715BF82B00A46322102B0FFF7A4
:10B1B0000FBF82B00A46302102B0FFF709BF82B04C
:10B1C0000A46342102B0FFF703BF82B00A46352198
:10B1D00002B0FFF7FDBE82B00A46382102B0FFF789
:10B1E000F7BE84B00023ADF80C10090C8DF80E10DA
:10B1F00039218DF80F30039A04B0FFF7E9BE82B011
:10B200000A463A2102B0FFF7E3BE82B00A463B216C
:10B2100002B0FFF7DDBE82B00A463C2102B0FFF764
:10B22000D7BE82B00A46412102B0FFF7D1BE82B03C
:10B230000A46422102B0FFF7CBBE84B00023ADF82E
:10B240000C10090C8DF80E103D218DF80F30039A6B
:10B2500004B0FFF7BDBE82B00A463E2102B0FFF740
:10B26000B7BE82B00A46482102B0FFF7B1BE84B033
:10B270000023ADF80C10090C8DF80E104C218DF840
:10B280000F30039A04B0FFF7A3BE82B00A465021E4
:10B2900002B0FFF79DBE82B00A46512102B0FFF70F
:10B2A00097BE84B00023ADF80C10090C8DF80E1079
:10B2B00052218DF80F30039A04B0FFF789BE84B095
:10B2C0000023ADF80C10090C8DF80E1058218DF8E4
:10B2D0000F30039A04B0FFF77BBE82B00A465A21B2
:10B2E00002B0FFF775BE82B00A465C2102B0FFF7DC
:10B2F0006FBE82B00A465E2102B0FFF769BE82B01F
:10B300000A460C2102B0FFF763BE82B00A462D2127
:10B3100002B0FFF75DBE82B00A46612102B0FFF7BE
:10B3200057BE82B00A46622102B0FFF751BE82B01A
:10B330000A46642102B0FFF74BBE82B00A4666217E
:10B3400002B0FFF745BE82B00A46742102B0FFF793
:10B350003FBE90F900200378002A0FDA03F0E002E4
:10B36000C02A0DD003F0F002E02A0BD003F0F80061
:10B37000A0F1F00358425841800070470120704707
:10B38000022070470320704773B5002302460193E3
:10B3900001B901A90B68D556D05C002D03F1010459
:10B3A00002DB0C6002B070BD00F0E005C02D0ED1D4
:10B3B0000C60125D02F0C004802C4CD1800100F4BE
:10B3C000F86002F03F02104402330B60EAE700F03D
:10B3D000F005E02D17D10C60145D04F0C005802D40
:10B3E00039D19D1C0D60525D02F0C005802D32D117
:10B3F000000380B202F03F02A401104404F47C6414
:10B4000020440333E1E700F0F805F02D0C6022D171
:10B41000145D04F0C005802D1DD19D1C0D60555D8F
:10B4200005F0C006802E16D1DE1C0E60925D02F083
:10B43000C006802E0FD180042403AD0100F4E0107B
:10B4400004F47C3405F47C6502F03F0204431544A7
:10B4500028190433B9E70020A4E770B50024054695
:10B4600026468E4202D02B5D28190BB9204670BDAE
:10B47000FFF76FFF012838BF0120013654FA80F42E
:10B48000EFE773B5002406460D460194019BAB42DD
:10B4900002D3204602B070BD304601A9FFF774FF09
:10B4A0000134F3E737B5002405460194019BEB5CBA
:10B4B00013B9204603B030BD284601A9FFF764FF49
:10B4C0000134F3E718B3A0F59C43B3F5A44F1DD3A3
:10B4D00000F17F4303F1FF135D2B17D9A0F5405313
:10B4E000FF2B13D9A0F53A537F2B0FD9A0F5475363
:10B4F0002F2B0BD9A0F57E40A0F110030F2B05D9FF
:10B5000030381F288CBF0020012070470120704771
:10B5100082B07F2815D9B0F5006F14D20021C0F396
:10B52000871300F03F0043F0C00340F0800200208A
:10B530008DF804308DF805208DF806108DF8070081
:10B54000019802B07047B0F5803F0CD2C0F30733CA
:10B55000C0F3851200F03F0043F0E00342F08002A8
:10B5600040F08001E3E7B0F5881F10D2C0F38743B5
:10B57000C0F30532C0F3851100F03F0043F0F00343
:10B5800042F0800241F0800140F08000D0E70020CE
:10B59000D7E773B5042506460B68013B0B600C68C2
:10B5A0003019FFF7D6FE30B1304601A90194FFF7FC
:10B5B000EBFE02B070BD2CB1013D013C15F0FF0562
:10B5C0000C60ECD10020F4E72DE9F04188461746E5
:10B5D0000546F0B1EAB100F04FFD0446384600F0F0
:10B5E0004BFD0646A8B1044441462846FFF735FF07
:10B5F0002B19311874425A1B914206D932463946EA
:10B600002844BDE8F04100F0F4BB1A5D03F80129BD
:10B61000F1E7BDE8F081F8B50C461746054680B164
:10B6200000F02AFD214606462846FFF716FF2C1893
:10B6300039462046FFF711FF2346361A5A1B964219
:10B6400000D2F8BD1A5C03F8012BF7E7F7B50B46FB
:10B6500001910C460021024607460846DFF752F9E1
:10B66000461C3046DFF75CF9054600B9FEE7234685
:10B670003A463146DFF746F9284603B0F0BDF8B543
:10B680000F461946064615461C46FFF77DFE3860F4
:10B6900020B1206800213044FFF776FE2860F8BD15
:10B6A0002DE9FF410F4690461E46054620B900246D
:10B6B000204604B0BDE8F081002AF8D00378002BC2
:10B6C000F5D0002401940029F1D0019BBB4203D3A3
:10B6D000002CC8BFA41BEBE7284603AA02A901ABB4
:10B6E000FFF7CDFFDDE902124046FCF7F9FF002825
:10B6F000EBD004443444E8E72DE9F04F85B0002551
:10B70000044617468846C0E900559DF840A00393BB
:10B7100019B312B31AF0010F0F9B18BF6FF06043FB
:10B7200010460F93FDF711F806461FFA80FB18F834
:10B73000053008EB05099BB95DB119F8013C0A2BEE
:10B7400001D00D2B05D10E9B13FA86F263681344CA
:10B75000636063682BBBB6B2666005B0BDE8F08F6E
:10B7600000233946039A009348460F9BCDF804A066
:10B77000DEF7DCFA63680E9A01469A1812EB0B0F9B
:10B780000544EAD40E9A5B44134463603A46039B33
:10B790004846FFF785FF23688342ACBF23602060E3
:10B7A000C5E70E9A9B1A6360D7E700B9FEE7037DF1
:10B7B00043F001030375704700B9FEE7037D6FF3A3
:10B7C00000030375DEF7AABB10B5044600B9FEE717
:10B7D000E1F738FC2368C01A0138606010BDC0680A
:10B7E0007047007D00F0010070472DE9F04780466A
:10B7F0000F4614469946089D0CB9264612E04FEABA
:10B80000540A09FB0A7640463146A847002808DD5D
:10B81000E44304F00104AAEB040A06EB09075446CA
:10B82000EAE7FCD13046BDE8F087704770477047C3
:10B8300001207047012070470120704738B5044649
:10B840000D462022002100F0C9FB0322237B204665
:10B8500062F30303C4E9045523731421BDE838409F
:10B86000FEF7A8BF037B03F00F03032B0CBF006997
:10B870000020704710B5044600B9FEE70068214675
:10B88000037E43F001030376FEF7FCFF237CDB0716
:10B8900002D5E068DFF75EF82046BDE81040DFF72C
:10B8A00059B808B5FEF7F5FDBDE80840FFF7E2BF5F
:10B8B00000B9FEE78068704738B5054600B9FEE775
:10B8C000FFF720F8014660B92B7E28466FF300038E
:10B8D0002B76FFF717F8044658B92B7EDB07F3D415
:10B8E00038BD0B7C28466FF341030B74FFF710F84B
:10B8F000E8E7636863B1227C910709D429462046B2
:10B9000098472B7EDA07DFD4237C43F002032374AD
:10B9100021462846FEF7FCFFDDE7027B02F00F021E
:10B92000032A04D10269C0E90412FFF7C5BF7047BA
:10B9300038B50546FEF7A5FD04462846FEF7A3FDEB
:10B94000263817281AD8DFE800F06F1919191919C5
:10B95000191919191919191919190C1A29344957CA
:10B960004957D4F83C0300F0D0FED4F840330344E8
:10B97000C4F84033E1F766FBC4F83C0338BDD4F8A3
:10B980003C0300F0C2FED4F844330344C4F844330B
:10B99000D4F848330133C4F84833EFE794F86C33F4
:10B9A00043F0010384F86C33E1F74CFBC4F84C031B
:10B9B000E4E794F86C33D4F84C036FF3000384F895
:10B9C0006C3300F0A2FED4F850330344C4F8503373
:10B9D000D4F854330133C4F85433CFE794F86C33BC
:10B9E000DA0704D5E1F72EFBC4F85803C6E7E1F700
:10B9F00029FBC4F86003C1E794F86C33DB0709D571
:10BA0000D4F8580300F081FED4F85C330344C4F842
:10BA10005C33B3E7D4F8600300F077FED4F8643306
:10BA20000344C4F86433A9E7D4F83403DEF7BAFA60
:10BA300004F54570BDE83840DEF7C2BB2DE9F84398
:10BA4000FFF7CDFED0F88C3304460133C0F88C33B9
:10BA500000F54E75D0F8680300F057FE064600204A
:10BA6000D7F724FAD4F84033016833B14FF47A722F
:10BA7000D4F848335343B3FBF6F34FF47A72B2FB76
:10BA8000F1F29A4294BFC4F87023C4F87033DEF721
:10BA900059FBD4F84833C0F16400C4F874031BB1F7
:10BAA000D4F84423B2FBF3F3C4F87833D4F8543316
:10BAB000002B40D0D4F85C13D4F864230A44B2FBC2
:10BAC000F3F2C4F88023D4F85023521AB2FBF3F3F4
:10BAD000D4F88C23C4F87C33D4F88433511E03FB90
:10BAE0000100B0FBF2F0D4F87033C4F88403D4F84A
:10BAF000880300FB0133B3FBF2F32946C4F8883313
:10BB000004F54570FFF709FFD4E9E187D4F83C93C9
:10BB1000D4F88C6358220021284600F05FFAC4E96B
:10BB2000E187C4F83C93C4F88C63E1F78BFAC4F85E
:10BB30006803BDE8F883C4F88033C9E770479A42C8
:10BB400038BF8854704770472DE9F74F1746DDE935
:10BB50000C549946DDE9116313F0020280468B46CE
:10BB6000DDE90F1A9DF8380000921DD103F0010C99
:10BB70003EB1BCF1000F04D010B913F00C0F00D08F
:10BB8000013E4FF0300E02E005F804E00134544568
:10BB900001D2202CF8D1BCF1000F05D04FF0300CB1
:10BBA000A64201D9202C18D1DA0613D55A052ED475
:10BBB000BCB1544501D0B44229D1621E11D0102924
:10BBC00043D19906A4F102047ED47821295530216D
:10BBD000541CA954202C25D00CE005F804C00134D5
:10BBE000DEE710290DD1990635D478222A7030224B
:10BBF00002246A70C8B32D222A55013413E0622250
:10BC0000F4E70229FBD0302201242A70F2E7102940
:10BC100023D19A0656D4202C04D07821621C2955B1
:10BC2000202AD4D120249B0738D03A4625441444F6
:10BC3000A24237D1009B23B1D51BAE4207EB0504CE
:10BC400039D8204603B0BDE8F08F0229BFD1622168
:10BC5000A9540132E4E75822C8E7022903D1202C75
:10BC6000E0D02246F3E72246DAE7590701D52B2236
:10BC7000C2E71A07D7D52022BEE74B4659462020F7
:10BC8000C0470AF1010A019B564503EB0A02F4D8AA
:10BC9000321BB44288BF00223A44C7E73B1BA2468E
:10BCA0000193F0E702F1010A4B46594615F8010DE0
:10BCB000C0475246BCE74B46224659462020C04763
:10BCC0000135BAE7202CADD05821621CA7E72DE939
:10BCD000F04391B0189D1A9F1D9E2DB926F01004B7
:10BCE00016F4806F264622D116F0200F14BF4FF0B5
:10BCF000410E4FF0610EAC4600250DF12008AEF16B
:10BD00000A0EBCFBF7F907FB19C95FFA89F4B9F110
:10BD1000090F94BF30347444E4B2BC4508F8014BB9
:10BD200005F10105BCFBF7F401D3202D10D11C9CBB
:10BD3000069605941B9CCDE903749DF86440CDE9FB
:10BD4000015408AC0094FFF7FFFE11B0BDE8F0838A
:10BD5000A446D6E72DE9F04F95B0CDE90A23DDE9F9
:10BD60001E76DDE9229B57EA0603CDE90801269CF1
:10BD700005D124F0100314F4806F1C4637D114F061
:10BD8000200F14BF4123612300250DF1300AA3F1D8
:10BD90000A0831464A465B463846EDF70DFFD2B2F7
:10BDA000092A94BF303242444F45D2B276EB0B069B
:10BDB00005F101050AF8012B01D3202D14D1259B93
:10BDC00006940593249BDDE90801CDE903939DF8D2
:10BDD0008030CDE901530CAB0093DDE90A23FFF776
:10BDE000B3FE15B0BDE8F08F07460E46D1E700253B
:10BDF000E5E770B50F2A0AD8034601390244934299
:10BE000000D170BD11F8014F03F8014BF7E700F0C6
:10BE1000030301F00306B34204460D4600F0998087
:10BE2000154601F12003202D13F8206C04F12004A5
:10BE300003F120030DD8531E23F01F03C418013B48
:10BE40000B44024413F8011F04F8011B9442F9D17A
:10BE5000D7E704F8206C13F83F6C203D04F81F6C02
:10BE600013F83E6C04F81E6C13F83D6C04F81D6C5E
:10BE700013F83C6C04F81C6C13F83B6C04F81B6C56
:10BE800013F83A6C04F81A6C13F8396C04F8196C4E
:10BE900013F8386C04F8186C13F8376C04F8176C46
:10BEA00013F8366C04F8166C13F8356C04F8156C3E
:10BEB00013F8346C04F8146C13F8336C04F8136C36
:10BEC00013F8326C04F8126C13F8316C04F8116C2E
:10BED00013F8306C04F8106C13F82F6C04F80F6C26
:10BEE00013F82E6C04F80E6C13F82D6C04F80D6C1E
:10BEF00013F82C6C04F80C6C13F82B6C04F80B6C16
:10BF000013F82A6C04F80A6C13F8296C04F8096C0D
:10BF100013F8286C04F8086C13F8276C04F8076C05
:10BF200013F8266C04F8066C13F8256C04F8056CFD
:10BF300013F8246C04F8046C13F8236C04F8036CF5
:10BF400013F8226C04F8026C13F8216C04F8016CED
:10BF500069E7EBB1C3F10403C418034615F8011BEC
:10BF6000013A03F8011BA342294601D0002AF5D16A
:10BF7000202A01F1200503F120040BD801391A44CD
:10BF800093423FF43EAF11F8014F03F8014BF7E73E
:10BF90000346EDE755F8203C294644F8203C55F887
:10BFA0001C3C203A44F81C3C55F8183C44F8183C1A
:10BFB00055F8143C44F8143C55F8103C44F8103C37
:10BFC00055F80C3C44F80C3C55F8083C44F8083C47
:10BFD00055F8043C44F8043C2346C9E710B510F07A
:10BFE00003030BD0C3F1040342B1034400F8011B67
:10BFF000984202F1FF3201D0002AF7D101EB012370
:10C0000003EB014303EB0163202A00F1200403D872
:10C01000024490420BD110BD204644E9083344E964
:10C02000063344E9043344E90233203AECE700F8EC
:10C03000011BEEE710B4884202D38B18834203D26F
:10C040005DF8044BFFF7D5BE884207D8421E8B42ED
:10C050000AD011F8014B02F8014FF8E7531E1944BA
:10C0600003449A1A934202D15DF8044B704711F8C9
:10C07000014903F80149F5E7034600201A5C02B9BB
:10C0800070470130FAE7421E11F8013B02F8013F08
:10C09000002BF9D17047431E013913F8012F11F815
:10C0A000010F0AB18242F8D0101A704770B50646E7
:10C0B000FFF7E2FF451C2846DEF732FC044618B1C4
:10C0C0002A463146FFF795FE204670BD4368032B94
:10C0D00000D8FEE723F0030318440430704708B586
:10C0E0000246FFF7F3FF026008BD38B5431803F1BD
:10C0F0000C021C1D0F3323F003039A4200D0FEE70D
:10C10000436823F003035A1A151F0A449A4200D0C9
:10C11000FEE7636803F003032B43636023F003032C
:10C120000B2B00D8FEE7436803F003030B43436087
:10C130002046FFF7D4FF436843F00203436063687F
:10C14000204643F00103636038BD034668B14A1ED0
:10C1500011EA020000D0FEE7134449420B40B3F558
:10C16000803F03D20C2B38BF0C231846704770B5A4
:10C17000CD6805B9FEE78C6804B9FEE7E560AC6000
:10C1800003EB421500EB8505EE6B8E4211D1A04208
:10C19000EC630ED1012100EB82056C6901FA03F317
:10C1A00024EA03036B6123B90369914023EA010385
:10C1B000036170BD10B57F2889BFB0FA80F30023FA
:10C1C000C3F11A04E04092BF801080F02000C3F158
:10C1D00019030B60106010BD73B50446486801AACE
:10C1E0000D4620F003006946FFF7E4FFDDE9002675
:10C1F00006EB421304EB8303D96B01B9FEE7C5E9F3
:10C200000214CD6005F10B0105F1080021F00301D6
:10C21000884200D0FEE7DD630123216903FA02F0C2
:10C220000143216104EB82046269B3401A436261F5
:10C2300002B070BD38B505460C4641B302B9FEE701
:10C240004B68D90700D4FEE723F0030302F1100185
:10C250008B420ED311462046FFF747FF014620468A
:10C26000FFF73DFF4B68284643F002034B60FFF7A2
:10C27000B3FF2046FFF72AFF4368083423F0020388
:10C28000436054F8043C23F0010344F8043C204686
:10C2900038BD37B505460C46486801AA694620F006
:10C2A0000300FFF787FFDDE900232146284603B09E
:10C2B000BDE83040FFF75BBF73B5002304460D4671
:10C2C000CDE9003319B90026304602B070BD7F2990
:10C2D00081BFB1FA81F30120C3F11A0398408ABFEC
:10C2E00000F1FF300846401801AA6946FFF762FFD7
:10C2F000009A092AE7DC4FF0FF31019B04EB820032
:10C30000406901FA03F303400FD1013201FA02F34D
:10C3100022691A40D7D092FAA2F2B2FA82F204EB62
:10C3200082035B69009203B9FEE793FAA3F3B3FAC1
:10C3300083F303EB421204EB8202D66B0193002ECF
:10C34000C1D0726822F00302954200D9FEE731465F
:10C350002046009AFFF70BFFB6E738B502460846BD
:10C36000FFF7B4FE0C46054600B9FEE74368DB075D
:10C3700014D54B68032B00D8FEE701461046FFF7A3
:10C3800088FF6268032A00D8FEE76B68043223F056
:10C390000303134420466360FFF7A1FE204638BD27
:10C3A00018B150F8040C20F00300704738B5083A73
:10C3B00011F003030C4622F0030215D14FF6F4717D
:10C3C000A2F10C058D4211D8254655F8043942F0EA
:10C3D00001026A602946FFF7FFFE2846FFF77FFE4D
:10C3E00002234360204638BD0024FBE71C46F9E7E2
:10C3F00030B510F0030113D10246C0E9020000F18C
:10C40000380342F8101F00F5A76442F8041F03F137
:10C41000800543F8040FAB42FBD19C42F5D130BDFF
:10C420000020FCE770B50E460546FFF7E1FF044625
:10C43000A6F23C5205F23C51FFF7B8FF204670BD12
:10C4400000F23C50704738B5044608460421FFF717
:10C450007CFE054601462046FFF72EFF2A46014690
:10C460002046BDE83840FFF7E5BEF8B506460C4665
:10C47000002939D051F8047CF90700D5FEE7A4F172
:10C4800008052846FFF72BFE436843F0020343608C
:10C4900054F8043C43F0010244F8042C9A0719D5DF
:10C4A00054F8085C05B9FEE76B68DB0700D4FEE7CB
:10C4B00029463046FFF7EDFE6A68032A00D8FEE7FA
:10C4C00054F8043C284623F00303134404336B6000
:10C4D000FFF705FE29463046FFF73FFF014630468D
:10C4E000FFF77AFE3846F8BD0F46FBE72DE9F84F17
:10C4F000064615460C4631B152B9FFF7B6FF002784
:10C500003846BDE8F88F1146BDE8F84FFFF79BBFEE
:10C51000A1F108094846FFF7D9FD51F804BCD0F84D
:10C52000048004211046FFF710FE2BF0030A554546
:10C53000074601D90028E2D01BF0010F00D0FEE72A
:10C54000BA452DD218F0010F06D028F003080AF1E1
:10C5500004039844B84512D229463046FFF773FFCA
:10C5600007460028CCD055452A46214628BF5246CA
:10C57000FFF73FFC21463046FFF777FFC0E749460B
:10C580003046FFF7EAFE4846FFF7A0FD436823F078
:10C590000203436054F8043C23F0010344F8043CD4
:10C5A00054F8043CDA0700D5FEE723F0030307F153
:10C5B000100293420FD339464846FFF796FD436871
:10C5C000014623F0020343603046FFF7C6FE0146F2
:10C5D0003046FFF701FE274692E738B504460D4680
:10C5E000FEF79FFD29462046BDE83840FEF79FBD77
:10C5F00038B504460D46FEF77CFD29462046BDE8C9
:10C600003840FEF77CBD84B00846114604B0FDF703
:10C6100080BD38B504460D46FEF777FD2946204615
:10C62000BDE83840FEF777BD38B504460D46FEF745
:10C630006CFD29462046FEF76EFD29462046FEF792
:10C6400058FD29462046BDE83840FEF758BD70B574
:10C65000044640680D4608B1FFF7F9FF236823B18F
:10C6600029462046BDE87040184770BD70B50E6879
:10C67000054633680C4633B196F82220D20602D51F
:10C680000B60FFF7F3FF214628462660BDE87040A7
:10C69000FFF7DDBF08B528B1D5F7CAFBBDE80840F4
:10C6A000D6F7DCBBD6F758FAF8E738B50546FFF7FA
:10C6B000F1FF044640B12846D5F7E6F92946204661
:10C6C000BDE83840FFF7D2BF38BD07B5FFF7E2FF3E
:10C6D00028B9112003B05DF804EBDDF73BBA03691C
:10C6E0000020ADF804301B0C8DF806309DF80430A6
:10C6F00063F307009DF8053063F30F209DF80630C3
:10C7000063F3174003B05DF804FB10B50446E0F78F
:10C7100099FC001B10BD70B5034693F84C20C06A0D
:10C7200012F0060202D15B6B184470BD042A01D1DD
:10C730001B6BF9E7022AF8D1D3E90E24D3E90C5197
:10C74000A242C8BF04F5B47413198D4203EBD3732E
:10C75000D4BF0E4601F5B476B5EB630F4FEA630222
:10C7600001DA2844E1E79642CCBF40188018DCE7A4
:10C7700010B5D0E90E431B1B002B16DBB3F5B47FBD
:10C7800016DA8B4217DBB1EB630FB4BF0123002332
:10C790000122DB0043EA021390F84C2022F0180239
:10C7A000134380F84C30012010BD03F5B473E3E768
:10C7B000A3F5B473E2E7C3F5B474944207DC012334
:10C7C000E6E701230022E4E700231A46E1E7C1F58A
:10C7D000B4749442F5DD13448B42F5DA0020E3E7AC
:10C7E00007B55022F1F712F803B05DF804FB07B566
:10C7F0001222F1F70BF803B05DF804FB07B5132222
:10C80000F1F704F803B05DF804FB07B51022F0F768
:10C81000FDFF03B05DF804FB07B51122F0F7F6FF4A
:10C8200003B05DF804FB2DE9F84F0F4600210446E4
:10C830009046FFF7DCFF002106462046FFF7DEFFAB
:10C84000002182462046FFF7E0FF002105462046F2
:10C85000FFF7E2FF81462046EFF786FEA0EB060BCE
:10C860002046EFF784FE401BA0EB0900ABEB0A0B60
:10C870008345204613DAEFF777FE831BA3EB0A0309
:10C88000626903EBD3735B101A4432443A60A269C5
:10C890001A442A447A60C8F80030BDE8F88FEFF7F0
:10C8A00066FE431BA3EB0903EAE72DE9F74F8B462E
:10C8B0004FF40031914605469846FFF791FF00EB93
:10C8C000D0704FEA600AA9EB60092846FFF723FF02
:10C8D000B5F85C30C618B6B206F15A0000B2DDF702
:10C8E000F7F8044630B2DDF7F3F84FF44031019029
:10C8F0002846FFF77CFF4FF4403107462846FFF7F4
:10C900007DFF4FF4403100902846FFF77EFF4FF443
:10C91000403106462846FFF77FFF09FB04F1019BE3
:10C92000DBF80040009A09FB03F304EBE134E71B5A
:10C930001444DBF80420A7EB0A0702EBE332961B52
:10C9400002445444A6EB0A065244C8F80070C8F8E2
:10C950000840C8F80460C8F80C2003B0BDE8F08FA8
:10C960002DE9F0418CB007460E4615469846F0F783
:10C9700051F800283CD0AE423AD0FC6AB6F5B47FFC
:10C98000C8BFA6F5B476B5F5B47F2644C8BFA5F5F3
:10C99000B4752C44B6F5B47F05AA3846C8BFA6F5D1
:10C9A000B47606A9B4F5B47FC8BFA4F5B474FFF794
:10C9B0003AFF41463846FFF713FF414605465122EC
:10C9C0003846F0F723FF0890003818BF01200DF11A
:10C9D0002008CDE90208DDE906013346CDE900452E
:10C9E000BDF81420D6F72AFC41463846EFF753FF2E
:10C9F0000CB0BDE8F08173B53C224FF440310546E0
:10CA0000F0F704FF422204464FF4403101902846DB
:10CA1000F0F7FCFE40224FF44031019004442846D8
:10CA2000F0F7F4FE002801904FF040024FF440313F
:10CA300028462BDDF0F7EAFE0346019041224FF431
:10CA4000403128461C44F0F7E1FE002801904FF0E9
:10CA500041024FF4403128461DDDF0F7D7FE034672
:10CA6000019038224FF4403128461C44F0F7CEFEA6
:10CA70003B22064601904FF440312846F0F7C6FEAF
:10CA80003044A042B8BF204602B070BDF0F7BEFEF1
:10CA900001904342D2E7F0F7B9FE01904342E0E74C
:10CAA00010B588B0044601AA02A9FFF7BCFE019A9E
:10CAB000204604AB02A9FFF7F8FE2046FFF79BFFD4
:10CAC000021E03DD114604A8FCF775FE204604A9EA
:10CAD000EFF7E1FE08B010BD38B50D46B1F5B47FF3
:10CAE000C8BFA1F5B475D0E90C135A1B5B1A48BF37
:10CAF00003F5B473002AB8BF02F5B4720446D01A25
:10CB00000028B8BF4042B4280BDD2046EFF7EEFE08
:10CB10002046FFF7C5FF20462563BDE83840FFF7F4
:10CB2000BFBF934206DD4FF400332A462046FFF78D
:10CB300017FFEDE7ECDA0A464FF400332946F5E734
:10CB400038B50D46B1F5B47FC8BFA1F5B475D0E9CD
:10CB50000C31EA1ACB1A48BF03F5B473002AB8BFE8
:10CB600002F5B4720446D01A0028B8BF4042B42877
:10CB70000BDD2046EFF7BAFE2046FFF791FF204677
:10CB80006563BDE83840FFF78BBF934207DD0A4677
:10CB90004FF4003329462046FFF7E2FEECE7EBDADC
:10CBA0004FF400332A46F6E738B504460D461146E1
:10CBB000FFF7C6FF29462046BDE83840FFF78CBF87
:10CBC000F7B50446006C10F5004F36D0D4E90E35A9
:10CBD00094F84C20AB42C2F34102C8BF05F5B475CE
:10CBE000012A0BD0022A35D03ABB0095D4E91112A4
:10CBF000FDF7D2FFA16B0546024634E0D4E911C22D
:10CC00000CEB020707EBD7775E1906EBD676B0EB95
:10CC1000670F4FEA66064FEA670110DA0A46009688
:10CC20006146FDF7B9FF014605462046FFF754FF70
:10CC300031462046FFF784FFA56503B0F0BD3346BB
:10CC40000095FDF7A9FF054631462046FFF744FF52
:10CC50002946EEE70093D4E911122B46FDF79CFF1D
:10CC600005460146E26B2046FFF79EFFE4E738B534
:10CC70000D46B1F5B47FC8BFA1F5B475D0E90E1368
:10CC80005A1B5B1A48BF03F5B473002AB8BF02F5FC
:10CC9000B4720446D01A0028B8BF4042B42808DD58
:10CCA0002046EFF723FE2046A563BDE83840FFF796
:10CCB00087BF934205DD00232A462046FFF750FE3A
:10CCC000F1E7F0DA0A4600232946F6E738B50D46C3
:10CCD000B1F5B47FC8BFA1F5B475D0E90E31EA1A39
:10CCE000CB1A48BF03F5B473002AB8BF02F5B4727B
:10CCF0000446D01A0028B8BF4042B42808DD2046B8
:10CD0000EFF7F4FD2046E563BDE83840FFF758BF74
:10CD1000934206DD0A46002329462046FFF720FEFF
:10CD2000F0E7EFDA00232A46F7E738B504460D4668
:10CD30001146FFF7CBFF29462046BDE83840FFF7F4
:10CD400096BF002905DBB1F5B47F05DAC162EFF7C4
:10CD5000CDBD01F5B471F4E7A1F5B471F3E710B4FA
:10CD6000026C8A420ED0846CA142A8BF2146446C5A
:10CD7000A142B8BF21468A4204D05DF8044B016449
:10CD8000FFF71EBF5DF8044B704710B50C4600213D
:10CD900004F15000DCF7A4FD04F160000021BDE8BF
:10CDA0001040DCF79DBD4FF0FF3203681868DA6071
:10CDB00000F15002934203D19B68C362EFF796BD26
:10CDC00000F16002934204BF9B688363F6E7C16091
:10CDD0000068EFF78BBD73B5C66A8E4215D0436B02
:10CDE0009942A8BF1946036B0D46816B9942B8BFA3
:10CDF0001946A942B8BF29468E4206D0009200F1DA
:10CE0000500300F12C02E0F741FC02B070BD38B5D0
:10CE100000256423C1E90C534FF0FF330C46C1E9F0
:10CE20001731CB6691F87030204623F03F0381F82C
:10CE30007030C1E91055C1E91415C1E919558D6368
:10CE4000CD62CD638D6481F84C508D650821EEF77D
:10CE500097F920461021EEF793F92A4629462046F5
:10CE6000BDE83840FFF7B7BF13B590F8703003F056
:10CE70000703022B15D1436B9942A8BF1946036BD8
:10CE80009942B8BF1946C36A9942A8BF1946836B35
:10CE90008B4206D0009200F1600300F13802E0F707
:10CEA000F5FB02B010BDC36D013314BF806DC06AC5
:10CEB000704790F8703003F00703022B01D0006B2D
:10CEC0007047C36E013314BF806E806B704790F85B
:10CED000700000F00700704790F8703003F007030F
:10CEE000012B0AD1036B002B07DA426B002A04DD09
:10CEF000806BC31A5842584170470020704710B5E4
:10CF00000C4610212046EEF73BF92046BDE81040C4
:10CF10004FF48061EEF789BB10B50C46086BDDF766
:10CF200019FD606BDDF716FD0023C4E90C3310BD5D
:10CF300007B515220021F0F769FC03B05DF804FB8A
:10CF40002DE9F04F8FB00446039106A9EFF7CAFA16
:10CF50002046EFF709FB05902046EFF708FB122269
:10CF6000002102902046F0F751FC13228346002155
:10CF70000A902046F0F74AFC1022804600210A90D1
:10CF80002046F0F743FC1122814600210A902046FA
:10CF9000F0F73CFC1422824600210A902046F0F76C
:10CFA00035FC07460A902046FFF7C2FF5B4607EBB9
:10CFB000D77500EBD0766D1007F0010701357610BC
:10CFC0003D44013600F0010006440D2DA8BF0D259B
:10CFD0000D2EA8BF0D26B8F10D0FA8BF4FF00D08FC
:10CFE000B9F10D0FA8BF4FF00D09BAF10D0FA8BF91
:10CFF0004FF00D0A0D2BA8BF0D2300270493059BAE
:10D000000195A3EB0803023B0593A36BBB4209D830
:10D010004FF6FF73A26BBA4208BF1F4638460FB0E7
:10D02000BDE8F08F216B3B01CB5801EB07129B450C
:10D03000D2E901C0D168A8BF049D069AACBFA2EB9B
:10D04000050EA2EB060E7344E145B8BF019D0A939D
:10D05000079BB8BFA3EB050E059DA8BFA3EB090E68
:10D060008542D4BF424492191044029AF444A2EB80
:10D070000A02023A8A42CABF019A53449B181944D1
:10D080000C900D91002203990AA8CDF82CC0FCF752
:10D09000E8FB0028BCD10137B7E7F0B58BB04FF6FD
:10D0A000FF73994204460D4650D0836B8B424DD995
:10D0B0000A01016B8A5801EB051302925A6806A90E
:10D0C00003929A68DB6804920593EFF70BFA142237
:10D0D00000212046F0F79AFB064601902046FFF714
:10D0E00027FF07462046D4F7A3FED5F765FD0A23A0
:10D0F00090FBF3F296423346B8BF13469742384648
:10D10000B8BF1046069E029AF11A0A440799029285
:10D11000039A0F1A3A440392049A33441A44059B23
:10D12000084403440593236C04929D420AD1636B27
:10D1300033F815305B0505D502A8FCF7A2FE039B6A
:10D140001B1A0393204602A9EFF7A5FB0BB0F0BD15
:10D1500009B1E0F7B5BD704710B50446826B406B6E
:10D160005200FEF746FE2046E16ABDE81040FFF798
:10D17000EFBF38B5836B04468B420D4603D84FF69C
:10D18000FF7399420AD12046216CFFF786FF29469A
:10D1900020462564BDE83840FFF77FBF38BD70B535
:10D1A0001546826B04468A420FD9466B36F8112029
:10D1B00022EA050226F81120FFF76FFF6B0504D560
:10D1C0002046BDE87040EEF7DDBE70BD70B50024AE
:10D1D00005460E46AB6BA34200D870BD21463246D1
:10D1E0002846FFF7DCFF0134F4E770B5836B044693
:10D1F0008B420D4616461AD990F84430D90705D50A
:10D20000F20503D54FF48071FFF7E0FF626B29460A
:10D2100032F815302046334322F81530FFF73DFF32
:10D22000730504D52046BDE87040EEF7ABBE70BD77
:10D2300070B5002405460E46AB6BA34200D870BD06
:10D24000214632462846FFF7D0FF0134F4E7006C50
:10D250007047836B8B4207D9436B33F811309A4385
:10D260000CBF0120002070470020704770B54FF4BC
:10D2700080720446FFF7EDFF06460D4620464FF448
:10D280008071FFF7A3FF3EB129462046BDE87040FC
:10D290004FF48072FFF7A9BF70BD4B1E19D501383E
:10D2A00001F10B03012B1CD1820718D16421B0FBC3
:10D2B000F1F201FB120242B94FF4C873B0FBF3F272
:10D2C00003FB1200B0FA80F35B0903F11C00C0B24B
:10D2D00070470B2BC4BF0130A1F10D03E2E700231F
:10D2E000F3E7072293FBF2F2C2EBC2029B1A03F0B0
:10D2F000010048BF4042C0F11F00E8E7F8B504460E
:10D30000FDF7BDF805462046FDF7C1F8C36C07469A
:10D310005B68B3F5A02F40F08180F2F70FF8064666
:10D320003846F2F724F8044696B3FB6C9F68062F44
:10D330004CDD402239462846FFF78BFF00286ED08F
:10D3400016B1002386F8203044BB4FF40042394622
:10D350002846FFF77EFF002845D0002E6AD06623BE
:10D36000284686F82030FFF7B0F9C0F3072386F887
:10D370002100C0F3074086F8230086F822302846B3
:10D38000FFF765FFB8422ED1B22386F820302AE09D
:10D39000002843D0FB6C9F68062FCADC00234FF4A3
:10D3A00000423946284684F82830FFF752FFD0B1B2
:10D3B0002846FFF78AF9C0F3072384F82000C0F35A
:10D3C000074084F8213084F82200C6E7002386F85D
:10D3D00020300028E2D14FF4004239462846FFF7BA
:10D3E00038FF0028BBD14FF4804239462846FFF76A
:10D3F00030FF98B194B1FF23284684F82830FFF716
:10D4000064F9C0F3072384F82130636A84F82000AC
:10D410000133C0F3074084F822006362F8BD4FF483
:10D42000004239462846FFF714FF0028DBD0002CC5
:10D4300093D0BDE72846FFF70AFFD4E7022994BF3F
:10D44000012300234FF4C872A0EB0303B3FBF2F2F5
:10D4500003F1010000EB930010444FF06402B3FBB2
:10D46000F2F3A0EB030094BF0C23002319440C2318
:10D47000C1EB41113E39B1FBF3F107230844B0FB86
:10D48000F3F3C3EBC303C01AC0B2704770B50446D0
:10D490004FF44041C06AFFF799FE94F93610A08E10
:10D4A000FFF7CCFFA36B054663BBD4E90C235340C5
:10D4B00033F07F4328D194F93330E06AE9184FF410
:10D4C0008042BDE870400631FFF78FBEA26B32F894
:10D4D000261002EB8603A28E91420ED193F9021020
:10D4E00094F93620914208D193F903104FF4004289
:10D4F0002944E06A0631FFF778FE0136E36BB34258
:10D50000E4D8D2E70026F9E770BD3430704770B533
:10D51000FCF7B5FF0546F0F734FEFFF7F6FF0021F4
:10D5200004462846F0F730FE0646E1F7EBFF64219B
:10D5300043780278303B4B434FF47A71303A01FB29
:10D5400002330A218278303A01FB0233C278218803
:10D55000303A13443046591A00F087FF012128461B
:10D56000F0F712FE94F90210BDE87040013900F0A6
:10D570007CBF38B50546FCF782FF04462846FCF719
:10D5800088FF0546204600F086FF04462846FFF740
:10D59000BCFF621C018852B22846BDE83840E1F762
:10D5A000D1B8F8B50446FCF76AFF05462046FCF7FB
:10D5B00070FF0446284600F06EFF07462046FFF73E
:10D5C000A4FF06462846E1F79DFF0346027841780E
:10D5D0006420303941434FF47A70303A00FB021135
:10D5E0000A209A78DB78303A00FB0211303B19446C
:10D5F000C91B204696F9022089B2BDE8F840E1F740
:10D60000A1B807B50122F0F701F903B05DF804FBFA
:10D6100007B51522F0F7FAF803B05DF804FB70B512
:10D620000D4601F12C062B6B304653B9FDF7B6F9C8
:10D6300005F13806EB6B3046E3B9BDE87040FDF705
:10D64000ADB9FDF75FF904460028ECD0037C5A071A
:10D6500002D44068DDF77EF9237C9B0702D4206862
:10D66000DDF778F930462146FDF70CF92046DDF765
:10D6700071F9D8E7FDF746F9044601463046FDF753
:10D6800001F92046DDF766F9D4E710B50C46142100
:10D6900004F12C00FDF78EF8182104F13800FDF795
:10D6A00089F800226423C4E91122C4E91333C4E9D0
:10D6B0001522C4E917336FF0004203230521C4E9A2
:10D6C00019230A23C4E91B1394F8743023F00F03C1
:10D6D00043F0010384F8743010BD07B530220021F7
:10D6E000F0F794F803B05DF804FB07B512220021AF
:10D6F000F0F78CF803B05DF804FB2DE9F04385B03A
:10D70000036F04468B420E4667D9EEF733FF05469A
:10D710002046D3F7BBFD94F8743007461A0705D4AA
:10D72000204605B0BDE8F043EFF7E0B803F007038B
:10D73000012B55D12046FFF7D0FF80462046FFF74A
:10D74000D4FF63694822034403EB08004FF4A0218F
:10D75000C71B2046F0F75AF84FF40031804600907E
:10D760002046FFF74EFFA369226A00EB08015B1A0F
:10D7700011440391216F814601398E42019313D2E6
:10D7800005FB06F3B3FBF1F22B44B3FBF1F3A2EB81
:10D7900008024344121A03443A443B446946204673
:10D7A00000920293EFF777F8BEB1731E6B43226FBE
:10D7B000013AB3FBF2F3A3EB0803A3EB09033B44E9
:10D7C000009305FB06F3B3FBF2F343444B443B44A5
:10D7D000029369462046EFF75EF805B0BDE8F08396
:10D7E000022B9DD100212046FFF712FF236F8046B8
:10D7F00005442046B5FBF3F5FFF76FFF636905FBB2
:10D8000006F9C6182046FFF770FF06446946204611
:10D810004E44EEF767FEF31B1D44A3EB080302958D
:10D820000093D6E707B510220021EFF7EFFF03B012
:10D830005DF804FB2DE9F04FCDB000F1140B01F1C0
:10D84000180510AE04468A462A4659463046FBF76C
:10D85000CCFF002800F09F8095E80F0014AF87E808
:10D860000F00DAF820300D900C9396E80F0085E851
:10D870000F00236F012B40F28E802046FFF72DFF13
:10D8800007462046FFF731FF06462046FFF7CAFF4E
:10D8900002902046EEF76EFE08902046EEF77AFEE4
:10D8A0006369049020460393D3F7F0FCA3690590C5
:10D8B00020460693EFF756FA2A468046594618A89E
:10D8C000FBF793FF002866D020A8F1F79EFC4FF4E9
:10D8D000A02120AA2046EEF732FA30A8D6F7DEFBC8
:10D8E00030AA4FF400312046EDF7A2FF4FF400318B
:10D8F0002046FFF786FE00EBD0704FEA6009022257
:10D900004FF400312046EFF781FF1C9000EBD07000
:10D9100043100193019A2C9B4A45A8BF4A4603EB4A
:10D92000D371B2EB610FC8BF9DF8BD203E44C4BFA8
:10D9300042F010028DF8BD20012B08BF9DF8BD30CC
:10D94000069A04BF43F010038DF8BD30039B1E44BC
:10D95000059BF31A0993029B3B441344A3EB080372
:10D960000B93236F0A9304F12C0318460793FCF7DB
:10D97000D6FF0138229032900798FCF7C6FF064682
:10D980000C9B4B4401330F9346B90AF1180414ABB6
:10D990000FCB84E80F004DB0BDE8F08F337C13F05F
:10D9A00001030BD0229B013B2293329B013B32931C
:10D9B00031460798FCF7B0FF0646E5E7B2683189C3
:10D9C000ADF8AC20120C8DF8AE20B27A23938DF80E
:10D9D000E32094F8742033931207099A58BFF36830
:10D9E00027922992327CADF8E110C2F300127168DF
:10D9F00004EB8202506C51F8235004992D1A4D43C8
:10DA0000D26C0C93121A95FBF2F50B9A4D1B154430
:10DA10000022904606920D9A2A95A2EB09020295E1
:10DA20000E92226F424522D80A990898814227DA3D
:10DA3000424525D1726852F823206FF000439A4284
:10DA40001ED0299B5046A3EB09024B441C921E9307
:10DA5000019A2A9B30A99A1A1D92019A13441F9386
:10DA60001CAA08F1FF333393F1F787FC08E02998EB
:10DA70000F99DDF8A8E088422790CDF8A0E006DDF8
:10DA8000329B013B3293229B013B229390E7069FFE
:10DA9000511EB7FBF1F1099F96F810B039440C9F65
:10DAA000CBF3001B4744B7FBF2FC02FB1C72D6F819
:10DAB00004C0299104EB8B0B03910592DBF8441011
:10DAC0005CF82220049F521A7A43DBF84CB0ABEB8F
:10DAD000010B92FBFBF7049A0399D71B0B9A17448F
:10DAE0000E9A2A97013A914231DBB8F1000F2ED0FD
:10DAF0000A9A08994FEA830B8A4230DB5CF82320AC
:10DB00006FF000439A4222D0059A5CF822209A4294
:10DB10001DD0029BBD42B8BF3D46BB42A8BF3B469D
:10DB20000293039B984212D0591E029B29919D4259
:10DB300008BF01352A953D46029B2791504620A9F2
:10DB40002893F1F77CFB299B029701332993069BCD
:10DB5000089A08F1010813440693059B61E7A0EBBE
:10DB600009021C92019A4844AEEB02021D92019AEE
:10DB70001E9072441F925CF823206FF000439A427B
:10DB80000AD0059A5CF822209A4205D0504620A976
:10DB9000CDF88C80F1F753FBB9F1000FD7D0019B82
:10DBA000002BD4D0736853F80B206FF000439A42D7
:10DBB000CDD008F1FF3350461CAA30A93393F1F7BA
:10DBC000DCFBC4E72DE9F04F87B0894617461E46B7
:10DBD000044600B9FEE701B9FEE7036F934205D89A
:10DBE00000203060706007B0BDE8F08FEEF7C2FC37
:10DBF00005462046EEF7CEFC94F87430029003F010
:10DC00000703012B44D17D43236F013BB5FBF3F5A3
:10DC100035602046FFF761FD05462046FFF765FDAC
:10DC200033682844034433602046D3F72FFB33681E
:10DC300099F810201B1A336094F87430C2F3001264
:10DC40001B074CBF0023D9F80C3004EB82021F44A1
:10DC5000236F516CB7FBF3F003FB1077D9F8043056
:10DC6000029853F82730D26C5B1A4343521A93FB45
:10DC7000F2F3C31A73602046FFF7D4FD73680544BE
:10DC80002B4473602046EFF76DF87368181AA9E704
:10DC9000032B11D199F81010D9F80000C1F3C0017D
:10DCA000009504EB8101CA6D0023496D50F82700EF
:10DCB000FCF772FF3060ACE7022BAAD104F12C0B09
:10DCC0005846FCF72CFE4FF4A02182462046FFF771
:10DCD0009FFC002104902046FFF79AFC236F0390DD
:10DCE000591E01FB1058B8FBF3F8A5EB08037B4362
:10DCF000B3FBF1F358463360FCF707FE00230146FF
:10DD0000B9B9039A216F15447D43049AB5FBF1F527
:10DD10000AF1FF3103FB08F302FB1188B3FBFAF3AE
:10DD2000B8FBFAF82B4408EBD87803EB68033360B0
:10DD30006FE78945E5D0013358460593FCF7ECFDC4
:10DD4000059B0146DCE72DE9F04FE7B000F1380311
:10DD5000054618468A460093FCF714FE002849D170
:10DD60000AF1180602AC3146204605F11402FBF711
:10DD70003CFD00283ED096E80F0006AF87E80F0074
:10DD800094E80F0086E80F000EA8F1F73EFA4FF472
:10DD9000C0210EAA2846EDF7D2FF2EA8D6F77EF9AD
:10DDA0002EAA4FF4C0212846EDF742FD4FF4C021C2
:10DDB0002846FFF726FC00EBD0704FF4C0214FEA55
:10DDC00060082846FFF71DFC00EBD0704FEA6009A1
:10DDD0000098FCF79AFDB9F1000318BF0123B8F1D0
:10DDE000000F08BF00230446019334B906AB0FCBE4
:10DDF00086E80F0067B0BDE8F08F40220EA91EA88C
:10DE0000FDF7F7FF70222EA94AA8FDF7F2FFE3689D
:10DE1000A289ADF8A4301B0C8DF8A630A37BADF819
:10DE200049218DF84B31637DDA075AD5D4E90037A3
:10DE30006A69A96902EB030B0F44ABEB08010A9175
:10DE400008EB0B010C91A7EB09010B9109EB070102
:10DE50000D91217D8B0719D011F0010F08BF5A4693
:10DE60008807CDE9252754BF5A46EA695046CDE9CF
:10DE7000272700221EA921924D92F1F7E0F9019B7C
:10DE800023B150460AAA4AA9F1F777FA227D12F087
:10DE90000C0F1AD0510754BF3946A96913074FF028
:10DEA000010348BF2F6ACDE9261B50461EA92193C6
:10DEB0004D93CDF894B02897F1F7C1F9019B23B1A8
:10DEC00050460AAA4AA9F1F758FA109B0133109359
:10DED000309B0133309321460098FCF71DFD04462A
:10DEE00083E76FF00043A2689A42F4D00AAB284659
:10DEF0002169FFF767FEDDE90A3799E738B591F840
:10DF000030300C4613F0010503D1C86ADCF722FD5E
:10DF1000E56238BD2DE9F04FCBB00546FCF7AFFA0E
:10DF200004462846EEF703F95A22002104902046C1
:10DF3000EFF76CFC05902E90FAF707FC27220021E2
:10DF400080462046EFF762FC302200212E90C7B2B7
:10DF50002046EFF75BFC102205462E90002120465C
:10DF6000EFF754FC012F2E9000EB050B40F0B3802F
:10DF7000132200212046EFF749FC05462E9015227A
:10DF800000212046EFF742FC12224FF400312E9080
:10DF900006462046EFF73AFC13224FF400312E904C
:10DFA00082462046EFF732FC10224FF400312E90CB
:10DFB00081462046EFF72AFC11224FF400310690EB
:10DFC0002E902046EFF722FC68224FF400312E906D
:10DFD00009902046EFF71AFC69224FF400310790B0
:10DFE0002E902046EFF712FC08902E902EA8D6F720
:10DFF00055F84FF4003120462EAAEDF719FC012FF9
:10E00000099B70D1E269521B0F92A2EB0802A2EBAE
:10E010000A02A2EB090201320D92A1690698594445
:10E0200001EB080202440D981A44CDE911010E914A
:10E030000F99013ACDE91312109211A8DDE90712E8
:10E04000FBF7B9FB049811AA2EA9F1F796F95C2207
:10E0500000212046EFF7DAFB5B2281460021199070
:10E060002046EFF7D3FB00256FF06042CDE9012594
:10E07000CDF800900346059AE16A19900BA8FDF7C8
:10E080003BFB19A8D5F73EFD19AA29462046EDF716
:10E0900094FDE36A0DA82093FBF7F3FEA0EB0800C4
:10E0A00000EBD070012F0B9A4FEA600024D10D9B3A
:10E0B0009B1B17939B1A1593A3690C9A5B4403440B
:10E0C0001A441892049815AA19A91693F1F772F830
:10E0D0004BB0BDE8F08F122200212046EFF796FBEF
:10E0E0002E9005444BE7626915440D95454455440F
:10E0F0004D44013D0F9590E70F9B1E443244159609
:10E100001792D9E70022CB6ADA627047C06A10B171
:10E110000021F0F739B8704773B50446FFF7F6FFF2
:10E12000064618B3EEF723FA05462046EEF732FA14
:10E1300085421BDD5A2200213046EFF767FB019034
:10E14000FAF703FB5C22054600213046EFF75EFB41
:10E15000216C054401900022E06A6943D3F708FA74
:10E16000E06A02B0BDE87040EEF7C0BB02B070BD1F
:10E1700010B50C464FF480612046EDF701F82046BB
:10E180000421ECF7FDFF20464FF40031EDF74DFA86
:10E1900020460121EDF749FA2046BDE81040E2F79C
:10E1A00017BC38B5C86A0C4618B1F0F74DF8002313
:10E1B000E36294F84C3013F0100503D1A06BDCF748
:10E1C000C9FBA56338BD2DE9F047A2B014464FF650
:10E1D000FF72944206460F4661D0C56A0DA8B5F895
:10E1E000288098451FBF2B8595F82A3043F00803F7
:10E1F00085F82A30D5F786FC4FF4802128460DAAF1
:10E20000EDF7DBFC5C224FF480212846EFF7FEFAA5
:10E2100009901B903046FFF779FF064600283ED054
:10E220001598FAF792FA1B99B3690A1804FB02329F
:10E2300001EBD173A2EB630202926B6902440A44C0
:10E24000013A019307F11804EB690DF1140A0492E5
:10E250002146504601AA0393FBF7C7FAB8B194E8E8
:10E260000F000DF1240989E80F009AE80F0084E8F7
:10E270000F00304600F019FF06F1140214900DA9AA
:10E280003846F0F797FF99E80F0084E80F0095F8FB
:10E290002A30A5F828806FF3C30385F82A3022B00E
:10E2A000BDE8F0872DE9F047A0B092464FF6FF7227
:10E2B000924505460E464AD0C46A5A22278D4FF42D
:10E2C00080219F421CBF238594F82A3020461CBF22
:10E2D00043F0080384F82A30EFF798FA4FF48021CE
:10E2E0005C22814604902046EFF790FA8046049025
:10E2F0004846FAF72AFA81462846FFF707FF82695F
:10E3000009EB08030AFB032208EBD873A2EB6302B4
:10E3100001924A44EB6A4244013A03925A69DB692A
:10E3200004A802930092D5F7B9FE4FF4802120464D
:10E3300004AAEDF77DFA6A46304604A9F1F71DF804
:10E3400094F82A3027856FF3C30384F82A3020B06D
:10E35000BDE8F087F7B506460D46FFF7D7FE044641
:10E36000C8B183695A220021ED1AEFF74FFA0190E4
:10E37000FAF7EBF95C22074600212046EFF746FA50
:10E3800000EBD07305EB6305074495FBF7F0F36BE7
:10E39000834200D8581E03B0F0BDF8B504460D46C0
:10E3A00001B9FEE700230139C363E26B11F8013FB5
:10E3B0000132B3B92846C4E90F236364FDF75CFE5C
:10E3C000471CA06B38B194F84C3013F0100602D102
:10E3D000DCF7C0FAA6633846DCF7A2FAA06320B9DE
:10E3E000FEE70A2B08BFE263DFE72946FDF74BFE95
:10E3F00094F84C3020466FF3041384F84C30EEF759
:10E4000075FAE06A18B1BDE8F840EEF76FBAF8BDEA
:10E4100038B504460D4601B9FEE700230139C36350
:10E42000E26B11F8013F0132D3B9C4E90F236364F1
:10E4300094F84C30DB0603D4A06B08B1DCF78AFA01
:10E4400094F84C30204643F0100384F84C30A56318
:10E45000EEF74CFAE06A38B1BDE83840EEF746BA5C
:10E460000A2B08BFE263DBE738BD10B5036C044636
:10E470008B420FD0C36B8B4298BF03F1FF31C36A4D
:10E48000C0E910110BB1FFF747FE2046BDE8104070
:10E49000EEF72CBA10BD006C7047F8B50446806BDF
:10E4A0000D46164660B1FDF7E7FD0023194681428F
:10E4B00002D0626C9A4205D1002306F1FF3C0AE0CB
:10E4C0000870F8BDA26B525C01310A2A08BF013303
:10E4D000EDE7EA540133CA18824207D2A76BBA5C4F
:10E4E0000A2A03D0002EF4D09C45F2D80022EA5428
:10E4F000E7E72DE9F04FDDB00546FBF7C0FF044626
:10E500002846EDF714FE3022002183462046EFF71F
:10E510007DF91222054600213C902046EFF776F95E
:10E520001322431900213C9020460593EFF76EF922
:10E530003C9000EB05090CA8D5F7E4FA4FF4003144
:10E5400020460CAAEDF739FB276B2FB98022204615
:10E550003CA9FFF7A2FF3CAF27220021204694F8F8
:10E560004C60EFF753F9C5B2012D219004D006F0AD
:10E570000F06731E5D425D41606B002833D0F0F7DB
:10E580006AFC022880466BD19DF87B30149A029376
:10E590006FF0604301931A9B21A80093616B1B9B52
:10E5A000FDF7AAF8DDE921A62046A36909933344C3
:10E5B000013B0B9350F8143F08935344013B0A93DB
:10E5C000002D5BD0002307220093059B08A9FBF7D1
:10E5D000B6FAB8F1020F56D1636B584608AA0CA9D7
:10E5E0001393F0F7E7FD21A8D5F78CFA0021204618
:10E5F00021AAEDF7E2FA9DF8CF30299A02936FF045
:10E60000604301932F9B06A800933946309BFDF78A
:10E6100073F86369069A08931344013B079A0A93B7
:10E62000A36904F1140009931344013B0B93636B3A
:10E63000002B4BD10922009308A9FBF780FA236B2A
:10E6400028972BB99DF8D03043F040038DF8D03097
:10E65000584608AA21A9F0F7ADFD5DB0BDE8F08FDE
:10E66000606B21A9F1F7DDF8012815BF4FF0FF36E7
:10E67000BDF888A0B246BDF88A6095E708220095EB
:10E68000C9F10003A2E721A8D5F7AEF906EBD676CB
:10E69000204621AA4FF400310AEBDA7AEDF7F2FABC
:10E6A00072104FEA6A0131A8FBF7FAFB6E224FF4B1
:10E6B00000312046EFF7AAF8636B06902C9008AA69
:10E6C000584621A92893F0F791FC8CE72DB100233F
:10E6D00008220093C9F10003AEE70722059B0095CD
:10E6E000AAE72DE9FF4104460121ECF786FD20460B
:10E6F000E56AEFF73EFD01462846EFF7DAFD4FF0F9
:10E70000FF31E06AEFF745FE0121E06AECF738FDE2
:10E71000002223212046EDF772FC2046FFF7F6FC8D
:10E720000646A16B00F0A1FC6FF04041E06AEDF7F6
:10E7300070FE3046D2F730FBE06AEDF715FF054674
:10E740002046EDF711FF854210DC4FF4887394F8F2
:10E750004C2002F00F02D340DB0707D52046E56AC4
:10E76000EDF702FF01462846EDF753FE3046EDF780
:10E77000FEFE302205460021E06AEFF747F810223E
:10E78000804600210390E06AEFF740F8112200EB89
:10E79000080703900021E06AEFF738F83D4400EBEA
:10E7A00008031D4494F84C30039003F00F07082F22
:10E7B00067D1236A05EB0308D4F7CEF9D4F7ECF957
:10E7C000804564DDD4F81880D4F7C6F9D4F7E4F9AD
:10E7D000236AC01A80454CDD0427A369013BAB4284
:10E7E000A8BF2B46E06A1946EDF72AFE2046FFF740
:10E7F00093FC082F5FD100230D2221460093E06A8D
:10E80000D2F7E8FAE06AD2F7C7FA94F84C3003F08E
:10E810000F03013B012B19D8E06AEDF77FFE074695
:10E82000E06AEDF78EFE0546D4F796F9D4F7B4F911
:10E83000A8420BDCD4F82C80D4F78EF9D4F7ACF9CD
:10E840002D1A791B40460139EDF7C1FD0021A26B5D
:10E850003046EFF731F90023022801461A4602D06C
:10E86000032818BF0121304604B0BDE8F041EDF7A0
:10E870002BBED4F771F9D4F78FF9236AC31A013B81
:10E88000ADE7042F03D1D4F81880A84501DB2B464F
:10E89000A5E7D4F761F9D4F77FF9236AC01A804558
:10E8A00007DAD4F759F9D4F777F9236A0827C31A96
:10E8B00095E7A36993E7042FE06A04D100230A22B5
:10E8C000009321469CE7012F03D1002310220093DF
:10E8D000F7E7022F96D1002313220093F1E710B53A
:10E8E00001210446ECF79FFC4FF6FF73E06A01211B
:10E8F000A364ECF79AFE2046BDE8104000222421D4
:10E90000EDF77DBB08B50121C06AECF79AFC80F0F9
:10E910000100C0B208BD37B50446D7F731FC054643
:10E92000F9F765FF50BB2046FFF7ECFF00B3204628
:10E93000FFF7D5FFD4E910329A420BD020212046B0
:10E94000636401AA0193EDF75AFB01281ED120460A
:10E95000EDF7CCFF2846F9F723FF042816D120460F
:10E96000ECF783FC002103B0BDE83040ECF7E2B8DF
:10E97000204603B0BDE83040FFF7B3BE2046636CCD
:10E98000236403B0BDE83040EDF7B0BF03B030BD45
:10E9900010B591F858300C4603F00303013B012BEE
:10E9A0000AD8C86ADBF7D6FF0023E36294F8583030
:10E9B00043F0030384F8583010BD38B504460D46C3
:10E9C000C16B006DFBF77BFA216C2860606DFBF773
:10E9D00076FA686038BD2DE9F0438BB00446904666
:10E9E0008946D2F7D9F92046EDF7BEFD0546204607
:10E9F000EDF7BDFD064604AF39462046FFF7DDFFC3
:10EA00000297B4F84C3032460193B4F848302946A6
:10EA10000093636C06A8F0F72BFA6269069B511EFF
:10EA20000B440693A3690799581E0144079108995E
:10EA300001321144099A01331A442046089106A96B
:10EA40000992EDF728FFC4E912982046D3F7F0F9B0
:10EA500080460021D4F70AFA2046EDF793FA4046A3
:10EA60000121D4F703FA0297B4F84C3032460193EF
:10EA7000B4F8483029460093636C06A8F0F7F8F91B
:10EA80006269069B511E0B440693A3690799581EA1
:10EA900001440791089901321144099A0133089100
:10EAA0001A44204606A90992EDF7F5FE0BB0BDE821
:10EAB000F0832DE9F0418AB090F85930044603F014
:10EAC0000F030A2B0D466DD8B5F5616F64DA002D82
:10EAD00065DB636CAB425CD02046D2F75DF9204623
:10EAE000EDF742FD06462046EDF741FD804604AFB6
:10EAF00039462046FFF761FF0297B4F84C30424692
:10EB00000193B4F8483031460093636C06A8F0F7DF
:10EB1000AFF96169069BA2690B440693079B2046E7
:10EB200013440793089B0B440893099B06A91344BD
:10EB30000993EDF7B0FE65642046D3F779F90546F1
:10EB40000021D4F793F92046EDF71CFA012128465D
:10EB5000D4F78CF90297B4F84C3042460193B4F8DC
:10EB6000483031460093636C06A8F0F781F961697B
:10EB7000069BA2690B440693079B20461344079308
:10EB8000089B0B440893099B06A913440993EDF7CE
:10EB900082FE0AB0BDE8F081A5F5616594E705F550
:10EBA000616594E7002594E72DE9F0418AB090F87B
:10EBB0005930154603F00F030A2B88BF00250E4677
:10EBC00088BF2E46036D0446B34202D1436DAB426B
:10EBD00066D02046D2F7E0F82046EDF7C5FC0746A0
:10EBE0002046EDF7C4FC804604A92046FFF7E5FE69
:10EBF00004AB0293B4F84C3042460193B4F8483069
:10EC000039460093636C06A8F0F732F96169069BF8
:10EC1000A2690B440693079B204613440793089B65
:10EC20000B440893099B06A913440993EDF733FE9F
:10EC30002A46314604F15000FBF732F92046D3F75B
:10EC4000F7F805460021D4F711F92046EDF79AF9B7
:10EC500001212846D4F70AF9204604A9FFF7ADFEA2
:10EC600004AB0293B4F84C3042460193B4F84830F8
:10EC700039460093636C06A8F0F7FAF86169069BC1
:10EC8000A2690B440693079B204613440793089BF5
:10EC90000B440893099B06A913440993EDF7FBFD68
:10ECA0000AB0BDE8F08138B590F85930044603F059
:10ECB0000F030B2B1FD10021FFF7FBFE0022204684
:10ECC0001146FFF771FFE36B1BB3236C0BB32046B8
:10ECD000EDF74AFCE36B0502204695FBF3F5EDF7F3
:10ECE00046FC226C000290FBF2F229462046BDE869
:10ECF0003840FFF770BE0C2B0BD10021FFF7D9FE77
:10ED0000002220461146FFF74FFF4FF48072114654
:10ED1000ECE738BD2DE9F0418AB00E460446EDF728
:10ED2000E5FD3046F0F797F80328054614D194F82E
:10ED3000583003F00303013B012B02D8E06ADBF7F4
:10ED400009FE0023E36294F8583043F0030384F88B
:10ED500058300AB0BDE8F081304607A9F0F761FDF0
:10ED60000128F6D1B5BB94F8583003F00303013BFA
:10ED7000012B02D8E06ADBF7EDFDE662BDF820303A
:10ED80009DF81D00E363BDF822308000236494F8F1
:10ED9000583000F07C0005F0030523F07F03284382
:10EDA000184384F858002046EDF727FC2046FFF76B
:10EDB0007AFF636C3BB9A36CB3F5807F03D1E36C3E
:10EDC000B3F5807F02D02046EDF7DCF82046EDF762
:10EDD0008DFDBEE76B1EDBB2012BCFD8E76AB742D1
:10EDE0000BD094F85830304603F00303013B012B5D
:10EDF0002CD9FDF75BF960B3E062022DBED15A2237
:10EE000000212046EEF702FD5B2207460021059017
:10EE10002046EEF7FBFC5C22804600210590204650
:10EE2000EEF7F4FC6FF0604300220590CDE901326B
:10EE3000009043463A46314605A8FCF75DFC059B29
:10EE4000ADF82030069BADF8223097E7FDF72EF99C
:10EE500000B9FEE7E062002FCFD03846DBF77AFD3D
:10EE6000CBE710B590F85C3004469B0603D5006BE9
:10EE700008B1DBF76FFD94F85C306FF3451384F84D
:10EE80005C300023236310BD10B50C460846FFF725
:10EE9000E8FF94F85C301B0702D4E06ADBF75AFD08
:10EEA0000023E36210BD8165EDF720BD4165EDF7FC
:10EEB0001DBD70B50C46022C054619461046DDE90D
:10EEC0000423069E10D1FCF7EBFB04463046FAF70C
:10EED000D3FF04EBD4742B6800EBD0706410C4EB48
:10EEE000600423442B6070BD032CFCD1FCF7D8FBDD
:10EEF00004463046FAF7C0FF2B68001B0344F1E7D5
:10EF0000022A02D0032A0ED07047436B002BDCBFCD
:10EF10004B6B43634B6C43640B6C03640B69036181
:10EF20008B6B83637047436B002BDCBF4B6B43637E
:10EF30004B6C43640B6C03640B690361704707B54A
:10EF40005C220021EEF762FC03B05DF804FB07B51C
:10EF50005B220021EEF75AFC03B05DF804FB07B515
:10EF60005A220021EEF752FC03B05DF804FB37B5DE
:10EF70000122002190F85C400546EEF747FC6FF057
:10EF800040439842C4F3001401900ED105220021A1
:10EF90002846EEF73BFC6FF06043984205D195F8A8
:10EFA0002B301B0758BF44F00204204603B030BD8D
:10EFB000F8B50D460446EDF799FC05B9E56A284613
:10EFC000FDF75AF8461CE06AA8420FD194F85C306D
:10EFD0001B0714D431462846DBF7C6FC28B1E06293
:10EFE0002046BDE8F840E1F7DBB8FEE738B194F819
:10EFF0005C3013F0080702D1DBF7ACFCE762304667
:10F00000DBF78EFCE06200B9FEE72946FDF73BF82E
:10F0100094F85C306FF3C30384F85C30E0E70EB41F
:10F0200077B5079E044606B9FEE7EDF75FFCE06A98
:10F0300038B194F85C3013F0080502D1DBF78AFC94
:10F04000E56208A930460191FCF700FB94F85C30BA
:10F05000E0626FF3C303204684F85C30E1F7A0F868
:10F0600003B0BDE8704003B0704770B590F85C30F5
:10F07000044613F008060D4604D1C06A10B1DBF750
:10F0800069FCE66235B194F85C30E56243F0080350
:10F0900084F85C302046BDE87040E1F781B84164F7
:10F0A000EDF724BC8164EDF721BCC06A704701B95B
:10F0B000FEE7E0F7BBBF2DE9F04F91B006468A4668
:10F0C00001B9FEE70CA9EDF775FAF36A0CA80393F2
:10F0D000FAF7D2FE05900CA8FAF7D3FE0690304658
:10F0E000FFF73DFF80463046FFF729FF04463046D4
:10F0F000FFF72DFF07464046F9F727FB81463046CC
:10F10000FFF735FF0025834604EB09030793039BB4
:10F110002B440293039B5B5DA3BB2C46002130462E
:10F12000F26AEEF7C9FC022850D13B464246611B09
:10F130000298FCF7B5FA06460CA8FAF79DFE06EB16
:10F14000D67600EBD0707610C6EB600600230995EA
:10F15000CDE90A33002C62D1A146DDE90A1240460E
:10F16000F9F7BEFADAF80020A9EB07039A4259DB57
:10F17000C31901334B449A42CCBF0020012011B087
:10F18000BDE8F08F079B4B440493049A069B93427F
:10F1900009DA96F85C3003F00703012B04BF4BF04B
:10F1A00004035FFA83FB00233A4600934146059B24
:10F1B0000298CDF804B0DAF7B9FDDAF804302C186B
:10F1C0004B45ABDD2546DDF81090A0E703280BD1B9
:10F1D0003B464246611B0298FCF762FA06460CA8C1
:10F1E000FAF74AFE861BB1E70026AFE7099DB14654
:10F1F0003E18099B9C42B0D309AB03980BAA0AA9FD
:10F20000FCF73DFADDE90A124046F9F769FADAF847
:10F21000003030448342E9DAB14609959DE79946CA
:10F22000013CE6E70020AAE7406C7047806C70471D
:10F2300010B508460C46FDF748FAC0F3072384F8DA
:10F240002D30FF2384F82C0084F82F30C0F30740C2
:10F2500084F82E0010BD00F0C043B3F1005F17D159
:10F260006FF0604220F0C043934211D06420B3F1AC
:10F27000805FA2BFC3F17F6303F57F2303F6FF73B3
:10F280004B4393FBF0F08842A8BF084620EAE070A9
:10F2900070470023C1E90B3391F83430084623F05E
:10F2A000030381F834300221EBF76ABF01F15C00FF
:10F2B000FBF774BB10B50C4601212046F9F79DFD04
:10F2C0002046BDE810400221EBF75ABF10B50C46AE
:10F2D00000212046F9F791FD0223204600211A461D
:10F2E000F9F797FD2046BDE810400221EBF748BF33
:10F2F00010B5FBF7CEF8436B04464BB1006C38B148
:10F30000D96A99B1FFF754FE0121206CEBF738FF61
:10F31000A36CA3B1606D90B1D96A59B1FFF748FEF3
:10F32000606D0121BDE81040EBF72ABF0121ECF729
:10F330007CF9EDE70121BDE81040ECF776B910BD8E
:10F3400010B591F830300C461BB9C86A08B1DBF72C
:10F3500001FB0023E36284F8303010BD10B508468D
:10F360000C46EEF70EFFC16A2046EEF7A2FF2046DC
:10F370000121F9F742FD0223204600211A46F9F740
:10F3800048FD2046BDE810404FF48041ECF74DB9F0
:10F3900010B50446806B78B3636B6BB394F86A1056
:10F3A000C1F34101012906D002291ED051B9EEF75F
:10F3B000F0FF012103E00021EEF7EBFF0021606B7D
:10F3C000F9F73FFDA06BD1F723FA606BD1F720FA74
:10F3D000A06BD1F7E1FCA06BEDF7DCF8012130B9AF
:10F3E000A06BBDE81040ECF720B90121DFE7A06B6E
:10F3F000BDE81040EBF7C4BE10BD036D8B4209D0D1
:10F40000C36B8B4208D190F8690001288CBF0020A3
:10F4100001207047012070470020704710B5044656
:10F420005C30FBF7BBFA002384F8683010BD38B5B8
:10F430000446406B0D4610B1E16AEEF73AFF002D2D
:10F440003ED004F15C00FBF7BDF900B9FEE70560B2
:10F4500094F8683028460133216B84F86830EEF761
:10F4600028FFA06D656320B1A36C012163B3EBF7A6
:10F47000C4FEA36C93B394F86A30D9070AD51A076F
:10F480004FF00101206D22D5EBF77AFE0221206DAD
:10F49000ECF7CBF894F868300121012BE06B27D909
:10F4A000EBF76EFE0221E06BECF7BFF8204600227E
:10F4B0002021ECF7A4FD2046BDE83840FFF768BFE7
:10F4C0002046FFF7ABFFCCE7EBF7ADFED1E7ECF75B
:10F4D000ACF80221206DEBF753FEDBE794F86830BF
:10F4E0000121012BE06BDBD894F86A301B07D7D4DD
:10F4F000ECF79BF80221E06BEBF742FED6E7F8B59C
:10F500000446FAF7C0FF072840D12046FAF7B7FFB4
:10F5100005462046FAF7BDFFC36B04469D4202D064
:10F52000036D9D4232D194F868302946204684F814
:10F530006930FFF762FF48BB04F15C073846FBF710
:10F54000E1F9014606463846FBF7E2F90546E8B11F
:10F5500031463846FBF796F93046DBF7FBF994F86D
:10F5600068302946013B384684F86830FBF78AF951
:10F5700094F868302046013B84F868302968FFF72A
:10F5800056FF2846BDE8F840DBF7E4B9F8BDECF7D4
:10F590001EBF07B55A22EEF739F903B05DF804FB38
:10F5A0000021EEF7F1BD07B55C220021EEF72EF940
:10F5B00003B05DF804FBF0B585B00E4600210546AA
:10F5C000FFF7E7FF4FF4802104462846FFF7E1FFED
:10F5D00007462046F9F7B9F804463846F9F7B5F872
:10F5E00007462846FFF7DFFFE31903EBD37300EB71
:10F5F00063072846AC69ECF7BAFF00EBD07004EB68
:10F60000600307EBD772A3EB620373603B44F360C4
:10F6100069462846ECF766FF009B3360029BB360A7
:10F6200005B0F0BDF8B590F83C30044603F0030394
:10F63000012B34D1826BC16A036BB1FBF2F1B3FBD6
:10F64000F1F552084A4301FB15331344B3FBF1F5BE
:10F65000036301FB1533134400214363FFF799FF54
:10F6600005462046FFF79FFF06462846F9F76DF846
:10F6700007462046ECF78EFF05462046FFF790FF31
:10F6800007EBD773216B05EBD5755B10C3EB6503F7
:10F690003E4401FB1631BDE8F840ECF798BEF8BDDA
:10F6A00008B50068EEF76DFDBDE80840FFF7BABF8A
:10F6B0002DE9F74F04460E461546FFF771FF00236C
:10F6C0000746C4E90C33E362721EE36A12F8018F45
:10F6D0000133B8F1000F13D1E36294F83C30A5B9BF
:10F6E00065F301033146384684F83C30FFF760FC8F
:10F6F0003846236B636303B0BDE8F04FECF742BCC0
:10F70000B8F10A0F08BFE362DFE7012262F30103E9
:10F71000414684F83C302046FFF73BFFD4F82C905C
:10F72000F9F713F85B22414605462046EEF76EF8DE
:10F730004FF47A73054409FB05F593FBF5F30F2BA2
:10F74000A8BF0F23032BB8BF0323DA0758BF013329
:10F75000A3633046FCF790FCA56B00F1010900FBA8
:10F760000555012D38BF01252846DBF7D9F84FF0A4
:10F77000000A8046A26B09EB000B924515D30023CB
:10F780004544414605F8013C3846FFF711FC404628
:10F79000DBF7E0F8A36BE16A5A084A434B43204683
:10F7A0002263E362FFF73EFFA2E73146FCF76BFC02
:10F7B0000A2358460AF1010A0BF8013CDAE72DE961
:10F7C000F04FB5B00546FAF75EFE06462846FAF752
:10F7D00056FE1A2E044618D12846ECF7A8FC05461A
:10F7E00014A92046FFF7E7FE18A8D4F757FC4FF4FA
:10F7F0008021204618AAECF71BF8284614AA18A95D
:10F80000EFF7BBFD35B0BDE8F08F1D2EFAD12846CD
:10F81000ECF78DFC814618A8D4F774F918AA4FF4B8
:10F8200080212046ECF7C9F909F11805204608A9FE
:10F830000DF13008FFF7BFFE2946404608AAF9F748
:10F84000D4FF0028DED02046FFF7AAFE0746FFF7C8
:10F850002CFCDDE9266B05902046DDF880A0ECF756
:10F8600083FE01225B46CDE90102059952460096CE
:10F8700006A8FBF741FF2046ECF779FE002106467B
:10F880002046FFF786FEC368BA6903EBD37302EB29
:10F890006302A369834606EBD67603EB660338461C
:10F8A0004FEA660AD61AECF762FEDBF80C30A26962
:10F8B000C01A0028C4BFB60396FBF0F6209B924402
:10F8C000DB68079A0021D21A724303EBD3730AEB69
:10F8D000A23620463022A6EB6306EDF797FF1222F0
:10F8E0008346002114902046EDF790FF82461322B4
:10F8F000002114902046EDF789FF63699A440AEBD2
:10F900000B03CDE91036E36914AC1B1AA3EB0B0310
:10F910001293079B334413939DF8AB3043F00103DC
:10F920008DF8AB3095E80F0084E80F0098E80F00E1
:10F9300085E80F003846FFF7B8FB10AA1F9018A9FA
:10F940004846EFF737FC94E80F0085E80F0059E7C9
:10F950002DE9FF414FF4807804460E4645460027C6
:10F960008CB94FF4803202AB0093304692FBF8F32F
:10F97000019492FBF5F27942CDE90244FAF76EFA6E
:10F9800004B0BDE8F0816E2200212046EDF73EFF75
:10F99000029038446C22002107B22046EDF736FF72
:10F9A0006D220546002102902046EDF72FFF012D24
:10F9B000B8BF012501280290B8BF012008FB00F064
:10F9C00008FB05F54FEA20282046EEF7DAFB2D125A
:10F9D0000446C5E770B586B00546FFF7E1FD04466D
:10F9E000E8B14FF480212846FFF7D3FD5B224FF4A6
:10F9F000802106462846EDF709FF0546049020467B
:10FA0000FFF753FB00236FF060420146CDE901236D
:10FA1000009304A82B463246FBF76EFE049806B00E
:10FA200070BDF0B490F83C400B4604F00304012C88
:10FA30001146C26A16D1846BB2FBF4F4A34211D210
:10FA4000056BB5FBF4F76743ED1BEE1A1FFA86FC56
:10FA500036B2002ECCBF66467642B6EB540F0AD8BB
:10FA60001C46E319934228BF02F1FF33C0E90C336F
:10FA7000F0BCE1F755BC9D428CBFE4181C1BF0E7BD
:10FA80002DE9F04F85B000240646B0F84870036CAD
:10FA9000C7F30E07D0F844A0039307F1FF3B00F132
:10FAA0002C09BC4202D305B0BDE8F08FB36C5A46B6
:10FAB000C3F3CE33B4FBF3F503FB15450021204619
:10FAC000039BCDF800A0FBF767F8B5FA85F58046F3
:10FAD00048466D09FAF719FF014608B90134E0E715
:10FAE000CB68434507DC0B69434504DB4B69FF2BBF
:10FAF00005D14C61CD614846FAF70EFFECE7A34211
:10FB00001CBF8C610D62F6E707B54C22EDF77EFE57
:10FB100003460020DAB262F30700C3F3072262F360
:10FB20000F20C3F3074363F3174003B05DF804FBF2
:10FB300007B51322EDF76AFE03B05DF804FB07B5C5
:10FB40001222EDF763FE03B05DF804FB07B5102247
:10FB5000EDF75CFE03B05DF804FB07B51122EDF78D
:10FB600055FE03B05DF804FB2DE9F84F0F46002168
:10FB700004469046FFF7E3FF002106462046FFF7C4
:10FB8000D7FF002182462046FFF7E0FF002105460F
:10FB90002046FFF7E2FF81462046ECF7E5FCA0EBAC
:10FBA000060B2046ECF7E3FC401BA0EB0900ABEB97
:10FBB0000A0B8345204611DAECF7D6FC831BA3EB36
:10FBC0000A0362695B081A4432443A60A2691A4423
:10FBD0002A447A60C8F80030BDE8F88FECF7C7FC1B
:10FBE000431BA3EB0903ECE7F0B587B015461C46B1
:10FBF00000226FF060430646CDE901328B6B04A80A
:10FC00000093CB6BD1E90712FBF776FD96F83C30F9
:10FC1000012B1DD82B68049A3046A3EB520103EB4D
:10FC2000520321606D684FF40031A36007D1FFF7E4
:10FC300094FF059B284460600344E36006E0FFF7FF
:10FC400085FF059B2D1AE560ED1A656007B0F0BDD4
:10FC5000082B23D020D8022B01D0042BF6D16A68C0
:10FC60000599022BA2EB510002EB51022F68606054
:10FC7000E26021D1049B4FF400313046FF1AFFF7B8
:10FC80005EFF3F1A4FF40031304627602D68FFF7C2
:10FC900056FF2D1AA560D9E7102BD7D128680499F3
:10FCA0006A68059BA0EB5100A2EB5302014420605F
:10FCB0006260A1601344C0E74FF400313046FFF7A3
:10FCC00037FF2D68049B384420604FF400313046E4
:10FCD0001D44FFF72DFF0544DCE770B50C4601F12C
:10FCE0002C06236B30461BB9BDE87040FAF756BEB0
:10FCF000FAF708FE054601463046FAF7C3FD2846E6
:10FD0000DAF728FEEDE7F7B506460C461D4617461E
:10FD1000002A3ED06A4648213846FBF79FF9012861
:10FD20001AD1009820636A464C213846FBF796F9B1
:10FD3000012818D1009BA3851B0C84F82E306A463D
:10FD40004D213846FBF78AF901281BD19DF80000A8
:10FD500084F83C0003B0F0BD482229463046EDF758
:10FD600055FD0190DEE729463046FFF7CDFEC0F392
:10FD7000072384F82C00C0F3074084F82D3084F862
:10FD80002E00DCE74D2229463046EDF73FFDC0B29C
:10FD9000DEE71946FFF7B8FEC0F3072384F82C000E
:10FDA000C0F307404D22294684F82D3084F82E00F8
:10FDB0003046EDF72BFD4822019084F83C0029469F
:10FDC0003046EDF723FD2063C4E72DE9F04FADB0D9
:10FDD00004460846ECF7ABF9B4F848300646C3F3DE
:10FDE0000E03012B0DD994F83C30022B00F0A480B7
:10FDF000082B0BD008D8012B40F29E80042B00F07A
:10FE00009B802DB0BDE8F08F102BFAD10CA8EEF737
:10FE100037FE08AF002120460CAAEBF7F7FF394662
:10FE2000204604AAFFF7A0FED4E914231A44009246
:10FE3000D4E910120846FAF7AFFED4E914231A44A5
:10FE40000092D4E9101205461046FAF7A5FE0246C4
:10FE500097E8030017AB83E80300049B30460CA926
:10FE600004F12C0BCDE91552ADF86430EEF71FFE0E
:10FE70005846FAF74AFD05460028C2D01CA8EEF7FE
:10FE8000FFFD0DF1280A002120461CAAEBF7BEFF5A
:10FE90005146204605AAFFF767FED4E914231A4409
:10FEA0000092D4E91012E868FAF776FED4E9142338
:10FEB0001A4400928146D4E910122869FAF76CFEC0
:10FEC0002F688046002F00F015815021384606AA81
:10FED000FBF7C4F8012840F0EF80069824905221E7
:10FEE000384606AAFBF7BAF8012840F0EC80069BDA
:10FEF000ADF88C301B0C8DF88E305321384606AA95
:10FF0000FBF7ACF8012840F0ED809DF818008DF863
:10FF1000AC0027AB9AE8030083E80300059B30465A
:10FF20001CA9CDE92598ADF8A430EEF7C0FD29460F
:10FF30005846FAF7F1FC9EE70CA8EFF766F90021A6
:10FF400020460CAAEBF7FBFE302200212046EDF7FD
:10FF50005DFC002180461C902046FFF7F7FD002144
:10FF600000EB08052046FFF7F8FD002100EB08072D
:10FF70002046FFF7E4FD002181462046FFF7D8FD2B
:10FF8000D4E917C294F83C3000EB080E022B60D184
:10FF9000E369189903EB5103A3EB0E03013BA1693D
:10FFA00008930A93236A0D44DB1BA5EB5C0503EB66
:10FFB000520309950B9302AD284608A9F9F76BFF88
:10FFC00095E8030013AB83E8030028460AA9F9F774
:10FFD00062FF95E8030015AB83E8030004F12C09E8
:10FFE00030460CA9EFF72BF94846FAF78EFC054688
:10FFF00000283FF406AF1CA8EFF707F900212046C0
:020000040803EF
:100000001CAAEBF79CFEAB6A6F6A4FEA530894F8A0
:100010003C307F08022B01D0042B45D12B6BDDF83F
:1000200020A01F44AB6BA3EB080BD0460023204657
:100030002A681CA9FFF767FE30461CA9CDE923A753
:10004000CDE9258BEFF7FBF829464846FAF764FC23
:10005000CDE7042B09EB080005D16369189903EB80
:10006000510303449AE7012B0DD0A3B100239E4610
:10007000E1690993091A0B9301EB5201AEEB5C03A2
:1000800008930A9197E7636918999E44A36903EB63
:1000900051032B44ECE76369189900EB030E236AC4
:1000A00003EB5103DB1BE3E7EB6AA3EB070A099FB2
:1000B0006B6BBB469844B9E7482200212046EDF718
:1000C000A5FB07900AE700212046FFF71DFDC0F3BE
:1000D00007238DF88C00C0F307408DF88D308DF824
:1000E0008E000AE74D2200212046EDF78FFB079096
:1000F000C0B20CE739462046FFF706FDC0F30723E0
:100100008DF88C00C0F307404D2239468DF88E00E3
:1001100020468DF88D30EDF779FB482207908DF859
:10012000AC0039462046EDF771FB07902490F0E6CD
:100130002DE9F04FA1B00446924610A80F4699460B
:10014000DDF8A8B0EFF761F810AA00212046EBF720
:10015000F6FD0322BAF1000F15D04FF4003120460E
:10016000EDF754FB002680460C9094F83C30022BAF
:1001700067D0082B12D00FD8012B62D9042B60D086
:1001800021B0BDE8F08F4FF4A0212046EDF73EFBF3
:10019000D04606460C90E8E7102BF1D10CA920467A
:1001A000ECF708FA0CA8F9F767FE05460CA8F9F772
:1001B00068FE4308B3EB550F0CA840F20981F9F72C
:1001C0005BFE0A25236D0C9A5F43B4F848306F43F9
:1001D000C3F30E03013BB7FBF3F7636D0D9905FB0A
:1001E00003771C9B400801440244C01A94F83C3039
:1001F000BAF1000F18BF46460025082B4FF4807354
:100200000A920AAC0244C9E900210CBF861B3618C9
:100210001A4648460B91019539460094F9F71EFE9F
:100220000A9B39463344CBF800300B9B5846CBF839
:1002300004304FF48073CDE900451A46F9F70EFEFD
:100240009EE7302200212046EDF7E0FA0021054626
:100250000C902046FFF77AFC0021431920460293B8
:10026000FFF77BFC0021431920460393FFF760FC56
:100270000021431920460493FFF761FC4FF4A021AD
:10028000431920460993FFF753FC4FF4A021079030
:100290002046FFF754FC4FF4A02105902046FFF7BD
:1002A00055FC4FF4A02106902046FFF756FC08901D
:1002B00094F83C001C9A0228099B37D1E5690699FD
:1002C00005EB5205049AAD1A029A5118A2690A4424
:1002D000BAF1000F18BF4646B4F848800228C8F3A8
:1002E0000E0808F1FF3838D1474516D0089A039B0D
:1002F0001344226AD21A87B120460492ECF737F9E8
:10030000DDE902321344069A1344089A1344C01AD2
:10031000784390FBF8F0049A121A013DC9E90052A3
:10032000AD1BCBF80050CBF8042029E70428656901
:100330004FEA520C1FD1029A069965445118A269DE
:100340001D440A44B4F84810BAF1000F28D0C8F18F
:100350000006C1F30E0808F1FF380428C4D0474551
:1003600020D10599E5690B44ED1AC9E90052CBF893
:1003700000503244D7E7012807D10799049A0A446C
:100380001544A26902996244A1E7059A216A9A1864
:1003900015440CEB01020399521A0028D2D097E7BA
:1003A0007642D6E7002FE0D02046CDE90232ECF7C6
:1003B000DBF8029B049A1A441346079A1344059AE1
:1003C0001344C01A784390FBF8F0039A0544CCE735
:1003D000F9F757FDF5E62DE9F04FA9B0B0F84890D0
:1003E0000446C9F30E09B9F1010F40F28E8090F86E
:1003F0003C30102B00F08980082B00F0868000260E
:1004000008A8EEF702FF4FF4003108AA2046EBF7E8
:1004100096FC18A8EEF7F9FE4FF4A021204618AA82
:10042000EBF78DFC09F1FF330393A36C0021C3F3B9
:10043000CE33B6FBF3F703FB1767636C30460093CC
:10044000236C039AFAF7A8FBB7FA87FB04F12C0A8E
:10045000804650464FEA5B1BFAF757FA054668B1EB
:10046000EB6843452DDC2B6943452ADB27BB4FF462
:1004700000336A6808A92046FFF745FC06AB5A46D8
:1004800031460093204604ABFFF752FEB4F84820F3
:10049000149B2499C2F30E0227B3B2422BD10B4610
:1004A00094F83C20082A26D0102A24D0022A01D011
:1004B000042A31D1E3651EE04FF4A023AA6818A9ED
:1004C000D9E7204608AA4FF40031EBF738FC204664
:1004D0004FF4A02118AAEBF732FC29465046FAF750
:1004E0001BFABBE7B242DBD02EB994F83C20082AB5
:1004F00001D0102A0CD15046FAF707FA05465FFAE8
:1005000086FB5DB90136B1458FD829B0BDE8F08FC3
:10051000022A01D0042ACDD12366ECE7EB68984586
:100520000ADB2B69984507DCF7B94FF400336A689A
:1005300008A92046FFF7E7FB6B699B451DD1EB69D6
:10054000BBB1149B059AD9072A6306D594F83C20C1
:10055000022A01D0042A0ED101336B62294650468B
:10056000FAF7DAF90546CCE74FF4A023AA6818A9F0
:10057000DFE7249BE6E7013BEFE7AB699B45EDD165
:100580002B6A6BB1149B059AAA63DA0706D594F817
:100590003C20022A01D0042A04D1013BAB62DDE7F2
:1005A000249BF0E70133F9E738B50546EBF7DCFFAC
:1005B00004462846EBF7DBFF8442B4BF002001204D
:1005C00038BD38B500250C4691F8A030204623F000
:1005D000030381F8A030C1F89C504FF48071EAF712
:1005E000CFFD10212046EAF7CBFD4FF48061204675
:1005F000EBF71BF82846D2F7DFFA1D280CDD28465A
:10060000D2F7DAFA142300F10A0191FBF3F1204644
:10061000BDE83840ECF715BA0121F8E72DE9F347BA
:100620000C4605465110002B4CD023685B1A236002
:100630001344013BA36083696360036AE360122291
:100640004FF440312846EDF7E1F8132201900746B8
:100650004FF440312846EDF7D9F810228246019038
:100660004FF440312846EDF7D1F811220190804631
:100670004FF440312846EDF7C9F8682281460190D1
:100680004FF440312846EDF7C1F869220646019043
:100690004FF440312846EDF7B9F803462268374455
:1006A000D21B2260A26856443244A2606268804431
:1006B000A2EB08026260E2684B441A44E26002B0B6
:1006C000BDE8F08763685B1A63601344013BE36035
:1006D00043692360C369A360B1E708B5FCF7F7FB82
:1006E000012803D0831E58425841400008BD2DE91F
:1006F000F04F87B00F460446D5F742FD0646F8F79F
:100700004FF8012840F0A3803046F8F770F8002831
:1007100040F09D80304602A9F8F74CF803222046AD
:1007200002A9EBF7F3FF2046FFF73EFF05468FB126
:1007300094F8A030DB070DD4002800F08B80D4F8AB
:100740009420029B9B1A002B96F82420B8BF5B4292
:1007500093427CDBD4F89C8004F13806B8F1000F9A
:100760000ED12046FFF7B9FF94F8A030012843F0DE
:10077000010384F8A03071D804F12C03C4F89C3034
:100780002722D4E90C3700212046FF1AEDF73EF866
:100790005FFA80F804902046FFF706FFB8F1010FDA
:1007A0000CBF80464FF0000894F84C90002D00F0EC
:1007B000DB80122200212046EDF728F80021824636
:1007C000132204902046EDF721F88346049020463A
:1007D000EBF7CAFEC14514BFE1696169029BA0EB5A
:1007E0000A0214BFA1EB0B018A44A2EB0B0214BF57
:1007F000CB1AA3EB0A0342B102EBD271491007FBFB
:10080000031393FBF2F2236B1344D4F89C20D4E936
:100810000C10B2420CBFE06AA16B8342A8BF034632
:100820008B42B8BF0B461168994210D01360002D5F
:1008300000F0C4804FF400712046EAF7A1FC204686
:10084000ECF754F8002220212046EBF7D8FB07B044
:10085000BDE8F08FD4F89820039B73E702288FD16E
:10086000D5F78EFC04A9F7F7A5FF0322204604A9BB
:10087000EBF74CFF272241462046ECF7C7FF0190DB
:10088000C7B22046FFF790FE012F94F84C301DD1DF
:10089000F8B90599002B57D1D4F888309942FFF662
:1008A0006BAFD4F8803099424BDCA26FD4F8800053
:1008B000D4F88830801A00EBD07002EB6002521A34
:1008C000002AD4F89000B8BF52421CE00028E0D0C3
:1008D00047469F4204992CD1D4F88C308B42FFF6C6
:1008E0004BAF636F8B422CDC626FE06FD4F88430C7
:1008F000801A00EBD07002EB6002521A002AD4F882
:100900008C00B8BF5242C01A00EBD07003EB6003FA
:100910005B1A002BB8BF5B429A421EDD04F12C0328
:10092000C4F89C3094F8A0306FF3410384F8A030F1
:1009300026E7D4F884308B423FF71EAFE36F8B423B
:10094000D2DAC4F89C601BE7D4F8903099423FF7A4
:1009500013AFA36F9942F4DBA7E794F8A030C4F873
:100960009C6043F00203E1E7102229462046ECF7A1
:100970004DFF29468346112204902046ECF746FF9E
:10098000824604902046EBF7F2FDC14514BFA169F1
:10099000216AA0EB0A02039BA2EB0B020DBF8A4463
:1009A0008B44A3EB0B0AAAEB030A02EBD2735B1096
:1009B00007FB0A3393FBF2F3226B25E74FF48071B8
:1009C0003AE72DE9F047BCB00546F9F758FD044673
:1009D0002846EBF7ACFB2722002181462046ECF7A6
:1009E00015FF2090C5B22046FFF7DEFD012D07461A
:1009F00094F84C80204622D177B1FCF76DFA064678
:100A00002046EBF7B4FD824606B3E36A002B1DDAFD
:100A1000A8451DD1E36B1CE0FCF75EFA06462046B4
:100A2000EBF7A2FD8246002E3ED0E36A002B3BDAB4
:100A3000B8F1000F3BD1A36C002501930AE0FCF74D
:100A40004BFA0646002FEAD00025D9E7A845E1D1A8
:100A5000636C009304A8D3F721FB4FF44031204688
:100A600004AAEAF7E5FE3B46524669462046FFF7F0
:100A7000D5FD009B2046C4F88430019B04F1840618
:100A8000C4F88830029BC4F88C30039BC4F89030C3
:100A9000FFF723FE02280CD03246484604A9EEF7A1
:100AA0006CFC3CB0BDE8F087B8F1000FC3D1236CFB
:100AB000C2E7702204A920A8FBF79BF932464846FA
:100AC00004A9EEF75AFCDFB1A8450CBFE36B636CD9
:100AD00000933B46524669462046FFF79FFD009B28
:100AE00070226367019B20A9A367029B04A8E367A8
:100AF000039BC4F88030FBF77CF904F17402CCE767
:100B0000A8450CBFA36C236C0193E2E70A21D0F83F
:100B1000803093FBF1F3012BB8BF0123C0F8803084
:100B2000E1F77CBB0A23D0F88020816F5A43C36F62
:100B3000002BB8BF5B428B42B8BF0B469342A8BFA5
:100B4000C0F88020E1F76ABB426FD0F88010002A1D
:100B500013DA5318002B10DD5B420B44816F8B427C
:100B600006DD90F88530DB0709D5914209D1C36FC6
:100B7000934208D04367E1F751BB1346EDE70B46BC
:100B8000F6E70B46F6E77047426FD0F88010002A70
:100B900012DD8A4210DA8B1A5B1AC16F8B4206DAB9
:100BA00090F88530DB0709D5914209D1836F9342D4
:100BB00008D04367E1F732BB1346EDE70B46F6E793
:100BC0000B46F6E77047FBF787BFFBF7B9BF10B5D9
:100BD0000C4602212046EAF7D3FA2046BDE8104031
:100BE000C8224FF47A71E1F771BC4FF0FF3300680F
:100BF000C362EBF77BBEC162EBF778BE084600210B
:100C0000D8F76EBE10B54FF0FF330C46CB622046CE
:100C10001021EAF7B5FA20460821EAF706FD20463A
:100C2000BDE810404FF48061EAF7FFBC2DE9F041C8
:100C3000C0B00546F9F723FC04462846EBF777FADF
:100C4000064669462046EBF7B5FC08A8D3F726FA16
:100C50004FF40031204608AAEAF7EAFD6A4608A9DF
:100C60003046EEF78AFB2046EBF781FC074604F19D
:100C70001400F9F701F9E26AA0EB0708531C5AD0F7
:100C800043465A4348BFFF3215122722002120460F
:100C9000ECF7BCFDD4E905322490C0B2012808BFAE
:100CA000A8EB0505012F1D443B46B8BF0123059263
:100CB000226A013B2B4407924FF440311222204616
:100CC00006930495ECF7A2FD1322804624904FF47E
:100CD00040312046ECF79AFD1022074624904FF44D
:100CE00040312046ECF792FD05464FF44031249008
:100CF00011222046ECF78AFD049A2490A2EB080208
:100D00000492069A3A440692059A521B0592079A53
:100D1000024424A80792D3F7C1F9204624AA4FF42D
:100D20004031EAF785FD304604AA24A9EEF725FBF9
:100D300040B0BDE8F0812046EAF78FFA10F0010FCD
:100D400014BF45460025A0E707B51222ECF75EFD6B
:100D500003B05DF804FB07B51322ECF757FD03B0B1
:100D60005DF804FB07B51022ECF750FD03B05DF809
:100D700004FB2DE9F04F8BB0074610468A4690469B
:100D80000593F7F7E2FC179B0025C418189B1C4439
:100D9000FB6A03FB0AFADDE915235646D3180793CD
:100DA000FA6A02EB0A03B34203D820460BB0BDE84F
:100DB000F08F7B6B53F8261003EB8600002947D099
:100DC000A946D7F83CC0013A5CF825300692069A4D
:100DD0004A4504D950F804BBBBF1000F1CD10A7876
:100DE00012F0020224D10292079A08319B1A019351
:100DF000149B4246009308A8059BFAF77DFC179ABE
:100E0000099BA9EB05051344189A2E4413449C42F0
:100E1000B8BF1C464D461BE09BF800B009F1010E1F
:100E20001BF0010FDBD05CF82E20F1461344CEE717
:100E30004046F7F78AFC179B1844189B1844A042B9
:100E400006DD4046F7F781FC179BC418189B1C442D
:100E500001360135A4E7F8B500250C462F46D4E944
:100E60000B325343AB42606B0CD808B1D9F772FD1B
:100E7000A06B08B1D9F76EFDE06BB0B1BDE8F840EA
:100E8000D9F768BD50F82530AE0063B1586820B17D
:100E9000D9F760FD636B9B595F60636B9859D9F715
:100EA00059FD636B9F510135D9E7F8BD10B501239A
:100EB0000420C1E90B330C46D9F732FDE063206B07
:100EC0008000D9F72DFD8223E26BA06313600360DD
:100ED000D4E90B315943606B8900D9F745FD0023F4
:100EE0006063036010BD2DE9F3411C4600230546F5
:100EF0000E4698469045236039D127220021284686
:100F0000ECF784FC0190C0B20128284636D1EBF7FB
:100F10001FFF2368034423602846EBF725FB236863
:100F20000021C71A2846FFF716FFEB6B381AA0609E
:100F300053F82830C01A206000231F46B742636070
:100F40002FD100212846FFF70DFF6368034463603B
:100F50002846EBF702FF6368181AAB6B606053F822
:100F6000273018440138E06002B0BDE8F081E96B39
:100F700051F8281008F101080B44BBE7EBF7E8FE35
:100F8000236800211B1A23602846FFF7DDFE236833
:100F90001844EB6B206053F8283018440138A060E7
:100FA000CAE7AA6B52F8272001371344C6E730B5C9
:100FB00085B0D0E910216B460446FFF794FF0099F5
:100FC000002911DA0123002249422046EBF704FFF1
:100FD000019A002A15DA012352420021204605B069
:100FE000BDE83040EBF7F8BE2046029DEBF7BCFAB7
:100FF0008542EDDD2046EBF7B7FA01230022411BC5
:10100000E3E72046039DEBF7B2FA854205DD204673
:10101000EBF7ADFA0123421BDFE705B030BD2DE948
:10102000F04F8DB04FF4A0210446FFF78DFE4FF432
:10103000A02107902046FFF78EFE4FF4A0210890D4
:101040002046FFF78FFE11224FF4A0218346204651
:10105000ECF7DCFB5B224FF4A0210B900546204609
:10106000ECF7D4FB5C224FF4A0210B9006462046FF
:10107000ECF7CCFB5A224FF4A0210B9007462046F8
:10108000ECF7C4FB06224FF4A0210B9080462046CB
:10109000ECF7BCFB4FF4A0210B90814607222046C1
:1010A000ECF7B4FB002182460B90236B994208D3E6
:1010B0002046EBF7A2FA20460DB0BDE8F04FEBF763
:1010C00015BC089B42460293079B2046CDE900735E
:1010D000CDE903B533460991FFF74BFE5045A8BF54
:1010E00050460999A36B4845ACBF43F8210043F82B
:1010F00021900131D9E70121EDF746B80021EDF744
:1011000043B87FB50546F9F7BAF904462846F9F71A
:10111000BAF906462046EDF734F8302E054606D1DA
:101120000022C16A04B0BDE87040E1F7E7BE0B2EB3
:1011300037D1D5F725F810B1037A012B31D02046ED
:1011400002A9D0F751F995F83030204613F00C0F72
:1011500029D0EBF70FFA2722044600212846ECF7A6
:1011600055FB029BE20F0190C0B2224401280CBF44
:10117000C3EB620303EB620393FBF4F4EE6AD4F770
:10118000FFFF24EAE474024600B10122214628460A
:10119000E1F7B4FEB44204D0002220212846EAF749
:1011A0002EFF04B070BDEBF7F5F9039C00EBD07394
:1011B00004EB630494FBF0F4E0E7704710B5486B70
:1011C0000C4618B1D9F7C6FB00236363A06B18B1B6
:1011D000D9F7C0FB0023A363206B18B1D9F7BAFB82
:1011E0000023236310BD7FB590F8642002F0010452
:1011F0008C4218D0003918BF0121C46A61F3000283
:1012000080F864206269036DC56D13440093A3697F
:10121000D0E915161944019132442B4469460292D3
:101220000393EBF738FB04B070BD07B55A220021D9
:10123000ECF7ECFA03B05DF804FB70B50546F9F77E
:1012400022F904462846F9F71AF90646ECF799FF01
:101250002E3CA4B2012C05460BD830460021FDF7E8
:10126000A7FE2846E1F70CFF2846BDE87040E1F7ED
:10127000C7BE70BD90F8643061F3410380F86430FC
:10128000704770B590F870300446C3F3C0028A42CC
:101290000D462BD061F3C30380F870306420D1B1C8
:1012A000D8F75AFB6FF040410646E06AEBF7B1F819
:1012B00000223146E06AECF7A3FE8DB16FF04041A9
:1012C0002046EBF7BDF800232046BDE870401A46E3
:1012D0001946EBF7DEBDD8F73FFB2E460146E4E7A3
:1012E0002A4602212046ECF735FEECE770BD90F867
:1012F00070305B0702D4C06AFDF7D7BE406B704701
:10130000C06C70470068E2F773B890F87000C0F3E3
:10131000C000704738B50446C06AFDF785FF4FF638
:10132000FF73984205460BD0E06A4FF6FF71FDF758
:10133000B6FEE06A4FF6FF71BDE83840FDF7B2BE79
:10134000E06AFDF773FFA842EED138BD73B5C36CF8
:101350000446002B40D07F2301A9ADF80430E2F70A
:1013600029F90128054637D1E06AFDF79EFE0646B9
:10137000E16C2A460139FAF74EF93146E06AFDF789
:1013800017FE2046FFF7C6FF236B3BB1E06AFDF76F
:101390008CFE037813B92046EBF7A8FA94F8703066
:1013A000E16C5B070ED501390122606BFAF733F966
:1013B000656B2846FAF760FE411C2846D9F7D4FA37
:1013C00060B16063E16C20460139E1F73FFF002224
:1013D00020212046EAF713FE02B070BDFEE738B5C3
:1013E0000446C56C691CE1F731FFE36C9D4204D0F3
:1013F0002046BDE83840FFF7A9BF38BDC16C0131B8
:10140000E1F724BFC16C11B10139E1F71FBF70478B
:1014100030B585B00446C16C02AAC06ADFF74AFB4A
:101420005C2200212046ECF7F1F905462046FFF743
:10143000FCFEF7F78AF9039B054401351D44A36CB4
:10144000E06A03950293EBF792F885420ADA0122EB
:1014500002A9E06AFDF72BFEA56C01462046E1F7E4
:10146000F5FEA56405B030BD30B585B00446C16C4D
:1014700002AAC06ADFF71EFB5C2200212046ECF7BF
:10148000C5F905462046FFF7D0FEF7F75EF9039B46
:10149000284401381B1A0393A36C012202A9E06AB5
:1014A0000293FDF704FE01462046A56CE1F7CEFE4F
:1014B000A56405B030BD2DE9F7430446F8F7E3FF16
:1014C00005462046F8F7DBFF0B2D044645D1D4F73F
:1014D00057FE10B1037A012B3FD02046EBF74AF8B4
:1014E00006462046EBF756F8694607462046CFF7F2
:1014F0007BFF009D06EBD67305EB630595FBF6F5C8
:101500007543019E07EBD77306EB630696FBF7F670
:101510004FF000087E432046ECF769FE404501D8B5
:101520000F2516E041462046ECF72EFE0746EAF767
:10153000E2FF81463846EAF7F1FF4D4510D1864279
:101540000ED1E76200222021204697F82C50EAF7BE
:1015500056FD29462046EBF7B3FB03B0BDE8F08308
:1015600008F10108D7E70120DBF760BD08B5D8F71F
:1015700029FDBDE808400520E8F734BA08B500F0B9
:1015800098FCE2F7F3FB00F0B8FCFFF7EFFFFAE797
:1015900013460422E6F7C8B913460422E6F7C4B995
:1015A00013460422E6F7C0B937B5154604468DF850
:1015B0000710C8B1417800220078FFF7F1FF002240
:1015C00061792079FFF7E8FF2A46A0680DF107014D
:1015D000E3F7C4FF054648B9207801226178FFF798
:1015E000DFFF284603B030BD0120FBE70220F9E70A
:1015F00037B5154604468DF80710C8B1417800226A
:101600000078FFF7CDFF012261792079FFF7C4FF51
:101610002A46A0680DF10701E3F7A0FF054648B987
:10162000207801226178FFF7BBFF284603B030BD68
:101630000120FBE70220F9E72DE9F0410F461646AD
:101640002B21012204461D46BDF81880FFF7ACFF90
:10165000B0BB0122390A2046FFF7CAFF0122F9B2C6
:101660002046FFF7C5FF0122310A2046FFF7C0FFE1
:101670000122F1B22046FFF7BBFF01222A212046BA
:10168000FFF792FFE0B9290A01222046FFF7B0FFD9
:10169000E9B201222046FFF7ABFF4FEA18210122F1
:1016A0002046FFF7A5FF5FFA88F101222046FFF7E9
:1016B0009FFF2046BDE8F04101222C21FFF774BFB7
:1016C0000220BDE8F08110B5044610B9012420467F
:1016D00010BDC17800228078FFF75AFF3220E8F76A
:1016E00081F90122E178A078FFF752FFC820E8F7DE
:1016F00079F9012220461146FFF756FF0028E5D16F
:10170000C820E8F76FF9012211212046FFF74CFFAE
:101710000028DBD17820E8F765F901221321204663
:10172000FFF742FF0028D1D1012220212046FFF7F8
:101730003BFF0028CAD1012226212046FFF734FFB3
:101740000028C3D1012208212046FFF751FF0028BD
:10175000BCD1012234212046FFF726FF0028B5D155
:10176000012238212046FFF71FFF0028AED10122B9
:10177000B1212046FFF718FF0028A7D101222C2114
:101780002046FFF735FF0028A0D10122B5212046D1
:10179000FFF70AFF002899D1012220212046FFF7F8
:1017A00027FF002892D1202101222046FFF720FFA9
:1017B000014600288AD101222046FFF719FF0028A0
:1017C00084D1012220212046FFF712FF00287FF458
:1017D0007DAF0122C5212046FFF7E6FE00287FF4F9
:1017E00075AF01221C212046FFF702FF00287FF47D
:1017F0006DAF0122C3212046FFF7D6FE00287FF4FB
:1018000065AF01229A212046FFF7F2FE00287FF4FF
:101810005DAF01222A212046FFF7EAFE00287FF46F
:1018200055AF012236212046FFF7BEFE00287FF487
:101830004DAF012288212046FFF7DAFE00287FF411
:1018400045AF01223A212046FFF7AEFE00287FF483
:101850003DAF012205212046FFF7CAFE00287FF494
:1018600035AF204601222921FFF79EFE04460028BD
:101870007FF42CAFC820E8F7B5F828E77047704729
:1018800070477047704708B5E2F72CFD00F0F9F992
:10189000BDE80840E2F71ABD704708B5E2F792FECE
:1018A000E2F746FF00F0D0F8E2F78CFCE2F704FD27
:1018B000BDE8084000F051B808B500F010F800F09D
:1018C0000AF8BDE80840E2F78BBC704770477047E4
:1018D000704770477047E2F795BCE2F7E7BC0F200E
:1018E000704770B5002506462C46052C20D8DFE849
:1018F00004F003070B0F13175B210820E2F7C8FE63
:101900000C210820E2F7C4FED1210820E2F7C0FE36
:1019100080210820E2F7BCFE00210820E2F7B8FE93
:101920006C1C2946E4B208202546E2F7B1FE0624E5
:10193000A4F10E03012B05D85A210820E2F7A8FED6
:101940000134D2E7102C05D1BDE870405D2108209C
:10195000E2F79EBEB31F195DEFE708B5082000F05F
:1019600025F8BDE80840082000F02BB807B5012392
:1019700020F07F4040EA8170019068460093FFF7B5
:10198000B0FF03B05DF804FBFEE700239A4200D1EC
:10199000704710B550F8234041F8234001339A4274
:1019A000F8D110BDFEE70023036070474FF060429E
:1019B0000123D2F8001E83400B430020C2F8003EF2
:1019C00070474FF060410122D1F8003E824023EA87
:1019D00002030020C1F8003E704710B588B00C46E5
:1019E0000E99009207910D99024606919DF83010CC
:1019F00005910B9904919DF8281003910021CDE9E0
:101A0000013108462346E3F7D3F808B010BD10B5FE
:101A100088B004460E98009207900D9822460690D2
:101A20009DF8300005900B9804909DF828000390D5
:101A30000020CDE901300B460121E3F7B9F808B0E9
:101A400010BD01B108477047E2F772BEF0B585B02E
:101A50000446857A90F808E0477AC27A90F80CC07C
:101A6000467BE37B807B8DF8085084F844200D464C
:101A700084F845308DF800E08DF801C08DF80470D1
:101A80008DF805608DF809008DF80C208DF80D306B
:101A9000002938D0257FE5B92A4604216846E2F7B7
:101AA00063FE2A46012101A8E2F75EFEA37F04211E
:101AB000012B94BF2A46012202A8E2F755FEE37FDC
:101AC00023B90122042103A8E2F74EFE002005B04D
:101AD000F0BD002201216846E2F746FE0421002203
:101AE0000DEB0100E2F740FEA37F0221012B94BF22
:101AF0000022012202A8E2F737FEE37F002BE5D1A6
:101B000001220221DFE70A4668460221E2F72CFEA5
:101B10002A46022101A8E2F727FEA37F0221012B1A
:101B200094BF2A46012202A8E2F71EFEE27F002AA5
:101B3000CCD11146C7E710B504460021E5F7DAF924
:101B40002046BDE810400521E5F7D4B910B504469C
:101B50002320E7F791F830B994F85430002BFBD0EC
:101B600005E0E3F7F5F994F85430002BF9D010BDF7
:101B700070B5054614460E4601F07FF82B685C40B0
:101B800034405C402C60BDE8704001F071B808B58D
:101B900000F094FCBDE808400021E4F781B800297A
:101BA000CCBF01210021E4F77BB802214FF4207063
:101BB000E4F738BD70477047436D0B42FCD1704766
:101BC00008B54368DA0714D58368DB0702D50369D3
:101BD000D90707D50A2350218363FFF7EDFF836CF4
:101BE0009A07FCD1012200F500535A6043689B0715
:101BF000FCD408BD836C5B06FCD541647047836CE4
:101C00005A06FCD54164836C1B06FCD5C06B80B2C0
:101C1000704770B5054614460E4601F02EF82B6845
:101C20005C4034405C402C60BDE8704001F020B85E
:101C300070B5054614460E4601F01FF82B685C404F
:101C400034405C402C60BDE8704001F011B830B504
:101C500021FA00F2D207034600F0FC040FD500225F
:101C60000132D2B2042A02D14FF0FF3008E08318CB
:101C700003F00303234421FA03F5ED07F0D41846DB
:101C800030BD00F000B800207047E6F7F7BD70B532
:101C90000C46154610B9E7F783F838B143682BB105
:101CA0002A462146BDE8704000681847232070BDD1
:101CB000F7B50D4616461C4648B103B901ACC768D6
:101CC0005FB12346324629460068B84706E0E7F789
:101CD00067F804B901AC0028F1D1232003B0F0BDAE
:101CE000D0F8A0301B689A6C120643BFDB6B002053
:101CF0000B701B20704738B50446D0F8A0301D6823
:101D0000AB6C5906FCD5002394F8A9101A4694F838
:101D1000A800E5F709FE002394F8AB101A4694F8E2
:101D2000AA00E5F701FE94F8B030DA0707D50023E2
:101D300094F8AD101A4694F8AC00E5F7F5FD94F868
:101D4000B0309B0707D5002394F8AF101A4694F8DB
:101D5000AE00E5F7E9FD042205F500530021284611
:101D60001A65E5F7C7F8D4F8A40000F0A2FF002038
:101D700038BD08B5D0F8A0301868FFF73BFF002049
:101D800008BD00207047FEE74FF4005300204B6071
:101D90007047012070470020704707B5002001AB55
:101DA0000190FFF785FF0198002808BF4FF0FF3032
:101DB00003B05DF804FB80F89510704790F895002B
:101DC000704737B592F85430144633B1936D0BB168
:101DD000D06D9847002384F8543094F896301BB3A4
:101DE0002046E7F741F9F8B1236E132120465B68DE
:101DF00098471025236E20461B680DF10701984770
:101E000078B99DF8073003F0FD02112A05D1A3F13E
:101E100011025342534184F89C30013D15F0FF05F7
:101E2000E8D12046E7F7B0F9002084F8540003B069
:101E300030BD70B590F8943005460C46C3B10B69BF
:101E4000B3F5006F16D800F021FF95F88C300646E8
:101E500065614BB1214605F19000E2F791FB3046F8
:101E600000F00FFF002070BD2046E7F753F9F6E7BA
:101E70000E20F8E72120F6E738B548B100240568C0
:101E800000F004FFC5E9164400F0FBFE204638BD13
:101E90002220FCE77047704708B5FFF7F4FCFFF716
:101EA000FCFCFFF709FDFFF710FDBDE80840FFF758
:101EB0000DBD08B5FFF7EEFFE6F74CFFE6F752FE63
:101EC000FFF7E3FEE6F764FEE7F752FDFFF7E3FFF7
:101ED00000F007F8FFF7E0FCBDE80840FFF7DCBFC3
:101EE000704708B5FFF7CBFCFFF7CAFCFFF7C9FC4A
:101EF000FFF7C8FCFFF7F4FF08BD08B5FFF7E7FCE4
:101F0000FFF7E6FCFFF7E5FCBDE80840FFF7E2BCA1
:101F100030B54FF47F41002200240025C0E90012B3
:101F2000C0E9024530BD10B54388DB070DD5846894
:101F30006368013B636043B9236820461B68984788
:101F40002046BDE81040D8F705BD10BD70B5044669
:101F500000F5A87500F11006B54204D0103D2846E2
:101F6000FFF7E1FFF8E7204670BD2DE9F84307468B
:101F7000884614460026D4E90195B9F1010905D532
:101F80002468002CF7D13046BDE8F883AB89012BDB
:101F900007D9B5F90E30013303D029463846C0477A
:101FA00006436835E9E710B50C46B1F90E10E8F7BD
:101FB00023F90028ABBF636DA3891B1823F480535A
:101FC000ACBF6365A38110BD2DE9F0411F468B892D
:101FD00005460C46DB05164605D502230022B1F95D
:101FE0000E10E8F7F7F8A3893246B4F90E10284628
:101FF00023F48053A3813B46BDE8F041E8F71EB9C6
:1020000010B50C46B1F90E10E8F7E4F8431CA389AB
:1020100015BF606523F4805343F48053A38118BF38
:10202000A38110BDB1F90E10E8F7C4B8024403460D
:10203000934200D1704703F8011BF9E770477047DE
:1020400070470B4601461846E8F778B90A44431E24
:10205000914200D1704710B511F8014B914203F83D
:10206000014FF9D110BD9368013B002B936010B470
:1020700008DA9469A34201DB0A2903D15DF8044B15
:1020800000F037B91368581C1060084619705DF8E5
:10209000044B7047F8B506460F461446D518AC42B7
:1020A00001D1002007E03A4614F8011B3046FFF743
:1020B000DAFF431CF3D1F8BD2DE9F04716469846E8
:1020C0008A6807460B690C46DDF820909342B8BF3A
:1020D0001346336091F843200AB10133336023681B
:1020E000990642BF336802333360256815F0060550
:1020F00006D104F1190AE36832689B1AAB422BDC63
:1021000094F843302268003B18BF0123920630D474
:1021100004F1430241463846C847013023D02368C2
:102120001A3454F80A2C03F00603042B0ABF54F89F
:102130000E5C002533684FF0000608BFED1A54F816
:10214000123C08BF25EAE5759342C4BF9B1AED18FF
:10215000B5421AD1002008E00123524641463846D4
:10216000C847013003D14FF0FF30BDE8F08701359B
:10217000C1E7E1185A1C30200233224481F84300A1
:1021800094F8451082F84310C2E7012322464146E5
:102190003846C8470130E6D00136D9E7B1F90C20FE
:1021A0002DE9F041170705460C4656D44B68002B25
:1021B00002DC0B6C002B3DDDE66A002E3AD00023DA
:1021C00012F480522F68216A2B6025D0626DA3899A
:1021D000580705D56368D21A636B0BB1236CD21A0A
:1021E000216A0023E66A2846B047411C24D0002318
:1021F000636023692360A389DA0400D56065616B9D
:102200002F60B9B104F14403994202D02846E8F79F
:102210004BF8002363630DE001232846B047461CBA
:102220000246D4D12B68002BD1D01D2B01D0162B08
:102230002AD12F6000202EE02A68B4F90C3042B178
:102240001D2A01D0162A21D100236360236923604F
:10225000D5E7626022692260CEE70F69002FE9D0DE
:1022600093070E680F600CBF4B690023A6EB0708AD
:102270008B60B8F1000FDDDD43463A46216A2846FF
:10228000A66AB047002808DCB4F90C3043F04003DC
:102290004FF0FF30A381BDE8F0810744A8EB0008B0
:1022A000E7E738B50B6905460C4613B90025284603
:1022B00038BD18B1036A0BB9E7F752FFB4F90C3017
:1022C000002BF3D0626ED00704D4990502D4A06D20
:1022D000FFF7B5FE28462146FFF760FF636E05460F
:1022E000DA07E4D4A3899B05E1D4A06DFFF7A8FE2B
:1022F000DDE7F8B50E461446054618B1036A0BB97A
:10230000E7F72EFFA369A360A3891A0701D5236904
:1023100043B921462846E8F763FA18B14FF0FF3772
:102320003846F8BD2368F6B222693746981A6369C1
:10233000834205DC21462846FFF7B3FF0028EDD194
:10234000A368013BA36023685A1C22601E70431CD3
:1023500062699A4204D0A389DB07E1D50A2EDFD156
:1023600021462846FFF79DFF0028D9D0D6E7C9B2FD
:102370000346024410B59342184601D1002003E001
:10238000047801338C42F6D110BD70B50C46B1F91A
:102390000E1096B0154600291E460CDAA3890021BE
:1023A00013F0800F14BF40234FF48063002031608E
:1023B0002B6016B070BD6A46E8F768FA0028EDDBBE
:1023C000019901F47041A1F50053594259414FF46C
:1023D0008063EBE78B89F7B59D0706460C4607D56A
:1023E00004F14703236023610123636103B0F0BD5F
:1023F00001AB6A46FFF7C9FF009F054630463946E4
:10240000E7F79EFD48B9B4F90C309A05EED423F0F5
:10241000030343F00203A381E2E7A389206043F0B2
:102420008003A381019BC4E904075BB1B4F90E10DA
:102430003046E8F73DFA28B1A38923F0030343F0BF
:102440000103A381A3891D43A581CFE7014B186830
:10245000704700BF382402200A4B1B6F03F00703AC
:10246000013B032B03D8DFE803F00A030608FEE76D
:10247000054B18687047054BFBE705487047054852
:10248000704700BF00800050382402204024022002
:1024900080D54302002D310108B5FFF7DDFF054B64
:1024A0001B6FC3F303330133B0FBF3F0024B18602F
:1024B00008BD00BF0080005034240220004870474F
:1024C00000B4C40400487047002D3101014B186866
:1024D000704700BF402402200048704780D5430267
:1024E0004FF40022184B5A664FF0B4439868C0F37B
:1024F00004400C280AD8DFE800F00B090909090993
:10250000072119091B1D1F00104870470020704744
:102510009B6803F04073B3F1807F11D0B3F1007F6B
:1025200010D00B4A002B08BF10467047094870476F
:10253000094870470948704709487047094870477B
:10254000094870470948704700900050405DC60038
:1025500000093D00C0EA210180BA8C010048E80171
:10256000005A62020024F40080841E0040420F00E2
:10257000014B1868704700BF3C24022008B50A4A86
:10258000127852B107280AD8084A02EB00131B7BC5
:102590003BB1E5F793FD002008BD0548FCE7054881
:1025A000FAE70548F8E700BF69230220341102204A
:1025B000028000F0018000F0078000F010B50B4AA7
:1025C0000C46127862B107280CD859B1084A02EBC0
:1025D00000131B7B43B1E5F78DFD2070002010BD7B
:1025E0000448FCE70448FAE70448F8E769230220B6
:1025F00034110220028000F0018000F0078000F01A
:1026000010B50B4A0C46127862B107280CD859B1A4
:10261000084A02EB00131B7B43B1E5F78DFD2060F8
:10262000002010BD0448FCE70448FAE70448F8E736
:102630006923022034110220028000F0018000F0A2
:10264000078000F010B5044620B94FF4D871124845
:10265000FFF7A8F923782BB1012B17D0022B18D044
:10266000032B05D140F2FF736278D340DB0704D41B
:1026700040F2B3110848FFF795F9012263782178F9
:102680009A4030235943054B5A5010BD40F2FF1376
:10269000EAE743F6FF73E7E72C7F030840D00350D7
:1026A000034B5A68D20702D5DA69002AF9D170477C
:1026B00000C00A5038B9064B5A68D20702D59A6D45
:1026C000002AF9D170478C210248FFF76BB900BF8F
:1026D00000C00A50DF80030810B9044B59647047EA
:1026E00040F2C7110248FFF75DB900BF00D00A50A1
:1026F000DF80030810B9044B5964704740F203218E
:102700000248FFF74FB900BF00E00A50DF8003081E
:1027100010B9044B1964704740F23F210248FFF79B
:1027200041B900BF00E00A50DF80030808B510B9C6
:10273000044B186C08BD044840F27A21FFF732F9C7
:102740000020F7E700C00A50DF80030838B50446D0
:102750000D46FFF7AFFF14B91DB1012D04D00020C5
:1027600001E0034BD86C38BD014B186DFBE700BF8F
:1027700000C00A5070B506460D461446FFF79AFF92
:1027800016B915B1012D03D070BD034BDC64FBE716
:10279000014B1C65F8E700BF00C00A5070B50D463C
:1027A00008B3036813F4E07F03F03F06C3F382121B
:1027B00012D0012A12D0022A15D10C4C9B0603D547
:1027C00091210B48FFF7EEF855B104F58054012331
:1027D0000020B340236070BD064CEFE7064CEDE7E8
:1027E00004F50054F3E70E20F5E700BF6C800050BD
:1027F0005D7D0308648000506880005030B50E4C49
:10280000416123688BB9206083600DE0891A9A6862
:102810001D4641616AB113465A698A42F6D935B1FB
:10282000A860521A83605A6130BD0025F4E7206029
:10283000F7E798608260F7E7F01102200D490B6816
:10284000A0B10022A3B1834203D1836822B90B60F7
:1028500003E01A469B68F5E7936083680BB9002094
:1028600070475A6941690A445A61F8E72220704763
:1028700002207047F011022038B500F08DF90025D4
:10288000084B094C1A682368C31A2AB123B151694D
:10289000994203D3C91A5161206038BD55615B1A52
:1028A0009268F2E7F0110220EC11022038B5154DC4
:1028B0002B682BB35B69A3B1134A022014681C4434
:1028C00000F08AFA204600F07BF900230F492A68BD
:1028D0000B7022B1D08880070AD501230B7000202D
:1028E00038BD022000F078FA022000F0B3F9ECE7DE
:1028F0009268002AF3D050690344012BEAD9EEE72D
:102900002220EDE7F0110220EC11022078230220B2
:1029100070B516469DF81420C0E903360271049A7A
:10292000BDF818300260002204460D468260C38064
:10293000EEB900F031F92844A0619DB12E4600F0B7
:102940009CF90546FFF798FF31462046FFF756FFF2
:10295000104B1B68A34201D1FFF7A8FF284600F0E7
:1029600087F902E0E36865617BB9002070BD00F083
:1029700013F93044A061002DE0D1E3686561002BBC
:10298000DDD0204621689847D9E72046216898473E
:10299000EBE700BFF011022038B5044618B300F091
:1029A0006CF90546FFF768FF104B1868A04209D084
:1029B0002046FFF743FF044680B1284600F058F94F
:1029C000204638BDFFF73AFF04460028F5D1FFF74F
:1029D0006DFF222802D1022000F02AF9284600F0DB
:1029E00047F90024ECE72224EAE700BFF0110220B7
:1029F00038B50C460546A8B1A1B100230B7000F014
:102A000045F90121084B1B6833B900F03AF9002061
:102A100038BD9D4204D121702278002AF9D0F4E714
:102A20009B68F1E72220F3E7F011022038B500217E
:102A3000044640F2E730054B4FF47A721D680023DC
:102A4000E5FB0401E7F7B8F838BD00BFF411022038
:102A50002DE9F843C207044607D54B4A13680133F2
:102A60001360FFF709FFFFF721FFA30740F18A80FA
:102A700000F00CF94FF0000805464646FFF7FCFE53
:102A8000424F3C680CB16369A3B10022404B012E58
:102A90001A7003D118F0020F18BF1E70FFF706FF5F
:102AA000222802D1022000F0C3F82846BDE8F843EE
:102AB00000F0E7B823465A693AB91A792179914268
:102AC00088BF1C469B68002BF5D1284600F0D9F83A
:102AD0002569DDB100F060F8A269A0EB02084FEAB9
:102AE000E873A84573F1000311DB23691344A36164
:102AF000E36813B1204621689847B4F8068000F0D7
:102B0000C5F801360546FFF7B7FEBAE7A84600F05C
:102B1000BDF881462046FFF791FE484600F0B1F827
:102B20002369002BE4D0B5EB08054FEAE87363EBAB
:102B30004303012D73F1000304DA40F247611548A5
:102B4000FEF730FFA38B33B1E28B13449BB2B3F596
:102B50007A7F0FD2E38300F099F880462946204619
:102B6000FFF74CFEA369226940461344A36100F0BD
:102B700088F8BDE7A3F57A73E383A369013D013BC0
:102B8000A361E8E7BDE8F883F8110220F011022004
:102B9000772302204684030808B5FFF781FD014B27
:102BA000986908BD00C00A5007B5044B01A91879FF
:102BB00000F077F8019803B05DF804FB7882030811
:102BC000F8B5044600F059F80746FFF769FD154BC4
:102BD0009D6900F0FDF806460020FFF7A7FD83077A
:102BE00004D4731B032B01D8AE420FD10021631B09
:102BF000022B98BFEC1C0846B4F1FF3F2CBF2246C5
:102C0000621EFFF7B7FD022000F0E6F8384600F03C
:102C10002FF8054B1A7822B10121044A9164002251
:102C20001A70F8BD00C00A50AA24022000D00A5031
:102C3000830700F0010106D50123044A41F0020197
:102C40001370034A93640020FFF754BDAA240220A6
:102C500000E00A50830742BF0222014B1A6470470A
:102C600000D00A504FF4004070474FF47A7070471C
:102C700010B962B6BFF36F8F7047EFF3108072B672
:102C8000704780F31188BFF36F8F7047EFF31180A7
:102C9000302383F3118870470123816480F8543016
:102CA000704709B100F008B8222070470121FFF7F2
:102CB00075BD0021FFF772BD70B506460D46FFF7E2
:102CC000E5FF0446202E59D8DFE806F0111A581FF8
:102CD000222558282B582E58313458373A3D584021
:102CE0005843585558465849584C584F5200FFF7CA
:102CF000B3FB002628602046FFF7C3FF304670BDB7
:102D00004FF4C070E3F71EF8F3E74FF42070F9E7D3
:102D10004FF44070F6E74FF46070F3E74FF4007043
:102D2000F0E74FF48060EDE74FF44060EAE74FF4DE
:102D3000C060E7E74FF4F060E4E74FF4B060E1E72C
:102D40004FF4D060DEE74FF41060DBE74FF4E06053
:102D5000D8E74FF4A060D5E74FF41860D2E74FF4FE
:102D60002860CFE74FF48070CCE74FF42060C9E7CC
:102D70004FF44860C6E74FF40860C3E700202126FF
:102D8000B8E700230B707047F0B587B01F460023EB
:102D90000D46164604468DF81730A8B1C3610DF1F3
:102DA0001701FFF725FE9DF817207AB9BDF83430DA
:102DB000294602939DF830302046CDE90073334612
:102DC000FFF7A6FD07B0F0BD2220FBE70320F9E7DF
:102DD00000210846FFF7BABC00F00101830748BF95
:102DE00041F002010020FFF777BC38B5FFF74EFF36
:102DF00004460020FFF79AFC830700F0010548BF56
:102E000045F0020500F003010020FFF781FC284691
:102E1000FFF71EFE2046BDE83840FFF732BF000036
:102E2000F8B500BFF8BC08BC9E467047F8B500BFB7
:102E3000F8BC08BC9E4670476F626A000000000044
:102E400015AC0108D3B5010873B2010800000000F9
:102E5000382E03088200000082000000CA02000031
:102E600010004000000402041000100040000004A4
:102E700008104000010000E0010000E0010000E057
:102E8000010000E080808081818282838485868742
:102E9000898A8C8D8F91939597999B9EA0A2A5A7C7
:102EA000AAADAFB2B50055AAFF0011223344556652
:102EB000778899AABBCCDDEEFF000000315F0008E7
:102EC000A95D0008000000001000000003000000E1
:102ED00000FF0100E02E03080000000000000000D9
:102EE00084410308943C0308F03B0308F42E0308D4
:102EF00010000228042F03084F3B0308B13A0308CF
:102F00003D31000000010000000000000001000051
:102F100002000000000200000000000000000000AD
:102F200000000000000001000000000000000000A0
:102F30000000000000010A0006FB00000000F4F39E
:102F4000020B0504F7020B01090207000000000054
:102F50000000000000000D02FE0000000000000064
:102F600000000000000400F90000000000FC040460
:102F70000000FE00FE0200FE00FEFFFC000000005C
:102F8000FE0000FDFD0000FE00FC0000000000004F
:102F9000000000FEFE00FD00FA00E50000FC000459
:102FA000070000FC02020704FC040000F30000001C
:102FB0000000000000000000F80000000000000019
:102FC00000000000000000FAFDF500F7FE00000020
:102FD00000000900F9FEFF0100FC0000FEEF000008
:102FE000000000000000000000EEFE0900000000EC
:102FF0000000000000000000F700000000000000DA
:103000000000000700020000FC00000000000000BB
:1030100000000000000000000000090201000000A4
:1030200000000000000000000000000000000000A0
:103030000000000000000000000000000000000090
:1030400000000000F8000000000000000000000088
:10305000000000000000000000000002040207FE63
:10306000000004FEF9E102060400FD00080007006C
:103070000700EB00FD070007FE0402000001FE0050
:1030800000FC12001200070009030407000000F80A
:103090000000000001FE0002FCFDFC0200FE00003A
:1030A00000F70000000000000000000000F1000038
:1030B0000000000000000000000000000001F4001B
:1030C000F200000000FE0016FDFD0202FE00FD02FF
:1030D0000000F40000000000000000000000EA0012
:1030E00002000000000000000000000000F2000DDF
:1030F0000000F8000700F1EAF1FC070000F100030E
:10310000FB00FD00000000000000000000000006C1
:1031100007E50000000000000000000000000B00B8
:103120000200000000000202FDFC00FFFFFE0000A4
:10313000FE000000FC00FE00FBFC00FAF9F9FC00B8
:10314000FC00FC00000000FE0000020002FE000186
:1031500000000002FE000000FE0202FF000000FC72
:1031600000FF0000000000010003FE00FD00FC0065
:1031700000FE00070000FE0000000000FF01FEFE50
:103180000000FE00FE000000000000000000FFFF45
:1031900000FEFD0000000000010000FE00FEFEFE3B
:1031A000000000000000000000FF00000000FEFD25
:1031B00000FD00F9FEF9040000FC02040600FAFF1D
:1031C000FD00FFF502FE02F402000001F400F4FE2F
:1031D000EDFE00F50004060003000000000000FC06
:1031E000FD00F9000000FE000000FE0000000000ED
:1031F000FFFF00FFFD00000000000000FEFE00FEDB
:10320000FDFE0000FE0000000000000000000000C5
:10321000FEFE00FD00FE00FC020000FD01020200B7
:103220000000000000FE0000000000020000FE00A0
:10323000FEFEFD000000000000000200FE00000095
:1032400000FEFD00FC0007FE01F9000006F5F4F7A2
:10325000FC0200FEF1FC00FC00FC03FCF200FA00A2
:103260000001FF02FE000200F9F700F5FBFBFBF98D
:10327000FDFA00FCFA01000100FE0000000200025D
:103280000000000000000000000000FE00FF00FF42
:10329000FE00FCFBFBFF00F9000000000000FE0048
:1032A00000000001FF00000002000000000000001C
:1032B000000B00000000000002000000FE00000003
:1032C0000000000000000000FC0002000000000000
:1032D0000000000000000000FE000000FC000000F4
:1032E00000F5F9000000FDF50000FE0200FA000004
:1032F0000000000000000000FC0000FC00000000D6
:1033000000000000000000000200FC0000000003BC
:103310000002FCFC00FEFEFD000000000000F900C1
:10332000FE00FDFE00FBFAF9FE00FC00F9000000C3
:1033300000120000010000FD000200F60000000085
:1033400000EBFC0707FEF70002FD00F5FFFD02F0B1
:10335000FE030003F8FDF8F9F70000F3000D00008C
:10336000FF000000FFFFFEFAF900EB000000000084
:10337000000000000100000000000000000000004C
:103380000000000000FE00FFFEFD0000FC00FE004B
:103390000000000000000000000000000000FF002E
:1033A000FC000004FF0300FB02FEFFFAFE00FDFE2E
:1033B000FE00FDFC0000FEFFFEFCFD0000FE000222
:1033C000FE00FB000000FC00FC00FCFC0200000012
:1033D0000000000000FC0200FD00FEFDF9FEFEFE04
:1033E000FFFEFDFF0000000000FEFEFE00000000EA
:1033F00003FE00FE000000FEFDFEFEFDFE000209D1
:10340000FF00FA00FE0400FEF7FD030000F5FC02D9
:10341000FC0200FEFEF900FD010000FC00000002BD
:1034200002FCFC00FCFEFDFEFE00FC01FCFC0700B3
:10343000000000000000000002000000000000008A
:10344000000000000000000000000000000000007C
:10345000FC00000000000000000000000000000070
:10346000000000000000000000000000000000005C
:10347000000000000000000000000000FE0000004E
:10348000000000000000000000000000000000003C
:1034900000000000000000000000FEFE0000000030
:1034A0000000000000000000FD0000FD0000FEFE26
:1034B00000000000FE00000000FF0000000000FE11
:1034C00000000000FD00FC000000F90002FB040009
:1034D000FEF50000FBFE00F7FAFA0000F6FEF7F733
:1034E000F500FA00020FFD00FBFEFFFEFCFAFCF8FF
:1034F000F7FBFE0000FE00010000F0FE0705FBF8F0
:103500000001F900F5FEFE04EBFD010000F1FDF401
:10351000FEF00000F0000D0100FE00000000FFFEC4
:10352000F7FE00F100000000F900FE00FFFAF500D0
:1035300000FFFDF9FE00FE00000000F6FEF9F9FEB6
:10354000FCFAFEFC00FCFEF9FD00FDFCFEFC0001A7
:1035500000FEF9000400FC00000000030002FC096A
:1035600000FEFEFD000000000000F900FE00FDFE70
:1035700000FBFAF9FE00FC02090000000012000046
:10358000010000FD0002000000000000000000003B
:1035900000000000FEFC0000000000FF000000FE34
:1035A000FE0000FCFE0000FC0004FF000000000024
:1035B000000100000000030402FE00F9FC0007F90E
:1035C000F9FCFC090402EDFE04FE00FE02FEF80018
:1035D000FE02FDFEF9FE0000070400FA00F4FD06FD
:1035E000FDF701FDF9F9FE090200FD00FA000207EE
:1035F000FBF8F7FA070001F0FE02FCFEFB00FBF807
:10360000FDFDFE0000FBFBFE000705FEF400F4FDDF
:1036100000F8F3FFF9FCF9FA060000FD00FCFE00DB
:10362000FEFC0004F9020000F400FEFBFCFEF9FAC7
:10363000F9FB00F9FEFBFCF9FE0000010BFC00F9B0
:10364000FE00FEFCFBFAFAF7FDFC0400FD00F5FDB0
:103650000104F9F8FCF907FE01EBFC04FBFCF8009F
:10366000F9F7FDFEFEFEFBF9FF00000706FEF10084
:10367000F3FB05F7F1FCF8F7F5F90400000000FD95
:10368000000002FD0402FC040000F9FF00FF00013D
:1036900001FE000000000000FE0000000002070024
:1036A00000FD00000000FEFEFD0000000102000021
:1036B00000000200FE000900040101FD00040000FA
:1036C00000020000000000000000000000070006EB
:1036D0000000000000000000000000000000F300F7
:1036E000FE04000700001603FCFC0202FE01F500C8
:1036F000000BF30000000000000000000000F109D2
:103700001F000000000000000000000000F30000A7
:1037100000000000000000000000000000000000A9
:103720000000000000000000FC0000FCFE000000A3
:103730000000000000000000000000000000000089
:10374000FE00FA0000010000021DFCFE0706FA025E
:1037500000000202FD000000000000000000000068
:10376000E306000000000000000000000000000070
:10377000000000FA000000FA00000000FBFF00005B
:1037800000FB00FD00F5000000000000000000004C
:1037900000F10000000001000000000000FE000039
:1037A000FC00FD00FA000000FC02FD0000FAFEFB38
:1037B0000000FA00FE00F500FE0000EEFCF7FEF847
:1037C0000000F100FAFF0000000000000000FDFC16
:1037D000FEFC00000000FB00FB03FE0400FEFBFEFD
:1037E000FCFC00FDFFFE02FAFF000000ECFEFD0005
:1037F000FB00FEF5FE0000FEFE000000000200FEE1
:10380000FCFE0400000000000000000000000000BA
:1038100000000000000000000000000000000000A8
:103820000000000000000000000000000000030095
:103830000000000000FB00FE000000FC0200000091
:10384000FAFEFC0000FA00FE00F500000000EA00AD
:10385000FCF8F50000F100FEFD0000000000000093
:1038600000FEFDFFFD01000004FD00070BFEFEF958
:10387000030B0405FA030903060506000000000017
:103880000000000000000E0BFCFE00FE120A1200F9
:103890000000020000080000FC0000000000000022
:1038A0000000FE0000000000000000030000000017
:1038B000EDFDFEF7F50000F1000000000000000043
:1038C000000000000000000000FC000000000000FC
:1038D000000000FE000000000000000003000000E7
:1038E00000EDFDFEF7F50000F7000000000000000D
:1038F000000000000000000000000000FE000000CA
:10390000FB0200FE020402F90000FE0200020000B9
:103910000000FA00FEFEFC00FEF7000EFE00FBFEBB
:1039200000FEFC00FEFAFCFD000000FC00000000B0
:103930000000000000FE0000000000000000030086
:10394000000000EDFDFEF7F50000F10000000000B2
:10395000000B00000000000000000000FC00F9FD6A
:10396000FE07FEFEF701FF01FEFA0005000201025C
:10397000FBF7FD00F7FCFAF7F700FCFCFDFDFEFE8F
:10398000FDFE00FEFF030003FE0007000000000034
:1039900000000000000000FEFEFE0000FA00FF0034
:1039A000FC0000000000000000000000F300000028
:1039B0000000000000000000FEFE00FD000000000E
:1039C000FE0000FCFE0200FCFCFE00FAFEFBFEFD19
:1039D00000FC0000000000000000000000F10007F3
:1039E0000000FC00000000FD00FE0000FF0000FEE3
:1039F00000FB000009FDF9F902020200FA020302CD
:103A0000070207FEFA0000F70000F9FA0000FC00C8
:103A1000FDFC00FD00FD00FE0300FEF9FE080000B5
:103A2000FE00FC000003FB0002FE020000F900FEA5
:103A3000FF00FE02FE000000F7FDFB00F90000F5AC
:103A40000008FE00FC000100FE00FEF900FE02007E
:103A5000000000FE000002FD010000FDFE00FD0070
:103A60000000000000000000000000000000000056
:103A7000F200050000FE000000000000FEFE000055
:103A8000000400050000000000F2F3010A0704F73B
:103A9000020900080004000000000000000000000F
:103AA000000C00000000000000000000000000000A
:103AB00000000001020003040502060708090A09C4
:103AC0000A0B0C0D0E0F10110C121314151500001B
:103AD0000016171819171919191719191A19191978
:103AE0001917191719031B1C1D1D1E1F2021222326
:103AF0000024002526272727002726282926262ACE
:103B00002A272A272A2B2C2D2E2E2F2E3000002359
:103B10000931090000000000000000000000000062
:103B20000000000000000000000000000000000095
:103B30000000000000000000000000000000000085
:103B40000000000000000000000000000000000075
:103B50000001020003040502060708090A090A0B0E
:103B60000C000D0E0F101112130C14140000001590
:103B700016171819161A1B1C1D1D1E1F201D1D1699
:103B800021222303241E2525262728292A2B002C21
:103B9000002D2E2F303132332D343435302D2D2E53
:103BA0002E36373839333A3A3B3A3C290000093D42
:103BB00009000000000000000000000000000000FC
:103BC00000000000000000000000000000000000F5
:103BD00000000000000000000000000000000000E5
:103BE00000000000000000000000000000000000D5
:103BF000200000005F000100000000000000000045
:103C000000000200B0000000F3F76000183C030859
:103C1000000000003E0003000000721F51EF58EF4B
:103C20005BEF5CEF5DEF61EF63EF65EF69EF6CEF0A
:103C300071EF76EF77EF78EF8EEF93EF98EF9BEFE2
:103C40009CEF9DEFA1EFA2EFA3EFA4EFB7EFB8EFCA
:103C5000BEEFC0EFC1EFC4EFC7EFC8EFC9EFCBEFC6
:103C6000E3EFE5EF14F015F017F019F030F037F04E
:103C70003AF043F06CF074F0ABF03BF190F191F15D
:103C800092F193F194F1D7F1E3F13DF254F2AAF4F9
:103C900012F7F2F700000000000000000000C0036F
:103CA000000000000000C003030A00000F008005B0
:103CB000050500051C00D0090A0A00004E00B008E6
:103CC000090F00FE9200D00B0C0A0000CE00A009E4
:103CD0000A0B00FF0501F002030500050D01B00409
:103CE000040E01FD2901C004040E00FD4501A005DC
:103CF000060600055701200808070002730130037B
:103D0000030500FE7B01600505030003830130030A
:103D1000030300008801F004070EFFFFB9015009FA
:103D2000090A0000E6013005040A0000FA01100843
:103D3000080A000022020008080A00004A0260097E
:103D40000A0A00007C021008080A0000A402A00869
:103D5000090A0000D1026008080A0000F9020009FF
:103D6000090A00002603A008080A00004E033003D9
:103D7000030800005A033003030B00FD6B03200807
:103D8000080800018B03200808060002A30320088E
:103D900008080001C3030008080A0000EB03800EB6
:103DA0000E0D00FD4604400A0C0AFF008204A00A22
:103DB000090A0100AF04200A0A0A0000E104900B7E
:103DC0000A0A010013056009080A01003B05E00822
:103DD000080A01006305D00A0A0A00009505600B75
:103DE000090A0100C2055004020A0100CC0530078F
:103DF000070AFF00EF05100A0A0A01002106500811
:103E0000080A01004906600D0B0A01008006600BDC
:103E1000090A0100AD06C00B0C0A0000E906200AE1
:103E2000090A01001607C00B0C0D00FD6407300ADB
:103E3000090A01009107B008090A0000BE0730080E
:103E4000090A0000EB07100B090A01001808F00925
:103E50000B0AFF004F08C00F100A00009F087009EE
:103E60000A0A0000D10810090B0AFF0008093009EE
:103E7000090A00003509B004040E01FD5109F004DF
:103E8000070EFFFF8209B004040E00FD9E093008F2
:103E900007060102B3090007070100FFB709600820
:103EA00005020109BC09600808080000DC09900946
:103EB000080B0100080A000808080000280A9009F9
:103EC000090B00005A0A9008080800007A0AF0045A
:103ED000060B00009B0AB009090B00FDCD0A9009F2
:103EE000080B0100F90AE003020B0100040B0004B7
:103EF000050EFEFD270BA008080B0100530BE00385
:103F0000020B01005E0BD00E0D080100920B900910
:103F100008080100B20BE00809080000D60B900960
:103F2000080B01FD020C9009090B00FD340CC005C3
:103F300005080100480C000707080000640CD005C4
:103F4000060A0000820C800908080100A20CD007B4
:103F50000908FF00C60C900C0D080000FA0CC00701
:103F6000080800001A0DD007090BFFFD4C0D500783
:103F700007080000680DF004050E00FD8B0D3004ED
:103F8000020E01FD990DF004050E00FDBC0D200888
:103F900008030003C80DE00506050006D70D600400
:103FA00004030003DD0D000E0F0FFFFE4E0E000E8A
:103FB0000E0B00009B0E000E0E0D00FFF60E000E05
:103FC0000E0B0000430FA0090A0B00007A0F000E31
:103FD0000E0F00FEE30F000E0E0F00FE4C10C00F80
:103FE000100D00FFB410000E0E0F00FE1D11C00FCB
:103FF000100B00007511000E0E0F00FEDE11000701
:10400000070C00FF0812800A0B0C00FF4A12C00FB9
:10401000100E00FEBA12000E0E0B00000713A009CE
:104020000A0F00FE5213400C0A0E01FE9813400CBA
:104030000D0F00FEFA13400C0D0D00FF4F14400C45
:104040000D0D00FFA414400C0A0E01FEEA14400CF2
:104050000E0DFFFF4515C008090D00FF8015C008B3
:10406000090D00FFBB15400C0D0D00FF1016400C94
:104070000D0400032A16C00F100B000082168011D9
:10408000120F00FE0917C00F110FFFFE8917000E57
:104090000E0D00FFE417400C0D0800011818400C2D
:1040A0000D0800014C188011120B0000AF18000E13
:1040B0000E0B0000FC18000E0E0F00FE6519000E1E
:1040C0000F0FFFFED619400C0D0D00FF2B1A400CF0
:1040D0000D0F00FE8D1A400C0D0D00FFE21A400C72
:1040E0000D0C00FF301B000E0E0B00007D1BC008E6
:1040F0000A0FFFFEC81B400C0D0F00FE2A1C400CCF
:104100000D0F00FE8C1CC00F100B0000E41C000EF5
:10411000100FFFFE5C1D800A0B0F00FEAF1D80110B
:10412000120D00FF241E8011120A00007E1E801155
:10413000120A0000D81E8011120A0000321F8011DE
:10414000120A00008C1F8011120A0000E61F801165
:10415000120C00FF5220400C0C0F00FEAC20400C53
:104160000D0F00FE0E21000E0F0FFFFE7F218011AC
:10417000120B0000E221800A0B0F00FE3522100E08
:104180000F0A00000EA0D90D90C80C80B70A60116C
:104190000B80D91F0991F0881F0880F0880000006B
:1041A000000D203C00000F0069002FFFFFFFF7010A
:1041B0005C11A610006900C300008800D2009FFFB8
:1041C000FFFFF012C523E22000D203C00000F0047C
:1041D000B0000000700000000E00000000E00000D1
:1041E00019EFEA300CD6E6A702F40E00001F80E0BB
:1041F00000006FEF50000016FFE500000E0AF0010E
:1042000000E05F13F85E6EB005CFFE9100000E0077
:1042100000000070000008DD3000A7004B02D00451
:10422000C0007700D01D20004B03D0A7000007DCA2
:1042300034C4CC3000001D2D22D00000A63B00B3BA
:104240000005C03A00A3001D200D00D000A6000408
:10425000CC40004DFC300000F718C00001F205D042
:104260000000BB6E4000005FF3000007E6DB038048
:104270002F301DBAA05F0001DF401FB448FEC0030D
:10428000BFFC40B200000000001F01F01F00F00062
:104290000003F10B900F404F007D009B00AA00AA85
:1042A000009B007D004F000F400B9003F15E000E5D
:1042B0006008C004F001F300F500E600E600F50137
:1042C000F304F008C00E605E0000930088A6C209E7
:1042D000FE404DDDB14293500052000004500000FA
:1042E00008A0000008A0001FFFFFF30339B330004F
:1042F00008A0000008A0000103F61E60E12C0000E9
:104300000003FFF90333100003F52E4000000E40B8
:104310000004E000009A00000E400004F000009A43
:1043200000000E400003F000009A00000E50000351
:10433000F000009A00000E500003F00000004CFE58
:1043400070004FB68F900DB0005F32F40000E74F61
:1043500020000CA4F20000CA2F40000E70DB000504
:10436000F204FB68F90004CFE700EFFB44CB00AB9D
:1043700000AB00AB00AB00AB00AB00AB00AB07DFAA
:10438000EA108E857EC0010006F1000006F00000F4
:104390000D900000CC00001CC00001DB00001DE5FA
:1043A00044427FFFFFF97FFFFFF024445F9000004D
:1043B000BC000009E100003FD81000046DD00000EF
:1043C00002F4100002F4BD757DD019DFEA10000080
:1043D0000DA0000000AC00000007E10000004F400D
:1043E000100002F600F5001DA000F5007FFFFFFFA2
:1043F000F3133333F730000000F500000000F50040
:1044000009FFFFF00AB444400C8000000E70000069
:104410000FFFFC4003345CF2000000F7100000F7CF
:104420008E856CF108DFFB30002AEFD5003FD657B0
:10443000400CC0000002F40000004F5BFFA104FE2E
:10444000845DD03F80003F30E80003F206F845DC91
:104450000005DFE9109FFFFFFD9D4444E99C000437
:10446000F200000BB000002F400000AD000001F68C
:10447000000008E000000E8000006F1000019EFEAA
:104480009100BE636EC00F60006F00CC202BC00295
:10449000EFFFE200DC424CD05F20001F55F200022B
:1044A000F50ED535DE001AEFEA1003BFEA202FA47F
:1044B0004BE18E0000E99D0000DD4F7129FF07FFF1
:1044C000FC9E000210AC000002F607658FB00AEFF8
:1044D000D7002E53F50000000000003F52E42E5399
:1044E000F50000000000002E52F60D21D001000062
:1044F00000003100006CF2018ED6000FC300000AEC
:10450000FB40000017EE70000005C3000000001F14
:10451000FFFFF30333333000000000000000001FF2
:10452000FFFFF303333330040000000ED710000008
:104530005CF92000002AF20003AFB106DE82001C05
:104540006000000000000007DFEA109E746EC001EA
:104550000006F0000009C000008E200006F20000F6
:1045600008700000000000000B8000000C900000AC
:10457000006CEFDA4000003DA41016D90001E509F7
:10458000EE98CA900A80BD43AFC0D30F13F2000C5F
:10459000C0693C06D00007C03B4B06D00007C02CCA
:1045A0003C03F2000CC04A0F10BD439EE3C50A80D5
:1045B00009EE91CF9001E50000000000003DA4103D
:1045C00028000000007CEFD9100000000CF1000072
:1045D00000003FD700000000B96E00000002F20E9C
:1045E00050000009A007D000001F3000F400007F39
:1045F000FFFFFB0000E733334F2005F000000C9075
:104600000C90000006F18FFFFEC408E3334BF28EDE
:1046100000001F58E00018F18FFFFFF808E3333760
:10462000F68E000009C8E000009D8E33347F78FFCD
:10463000FFFD700007CFFB4000CF966AF50AE2004D
:1046400000301F600000004F200000004F200000DD
:10465000001F600000000AE200003001CF966AF5FA
:104660000007DFFB408FFFFEA4008E4446CF708E14
:10467000000007F38E000000DA8E0000009D8E001F
:1046800000009D8E000000DA8E000007F38E444685
:10469000BF708FFFFEA4008FFFFFF68E4444418E53
:1046A0000000008E0000008FFFFFC08E3333208E8D
:1046B0000000008E0000008E4444428FFFFFF98FFF
:1046C000FFFFF68E4444418E0000008E0000008EF5
:1046D0000000008FFFFFC08E3333208E0000008E5D
:1046E0000000008E0000000007CFFC5000CF966A4B
:1046F000F60AE20000201F600000004F20000000CA
:104700004F200000B91F600000B90AE30000B900A3
:10471000CF966AF80007DFFC608E000008E8E00032
:10472000008E8E000008E8E000008E8FFFFFFFE89B
:10473000E333339E8E000008E8E000008E8E000018
:1047400008E8E000008E8E8E8E8E8E8E8E8E8E8E7F
:1047500002FFFFC00444BC000009C000009C000030
:1047600009C000009C000009C02000BA0EB58F608F
:104770003CFE808E00004F508E0004F6008E003FFD
:1047800070008E03F800008E2EC000008EECF60044
:10479000008FB07F30008E000AE1008E0000CC0058
:1047A0008E00001EA08E0000008E0000008E000013
:1047B000008E0000008E0000008E0000008E0000C1
:1047C000008E0000008E4444408FFFFFF28E0000F8
:1047D0000008E8F7000002FE8FF10000BFE8DCA04F
:1047E000004F9E8D2F300D87E8D09C06E07E8D0116
:1047F000E7E507E8D006FC007E8D000A2007E8D038
:104800000000007E8E100008E8FC00008E8FF9008A
:1048100008E8E6F6008E8E09F308E8E00CE18E8EDB
:10482000001EB8E8E0003FEE8E00006FE8E00000F8
:10483000AE0007CFEB500000CF966BF9000AE20004
:10484000005F601F6000000AD04F20000006F04F9C
:1048500020000006F01F6000000AD00AE200005F9E
:104860006000CF966BFA000007DFEB50008FFFFD72
:104870007008E4458FB08E00005F38E00001F58ECF
:1048800000003F48E0014DD08FFFFFB208E3331036
:10489000008E00000008E00000000007CFEB500091
:1048A00000CF966BF9000AE200005F601F60000015
:1048B0000AD04F20000006F04F20000005F01F60D6
:1048C00000000AD00AE200005F6001DF855AFA00AA
:1048D0000008DFFC5000000001EC21940000001BE8
:1048E000FFC10000000012008FFFFD7008E4458F3B
:1048F000B08E00005F38E00001F58E00003F38E028
:10490000014DD08FFFFFC208E333DA008E0002F6BC
:1049100008E00005F3019EFDA200CE646B702F40FD
:10492000000001F800000006FD950000016AEE504D
:104930000000009F00200005F13FA547EB004BEF72
:10494000E910FFFFFFFF2444BD44400009C0000000
:10495000009C00000009C00000009C00000009C08D
:104960000000009C00000009C00000009C00009CAA
:1049700000000BA9C00000BA9C00000BA9C00000F9
:10498000BA9C00000BA9C00000BA8E00000D94F480
:104990000003F50CF868FD0009EFE9100CB0000009
:1049A0000AC05F200001F500E900008E0008F00059
:1049B0000E70001F6005F10000AD00C9000003F497
:1049C0003F3000000CBAC00000005FF5000000009E
:1049D000EE00006F10000DB00002F21F60003FF10A
:1049E0000008D00BB0008BE6000D7006F000E69BCF
:1049F000002F2001F503F14F108D0000CA09B00E01
:104A000060D800006F0E6009B2F300001F9F100411
:104A1000F9D000000CFB0000EF80000007F600005A
:104A20009F30003F50000DA008F2009D0000CC0414
:104A3000F300002F9E70000006FC00000009FE102D
:104A400000004F4DB00001E802F7000BD0007F20BE
:104A50007F20000BD00CB000009C002F50002F30A6
:104A6000009E000C900000E805F1000005F3E60050
:104A700000000CFD000000003F4000000002F300B9
:104A80000000002F3000000002F300004FFFFFFF86
:104A90009144444AF3000003F6000001EA000000DC
:104AA000CC0000009E1000006F4000003F7000002E
:104AB0001ED4444436FFFFFFFC8FF68D318D008DF0
:104AC000008D008D008D008D008D008D008D008D7E
:104AD000008D318FF65D000000F200000B800000B9
:104AE0006D000001F200000B8000006D000001F27B
:104AF00000000B7000006D000001F200000B700060
:104B0000006D000001F2BFF325F302F302F302F39C
:104B100002F302F302F302F302F302F302F325F3CA
:104B2000BFF300AD00001EC4000885A000E20E1017
:104B30005B00970B5002E0EEEEEEE00BC00009B018
:104B400004CFEA100B745DB0000004F004CEEEF266
:104B50001F8214F24F1004F21F703DF204DFD7F2EF
:104B6000BA000000BA000000BA000000BA8EFC30A3
:104B7000BFD54BF3BE1000CABA00007EBA00007E5B
:104B8000BE1000CABFD55BF3B98EFC30007DFD605E
:104B900009F748F42F5000205F0000005F0000007C
:104BA0002F50002009F748F4007DFD600000001F31
:104BB00040000001F40000001F4008EFC4F40AF7B1
:104BC00048FF42F50007F45F00002F45F00001F4B4
:104BD0002F50006F40AE637EF4008EFC4F40008E7D
:104BE000FC400AD538F42F20008C5FEEEEFF5F21E9
:104BF00011112F70001009F846E4007DFE80009E20
:104C0000E305F44108C000CFFFF029D32008D0000D
:104C100008D00008D00008D00008D00008D000005C
:104C20007EFC4E60AF747FF62F50005F65F0000091
:104C3000F65F00000F62F60006F609F747FF50071F
:104C4000EFC4F50000003F20CB646EB003AEFD80E2
:104C500000BA000000BA000000BA000000BA8EFBE3
:104C600020BFC56DD0BE0003F2BA0000F4BA000048
:104C7000F5BA0000F5BA0000F5BA0000F5BAA800D0
:104C8000BABABABABABABABA000AB0009900000001
:104C900000AB000AB000AB000AB000AB000AB000E5
:104CA000AB000AB000AA064E71DFA0BA000000BA3D
:104CB000000000BA000000BA001CC0BA01CC00BA63
:104CC0001CD100BBCF6000BFDBE100BD11DC00BA2E
:104CD000003F70BA0007F3BABABABABABABABABAE7
:104CE000BABAB99EFA15DFD40BFB45EDE64AF2BE1F
:104CF0000006F6000E7BA0004F2000C9BA0003F1A9
:104D0000000C9BA0003F1000C9BA0003F1000C9BEF
:104D1000A0003F1000C9B99EFB20BFB45DD0BE000B
:104D200003F2BA0000F4BA0000F5BA0000F5BA00C8
:104D300000F5BA0000F5007DFD60009F748F702FB4
:104D400050007F05F00001F35F00002F32F50007EF
:104D5000F009F748F70007DFD600B98EFC30BFC472
:104D60003AF3BE1000CABA00007EBA00007EBE1040
:104D700000CABFD55BF3BA7EFC30BA000000BA00AF
:104D80000000BA000000008EFC3F40AF748EF42F8C
:104D900050007F45F00001F45F00002F42F500074E
:104DA000F40AF748FF4008EFC4F40000001F400079
:104DB0000001F40000001F40B98E4BFD71BE100BC6
:104DC000B000BA000BA000BA000BA00005DFEA1388
:104DD000F735A06F000001EE9610016AEF30000079
:104DE000D96C646F62AEFD7008D00008D000CFFFB0
:104DF000F029D32008D00008D00008D00008D00047
:104E000005F551009FE3C80002F3C80002F3C80093
:104E100002F3C80002F3C90003F3AB0007F35F839A
:104E20007EF306DFC5F30D90000AA06E0001F300CB
:104E3000F5007D0009C00E60003F24F00000C8B9F5
:104E4000000006FF3000000FC000C80006F1000D92
:104E500056D000CF6003F01F302F9C009A00B80797
:104E6000B2F10E4005E0D60C74E0000F6F007C99A3
:104E70000000AFA001FF400005F4000BE0004F3040
:104E800007E109D02F4000D9D900003FD000004FE2
:104E9000E10001E7BB000BB01E707E1005F30D9022
:104EA000000AA06F0001F300F6007D0009C00D604C
:104EB000002F34F00000C9A9000005FF2000000EFB
:104EC000C0000000E5000094AD00001BFC200000C5
:104ED0005FFFFFA13337F40001E70000CB00008E35
:104EE00010004F40001EA33326FFFFFC006EA00FF2
:104EF0009201F4001F4001F4003F303FC0006F30CA
:104F000001F4001F4001F4001F4000FA2005EA8B65
:104F10008B8B8B8B8B8B8B8B8B8B8B8B8BBE500272
:104F2000AE0005F0005F0005F0004F1000DF104FED
:104F30005005F0005F0005F0005F002AE00BE40080
:104F400007EC40B41E25DFC00100000004CC302B6C
:104F500001C05700932B01C005CC3006A10FF60B02
:104F6000E2000000000000000000000000027BFBE7
:104F7000000000049DFFFFD00003AFFFFFFFFD0016
:104F800000AFFFFFFFDFD0000AFFFFB610ED00000B
:104F9000AF9400000ED0000AF1000000ED0000AF59
:104FA0001000000ED0000AF1000045FD0000AF1017
:104FB00001EFFFD0179DF1005FFFFC0EFFFF100017
:104FC000AFFD31FFFFE00000010003BDA3000000C2
:104FD000000050188888888405FABFDDDDDDFDAF4C
:104FE000E47F100000CA4EE04F100000C80EFEEF34
:104FF000100000CFEFE03FEEEEEEF80EF68F766693
:1050000066EB6FF8AF100000CC8FE03F100000C8D7
:105010000EFCDF655555EECFC25FFFFFFFF92C5741
:10502000750577777775FFFF1FFFFFFFFFFFFF2FE6
:10503000FFFFFFFFEFFF0EFFFFFFFE01100011114A
:105040001110EFFE0EFFFFFFFEFFFF2FFFFFFFFF20
:10505000FFFF1FFFFFFFFF68870788888886688734
:105060000788888886FFFF1FFFFFFFFFFFFF2FFFD6
:10507000FFFFFFDFFD0DFFFFFFFD0000000000014F
:105080005000000000001DF80000000001DFFD00DE
:105090000000001DFFE22D600001DFFE20DFF700B1
:1050A0001DFFE2008FFF71DFFE200008FFFEFFE220
:1050B0000000008FFFFE2000000008FFE20000005B
:1050C00000007D2000000000000000007F60000B59
:1050D000E2EFF600BFF84FFF6BFFD104FFFFFD10BA
:1050E000005FFFE10000BFFFF6000BFFDFFF60BFC6
:1050F000FD14FFF5CFD1004FF6171000036000003C
:105100000011000000000000FF000000006F21FF00
:1051100012F70006FF61FF16FF601FF901FF109FE5
:10512000F16FE001FF100EF6AF8001FF1008FACF1B
:105130006001FF1006FCAF8000AA0008FB7FD000D2
:1051400000000DF71FF80000008FF107FF91002A03
:10515000FF70009FFFEEFFF9000005CFFFFD50003C
:1051600000000244200000000000000000000000D9
:105170000AFFA0000000000CFFC0000003D6DFFF04
:10518000FD6D300EFFFFFFFFFFE05FFFFFAAFFFF97
:10519000F51AFFF4004FFFA103FFD0000DFF30040C
:1051A000FFF0000FFF404FFFFB22BFFFF42FFFFF78
:1051B000FFFFFFF209FEFFFFFFEF9000505EFFE5EB
:1051C000050000000CFFC000000000047740000054
:1051D00000000003100341000000009FF50DF500E2
:1051E00000001BFDFF8DF5000002DFB12DFFF50073
:1051F000004FF83EC2BFF50007FF55FFFE39FE40E5
:105200009FE38FFFFFF56FF6AC2AFFFFFFFF73E60A
:10521000005FFFFFFFFFF100006FFFD77FFFF2008D
:10522000006FFF900DFFF200006FFF900DFFF20086
:10523000004FFF700BFFE100000000330000000092
:10524000000BFFB0000000000CFFC0000000000CCD
:10525000FFC0000000000CFFC0000000000CFFC0F9
:105260000000008FFFFFFFF800002EFFFFFFE200AD
:105270000002EFFFFE200000002DFFE20000799900
:1052800082DE289997FFFFFB22BFFFFFFFFFFFFF92
:10529000FFFFFFFFFFFFFFFAB3CFACCCCCCCCCCCF1
:1052A000CA0006BBBBBBBA3000004FFFFFFFFFE1E7
:1052B0000000EF30000006FB0009F800000000CFFE
:1052C000504FD0000000002FE1DF84420000344B3B
:1052D000F9FFFFFD0001FFFFFBFFFFFF988BFFFFC2
:1052E000FCFFFFFFFFFFFFFFFCFFFFFFFFFFFFFFD4
:1052F000FB9FFFFFFFFFFFFFF600000000000033F1
:1053000000018DFFC600EF004EFFFFFFE4DF04FF4A
:10531000B3004CFFFF0EF90000008FFF6FC00001CB
:10532000FFFFFF8E500001DEEEED000000000000E8
:105330000022222200000021FFFFFF100008F8FFDA
:10534000FBBC10001EF4FFFC100001DFC0FEEFE804
:10535000448EFE10FE1AFFFFFFC100FD0028BB9423
:105360000000000002700002EF0002EFFDFFFFFFEF
:10537000FFFFFFFFFFFFFFFFFFFFFFFFFFFF3447C0
:10538000FFF00005FF000005C000000000000270F3
:1053900000000002EF00000002EFF0000DFFFFFF31
:1053A0000220FFFFFFF08E1FFFFFFF00E7FFFFFF60
:1053B000F03F5FFFFFFF08903447FFF0000000055B
:1053C000FF0000000005C000000000000000000019
:1053D000000000077000000002700005FA000000E5
:1053E0002EF000814F600002EFF001DD07F0DFFFDB
:1053F000FFF0321E80F6FFFFFFF08E27E0B9FFFFBF
:10540000FFF00E73F19BFFFFFFF03F54F09AFFFF98
:10541000FFF0890AC0D83447FFF0007F43F3000053
:105420005FF002F60CB0000005C00000BF100000E5
:1054300000000009E30000000000000210003788AF
:105440008888888873EFFFFFFFFFFFFEFE32DFFFD3
:10545000FFFFFFF9007FFFFDFFFFFD10CFFFA07FE3
:10546000FFFFFFFFFA0007FFFFF35FA00000CFFF81
:105470003003000000CFFC0000000000CFFFCCCCC8
:10548000CCCCCCFFAFFFFFFFFFFFF90000200000F6
:105490000001FA00000006FF1000000DFF70000080
:1054A0006FFFF10001EFFFFA000BFFFFFF605FFFEE
:1054B000FFFFE0CFFFFFFFF6FEBFFFFFF9FD4FFF4D
:1054C000FFF9BF49FFFFF53FE52EFFD006FFFFFDC7
:1054D000200028BA600004300000311FE00006F907
:1054E0001FE0007FFA1FE009FFFA1FE0AFFFFA1F7D
:1054F000EBFFFFFA1FFFFFFFFA1FFFFFFFFA1FE698
:10550000FFFFFA1FE05FFFFA1FE004FFFA1FE00051
:105510003EFA0FD00002D700000000000200000099
:1055200000000CFB2000000000FFFF900000000FB7
:10553000FFFFE6000000FFFFFFFC30000FFFFFFF52
:10554000FF9100FFFFFFFFFFE60FFFFFFFFFFFF2EE
:10555000FFFFFFFFFFFD0FFFFFFFFFF800FFFFFF53
:10556000FFB2000FFFFFFD400000FFFFF70000004B
:105570000FFFA1000000006A40000000000014447A
:10558000200144420DFFFF10DFFFF1FFFFF30FFF8B
:10559000FF3FFFFF40FFFFF4FFFFF40FFFFF4FFF50
:1055A000FF40FFFFF4FFFFF40FFFFF4FFFFF40FF3F
:1055B000FFF4FFFFF40FFFFF4FFFFF40FFFFF4FF7B
:1055C000FFF40FFFFF4FFFFF30FFFFF39FFFC00906
:1055D000FFFC001444444444420DFFFFFFFFFFF171
:1055E000FFFFFFFFFFFF3FFFFFFFFFFFF4FFFFFF96
:1055F000FFFFFF4FFFFFFFFFFFF4FFFFFFFFFFFF76
:105600004FFFFFFFFFFFF4FFFFFFFFFFFF4FFFFF15
:10561000FFFFFFF4FFFFFFFFFFFF4FFFFFFFFFFF55
:10562000F39FFFFFFFFFFC0002100000420FE200AB
:1056300003FB0FFE3004FB0FFFF404FB0FFFFF54CE
:10564000FB0FFFFFFAFB0FFFFFFFFB0FFFFFFFFB4F
:105650000FFFFFD6FB0FFFFD14FB0FFFC104FB0F75
:10566000FB0004FB0CA00003FA0000000000000097
:105670000012000000000003FF60000000002EFF89
:10568000F500000001EFFFFF4000001DFFFFFFF3EA
:105690000000CFFFFFFFFE200AFFFFFFFFFFE00E2D
:1056A000FFFFFFFFFFF203999999999950058888A8
:1056B000888888700FFFFFFFFFFFF30FFFFFFFFFDA
:1056C000FFF40BFFFFFFFFFFD10000000000000010
:1056D0003F9000003FFC00003FFD10003FFD100028
:1056E0003FFD10001FFD100000CFF4000000CFF4BC
:1056F000000000CFF4000000CFF4000000CFE00075
:105700000000A4000000000000CD1000001FFD10EC
:1057100000003FFD1000003FFD1000003FFD1000A5
:10572000003FFD000008FF900008FF900008FF9078
:105730000008FF900002FF900000078000000000BA
:105740000004500000000002FF60000000003FF76E
:105750000000000003FF70000000003FF70000069B
:10576000999AFFC99980FFFFFFFFFFFF3DFFFFFFF1
:10577000FFFFF201113FF71110000003FF7000005E
:1057800000003FF70000000003FF70000000000C65
:10579000D30000006999999999980FFFFFFFFFFFC7
:1057A000F3DFFFFFFFFFFF2000000000000000000C
:1057B0000156640000000003BFFEEFF91000007FF7
:1057C000FA1003DFE40008FFA009B41EFF504FFFEA
:1057D000200BFF26FFE1EFFF09CFFF63FFFABFFFBA
:1057E00009FFFF54FFF61EFF51DFFB09FFB003EF77
:1057F000E204305FFC10002CFF956AFF900000006F
:1058000049DFFD920000000000000000000000CD14
:1058100020000000000000008FF50014664000002A
:105820000004EFACFFEFFF910000001CFFA1004D52
:10583000FE300000009FF5AB31EFF40007B105FF2B
:10584000FFE17FFE100FFE302DFFF54FFF900CFFA4
:10585000E000AFF65FFF6002FFF40006FFEFFB0021
:10586000004FFD10003EFFC0000002DFE85401BF02
:10587000E300000005AEFF6007FF600000000000CD
:1058800000004EF60000000000000001A100000032
:105890000000000000000000003ED00000000000FA
:1058A000000CFF80000000000006FFFF2000000049
:1058B0000000EFFFFB00000000008FFCCFF40000B1
:1058C00000002FFB00FFD00000000BFFC00FFF7097
:1058D000000004FFFD01FFFF100000DFFFE02FFFCD
:1058E000FA00007FFFFF9BFFFFF3001FFFFFB00EDA
:1058F000FFFFC00AFFFFFE24FFFFFF60FFFFFFFF67
:10590000FFFFFFFA06CCCCCCCCCCCCCB30000000D7
:105910000000360000000000007F80DDDB00008D0D
:10592000EFF8FFFFB007FFFFFD556FF46FF8AFE230
:10593000000574FF907E2000003FFA000000000286
:10594000EFB2504A00012EFD1DF48FB0FFFFD10BC6
:10595000FFFFFBFFFE2000CFFFFB12210000029F94
:10596000C000000000005B00000007A00000000075
:1059700008FFB000000008FFFFB0000008FF95FF1F
:10598000B00008FF9005FFB007FF900005FFB09F33
:1059900090000005FD004000000003104C200000B6
:1059A00000B60BFE200000CFF02EFE2000CFF4004A
:1059B0002EFE20CFF400002EFECFF40000002EFFBC
:1059C000F4000000002EF4000000000013000000AE
:1059D00000083000000000000000BFF308BBBBBBA4
:1059E00090000BFFFF39FFFFFFF1008FCFCFF000DA
:1059F000000AF100382F948000000AF100002F9077
:105A00000000000AF100002F900000030AF13000AE
:105A10002F9000001FCBF8F8002FEBBBBB39FFFF26
:105A2000E2001FFFFFFFB09FFD200000000000000C
:105A300008D10037888700000000EFFFFFA00000BA
:105A400000FFFFFFFDCCCCB6FFFFFFFFFFFFFFFF16
:105A5000FFFFFFFFFFFFFFFFFFFFFFFFFFFFFFFF56
:105A6000FFFFFFFFFFFFFFFFFFFFFFFFFFFFFFFF46
:105A7000FFFFFFFFFFFFFFFFFFAFFFFFFFFFFFF98C
:105A800000000000000000000001DD100000000028
:105A90001DFFD100000001DFFFFD1000001DFFFF12
:105AA000FFD100009FFFFFFFF90000011CFFC110A4
:105AB0000000000CFFC0000000000CFFC000000050
:105AC000000CFFC0000079993BFFB39997FFFFB22C
:105AD000442BFFFFFFFFFEDDEFFFFFFFFFFFFFFA9D
:105AE000B3CFACCCCCCCCCCCCA00000000000200C0
:105AF000000000000004FFC70000000000AFFFF03E
:105B0000000000001FFFFD0000000006FFFFC000B6
:105B100000000008FFF700000000000CFF3000004C
:105B2000000004FFC00000000001EFF300004A3055
:105B300002DFF80005DFFE15EFFB0000EFFFFFFFBF
:105B4000FA00000BFFFFFFF70000007FFFFFA2003D
:105B5000000002BA8500000000000486000000106A
:105B600006FFFA0002DFD1EF3CF101DFFA0EE0AFF1
:105B700021DFFA009FEFF6DFFA00008DFFFFFB0048
:105B8000000006FFFD00000048EFFFF600006FFF79
:105B9000FBFFF6000EF3CF23FFF600EE0AF204FF40
:105BA000F609FEFC0004FFF108DA100002620000B2
:105BB000000000000000006FFFF987000008FFFFF1
:105BC00098F708A68FFFF95990FFA8FFFFFCCC0FAC
:105BD000FA8FFFFFFFF1FFA8FFFFFFFF1FFA8FFF04
:105BE000FFFFF1FFA8FFFFFFFF1FFA8FFFFFFFF18D
:105BF000FFA8FFFFFFFF1FFA7FFFFFFFF0FFE31289
:105C00002222210FFFFFFFF90000ACCCCCCB5000CB
:105C1000004999999995000EFFFFFFFFF600FD22BC
:105C200022224FF60FC0000001FFF3FC0000001F0E
:105C3000FF6FC0000002FFF6FFFFFFFFFFFF6FFFD7
:105C4000FFDCFFFFF6FFFFB005FFFF6FFFF6000F61
:105C5000FFF6FFFFC006FFFF6FFFFFEDFFFFF69FA0
:105C6000FFFFFFFFFD10CDDDDDDDDDDD2FFFFFFFE1
:105C7000FFFFF31222222222220000000000000077
:105C80000000000000000FFFFFFFFFFFF3DEEEEE5D
:105C9000EEEEEE200000000000000000000000001A
:105CA0000DEEEEEEEEEEE2FFFFFFFFFFFF30000035
:105CB0000000000037888888888873EFFFFFFFFFA7
:105CC000FFFEEFFFFFFFFFFFFE1CFFFFFFFFFFC117
:105CD000D28FFFFFFFF82DFF64EFFFFE45FFFFFAB5
:105CE0002BFFB2AFFFFFFFD3553DFFFFFFFFFFBB11
:105CF000FFFFFFFFFFFFFFFFFFFFAFFFFFFFFFFF04
:105D0000F9000000000001FFFFF00004FFFFD000D9
:105D100006FFFF800008FFFF30000AFFFFAAA60C65
:105D2000FFFFFFF80EFFFFFFE10BDDDFFF6000006C
:105D30004FFD0000007FF3000000BFA0000000FF47
:105D400010000003F800000003C000000000200065
:105D500000000455EFB5520000FFFD1FFFB0000F1B
:105D6000FFFFFFFC0000FFFF533320000FFF97FFF2
:105D7000FB5700FFF8AFFFC6F80FFF8AFFFC4AA1F0
:105D8000FFF8AFFFE3220FFF8AFFFFFFF4FFF8AF3A
:105D9000FFFFFF4FFF8AFFFFFFF43552AFFFFFFF0A
:105DA00040000AFFFFFFF400007FFFFFFE2000001D
:105DB00001100000000000AF00000000018FFA3069
:105DC000000002EFFFFF500000BFFFFFFF10001FA9
:105DD000FFFFFFF50003FFFFFFFF70005FFFFFFF06
:105DE000F90008FFFFFFFFC000DFFFFFFFFF209F5C
:105DF000FFFFFFFFFD0EFFFFFFFFFFF20222222247
:105E00002221000008FFC00000000009A2000000DD
:105E10005BBBBBBBBBBBBBA3FFFFFFFFFFFFFFFB2E
:105E2000FC0C30E11D0D11FCFC0B30E01D0D10FCD5
:105E3000FFFEFFEFFEFEEFFCFFF15A0870A05FFCD3
:105E4000FFF37B2992C27FFCFFBFCBBBBBBFCBFC68
:105E5000FC0B2000000D00FCFFCFCCCCCCCFCCFB4A
:105E60009FFFFFFFFFFFFFF60000000000000200A1
:105E7000000000000005DFB00000000007EFFFD0C9
:105E800000000018FFFFFF70000029FFFFFFFF0068
:105E9000003BFFFFFFFFF8000AFFFFFFFFFFF100DD
:105EA0000FFFFFFFFFFFA000049AAAAFFFFF200033
:105EB0000000000EFFFB00000000000EFFF40000D9
:105EC0000000000EFFC000000000000EFF500000A8
:105ED0000000000DFD00000000000004B300000001
:105EE00035555502000FFFFFF2F400FFFFFF2FF4BE
:105EF0000FFFFFF2FFF3FFFFFF32221FFFFFFFFF45
:105F0000F7FFFFFFFFFF8FFFFFFFFFF8FFFFFFFF20
:105F1000FF8FFFFFFFFFF8FFFFFFFFFF8FFFFFFF78
:105F2000FFF8FFFFFFFFFF8FFFFFFFFFF88AAAAA1E
:105F3000AAAA300000002455310000000003AFFF82
:105F4000FFFFC7000002BFFFFEDEFFFFF6005FFF9E
:105F5000B51000038EFFB0DFD300000000008FF506
:105F6000180005AEFEC81004600002DFFFFFFFF856
:105F70000000000CFF95347DFF40000002A20000ED
:105F80000077000000000002960000000000000002
:105F90000DFF500000000000000EFF600000000038
:105FA000000005DA000000005BBBBBBBBBBBBBBA9B
:105FB00020FFFFFFFFFFFFFFFF90FC1222222222A3
:105FC000220FF7FC5FFFFFFFFFFF2CFAFC5FFFFFD4
:105FD000FFFFFF21FAFC5FFFFFFFFFFF27FAFC2610
:105FE00066666666661FFAFEBBBBBBBBBBBBBFB1CA
:105FF000AFFFFFFFFFFFFFFF5000000000000000A9
:1060000000005BBBBBBBBBBBBBBA20FFFFFFFFFFFE
:10601000FFFFFF90FC1222222221000FF7FC5FFFFE
:10602000FFFFF8000CFAFC5FFFFFFFF80001FAFC2D
:106030005FFFFFFFF80007FAFC2666666663000F45
:10604000FAFEBBBBBBBBBBBBBFB1AFFFFFFFFFFFDC
:10605000FFFF500000000000000000005BBBBBBB66
:10606000BBBBBBBA20FFFFFFFFFFFFFFFF90FC128F
:1060700022221000000FF7FC5FFFFFD000000CFA97
:10608000FC5FFFFFD0000001FAFC5FFFFFD00000C3
:1060900007FAFC2666665000000FFAFEBBBBBBBBCE
:1060A000BBBBBFB1AFFFFFFFFFFFFFFF5000000012
:1060B0000000000000005BBBBBBBBBBBBBBA20FF4A
:1060C000FFFFFFFFFFFFFF90FC1222000000000F08
:1060D000F7FC5FFF300000000CFAFC5FFF300000AF
:1060E0000001FAFC5FFF3000000007FAFC26661092
:1060F0000000000FFAFEBBBBBBBBBBBBBFB1AFFF19
:10610000FFFFFFFFFFFF5000000000000000000045
:106110005BBBBBBBBBBBBBBA20FFFFFFFFFFFFFFEF
:10612000FF90FC0000000000000FF7FC00000000E2
:1061300000000CFAFC00000000000001FAFC000066
:106140000000000007FAFC0000000000000FFAFE4B
:10615000BBBBBBBBBBBBBFB1AFFFFFFFFFFFFFFFC5
:10616000500000000000000000000000000007B226
:106170000000000000000ADFFA000000000000A993
:106180003DF5000000044002E00010000000AFF800
:106190000B600000006C30FFFFFFFFFFFFFFFFF40C
:1061A000AFF9000C5000006D4005500004C0000025
:1061B000100000000000C43EE80000000000002EB7
:1061C000EFFA000000000000004FFA00000000009D
:1061D0000000000000000000011000000007EFFFB9
:1061E000B30000AFFD8FFF2004FFFD09FFB00AFEE2
:1061F000FD12AFF00EF55D2C0EF30FFF33129FF57D
:106200000FFFF307FFF60FFFE206FFF60FFE241362
:106210007FF50DF57D2C0DF30AFFFD11BFF003FF97
:10622000FE0BFFA0007FFEBFFE100003ACDC810070
:1062300000003443000005667FFFF96650FFFFFF52
:10624000FFFFFF356666666666501CCCCCCCCCC4BE
:1062500002FFFFFFFFFF602FF3FB7F6DF602FF2FB2
:10626000B7F5DF602FF2FB7F5DF602FF2FB7F5DF9A
:10627000602FF2FB7F5DF602FF2FB7F5DF602FF393
:10628000FB7F6DF601FFFFFFFFFF5007BCCCCCCCBE
:10629000900000000000000120000000000004FF4A
:1062A000500000000002FFFF500000000439FFFE14
:1062B00000000004FF39FFA0000004FFFF39B00018
:1062C0000004FFFFFF20000004FFFFFFB0000004F8
:1062D000FFFFFFB0000004FFFFFFB0000004FFFF5E
:1062E000FFB0000000BFFFFFB00000000DFFFFB0D7
:1062F00000000000FFFFB00000000009A8600000DF
:106300000000000000178888888887400002EFFF9F
:10631000FFFFFFFFF4003EFFFFCFFFCFFFF703EFCC
:10632000FFF908F809FFF83EFFFFFE20402EFFF8B6
:10633000DFFFFFFFE101EFFFF89FFFFFFF80008F0E
:10634000FFF809FFFFF902C209FFF8009FFFFE4EA8
:10635000FE4EFFF80009FFFFFFFFFFFFF700008F71
:10636000FFFFFFFFFFC100000000000003EFFFFF81
:10637000E203FBFBCEBFA4FF1D03A1FAFFF1D03A5D
:106380001FAFFFFFFFFFFAFFFFFFFFFFAFFFFFFFA2
:10639000FFFAFFFFFFFFFFAFFFFFFFFFFAFFFFFF67
:1063A000FFFFAFFFFFFFFFFAFFFFFFFFFFADFFFFA4
:1063B000FFFFF829AAAAAAA8000000000000000315
:1063C00000000000000004F1000820000001FF10A0
:1063D0000BF70000002FF10CFF94444445FF1BFF16
:1063E000FFFFFFFFFFF18FFFFFFFFFFFFD007FF7C4
:1063F0000000000000006F6000000000000030009E
:106400000000000062696E0042494E000400100066
:106410000001100040000004239402088594000845
:106420001D920208AF9302083D9402085D93020892
:10643000EF9202089B9202086192020827920208DA
:1064400023940208459400081D920208AF930208A5
:106450003D9402085D930208EF9202089B920208A5
:106460006192020827920208494D41474500000009
:10647000D3940208000000000B950208494D4147E3
:10648000455F4845414445520000000033950208ED
:10649000000000006B9502080801020408010204D4
:1064A000081820201018101000003C027804B306D1
:1064B000EE08280B610D990FD01106143A166C18CE
:1064C0009D1ACB1CF71E212148236C258E27AC2951
:1064D000C72BDF2DF32F0332103418361D381C3A2A
:1064E000183C0E3E0040ED41D443B74594476B49FC
:1064F0003D4B084DCE4E8E504752FA53A6554C5741
:10650000EB58825A135C9D5D1F5F9A600E627A633E
:10651000DE643A668E67DA681E6A5A6B8D6CB86DF7
:10652000DA6EF46F04710D720C730274EF74D3752C
:10653000AE76807748780779BC79687A0B7BA37B45
:10654000337CB87C347DA67D0E7E6D7EC17E0C7F53
:106550004C7F837FB07FD37FEC7FFB7F008035391A
:10656000E52F2FD32828C61C1CB7601BD85B18C288
:106570005714AD4F0E88AA248EA21F7B9A1B6A8CDB
:10658000144AB1355EA82D51A02745921B31AB4965
:10659000399F3F309335287E231AE5881ED276191D
:1065A000C06515A1470DE59B03D18802BD77029B0D
:1065B0005701C1AC00A797008F83006460007B89FE
:1065C000006B79005C6900404D0047A0433C8E3869
:1065D000327D2E205E1B42B37C389F682F8B551E68
:1065E000693333CAC02BB4AF249D9E17778235D848
:1065F000FD2DC0FB25A8F9177FF500B3FF00A0FF14
:10660000008FFF006FFF008CFB007CF5006CEF003B
:1066100051E61E51F4194AE61543D80C36BF414CD9
:106620006D37405D2E344E23273E7A6E54645A45B2
:106630004F47373832267575756161614242422194
:1066400021215053EF7373E59A9AEFD2CDFFEEEB11
:10665000FF7A40EC9262F0B18FF4D0BBF8ECE4FC2E
:10666000BC47ABC868BAD893CEE7BEE1F5E5F3C244
:10667000577ECD7595DB9DB3E9C4D1F6E7EDC06BD0
:106680005CCB8679DAA89FE9CAC5F6EAE8F5A542A7
:10669000F6B564F9CA90FBDEBBFDF2E3F6B629F766
:1066A000C34FFAD481FCE5B3FEF5E1DAC626E1D0AA
:1066B0004DEADE80F2EBB2FAF7E09AA626ACB64DD0
:1066C000C4CB80DBDFB2F1F2E06ABB6684C781A78E
:1066D000D6A5C9E6C8E9F5E865CC9C81D5AEA5E1AB
:1066E000C5C8EDDCE9F8F157E1D475E7DC9CEEE6CE
:1066F000C3F4F0E7FBF958EEFF76F1FF9DF5FFC418
:10670000F9FFE7FDFF28CAFF4FD5FF82E0FFB3EC9A
:10671000FFE1F8FF26A7FF4DB7FF80CCFFB2E0FFF7
:10672000E0F3FF4370FF658AFF91ABFFBCCCFFE74E
:10673000E9FB636E8D7F88A1A4AABCC8CCD7E9EB26
:10674000EF9C9078AEA490C5BEB0DCD8CFF1EFEC52
:10675000BDBDBDE0E0E0EEEEEEF5F5F5FAFAFA3695
:1067600043F4631EE9B0279CB73A67B5513FF396EF
:1067700021F4A903D4BC0088960050AF4C4AC38BC7
:1067800039DCCD3BEBFF07C1FF0098FF2257FF48E4
:1067900055798B7D609E9E9EFFFFFF0004040204DE
:1067A00004040404040400000000000606060606B3
:1067B00006040006060606000000000000000000B7
:1067C00000000502000000000000000400000000BE
:1067D00000000002000202020002000202020000A9
:1067E00000000002000000000000000200000000A5
:1067F0000000000101050505010500100101000070
:1068000000001022220C0C32323200003232100012
:106810000000000000000000040404040404040458
:106820000404040404040400202C2E3B3A2D5F29A8
:106830005D7D0000A5B4020883B402085BB40208C1
:1068400093B5020889B3020811B5020853B30208D0
:10685000256C75204650532C20256C75252520432A
:1068600050550A256C75206D732028256C75207C89
:1068700020256C7529003F00EF808C001D1C686985
:106880006B6A6E6C6D626100617263003C2E03087E
:1068900069D0000800000000D9D000080000000006
:1068A00088680308000000000000000001060000E6
:1068B000626172003C2E03080FCE02088BCD0208E5
:1068C000E5DB000800000000B068030804010000D8
:1068D0000D000000400700003C2E0308FFCE020818
:1068E00000000000000000000000000037730308F3
:1068F000FFFFFF3FFFFFFF3FC402000062746E6DA9
:1069000061747269780042746E310042746E3200B4
:1069100042746E330042746E340042746E3500006F
:106920003C2E030815DF000819CF0208B5E2000865
:1069300000000000FC680308040100008200000061
:1069400085040000066903080B6903081069030841
:106950001D790308156903081A6903081E790308DD
:106960002564005375004D6F005475005765005441
:10697000680046720053610063616C656E64617209
:106980000000000063690308666903086969030879
:106990006C6903086F690308726903087569030865
:1069A0003C2E03087DE80008000000000000000005
:1069B0000000000078690308C3000000C300000065
:1069C000C4460000EF819300EF81940025642025E8
:1069D00073004A616E756172790046656272756115
:1069E0007279004D6172636800417072696C004D8C
:1069F0006179004A756E65004A756C79004175676A
:106A00007573740053657074656D626572004F63D1
:106A1000746F626572004E6F76656D6265720044D8
:106A20006563656D6265720063616C656E64617259
:106A30002D6865616465722D6172726F7700000068
:106A4000D2690308DA690308E3690308E9690308FE
:106A5000EF690308F3690308F8690308FD6903088F
:106A6000046A03080E6A0308166A03081F6A03080B
:106A70003C2E030881E9000800000000000000002F
:106A800000000000286A0308640000202B000000BA
:106A900000000000323032350A323032340A3230EF
:106AA00032330A323032320A323032310A32303244
:106AB000300A323031390A323031380A3230313727
:106AC0000A323031360A323031350A323031340A46
:106AD000323031330A323031320A323031310A3217
:106AE0003031300A323030390A323030380A323000
:106AF00030370A323030360A323030350A323030F0
:106B0000340A323030330A323030320A32303031E7
:106B10000A323030300A313939390A313939380AD4
:106B2000313939370A313939360A313939350A318B
:106B30003939340A313939330A313939320A31397C
:106B400039310A313939300A313938390A3139386D
:106B5000380A313938370A313938360A3139383557
:106B60000A313938340A313938330A313938320A7E
:106B7000313938310A313938300A313937390A3147
:106B80003937380A313937370A313937360A313926
:106B900037350A313937340A313937330A31393721
:106BA000320A313937310A313937300A3139363919
:106BB0000A313936380A313936370A313936360A28
:106BC000313936350A313936340A313936330A31FA
:106BD0003936320A313936310A313936300A3139EB
:106BE00035390A313935380A313935370A313935CD
:106BF000360A313935350A313935340A31393533C8
:106C00000A313935320A313935310A313935300AEC
:106C1000313934390A313934380A313934370A31A3
:106C20003934360A313934350A313934340A313994
:106C300034330A313934320A313934310A31393492
:106C4000300A313933390A313933380A3139333777
:106C50000A313933360A313933350A313933340A96
:106C6000313933330A313933320A313933310A3168
:106C70003933300A313932390A313932380A313947
:106C800032370A313932360A313932350A3139323E
:106C9000340A313932330A313932320A3139323138
:106CA0000A313932300A313931390A313931380A49
:106CB000313931370A313931360A313931350A3112
:106CC0003931340A313931330A313931320A313903
:106CD00031310A313931300A313930390A313930FC
:106CE000380A313930370A313930360A31393035DE
:106CF0000A313930340A313930330A313930320A05
:106D0000313930310030310A30320A30330A303410
:106D10000A30350A30360A30370A30380A30390A34
:106D200031300A31310A31320063616C656E646161
:106D3000722D6865616465722D64726F70646F771F
:106D40006E0000003C2E03083DEB00080000000030
:106D50000000000000000000296D0308640000200E
:106D6000FFFFFF3F000000006368617274000000D5
:106D70003C2E03088BD602081FD60208CDEB000874
:106D800000000000686D030864000020040100009A
:106D900080070000436865636B20626F780063685A
:106DA00065636B626F7800003C2E030831F30008C6
:106DB000FDDE020871F30008000000009E6D03086C
:106DC000FFFFFF3FFFFFFF3F44030000EF81B800DC
:106DD0004F7074696F6E20310A4F7074696F6E2046
:106DE000320A4F7074696F6E20330064726F706482
:106DF0006F776E2D6C697374000000003C2E0308E1
:106E000071E1020805E1020815F500080000000024
:106E1000EB6D03080000000000000000000300000C
:106E20003C2E0308A1F40008A3E10208D1F60008F3
:106E300000000000396D030882000000FFFFFF3FE3
:106E400005050000696D6167650000003C2E0308C0
:106E500049F8000891E90208E1F800080000000084
:106E6000446E0308FFFFFF3FFFFFFF3FC005000028
:106E70006162630041424300312300EF808D00EFE7
:106E8000849C00456E74657200EFA2A200EF959A93
:106E9000002B2F2D00000100010001002203010042
:106EA00001000100220301000100010002000100B5
:106EB00001000100010001003600370038003900F0
:106EC00030002E002B0026002F002A003D00250058
:106ED00021003C003E005C004000240028007B00B4
:106EE0005B005D003B00220027005100570054006A
:106EF0005900550049004F00500041005300440024
:106F000048004A004B005F005A00580056004200FB
:106F10004D002C003A007100690067006B007A0098
:106F2000760062006B6579626F6172640000000038
:106F3000036D0308276D0308E96D03087F6E0308DE
:106F40001D79030818690308B7760308B86E0308AB
:106F5000786803081D790308BA6E0308BC6E03083D
:106F6000BE6E03088D6E03081D790308916E030839
:106F7000C06E0308C26E0308C4690308C869030829
:106F80001E79030801040104010401040104010441
:106F900001040104010401040201220301040104AB
:106FA00001040104010401040104010401040104B9
:106FB00001040104010401040104010401040104A9
:106FC000010401040104010401042203020106007A
:106FD00002012203036D0308276D0308E96D03080E
:106FE00018690308B7760308B86E0308BA6E030879
:106FF000BC6E0308BE6E0308C06E03088D6E0308E6
:107000001D790308706E0308C46E0308C66E03087A
:10701000C86E0308CA6E0308CC6E0308CE6E030860
:10702000D06E030876680308796E0308D26E0308F1
:10703000D46E03081D790308D66E0308D86E0308C2
:10704000DA6E0308DC6E030874680308DE6E03085A
:1070500031680308E06E0308E26E0308E46E03087B
:10706000E66E0308E86E03081D7903087F6E0308C7
:10707000C4690308D8840308C8690308786803084A
:107080001E7903082503040404040404040404040E
:107090000404040404040404040407012603030490
:1070A00003040304030403040304030403040304A8
:1070B00007010105010501040104010401040104A3
:1070C0000104010401050105010522030201060076
:1070D00002012203786E0308EA6E0308EC6E0308CF
:1070E0006C64030887640308EE6E0308F06E0308FF
:1070F000F26E0308F46E0308F66E0308F86E0308D8
:107100008D6E03081D790308706E0308FA6E03087C
:10711000FC6E0308FE6E0308F4840308E38403088E
:10712000006F0308026F0308046F0308DC84030880
:10713000896E03081D790308066F0308936E030820
:10714000086F03080A6F0308766E03080C6F0308C4
:107150000E6F03080A640308106F0308C26E030869
:10716000126F0308146F03081D7903087B6E030870
:10717000C4690308D8840308C86903087868030849
:107180001E7903082503040404040404040404040D
:10719000040404040404040404040701260303048F
:1071A00003040304030403040304030403040304A7
:1071B00007010105010501040104010401040104A2
:1071C0000104010401050105010522030201060075
:1071D00002012203786E0308166F03082A78030859
:1071E0006D6903087369030879750308F169030879
:1071F00064690308186F0308676903083275030898
:107200008D6E03081D790308746E03087669030800
:10721000D069030861690308058503081A6F03082C
:10722000DD8003083A2E03081C6F0308C4760308A8
:10723000896E03081D790308066F0308936E03081F
:107240001E6F03080469030878810308206F030890
:10725000226F03080664030877790308C26E0308E7
:10726000126F0308146F03081D7903087F6E03086B
:10727000C4690308D8840308C86903087868030848
:107280001E7903082069030895FD0008000000002E
:107290000000000000000000246F030864000020CC
:1072A00032000020010500005465787400000000E1
:1072B0003C2E0308510A010889EE020895060108D0
:1072C00000000000C0760308FFFFFF3FFFFFFF3F05
:1072D000000600006C6564003C2E030831F20208D1
:1072E00000000000850C010800000000D4720308B3
:1072F0001A0000001A000000000300006C696E65AF
:10730000000000003C2E030893F202080000000079
:107310005510010800000000FC720308FFFFFF3F4A
:10732000FFFFFF3F800300006C6973742D74657864
:1073300074006C6973742D62746E0000B07203087F
:10734000000000000000000000000000000000003D
:107350002873030864000020FFFFFF3F00000000C7
:10736000D8680308000000000000000000000000D2
:10737000000000003273030864000020FFFFFF3F9D
:10738000000000003C2E0308000000000000000088
:107390000000000000000000F46D0308C3000000BE
:1073A00004010000000000003C2E03080000000063
:1073B00000000000000000000000000000000000CD
:1073C0000000000000000000000000003C2E030848
:1073D00000000000000000000000000000000000AD
:1073E000000000000000000000000000000000009D
:1073F0003C2E030800000000000000000000000018
:10740000000000000000000000000000000000007C
:10741000000000003C2E03080000000000000000F7
:10742000000000000000000000000000000000005C
:1074300000000000000000006D656E752D73657022
:10744000617261746F72006D656E752D7365637422
:10745000696F6E006D656E752D636F6E74006D657E
:107460006E752D70616765006D656E7500000000BA
:107470003C2E030800000000000000000000000097
:107480000000000038740308FFFFFF3FFFFFFF3FCD
:10749000000000003C2E0308B5F2020800000000C6
:1074A0000000000000000000477403086400002092
:1074B000FFFFFF3F000000003C2E0308CDF2020852
:1074C00000000000000000000000000054740308E9
:1074D00064000020FFFFFF3F000000003C2E030877
:1074E0005DF3020841F30208000000000000000004
:1074F0005E74030864000020FFFFFF3F40030000AC
:107500003C2E0308E9110108ADF20208000000005A
:107510000000000068740308C300000004010000BC
:10752000C00600006D7367626F782D6261636B64E3
:10753000726F70006D7367626F782D686561646546
:10754000722D627574746F6E006D7367626F782D43
:10755000666F6F7465722D627574746F6E006D73F3
:1075600067626F782D666F6F746572006D73676206
:107570006F782D636F6E74656E74006D7367626FE4
:10758000782D686561646572006D7367626F78005D
:107590003C2E030800000000000000000000000076
:1075A000000000002475030864000020640000202F
:1075B000C00200003C2E0308000000000000000094
:1075C0000000000000000000347503082B000000DC
:1075D00064000020C40200003C2E030800000000EC
:1075E00000000000000000000000000049750308D2
:1075F000FFFFFF3F64000020C40200003C2E030890
:10760000000000000000000000000000000000007A
:107610005E750308640000202B000000C00200001B
:107620003C2E0308000000000000000000000000E5
:10763000000000006C75030864000020FFFFFF3F9E
:10764000C00200003C2E0308000000000000000003
:1076500000000000000000007B75030864000020AB
:107660002B000000C00200003C2E030800000000B8
:107670000000000000000000000000008975030801
:1076800004010000FFFFFF3FC00300004F7074695A
:107690006F6E20310A4F7074696F6E20320A4F701E
:1076A00074696F6E20330A4F7074696F6E20340AEC
:1076B0004F7074696F6E203500726F6C6C65722D3F
:1076C0006C6162656C00726F6C6C6572000000002A
:1076D000B07203080000000000000000A9140108B7
:1076E00000000000B9760308000000000000000060
:1076F000000600003C2E03085D1401080000000095
:107700000916010800000000C6760308FFFFFF3FCE
:107710008200000005040000256C64007363616C46
:10772000650000003C2E030881190108DBFC0208FB
:10773000D11D0108000000001C77030800000000B4
:107740000000000041060000736C6964657200006F
:10775000B4680308C305030800000000551E0108B3
:10776000000000004877030800000000000000004F
:10777000450A00007370696E626F780060780308D4
:10778000192301080000000069230108000000001F
:1077900074770308820000000000000081080000E8
:1077A0007370696E6E6572008C680308CF0B0308F6
:1077B000000000000000000000000000A0770308A7
:1077C00000000000000000000000000073776974F2
:1077D000636800003C2E0308050C0308FD0B03083A
:1077E0007525010800000000CC7703083400000074
:1077F0001E000000040300007461626C650000005C
:107800003C2E0308AD0E0308570E0308112B010888
:1078100000000000F8770308FFFFFF3FFFFFFF3F76
:107820008504000074616276696577003C2E030868
:10783000852E010800000000CD2F01080000000087
:107840002478030864000020640000204003000046
:10785000E280A200746578746172656100000000C6
:107860003C2E03082D330108BD110308A53701087C
:1078700000000000547803080401000082000000AA
:107880004507000074696C650074696C657669650C
:10789000770000003C2E0308713C01080000000046
:1078A00000000000000000008478030800000000D1
:1078B00000000000000300003C2E0308313C0108DA
:1078C00000000000000000000000000089780308AC
:1078D00000000000000000000003000077696E0057
:1078E0003C2E03088D3C0108000000000000000051
:1078F00000000000DC780308640000206400002021
:10790000C0020000546F7563682073637265656E12
:10791000206572726F722049443A2025640A00691A
:107920003263206572722069643A2025640A007807
:107930005F706F733A2025640A00795F706F733A45
:107940002025640A002E2E2F6175746F67656E2FD7
:10795000736C5F696F73747265616D5F696E697472
:107960005F6575736172745F696E7374616E636570
:10797000732E630076636F6D00000000A882030819
:107980000000000000C20100000200004C82030859
:1079900000000500060009000800000005000000C6
:1079A0000000000080969800020100000000000026
:1079B00000000000010000000000000000000000C6
:1079C00001000000000000000000000001040000B1
:1079D0000203020202012E2E2F73696D706C69631F
:1079E0006974795F73646B5F323032352E362E33B3
:1079F0002F706C6174666F726D2F636F6D6D6F6E3B
:107A00002F7372632F736C5F736C6973742E6300D2
:107A10002E2E2F73696D706C69636974795F73645E
:107A20006B5F323032352E362E332F706C617466B8
:107A30006F726D2F6472697665722F6770696F2F30
:107A40007372632F736C5F6770696F2E63002E2EE5
:107A50002F73696D706C69636974795F73646B5FB0
:107A6000323032352E362E332F706C6174666F7261
:107A70006D2F6472697665722F69326373706D2F32
:107A80007372632F736C5F69326373706D2E630062
:107A90001E0000032E2E2F73696D706C696369746C
:107AA000795F73646B5F323032352E362E332F7030
:107AB0006C6174666F726D2F656D6472762F737072
:107AC000696472762F7372632F7370696472762E95
:107AD0006300000000000000010000000000000042
:107AE0000000000001000000000000000000000095
:107AF00001040000050000000000000080969800CE
:107B0000020100000000000005000000000000006D
:107B100040420F00050100000000000000000000CE
:107B2000000000002E2E2F73696D706C69636974FC
:107B3000795F73646B5F323032352E362E332F709F
:107B40006C6174666F726D2F656D6C69622F7372F4
:107B5000632F656D5F636D752E630000A0BB0D0024
:107B6000C07A1000001F408240420F00C07A10000F
:107B700020D613003A1F41A20000000020D61300B7
:107B8000905817003A1F42A20000000090581700BA
:107B900040771B003A9F43B60000000040771B006F
:107BA00070CE2000001F408180841E0070CE200017
:107BB00040AC27003A1F41A10000000040AC270064
:107BC000108A2E003A1F42A100000000108A2E00E9
:107BD00080EE36003A9F43B50000000080EE36008C
:107BE000E09C4100001F408000093D00E09C4100F6
:107BF00080584F003A1F41A00000000080584F00FD
:107C000020145D003A1F42A00000000020145D0017
:107C1000C0047700009F43B4C0CF6A00C00477005F
:107C2000408995003A9F44B40000000040899500C7
:107C3000C00DB4003A9F45B400000000C00DB40070
:107C400000BADB00009F66B4405DC60000BADB00EE
:107C500080730601009F67B40024F400807306015E
:107C600020992C01009F68A8C0EA210120992C01CD
:107C7000C0286B013A9F89B800000000C0286B0142
:107C800060EDB501009F8AB880BA8C0160EDB50146
:107C900080011302009FABB80048E8018001130285
:107CA00080138D02009FCCA880D5430280138D02E3
:107CB000805A1303009FEDAC006CDC02805A130362
:107CC00020289B03009FEEBC007E560320289B03C8
:107CD000C0C95304009FEFBC0090D003C0C9530437
:107CE00000B4C404009FF0CC00B4C4042E2E2F7343
:107CF000696D706C69636974795F73646B5F32304E
:107D000032352E362E332F706C6174666F726D2F84
:107D1000656D6C69622F7372632F656D5F656D753C
:107D20002E63002E2E2F73696D706C6963697479F0
:107D30005F73646B5F323032352E362E332F706CAA
:107D40006174666F726D2F656D6C69622F737263FB
:107D50002F656D5F6575736172742E6300433A5CC5
:107D600055736572735C414345525C53696D706C29
:107D7000696369747953747564696F5C76355F778C
:107D80006F726B73706163655C786732365F7466BF
:107D9000745F7370695F4C69625C73696D706C6964
:107DA000636974795F73646B5F323032352E362EBF
:107DB000335C706C6174666F726D5C656D6C69626A
:107DC0005C696E632F656D5F6275732E6800433A60
:107DD0005C55736572735C414345525C53696D70C9
:107DE0006C696369747953747564696F5C76355F27
:107DF000776F726B73706163655C786732365F743E
:107E000066745F7370695F4C69625C73696D706CF6
:107E100069636974795F73646B5F323032352E3613
:107E20002E335C706C6174666F726D5C656D6C692D
:107E3000625C696E632F656D5F6770696F2E6800A5
:107E40002E2E2F73696D706C69636974795F73642A
:107E50006B5F323032352E362E332F706C61746684
:107E60006F726D2F656D6C69622F7372632F656D14
:107E70005F6770696F2E6300FF07FF01FF3FFF0719
:107E80002E2E2F73696D706C69636974795F7364EA
:107E90006B5F323032352E362E332F706C61746644
:107EA0006F726D2F656D6C69622F7372632F656DD4
:107EB0005F6932632E6300080911082E2E2F736943
:107EC0006D706C69636974795F73646B5F323032B3
:107ED000352E362E332F706C6174666F726D2F6580
:107EE0006D6C69622F7372632F656D5F6C646D6179
:107EF0002E63002E2E2F73696D706C69636974791F
:107F00005F73646B5F323032352E362E332F706CD8
:107F10006174666F726D2F656D6C69622F73726329
:107F20002F656D5F75736172742E6300433A5C5503
:107F3000736572735C414345525C53696D706C6943
:107F40006369747953747564696F5C76355F776FB4
:107F5000726B73706163655C786732365F746674E8
:107F60005F7370695F4C69625C73696D706C6963A3
:107F70006974795F73646B5F323032352E362E331D
:107F80005C706C6174666F726D5C7065726970684C
:107F90006572616C5C696E632F736C5F68616C5FA6
:107FA0006770696F2E68002E2E2F73696D706C6973
:107FB000636974795F73646B5F323032352E362EAD
:107FC000332F706C6174666F726D2F70657269709B
:107FD000686572616C2F7372632F736C5F68616C7C
:107FE0005F6770696F2E6300433A5C557365727307
:107FF0005C414345525C53696D706C696369747987
:1080000053747564696F5C76355F776F726B7370EC
:108010006163655C786732365F7466745F7370693C
:108020005F4C69625C73696D706C69636974795FD8
:1080300073646B5F323032352E362E335C706C6178
:1080400074666F726D5C7065726970686572616C80
:108050005C696E632F736C5F68616C5F6275732E11
:108060006800433A5C55736572735C414345525CEA
:1080700053696D706C696369747953747564696F61
:108080005C76355F776F726B73706163655C786780
:1080900032365F7466745F7370695F4C69625C73DB
:1080A000696D706C69636974795F73646B5F32309A
:1080B00032352E362E335C706C6174666F726D5C77
:1080C0007065726970686572616C5C696E632F734C
:1080D0006C5F68616C5F7379737274632E68002ED5
:1080E0002E2F73696D706C69636974795F73646B4B
:1080F0005F323032352E362E332F706C6174666FDE
:10810000726D2F7065726970686572616C2F737221
:10811000632F736C5F68616C5F7379737274632E25
:1081200063002E2E2F73696D706C69636974795FBB
:1081300073646B5F323032352E362E332F706C61A4
:1081400074666F726D2F736572766963652F636CE9
:108150006F636B5F6D616E616765722F7372632F02
:10816000736C5F636C6F636B5F6D616E616765728B
:108170005F68616C5F73322E63002E2E2F73696D02
:10818000706C69636974795F73646B5F3230323528
:108190002E362E332F706C6174666F726D2F73657F
:1081A00072766963652F636C6F636B5F6D616E617F
:1081B0006765722F7372632F736C5F636C6F636B91
:1081C0005F6D616E616765725F696E69745F68613A
:1081D0006C5F73322E630000012600000400000073
:1081E0000000000000010000000000000B00000083
:1081F0000C00000003000000000020200000000030
:10820000030000003C3C3C000000000000000000B7
:1082100000000000010310010109030088000000B4
:1082200087000000090000001E000000160000008A
:10823000890000000F0000000E0000001A0000007E
:108240008600000085000000570000005600000076
:108250001100000000800A50240000001C82030866
:1082600000400A50240000002082030800000A5049
:10827000030000002482030800C00A50130000001D
:1082800028820308004009500A00000040820308C9
:10829000000009500A0000004482030800C0085092
:1082A0000A000000488203080000015B150000007E
:1082B0004C8203082E2E2F73696D706C696369748C
:1082C000795F73646B5F323032352E362E332F7008
:1082D0006C6174666F726D2F736572766963652F5A
:1082E000696E746572727570745F6D616E616765D9
:1082F000722F7372632F736C5F696E74657272751F
:1083000070745F6D616E616765725F636F727465D3
:10831000786D2E63002E2E2F73696D706C69636902
:1083200074795F73646B5F323032352E362E332FA3
:10833000706C6174666F726D2F73657276696365B8
:108340002F696F73747265616D2F7372632F736C15
:108350005F696F73747265616D5F65757361727467
:108360002E630000050000000000000000C20100B4
:1083700000020000001000000000000000000000EB
:108380000000000005000000000000008025000043
:10839000800200000010000000000040000000000B
:1083A000000000002E2E2F73696D706C6963697474
:1083B000795F73646B5F323032352E362E332F7017
:1083C0006C6174666F726D2F736572766963652F69
:1083D000696F73747265616D2F7372632F736C5F55
:1083E000696F73747265616D5F72657461726765E0
:1083F000745F737464696F2E63002E2E2F73696D22
:10840000706C69636974795F73646B5F32303235A5
:108410002E362E332F706C6174666F726D2F7365FC
:1084200072766963652F696F73747265616D2F73FE
:1084300072632F736C5F696F73747265616D5F75C2
:108440006172742E63002E2E2F73696D706C6963D8
:108450006974795F73646B5F323032352E362E3338
:108460002F706C6174666F726D2F736572766963BD
:10847000652F736C65657074696D65722F737263B7
:108480002F736C5F736C65657074696D65722E63B4
:10849000002E2E2F73696D706C69636974795F7338
:1084A000646B5F323032352E362E332F706C617430
:1084B000666F726D2F736572766963652F7564657B
:1084C0006C61792F7372632F736C5F7564656C6177
:1084D000792E6300232D302B2000686C4C006566DC
:1084E0006745464700303132333435363738394105
:1084F000424344454600303132333435363738391B
:0885000061626364656600001E
:08850800507DFC7F0100000022
:0C8510001C8503087C2302204F000000A3
:10851C00000000008471030884700308846F030852
:10852C00966E030884710308847103088471030830
:10853C00847103080000000000000000D4710308DF
:10854C00D4700308D46F0308306F0308D471030888
:10855C00D4710308D4710308D4710308000000001F
:10856C000000000000000B50020402050000000097
:10857C00DDFB05000100000000000B50EC23022085
:10858C002C0E022074790308020000000542010839
:10859C0000000000000000000000000000000000CF
:1085AC001400000000C00850020202030D070B0863
:1085BC00002D310108000000000000000001000146
:1085CC0000000000480E0220C0EA2101C0EA21018F
:1085DC0000800000C0175302B824022000000000E5
:1085EC0003000000041202205824022000000000A6
:1085FC00041202206C120220D4120220000000008F
:10860C00000000000000000000000000000000005E
:10861C00000000000000000000000000000000004E
:10862C00000000000000000000000000000000003E
:10863C000000000000000000FFFFFFFF0128010008
:0C864C0035020008E19A01080D02000848
:040000050801448129
:00000001FF
