S0170000786732365F7466745F7370695F4C69622E733337C8
S31508000000001000208144010889190308891903088A
S31508000010891903088919030889190308891903081E
S31508000020891903088919030889190308891903080E
S315080000308919030889190308891903086715030824
S3150800004089190308891903088919030889190308EE
S3150800005089190308891903088919030889190308DE
S3150800006089190308891903088919030889190308CE
S3150800007089190308891903088919030889190308BE
S3150800008089190308891903088919030889190308AE
S31508000090AD420108DB180308891903088919030802
S315080000A0891903088919030889190308891903088E
S315080000B0891903088919030889190308891903087E
S315080000C0891903088919030889190308514F010872
S315080000D0891903088919030889190308814A010837
S315080000E0614A010889190308891903088919030847
S315080000F0891903088919030889190308891903083E
S31508000100891903088919030889190308891903082D
S31508000110891903088919030889190308891903081D
S31508000120891903088919030889190308891903080D
S3150800013089190308891903088919030889190308FD
S3150800014089190308891903088919030889190308ED
S3150800015089190308891903088919030889190308DD
S3150800016089190308891903088919030889190308CD
S3150800017089190308891903088919030889190308BD
S31508000180891903088919030889190308EB2D030837
S31508000190891903088919030889190308891903089D
S315080001A0891903088919030889190308891903088D
S309080001B08919030890
S315080001C0013800D0FCE770470348044B834202D04D
S315080001D0034B03B118477047B8240220B8240220FD
S315080001E000000000064B0749C91A891048BF0131AB
S315080001F0491003D0044B0BB101481847704700BF9C
S31508000200B8240220B82402200000000010B5064CCD
S31508000210237843B9FFF7D8FF044B13B10448AFF36B
S3150800022000800123237010BD441302200000000043
S315080002300885030808B5054B1BB105490548AFF302
S315080002400080BDE80840FFF7CDBF00BF00000000F2
S315080002505811002008850308A3F5803A704700BFA7
S31508000260174B002B08BF134B9D46FFF7F5FF0021E0
S315080002708B460F461348144A121A31F0D7FE0E4B16
S31508000280002B00D098470D4B002B00D09847002034
S31508000290002104000D000D48002802D00C48AFF3D9
S315080002A0008019F0DDFF2000290031F067F919F008
S315080002B013FE00BF00000800000000000000000058
S315080002C000100020001000207C23022000000000FF
S315080002D00000000010B598B002F0F2FD00F09AF8A0
S315080002E00446002009F036FCC0F307238DF80530D4
S315080002F0C0F307438DF806308DF8040001992046AF
S3150800030000221DF0BCFE2046002247F6FF711DF0B4
S31508000310E9FE00230A22072120461CF0D5F802A888
S3150800032009F07EFA214602A829F0DFF9322202A84E
S315080003300A2129F0E3F902A84FF47A7129F0D9F9CC
S3150800034002A8642129F0EAF902A84FF4967129F067
S31508000350E3F902A84FF4FA7129F0E4F902A84FF07C
S31508000360FF3129F0DDF902A80B4929F0CDF90B492F
S3150800037002A829F0BCF902A809F06CFA02A80849F3
S3150800038029F0B5F9F0220A2102A829F0B7F902A83E
S3150800039009F060FA18B010BDA3960208D5A801089E
S315080003A0D1A80108202101482AF004BAA411002086
S315080003B0014B186C704700BF7011002010B5044639
S315080003C000B9FEE7064A07491AF0A3FA63692BB192
S315080003D020B92046BDE810400121184710BD00BFCE
S315080003E011A9020805A9020810B5044600B9FEE7D6
S315080003F00649074A1AF08DFA6369014623B118B906
S315080004002046BDE81040184710BD00BF0BA90208DA
S3150800041019A9020810B50146044800F009F804466F
S3150800042000B9FEE71BF093F9204610BD3C2E0308E1
S3150800043070B506460D462B4A20B1036A1A4212D0F9
S31508000440C3F30F100AF074FA044648B1C0E9006510
S315080004507DBB02F081FB064638B920460AF07AFAD7
S315080004600024204670BD0068E6E7D0F8B40208B953
S31508000470C6F8D052D6F8D012013189000AF074FABB
S3150800048000B9FEE70025D6F8D032C6F8B4025A1CE1
S31508000490C6F8D02240F823402846C4E9055502F09C
S315080004A06BFB0138E061284602F076FB01382062D2
S315080004B0D7E7AB6813B928461BF0FDF8AE68318D4F
S315080004C03068013189B2318589000AF04DFAAA6887
S315080004D03060138D126803F18043013B42F82340D4
S315080004E0BFE700BFF0FF0F0038B5044605F048FE29
S315080004F028B1237E13F002003ED1DD073DD42368E0
S315080005009D6805B1083501222146284629F031FFA4
S31508000510012832D1207E10F002002DD121461BF091
S3150800052059FD012829D1227E12F0020224D1214642
S31508000530284629F01EFF01281FD1237E99071BD4C0
S3150800054020681DF01EFE0546B0B1237E5A0713D457
S315080005502389283B012B11D94FF4804120681AF0D2
S3150800056070FE48B12389133B9BB21E2B06D8044A5A
S3150800057022FA03F3DB0701D5012038BD2560B5E76C
S31508000580F19F785837B50B4905461AF060FE0446C0
S3150800059010B1002003B030BD28461DF0F2FD00283A
S315080005A0F7D0162221461DF031F980B2003818BF5F
S315080005B00120EFE70100060007B50022054B3121AF
S315080005C0CDE900236A461BF01AFD009803B05DF8D2
S315080005D004FB00BF010000E007B50023054A3121EE
S315080005E0CDE900236A461BF00AFD019803B05DF8C1
S315080005F004FB00BF010000E02DE9F04F87B08146FB
S31508000600FFF7C0FF0446002840F0FE8048461DF06C
S31508000610B8FD21460822824648461DF0F7F82146CD
S31508000620059005468346092248461DF0EFF804461C
S3150800063005900090BAF1000F07D1024629464846B0
S3150800064007B0BDE8F04F1CF068B950461BF092FFA2
S31508000650804650461BF09EFF05F0C043B3F1005F8D
S31508000660074614D16FF0604325F0C0459D420ED071
S315080006704FF0640BB5F1805FA2BFC5F17F6505F544
S315080006807F2505F6FF7505FB08F595FBFBFB04F0D2
S31508000690C043B3F1005F13D16FF0604324F0C04448
S315080006A09C420DD06423B4F1805FA2BFC4F17F647D
S315080006B004F57F2404F6FF747C4394FBF3F300935C
S315080006C06A22002148461DF0A1F86B2200210590F8
S315080006D00390064648461DF099F809F11404CDE939
S315080006E001000590204629F0C7FB0546204629F05B
S315080006F0C8FBDDE90112039B044603F0C040B0F1D4
S31508000700005F12D16FF0604023F0C04383420CD0E3
S315080007106426B3F1805FA2BFC3F17F6303F57F232D
S3150800072003F6FF736B4393FBF6F602F0C043B3F18F
S31508000730005F12D16FF0604322F0C0429A420CD09B
S315080007406423B2F1805FA2BFC2F17F6202F57F2205
S3150800075002F6FF72624392FBF3F1009B0A220B44F6
S31508000760484600215E449B461DF050F8059010F05F
S31508000770FF0007D150461BF008FD012820D1A8EB41
S3150800078005051CE0023807281AD801A353F820F0FB
S31508000790B10700087F070008D7070008C707000841
S315080007A0DD070008E9070008E3070008F90700085D
S315080007B005EBD57508EBD8786D10C5EB68052E44A2
S315080007C05A4631463BE705EBD57508EBD8786D10E8
S315080007D0C5EB68052E443C1BA344F1E7A8EB0505C9
S315080007E0F8E7A8EB05052E4404EBD47407EBD77796
S315080007F06410C4EB6704EFE705EBD57508EBD8780A
S315080008006D10C5EB6805EEE707B0BDE8F08F00BFD1
S315080008102DE9F04F91B090F82B30044603F00C0305
S315080008200C2B03D1002011B0BDE8F08F1DF0A9FCF8
S3150800083006460028F6D094F82B1004F1140311F09C
S315080008400801019363D0184629F016FB94F82B107B
S31508000850074611F0040100F0AF81019829F011FB59
S315080008600546019829F008FB874200F08A8220464F
S315080008701CF03CF8636930460893A3690CA90993F0
S31508000880E3690A93236A0B931BF094FE00220CA9D2
S3150800089008A829F066F8804610B930461CF02CFEE8
S315080008A0A36920461D44013D25621BF06EFC012804
S315080008B00BBFE3696369DB1BFF180BBF013307F145
S315080008C0FF376361E7612E2108AA20461BF097FBD4
S315080008D02246272130461BF092FB20461CF006F8DC
S315080008E094F82A30002243F00203019884F82A304B
S315080008F00CA929F036F8B8F1000F00D110B130462E
S315080009001CF0FAFD20461BF03DFB01208BE7012277
S3150800091020461CF07BFF00F0C043B3F1005F804621
S3150800092005460C90304605D16FF0604328F0C04765
S315080009309F4234D11BF01EFE6FF04043984502904B
S3150800094040F0A48020461CF003FAA36803900BB17C
S3150800095000229A6120461BF009FD804620461BF0BE
S315080009601DFC82462046FFF727FE0AEB00052046B7
S315080009701DF03DFC049020461BF007FC01284FF0B3
S31508000980000BDFF82C92454475D0049AA3685A45A3
S3150800099040F0A080864A914574D0C8448EE06FF036
S315080009A040481BF0E7FD45450290CBD096F82B1042
S315080009B011F0080140F0DD80012230461CF026FFC8
S315080009C040450C9040F0D58020461BF0E7FB0546D5
S315080009D020461BF0CBFC054458E01B68754953F8C4
S315080009E02B7038461AF033FC002842D13846FFF7F8
S315080009F0C9FD014660B90A2238461CF007FF0C906B
S31508000A00C0B2082809D840F24913C340DA0704D50A
S31508000A10E3697A699B1A013317E0082200213846F0
S31508000A201CF0F4FE0C90002844D1069007F114003F
S31508000A3029F022FA1A2208EB00030699384605938C
S31508000A401CF0E4FE059B0C9003441A22002138464C
S31508000A5005931CF0DBFE059B0C901844484508DB03
S31508000A601A22002138461CF0D1FE059B0C9003EB98
S31508000A7000090BF1010B049AA3685A45ADD14C4AFB
S31508000A80914519D113B1039A52429A610422002161
S31508000A9020461CF0BBFE052207460C900021204686
S31508000AA01CF0B4FE394602460C90029B28461CF000
S31508000AB00CF8CBE63E4BC8E70AEB0908A26812B168
S31508000AC0039B5B4293613A4B9845DFD04545B8BFD7
S31508000AD04546DBE71B68374953F82B7038461AF04A
S31508000AE0B6FB002840D13846FFF74CFD014658B9F9
S31508000AF00A2238461CF08AFE0C90C0B2072808D88D
S31508000B009323C340DB0704D5FB6962699B1A01334B
S31508000B1016E00822002138461CF078FE0C9030BBFF
S31508000B20069007F1140029F0A7F91B220AEB000327
S31508000B300699384605931CF069FE059B0C900344FC
S31508000B401B220021384605931CF060FE059B0C907D
S31508000B501844484508DB1B22002138461CF056FE7F
S31508000B60059B0C9003EB00090BF1010B0DE7104BED
S31508000B70E6E7B7F1805FA4BFC7F17F6707F57F2770
S31508000B80029BA8BF07F6FF775F4364231A2200215A
S31508000B90204697FBF3F71CF039FE1B2205460C90FE
S31508000BA0002120461CF032FE0C9028443D1A6DE7C1
S31508000BB0010000E001000400022220461CF026FE87
S31508000BC000F0C043B3F1005F814605460C903046FD
S31508000BD005D16FF0604329F0C048984549D11BF00C
S31508000BE0D9FC6FF04043994582462ED120461CF029
S31508000BF0B4F8A36804900BB10022DA6120461BF012
S31508000C009BFB029020461BF07DFB03902046FFF7D6
S31508000C10E3FC029B4FF0000B1D18039B20461D4466
S31508000C201DF0E5FADFF868910590059AA3685A451C
S31508000C303BD113B1049A5242DA61554B994504D017
S31508000C40039B4B449D42B8BF1D4606220021204601
S31508000C501CF0DCFD072280460C90002120461CF083
S31508000C60D5FD534602460C90414628461BF02DFFFB
S31508000C70F6E56FF040491BF08DFC4D458246B5D030
S31508000C8096F82B1011F004015CD1022230461CF0B4
S31508000C90BDFD48450C9055D120461BF04DFB054639
S31508000CA020461BF02FFB0544CFE71B68394953F84C
S31508000CB02B8040461AF0CBFA00283ED14046FFF773
S31508000CC061FC014648B906900A2240461CF09EFD82
S31508000CD00C90C0B20328069905D8D8F82030A26926
S31508000CE09B1A013315E0092240461CF08FFD0C9033
S31508000CF030BB079008F1140029F0C3F8029B1822AC
S31508000D0003440799404606931CF080FD069B0C9009
S31508000D10034419220021404606931CF077FD069BE2
S31508000D200C901844484508DB1922002140461CF05F
S31508000D306DFD069B0C9003EB00090BF1010B74E7A4
S31508000D40134BE6E76422B8F1805FA2BFC8F17F685B
S31508000D5008F57F2808F6FF780AFB08F3002193FBBD
S31508000D60F2F8204618221CF051FD192205460C906F
S31508000D70002120461CF04AFD0C902844A8EB0005EB
S31508000D8063E7019829F07DF885427FF470AD49E55F
S31508000D90010000E00100040038B50D4D95F86030FB
S31508000DA063B9012385F860301DF0E3F9044694F829
S31508000DB02A3013F0040202D185F8602038BD6FF39B
S31508000DC08203204684F82A301BF0B9FEEFE700BFFD
S31508000DD0701100202DE9F04F85B00E460746934660
S31508000DE09846DDF83890FFF7D7FF1EB938461DF04C
S31508000DF0C8F9064638461DF0C4F982461BF0CEF9F6
S31508000E00019050461BF098FA029030461BF0C6F93E
S31508000E10054630461BF090FA0446BBF1000F10D188
S31508000E2030461BF0B2F9012874D130461BF0A2FBFC
S31508000E30834607F1140029F01FF8ABEB000B5D445D
S31508000E4068E00BF1FF3BBBF1140F2DD801A353F853
S31508000E502BF000BF150F0008F50E00082B0E000832
S31508000E60EB0F0008031000083D1000086510000885
S31508000E7085100008AF0E0008AD100008B91000086C
S31508000E80E5100008FD1000080911000835110008D2
S31508000E904D1100085B11000887110008A71100080A
S31508000EA0B3110008CD1100080024002532E03046B1
S31508000EB01BF060FB07F1140B0390584628F0DCFF83
S31508000EC0039B00EBD07003EBD3734010C0EB6300B9
S31508000ED0054430461BF05EFB0390584628F0D1FFC8
S31508000EE0039B00EBD07003EBD3734010C0EB630099
S31508000EF004440FE030461BF03DFB834607F114001F
S31508000F0028F0BAFF00EBD0700BEBDB7B4010C0EB90
S31508000F106B00054408F0C043B3F1005F18D16FF0C9
S31508000F20604328F0C04B9B4512D006F1140028F008
S31508000F30A3FF4FF06408BBF1805FA2BFCBF17F6BC4
S31508000F400BF57F2B0BF6FF7B00FB0BFB9BFBF8F8E7
S31508000F5009F0C043B3F1005F18D16FF0604329F080
S31508000F60C04B9B4512D006F1140028F08AFF4FF0BB
S31508000F706409BBF1805FA2BFCBF17F6B0BF57F2BBA
S31508000F800BF6FF7B00FB0BFB9BFBF9F950461BF0AE
S31508000F90FCF801287369DAF8142040F024814344E8
S31508000FA05046A3EB020800F0C9F9019B8044A8EB60
S31508000FB00308B36950469944DAF818304544A9EB52
S31508000FC003091BF0CFFE029B8144A9EB03093846AF
S31508000FD0002201214C441DF02FF8224629463846A6
S31508000FE005B0BDE8F04F1BF009BA30461BF0D2FA3F
S31508000FF0834607F1140028F044FFABEB000B5C4472
S3150800100088E730461BF0B6FA07F1140B03905846EA
S3150800101028F032FF039B00EBD07003EBD37340102C
S31508001020C0EB6300054430461BF0B4FA03905846FB
S3150800103028F027FF039B1B1A1C446BE730461BF05E
S3150800104099FA07F1140383461846039328F014FF08
S31508001050ABEB000B30461BF09DFA039B5D448346C1
S315080010601846C8E730461BF095FA834607F1140080
S3150800107028F007FF00EBD0700BEBDB7B4010C0EBD2
S315080010806B0035E730461BF075FA07F11403834603
S315080010901846039328F0F0FEABEB000B30461BF026
S315080010A079FA039B5D4483461846E1E707F1140085
S315080010B028F0E7FE4442F8E606F1140028F0DCFEC4
S315080010C007F114040546204628F0D6FE05EBD5732D
S315080010D000EBD0756D10C5EB6305204628F0D1FEF0
S315080010E0444217E706F1140028F0C6FE07F1140477
S315080010F00546204628F0C0FE2D1AEEE706F1140034
S3150800110028F0BFFE0446D0E606F11404204628F06F
S31508001110B3FE054607F1140028F0AEFE05EBD573BD
S3150800112000EBD0756D10C5EB6305204628F0A9FEC7
S315080011300446EFE606F11404204628F09DFE05460F
S3150800114007F1140028F098FE2D1AEEE707F11400AF
S3150800115028F092FE45420024DCE607F1140B5846B7
S3150800116028F08AFE454206F1140028F08AFE044655
S31508001170584628F086FE04EBD47300EBD07464104E
S31508001180C4EB6304C6E607F1140B584628F074FE50
S31508001190454206F1140028F074FE0446584628F025
S315080011A070FE241AB6E606F1140028F065FE054618
S315080011B0D1E706F11404204628F05EFE05462046CF
S315080011C028F05FFE044607F11400D2E706F114047E
S315080011D0204628F051FE0546204628F052FE0446D1
S315080011E007F11400DBE798445046A8EB020800F024
S315080011F04DF8DAE62DE9F34704461CF0F8FF00251A
S315080012000746204EDFF88080BD4223D120461BF0DA
S315080012100DFD804620461BF0EFFC1A4B07469E4202
S315080012201CBF236A1B1A204618BFF61AFFF7D4F903
S31508001230054620461BF09BF9A0EB0800C01B2D1A9B
S3150800124020461BF08AFD281AB042B8BF304602B0C5
S31508001250BDE8F087A36841461B6853F825A05046A9
S3150800126019F0F5FF014650B919225046DAF82090D0
S315080012701CF0CCFA81444E45B8BF4E460190013564
S31508001280C2E700BF010000E0010004002DE9F74FA6
S31508001290002105461BF084FC012806D0A86808B181
S315080012A08069404203B0BDE8F08F28461BF0D8FCA1
S315080012B0804628461BF086FC074628461CF097FF02
S315080012C06FF0604481460026B1451BD16FF060433C
S315080012D09C4218BF6E6928461ABFF619361B154E6A
S315080012E0FFF76AF9044628461BF03EF9A0EB08000A
S315080012F0C01B241A28461BF02BFD2044B042B8BF59
S315080013003046CFE7AB680C491B6853F826A0504611
S3150800131019F09DFF014658B91A225046DAF814B05A
S315080013201CF074FAABEB000B5C45A8BF5C46019059
S315080013300136C9E7010000E0010004002DE9F34782
S31508001340002105461BF02CFC012805D1A86800B130
S31508001350806902B0BDE8F08728461CF048FF0024E3
S3150800136007461F4EDFF87C80A74221D128461BF08E
S3150800137077FC074628461BF025FC194B80469E42FB
S3150800138018BFEB6928461CBFDB1BF61AFFF714F9D2
S31508001390044628461BF0E8F8C01BA0EB0800241AF0
S315080013A028461BF0D5FC201AB042B8BF3046D0E715
S315080013B0AB6841461B6853F824A0504619F047FF0E
S315080013C0014650B91B225046DAF81C901CF01EFA4A
S315080013D081444E45B8BF4E4601900134C4E700BF6C
S315080013E0010000E00100040038B50D460C4904462A
S315080013F008F09AFA58B1C06A40422860094920465E
S3150800140008F092FA38B1C06A4042686038BD204692
S315080014101BF09EFCF1E720461BF09FFCF5E700BF9A
S31508001420C3CD0108ADCD0108F0B597B0164651EA0F
S31508001430060204460D465FD0012B5FD100F0F8FC8A
S315080014400746684608F0ECF92146684628F04DF943
S315080014506846394928F05EF935B3384601F08CFB01
S315080014604FF4C872C821401028F0EDF801466846C6
S3150800147028F03FF920461BF06BFC2A1A41426846C1
S3150800148028F03CF968462D4928F031F968462C4978
S3150800149028F03AF96A46092120461AF0B0FD0128D3
S315080014A02AD1684608F0D6F936B3384601F074FBF7
S315080014B04FF4C872C821401028F0C5F8014668469E
S315080014C028F017F920461BF048FC321A41426846B4
S315080014D028F014F968461B4928F009F9684618499E
S315080014E028F012F96A46092120461AF088FD0128D3
S315080014F002D1684608F0AEF917B0F0BD114908F0F8
S31508001500EFF90E49204608F0EBF90022092120469A
S315080015101AF075FD0128EFD13246294620461BF000
S3150800152023FC0128E8D100220B21204617B0BDE88C
S31508001530F0401AF064BD00BFB1CB0108C3CD010865
S3150800154089960208ADCD010870B504460D460749CF
S31508001550164608F0C5F920461BF0FAFB3346411B30
S3150800156000222046BDE870401BF036BCC3CD0108FA
S3150800157070B504460D460749164608F0B1F92046E7
S315080015801BF0EBFB3346421B00212046BDE87040AA
S315080015901BF022BCADCD01082DE9F04F89B080467D
S315080015A008460291914603931CF0EBFD102106466E
S315080015B019F047FE002800F0068130461BF0B2FB02
S315080015C0019030461BF0BDFB8246002800F09E8045
S315080015D0029B03F1140730461BF028FB04463046ED
S315080015E01BF00AFBB5697B682544ED1A336AF9686E
S315080015F0D9F804201B1A5B1AD11A83463046CDE95E
S315080016000623AD1A05911AF0B2FFDDE90512002D81
S31508001610079B0490C0F28580002979DB0025BAF182
S31508001620020F00F08980BAF1030F00F08A80BAF140
S31508001630010F03D1B5697B682544ED1A30461BF0C6
S3150800164079FB824610B1029B03F1140830461BF061
S31508001650B9FA074630461BF003FB7469D8F8003020
S315080016603C44E41AF369D9F80020D8F808101B1A84
S315080016705B1AA41A8346A2EB03017ED4002974DB05
S31508001680002430461AF070FFBAF1020F7FD0BAF183
S31508001690030F00F08280BAF1010F04D17469D8F8FB
S315080016A000303C44E41A4949304608F019F94849DB
S315080016B0304608F015F9019BD807019B58BF24EA64
S315080016C0E4749907019B58BF04EAE4745A07019B1E
S315080016D058BF25EAE5751B07039BD9F8042058BFB0
S315080016E005EAE575002B6CD0D9F800302344C9F813
S315080016F000302B46134421462A463046C9F80430A2
S31508001700039B09B0BDE8F04FFFF78EBE474662E778
S31508001710002D83D030461BF020FBA842BFF67FAFD2
S315080017207CE700297FF77AAF30469D1AFFF762FDFE
S31508001730C5427FF574AF71E7356AFB68A5EB0B0503
S315080017407BE7049BB2691B1BA3EB0B0303EBD37369
S315080017501444384604EB630428F093FB7D6800EBD9
S31508001760D07005EB6005651B68E7002C88D030460D
S31508001770FFF78CFDA04284DA82E7002980DD304637
S315080017809C1AFFF7DBFDC4427FF57BAF78E7F46967
S31508001790D8F80830A4EB0B0484E77369C01BA0EBE8
S315080017A00B0000EBD0701F4407EB6007404628F09B
S315080017B063FBD8F8004000EBD07004EB60043C1BD8
S315080017C071E7039B96E709B0BDE8F08FADCD010838
S315080017D0C3CD0108F8B5044615461E4601F47F0731
S315080017E01BF015FF012828D08C2D10D8154B5B5DF2
S315080017F0DA0716D477B96B1E012B0BD822684AB1C3
S31508001800012D0CBF9369D369CBB1336015E00E4B3C
S315080018101B6B0BB90020F8BD2B4413F88D3CDB0776
S31508001820F8D507B96468002CF4D033462A46204612
S31508001830218D1BF0ECFE0128F4D10120EBE712689C
S31508001840DDE700BF9B670308701100202DE9F84FFC
S31508001850074625480D469046994629F056F8044607
S31508001860DFF884B00CB9BDE8F88F4C45FBD02146AB
S31508001870584629F051F823688246BB421CD1A36812
S31508001880AB4202D0B5F5702F16D12379434502D065
S31508001890B8F1FF0F10D100267B8DC3F305139E42C6
S315080018A00CD30021204608F01BF80F48214628F0E3
S315080018B0E9FF204609F04EF85446D3E7FA68F000E7
S315080018C002EBC603D97989070BD5B5F5702F04D075
S315080018D05B68C3F317039D4203D12179105829F099
S315080018E03CFB0136D8E700BF8811002014210148C7
S315080018F028F060BF88110020014B83F82400704748
S31508001900701100202DE9F3475E4B044693F8243006
S315080019100E461546002B00F083801AF0E7FF28468E
S3150800192008F0ECF900F0040A284608F0E7F900F098
S315080019300208284608F0E2F900F00109284608F0EE
S31508001940DDF906F47F0600F01007BAF1000F53D050
S31508001950B6F5702F3FD056B30222002120461BF061
S3150800196055FF6FF04047B842019007D00122002189
S3150800197020461BF04BFFB842019007D100222F21C9
S3150800198020461AF03CFB20461AF07CFDFF2D3ED17E
S3150800199020461AF0F7FA20461AF0A8FFB6F5803F57
S315080019A03ED0204602B0BDE8F0471BF09CBE32464A
S315080019B02F2120461AF023FB20461AF063FDFF2D3F
S315080019C03BD120461CF0DDFB98B9002FE0D020461D
S315080019D01CF0B4F8DCE700222F2120461AF00FFB92
S315080019E020461AF04FFDFF2D204627D11CF0C9FBD3
S315080019F0E8B11AF047FD25E0B6F5702F13D0002E92
S31508001A00C4D1FF2DDDD00FB320461CF097F8B8F1EE
S31508001A10000F28D120461AF069FFB9F1000F2CD122
S31508001A2002B0BDE8F087FF2D0FD12046DEE7002F74
S31508001A30AED020461CF082F8A8E720461CF0A1FB91
S31508001A400028D6D1002FA1D0F3E747B9B8F1000F87
S31508001A5009D1204602B0BDE8F0471AF047BF204634
S31508001A601CF06CF8F2E720461AF08CFA20461AF0B9
S31508001A703DFFB9F1000FD3D090E7BAF1000F8DD131
S31508001A80CEE700BF701100200021014A1CF0BBB848
S31508001A90FFFF0F002DE9F0410468274825682779DC
S31508001AA028F030FF0146244E19B96A8DC2F3051293
S31508001AB03DE0A1420BD00A6823689A4207D18A689A
S31508001AC0A3689A4203D10A7923799A4231D03046DB
S31508001AD028F01EFF0146E7E7EB68CE0003EBC103DB
S31508001AE0D879800722D55B68A068C3F317038342B9
S31508001AF01CD12146104828F0C5FE204608F02AFFCA
S31508001B00EC683946A05929F028FAEB6804EB060870
S31508001B10985929F0C5FA60B1D8F804202846A15981
S31508001B2022F07F42BDE8F0411CF06DB801318A42CF
S31508001B30D2D8BDE8F08100BF8811002070B50D4BE2
S31508001B40064693F8243023B1002001F00BF804462A
S31508001B5070B970BDD4F8B432304653F825101CF06D
S31508001B6048F90135D4F8D032AB42F3D82046ECE731
S31508001B700025F7E7701100202DE9F04399B01E46BD
S31508001B8090F82A30209D43F0080380F82A30028511
S31508001B90044691462A7A0F461BF038FE26850090A1
S31508001BA0394620462A7A1BF031FE94F82A308046B8
S31508001BB06FF3C30384F82A30009B0190834205D152
S31508001BC0014628F066FA002840F08380A4F8289099
S31508001BD02A7A394620461BF019FE39460090268592
S31508001BE020461BF09DFD009A297A006829F0F0F935
S31508001BF020462A7A6968FFF785FE2B7A0C2B20D1B6
S31508001C0047F6FF73DDF80090994501D0984518D13D
S31508001C1020461AF0A9FC00EBD070461020461AF0B0
S31508001C20A6FC47F6FF7200EBD07391454FEA6303B3
S31508001C3013D19E420BDA731CC845009301D1731C5D
S31508001C400193254828F0BEFD064658B9FEE75A1CFA
S31508001C50C8450092F5D10133F2E79045F1D19E428D
S31508001C60EDDBF8E7009B0460C360019B03612B7AF8
S31508001C708760037102A807F0D3FD314602A827F052
S31508001C8034FD164902A827F032FD154902A827F0A7
S31508001C903DFD144902A827F03BFDFF22002102A8BA
S31508001CA027F02CFD298802A827F023FD698802A8B9
S31508001CB027F021FDE96802A827F026FD002102A8E1
S31508001CC027F032FD02A8296927F035FD02A807F09A
S31508001CD0C1FD19B0BDE8F08388110020E91C000891
S31508001CE0A9DF0108951A0008F7B500230668044617
S31508001CF0708DC0F3051098423ED9F268DD0002EBFC
S31508001D00C302D779BF0705D55268A768C2F3170279
S31508001D10BA4201D00133EEE7002300932379612B01
S31508001D2053D04CD8392B29D81B2B3DD901221C3B23
S31508001D30DBB202FA03F33C4A1A4052BB13F0407F67
S31508001D4032D0FE293FDCE368009300230193F36851
S31508001D502179585901AA29F081F9002854D1012777
S31508001D60F368009A2179585929F032F927B122796E
S31508001D70A1682068FFF7C6FD03B0F0BD582B11D83F
S31508001D803C2B11D9294A3D3BDBB222FA03F3DB0788
S31508001D900AD5002924DCE368ADF800301B0C8DF861
S31508001DA00230D2E75A2BCCD00029CCD0FF290AD052
S31508001DB0D4E903239B1A4B4302EB23220AE0662B42
S31508001DC0BFD0672BEFE72369BEE7D4E90323002AD0
S31508001DD0BAD00BB90092B8E77F29D8BF1346B3E744
S31508001DE0FE2901DD2369D7E7CAB2D4E9031028F032
S31508001DF046FAC0F307238DF80000C0F307408DF8B4
S31508001E0001308DF80200A0E7DDE900739F42A6D1F4
S31508001E103946384628F03DF90028A0D0019BFF1A1C
S31508001E2018BF01279CE700BF810020200101000898
S31508001E3010B54368044613B11CF09BF904460B48D9
S31508001E4028F060FD88B10023D0F8D02206E0D0F84B
S31508001E50B41251F82310A14207D001339A42F6D1A1
S31508001E600146024828F054FDECE710BD7411002025
S31508001E70F8B590F82B30044613F010020DD143F054
S31508001E801003262180F82B301AF0B9F830B994F8E7
S31508001E902B3060F3041384F82B30F8BDA06810B11A
S31508001EA0083028F0D3FA002120461CF06DF90646C2
S31508001EB0A8BB204619F0D9F90746304604F056F96A
S31508001EC0054680BB3D4D2146284607F059FD0128A9
S31508001ED0F9D0204619F018FC65682046002D53D124
S31508001EE0FFF7A6FF2B460646D0F8D012D0F8B40264
S31508001EF08B4203D050F8232094423ED100EB830254
S31508001F0001398B423BD3C6F8D012890008F02CFD64
S31508001F10C6F8B4022046BDE8F84008F01BBD3046B6
S31508001F20FFF7A6FFBFE7284626F03AFC00F0FD03B8
S31508001F30012B14D1AB6E9C4205D0EB6E9C4202D0AD
S31508001F402B6F9C4203D1214628461CF003F96B6F80
S31508001F509C42AB6F08BF6E679C4208BFAE67D5F858
S31508001F60A8309F4207D104F011F9844203D12146D3
S31508001F7028461CF0EFF82846A0E70133B8E755686D
S31508001F80013342F8045BBCE71CF049F983B2626886
S31508001F909568298D286801398B4206DB89B229851F
S31508001FA0890008F0E1FC2860B4E7013350F82320E3
S31508001FB000EB830040F8042C9BB2E8E7AFE2010887
S31508001FC02DE9F04FB3B00C4680460121204619F0A2
S31508001FD038F98146002865D10146602220461BF063
S31508001FE015FCC3B2012B179003935BD9204619F051
S31508001FF0EAFF074630B92146404633B0BDE8F04F00
S315080020001CF06EBA204619F0B9FF06460BAD2946F4
S3150800201020461AF067FA32463146284627F0CBFBA7
S31508002020022F42D195E80F0013AE86E80F004A4604
S31508002030314620460DF13C091AF06CFB32464846FB
S3150800204008F1180127F0D1FB60B399E80F0017AE25
S3150800205086E80F003A46314620461AF05BFB2A46C8
S315080020603146304627F0C1FBE0B196E80F0007AFCE
S3150800207087E80F0005223846114627F09CFB3846AC
S3150800208027F0FFFE0190384627F0FBFE0290079BDB
S315080020901393099B1593089B149316930A9A169BF8
S315080020A09A422CDC33B0BDE8F08F012FFAD117AF76
S315080020B02A46384608F1180127F097FB0028F1D080
S315080020C097E80F0007AE86E80F00304627F0D9FEDE
S315080020D0304627F0D6FE304627F0CEFE864B06461B
S315080020E01B6993F83B0027F0C6FF4FF4C04393FBE8
S315080020F0F6F393FBF0F29B0801920293C7E7149B51
S315080021000199013B04F1140B0DF14C0A0B4450469E
S3150800211059469342D4BF1693169227F00DFC002811
S3150800212040F0D1801021149B029A013B13440A9A6D
S315080021309A42D4BF16921693524640461CF06DFC3E
S31508002140214681461CF0CCF96F22002120461BF05F
S315080021505DFB7022002117900490074620461BF06D
S3150800216055FB049B024603F0C041B1F1005F0646E9
S3150800217017901AD16FF0604123F0C0438B4214D0F8
S31508002180B3F1805FA2BFC3F17F6303F57F2303F634
S31508002190FF73CDE90430584627F06EFE049B059A76
S315080021A003FB00F7642397FBF3F702F0C043B3F190
S315080021B0005F18D122F0C0436FF06042934212D0FC
S315080021C0B3F1805FA2BFC3F17F6303F57F2303F6F4
S315080021D0FF735846049327F054FE049B03FB00F64E
S315080021E0642396FBF3F617A801F0FEFB63696E22DB
S315080021F01F44D9F804300021FF1AA36920461E445B
S31508002200D9F808302797F61A039B28968DF8A83030
S315080022101BF0FCFA002203460F90B3F5616F63DCEE
S31508002220002A08BF034600222293002B60DB02B176
S3150800223022936C22002120461BF0E8FA6D22002129
S315080022400F90239020461BF0E1FA712200210F908F
S31508002250249020461BF0DAFA722200210F9025906E
S3150800226020461BF0D3FA672200210F9026902046BD
S315080022701BF0CCFA204B0F901B6900F00F0093F867
S315080022803A307322C3F3000340EA03109DF8A930DD
S31508002290002123F01F0318438DF8A90020461BF0E0
S315080022A0B5FA2CAE31900F9095E80F0086E80F002E
S315080022B05246404617A9CDF878901CF052FE169B58
S315080022C001331493EAE600231721204617AA8DF84E
S315080022D05C30CDF860A019F092FE9DF85C30002BBA
S315080022E07FF420AF122127E70122A3F5616394E763
S315080022F0012203F5616398E7701100202DE9F84380
S3150800230006460D4629B91F4B186900F085FC054697
S3150800231040B130462946FFF753FE28461BF031FFE9
S31508002320044608B9BDE8F88320461BF060FF00277D
S315080023308046B946474513D132461C21204619F036
S315080023405EFE32461D21204619F059FE32461E21F0
S31508002350204619F054FE20461BF013FF2546DFE7FA
S31508002360A3681B6853F82710B9F1000F06D16B1A3A
S31508002370D3F1000949EB03090137DBE73046FFF7DC
S315080023801FFEF9E7701100202DE9FF41754D00F198
S3150800239018082F69064698E80F0007F5407484E880
S315080023A00F0038461CF0D7FA10B928691CF02AF82D
S315080023B02B6993F83B0027F025FEA0B16C462F69E0
S315080023C007F540730FCB84E80F0097F8393033B917
S315080023D0D7E9C01220465242494227F0F9F9214668
S315080023E030681CF061FC286900F016FC014640467E
S315080023F01CF022F82B690746D3F8C842A4B900286E
S3150800240035D1286900F030FC01463046FFF776FFE3
S315080024102B6993F8D422D0072FD4D3F8C842A4B98D
S315080024202B69D3F8C07226E0214640461CF004F812
S315080024302B69044687B90028E3D093F8D422D1073C
S315080024401CD4D3F8C832002BEAD021463046FFF711
S3150800245055FF002FE4D00EE093F8D422D2070FD40C
S31508002460D3F8C8323BB1002808BF1C46EDE793F8FD
S31508002470D432D80704D439460DE00024D3F8C07204
S3150800248039463046FFF73AFF2B69D3F8C81229B107
S31508002490002C18BF21463046FFF730FF286900F0A8
S315080024A0CFFB01463046FFF729FF286900F0D2FB2B
S315080024B001463046FFF722FF2C69D4F8A862B36BB1
S315080024C0002B47D120461CF046FA10B128691BF0AC
S315080024D099FF01232363A26BD10740D5A26B92070C
S315080024E03DD56363A36A656B13B3336821691E69B7
S315080024F0D4F8003362690B440093D4F804332046B9
S3150800250013440193D4F808330B440293D4F80C33DC
S315080025103A2113446A4603931CF028FA3246694660
S315080025202046A36A98476A463B2120461CF01EFAB5
S3150800253020461CF010FA50B194F83930012B00D11E
S315080025402DB1E369626A9A4208BF236A636204B0DE
S31508002550BDE8F08100F0BEFD00F05CFDAFE70023AA
S31508002560BFE700BF70110020014B1869704700BF14
S31508002570701100202DE9F04F9DB0002842D0C068A8
S31508002580C14C2061002800F0E282436A002B00F06B
S31508002590DE821A69002A00F0DA82DB68002B00F076
S315080025A0D682002236211CF0E1F92369D3F8C0024D
S315080025B0FEF7F2FB2369D3F8C80208B1FEF7ECFB75
S315080025C02369D3F8C402FEF7E7FB2369D3F8BC02F4
S315080025D0FEF7E2FB2369D3F8B802FEF7DDFB2369B1
S315080025E0D3F8C022002A40F0FD80C3F85C2203F02D
S315080025F087F800223721A44B18691DB0BDE8F04FB3
S315080026001CF0B4B900F0A8FABAE7304490F83C5286
S31508002610002D00F0A48001362069D0F85C329E4275
S31508002620F3D390F83930012B42D11CF094F90028E5
S315080026303ED0206900F5197028F0A4F9002837D192
S3150800264020691BF0DFFE20694FF00009D0F81C80D6
S31508002650D0F824B0C34508BFD0F8208000F08CFA23
S315080026600390206900F098FA4022049000210CA8F3
S315080026702FF0DCFC23691FFA89F6D3F85C2203F5F0
S315080026801970B24200F2B2800023CDE90833039BE9
S31508002690013B0A93049B013B0B9328F033F905464B
S315080026A0002840F0DE80206900F5197028F076F9D8
S315080026B02069D0F85C3283B3013B039300F50F73AE
S315080026C0039A002A80F2E28000230393002700225F
S315080026D038211CF04BF92369DFF8AC9193F83820C0
S315080026E06FF3000283F8382093F838206FF341021D
S315080026F083F8382093F83A2042F0020283F83A2009
S31508002700D9F81060D6F85C329F42C0F2C88096F8B5
S315080027103A306FF3410386F83A305B4C2069D0F8BB
S315080027205C32002B3FF463AF002239211CF01EF9FE
S3150800273020691CF010F9002840F0EA8120694FF45E
S31508002740007200213C3029F049FC20692022002132
S3150800275000F50F7029F042FC0022236945E74FEA8D
S31508002760061A0AF13C092069D0F85C329D42BFF48A
S3150800277052AF431993F83C32002B31D1AE422FD0D9
S315080027804FEA051B0BF13C0B00EB0B01484427F005
S31508002790D3F828B321690CA801EB0B02494427F0AA
S315080027A046F80CA826F0FDFF03902069484426F059
S315080027B0F8FF07462069584426F0F3FF039B0744B1
S315080027C0BB420DD223690C9903EB0A02D1630D991A
S315080027D02B4411640E9951640F99916483F83C82D5
S315080027E00135C0E700264FF0010815E7334493F892
S315080027F03C3213B109F101093CE728F083F8054694
S31508002800360106F13C030593206900F51970002D81
S31508002810F0D0294628F07CF8059B226982461A449E
S3150800282029460CA827F0D9F8431C064617D00027D6
S3150800283009E027F0E2FF84460CAB03EB07130FCB46
S315080028408CE80F00013720697BB29E42294600F5C5
S315080028501970EEDC28F016F8284608F07BF855467D
S31508002860D2E7294608AA284626F0BFFF2946584631
S315080028702B4642461CF061FA2069294600F5197074
S3150800288028F046F80BE700BF70110020039A9A5CFF
S31508002890002A3FF41BAF039A013A039210E7F31993
S315080028A093F83C32002B54D1039BD6F8A8529F428A
S315080028B002BF96F8383043F0010386F8383096F8A8
S315080028C038306FF3410386F83830736A2B6096F810
S315080028D03930002B5DD000233046C5E9013300F0BE
S315080028E04BF90138E860206900F056F9013828618B
S315080028F0206900F041F98246206900F04DF900226E
S3150800290001380DF13008114600900AF1FF334046B0
S3150800291026F037FF236993F83920022A1BD193F84A
S315080029203820284642F0020283F838202B6805F141
S31508002930180619891BF0B9FD98E80F0086E80F00FC
S3150800294005F1280698E80F0086E80F002846FFF7E5
S315080029501BFD0137D4E6012AFBD1996B93F8382081
S31508002960284661F3410283F838202B6806EB0716E0
S3150800297019891BF09AFD3C3605F1180C96E80F00EC
S315080029808CE80F0005F1280C96E80F008CE80F007C
S31508002990DCE73B0103F13C08B0444046079327F0C7
S315080029A06BFA8246404627F06CFA3B01F3188346D9
S315080029B0D9F81000D3F84880049300F0EDF8804564
S315080029C03FDBD9F8100000F0E7F800F1FF38D9F836
S315080029D01030504693F83B10CDE9051300F01CFE65
S315080029E00599069B072930D00839C9B202292ED87D
S315080029F0584A32F811205B6ADB68A3EB020ABAFB75
S31508002A00F0FADA45A8BFDA460023D346CDE90D33F6
S31508002A100C933221CDF814B00CAAD9F810000BF19A
S31508002A20FF3BCDF83CB01BF0A1FF0CA827F029FA14
S31508002A308245059B0DDABBF1000FEADC4FF0000B6F
S31508002A400CE0049BD3F84880C1E70822D3E70022AC
S31508002A50D1E7002BF2DD0F9B03F1010B002106EBFA
S31508002A60071306931B6C0BEB030202F1FF3AC245F0
S31508002A700592D9F8102023DD88453FF46AAF0799F7
S31508002A80526A3144C86B0499496CC5E90020C5E906
S31508002A900231C5E90603C5E90A03C5E90818C5E907
S31508002AA00C1828460021C5F810801BF0FEFCD9F842
S31508002AB0102092F8383043F0020382F8383045E7A0
S31508002AC00699526AC86B0499496CC5E90603C5E9B3
S31508002AD00231C5E90A03C5E90020C5E9081A2846EE
S31508002AE0C5E90C1AC5F810A000211BF0DEFCC2458A
S31508002AF008BFD9F81020284602BF92F8383043F0AC
S31508002B00020382F83830FFF73FFC5146059BAAE7D7
S31508002B10236993F83930012B7FF410AE002510E0B5
S31508002B20431993F83C325BB900F5197027F08EFE0D
S31508002B300646236903EB05133C330FCB86E80F00E3
S31508002B4001352069D0F85C32AB42E9D8F6E51DB00C
S31508002B50BDE8F08F602E0308014B5869704700BF27
S31508002B60701100200146034809B927F0CBBE27F0AB
S31508002B70CFBE00BF7411002010B9064B586940B18A
S31508002B8090F8F03203F00503012B01D14068704735
S31508002B90006870477011002010B9064B586940B19B
S31508002BA090F8F03203F00503012B01D10068704755
S31508002BB0406870477011002010B9034B586908B176
S31508002BC080697047822070477011002010B9034B46
S31508002BD0586910B1C0E907124162704770110020A8
S31508002BE010B9034B586908B180F83910704700BF0F
S31508002BF07011002010B9024B586900B18162704704
S31508002C007011002010B9034B586908B190F83B00C1
S31508002C10704700BF7011002010B9034B586908B1FE
S31508002C20D0F8C002704700BF7011002010B9034BDE
S31508002C30586908B1D0F8C802704700BF7011002063
S31508002C4010B9034B586908B1D0F8BC02704700BFE9
S31508002C507011002010B9034B586908B1D0F8B802B2
S31508002C60704700BF7011002010B9034B586908B1AE
S31508002C70D0F8C402704700BF70110020F0B585B0C7
S31508002C80064666480D4627F09DFD044600B9FEE750
S31508002C9000214FF4647229F0A1F94FF0FF33C4E91B
S31508002CA002330023C4E904338223A361638F4C20D3
S31508002CB003F0FE0343F4905343F00103C4E90065AF
S31508002CC0638707F035FE0146C4F8A80200B9FEE797
S31508002CD0D4F8AC320BB1204698470022D4F8A83273
S31508002CE0013EC3E90122013DDE601D6194F83B20E7
S31508002CF04B4E1A750123C4F860320AF0A3F9102165
S31508002D00C4F8FC0204F5197027F054FD22460C217C
S31508002D1044487569746107F01DF9C4F8F80200B9EA
S31508002D20FEE708F05FFD0746002874D1052006F087
S31508002D3011FFC0F30723C0F307428DF80800384691
S31508002D408DF809308DF80A2006F004FFC0F3072332
S31508002D50C0F307428DF80D30334B8DF80C008DF813
S31508002D600E2000932046DDE902123B4608F044FD9A
S31508002D70C4F8F4020020FDF74DFBC4F8C402002095
S31508002D80FDF748FBC4F8C0020020FDF743FBC4F872
S31508002D90BC020020FDF73EFB002D08BF2546C4F8FF
S31508002DA0B802D4F8C402FEF76FFED4F8BC02FEF7E8
S31508002DB06BFED4F8B802FEF767FED4F8BC0202210F
S31508002DC018F0DEF9D4F8B802022118F0D9F9D4F8C7
S31508002DD0C402002119F05EFFD4F8BC02002119F0E4
S31508002DE059FF0021D4F8B80219F054FFD4F8C002EC
S31508002DF019F07CFD002335220C49204675611BF02D
S31508002E00AFFDD4F8F80228F0DFFC204607F068FA90
S31508002E10204605B0F0BD0AF0FFF8A9E774110020B6
S31508002E207011002075250008BC2E030869E8010802
S31508002E3010B9094B586970B1D0F8A83280F83B1020
S31508002E401975C36903B15970036A03B15970002231
S31508002E5034211BF08BBD70477011002008B9024B56
S31508002E605869D0F8F40270477011002010B9074B62
S31508002E70586948B100290CBF4FF0FF320122D0F83B
S31508002E8060321344C0F86032704700BF70110020EA
S31508002E9010B9054B586928B1D0F860020028D4BF8C
S31508002EA000200120704700BF7011002010B9034BA5
S31508002EB0586908B1D0F8F802704700BF70110020B1
S31508002EC0014B5869FFF7A8BE7011002008B507F036
S31508002ED02FFD064BD3F82821D3F8241101320160BF
S31508002EE0C3F82401C3F8282108BD00BF70110020CB
S31508002EF02DE9F8434FF0000807460D468C6BF4B9E8
S31508002F00EB6B002B74D095F84420002A70D0AA6B7E
S31508002F10002A6DD19B6B73B11A79062A66D19A6C11
S31508002F20002A63D1DA6CD269AA425FD101229A6477
S31508002F30374BC3F8302100263046BDE8F883A36C2A
S31508002F40D4F80090032B49D1B8F1000F49D0C8F83E
S31508002F5000902379062B2CD1E36CDE693368B3B174
S31508002F60301D26F08EFF31680B894343B3F5806F19
S31508002F7038BF0123264828BF9B0AD0F82C21D21A2D
S31508002F80C0F82C2108461BF07BFE0023336087B16E
S31508002F90D7F8A83223B11A6CB24225D1326C1A641A
S31508002FA0D7F8B03213B1314638469847304607F05D
S31508002FB0D1FC20461CF0F4F8064640B190F84C3097
S31508002FC05B0604D5C06907F0C5FC0023F361E06C15
S31508002FD007F0C0FC204607F0BDFC4446A0464C4618
S31508002FE08DE7C5F83890B4E71346D3E71B6892E730
S31508002FF00026074BD3F82441002C9DD02046E368D1
S3150800300029469847013018BF01262468F4E700BF0F
S31508003010701100202DE9F0410020FFF7A3FD0026DE
S3150800302004464FF001080C4F0CB9BDE8F081D4F8FE
S31508003030A8523DB90EB9C7F830812046FFF792FD70
S315080030400446F1E729462046FFF752FF2D6C002873
S3150800305018BF0646EDE700BF70110020F8B51C4DF5
S31508003060CE6C95F838710C46306117BB306870B174
S315080030704FF4002118F0E5F848B1012322461F2134
S31508003080306885F8383118F0BAFF85F838714FF48A
S31508003090C843A4F85030D5F824511DB9BDE8F84006
S315080030A0FFF7B8BF2B6913B12146284698472D6804
S315080030B0F3E74FF4C843A1F85030D5F8245105B9C1
S315080030C0F8BD2B6913B12146284698472D68F6E7BF
S315080030D070110020044BD3F8302102B9FEE7002214
S315080030E0C3F83021704700BF701100200122024B3F
S315080030F0C3F83021704700BF701100202DE9FF4149
S315080031002E4B0646D3F828310D46012B1746846BFD
S3150800311014D803226CB1A36C012B07D194F8503054
S3150800312023B1BB4202D0A2642468F3E7A36C012B47
S3150800313000D00024204604B0BDE8F081F4B9002D83
S3150800314038D1B56B002DF4D0AB6C012B32D195F884
S3150800315050300BB1BB422DD1B46B05F118085CB3E6
S31508003160A542E7D0A36C032B06D04246684604F175
S31508003170180126F03AFBE8B92468F0E7FFF7F4F9F6
S31508003180FFF7FAFC0446FFF7EFF9FFF705FDB36B07
S315080031909A6C012AD3D09A68002AD0DC1A69013CB5
S315080031A0A242CCDBDA68002AC9DC5B6901388342B3
S315080031B0C5DBBEE72D68C5E72C46BBE770110020C6
S315080031C02DE9F041D0F800800446B8F1000F03D08D
S315080031D0D8F81000BDE8F081051D284626F04CFEFB
S315080031E00646284626F04DFE217D0746304600F065
S315080031F013FA4346394607FB00F5227D304600F0B0
S3150800320071FA20600028E5D0B5F5806F38BF012532
S31508003210094A28BFAD0AD2F82C312B44C2F82C3102
S31508003220207D26F0EFFE18B1002120681BF03CFD3A
S3150800323023681869CEE700BF701100202DE9F04F0A
S3150800324085B09846DDE90E43164608F5B472A242E3
S3150800325081468A469DF84070119D0AD1A9EB06035E
S315080032602B60AAEB06036B6006EB0903AB605644BA
S3150800327069E1B8F5B47FC8BFA8F5B478B4F5B47FEA
S31508003280C8BFA4F5B474A6EB030B1FB103EBD37345
S315080032905B105F1C5A2398FBF3F294FBF3F3D2B24C
S315080032A0042ADBB229D1042B5FD1A045D6DC08F16C
S315080032B05A0000B206F00CFC0BFB00F009EBE030FC
S315080032C0C01B28600FFA88F006F002FC70430AEB70
S315080032D0E030C01B686004F15A0000B206F0F8FB43
S315080032E0704309EBE0303844A86020B206F0F0FBE2
S315080032F00BFB00F00AEBE03034E0042B67D1032A1D
S31508003300D3D0022AAAD108F15A0000B206F0E0FB8F
S31508003310704309EBE030C01BAAEB0603DB1B2860F1
S3150800332004F15A006B6000B206F0D2FB704309EB59
S31508003330E030384424B2A860204606F0C9FB0FFAEC
S3150800334088F80BFB00F6404606F0C2FB0BFB00F0C4
S315080033508642CCBF2046404606F0BAFB0BFB00F07F
S31508003360C01350443844E8606BE0032B9DD0002B13
S315080033707FF474AF04F15A0212B21046039206F0B3
S31508003380A7FB08F15A031BB202901846019306F0F0
S315080033909FFB0299019B8142B6BF039A18461046C5
S315080033A006F096FB0BFB00F009EBE030C01B28602B
S315080033B00FFA88F006F08CFB7043B1440AEBE03054
S315080033C0C01B09EB07036860AB6020B2EBE09A42CA
S315080033D040F08680A04500F38380032A31D801A3F4
S315080033E053F822F0F53300084934000891340008F0
S315080033F0AF3200080FFA88F006F06AFB0BFB00F004
S315080034000AEBE030C01B686008F15A0000B206F00B
S315080034105FFB704309EBE0303844A86020B206F041
S3150800342057FB70430AEBE0303844E86004F15A0071
S3150800343000B206F04DFB0BFB00F009EBE030C01BB9
S31508003440286005B0BDE8F08F0FFA88F006F040FB5B
S3150800345070430AEBE0303844E86008F15A0000B2DD
S3150800346006F036FB0BFB00F009EBE0303844A860A9
S3150800347020B206F02DFB0BFB00F00AEBE030C01B78
S31508003480686004F15A0000B206F022FB7043D4E7E4
S3150800349008F15A0000B206F01BFB704309EBE03056
S315080034A0C01B28600FFA88F006F012FB0BFB00F031
S315080034B00AEBE0303844E86020B206F009FB7043B6
S315080034C00AEBE030C01B686004F15A0000B206F04F
S315080034D0FFFA0BFB00F009EBE0303844A860B0E7D0
S315080034E09ABB012B7FF4BAAE04F15A0000B206F07B
S315080034F0EFFA704309EBE030C01B24B2286020467F
S3150800350006F0E6FA0FFA88F302901846019306F0D9
S31508003510DFFA029A019B8242B4BF2046184606F09B
S31508003520D7FA0BFB00F00AEBE030C01B686008F125
S315080035305A0000B206F0CCFA704309EBE030384482
S315080035405644A8603E44EE607BE7012A2FD1022B41
S315080035507FF484AEA9EB0603DB1B2B6020B206F0D2
S31508003560B7FA704308F15A030AEBE0301BB2C01BE6
S3150800357068601846029306F0ABFA5A3424B20190F2
S31508003580204606F0A5FA019A8242CABF029B204647
S31508003590184606F09DFA0BFB00F009EBE0303844BC
S315080035A0A8600FFA88F006F093FA7043A2E6022A9A
S315080035B001D1032BA6E6032A7FF450AED7E600BF57
S315080035C010B504461822002128F008FD054B236093
S315080035D0054B6360054BA3600023C4E90333044B22
S315080035E0636110BD2BEB010827EB01080BEB010803
S315080035F015EB010810B5074C2046FFF7E1FF04F16B
S315080036001800FFF7DDFF04F13000BDE81040FFF7B2
S31508003610D7BF00BF381200200A46014601481BF0F2
S3150800362087BA00BF3812002038B50D4614461BB9B4
S315080036301146FFF7F1FF0346142C05FB03F003D1EF
S315080036405B0805FB030038BD073CE4B2032CFAD837
S315080036500EBF4FF48063024B1B5D1844F3E700BFAF
S31508003660702E03080A46014601481BF069BA00BFD6
S31508003670381200202DE9F0478A46DDE908579146B9
S315080036801E460446DDF8288000B9FEE71C22002104
S3150800369028F0A4FC25B931465046FFF7BDFF05467C
S315080036A005FB09F3984518D366702368314603F479
S315080036B07F4343F019032360094B3846C4E904776E
S315080036C0A4F804A0A4F806902581A361C4F80C8088
S315080036D0FFF7C8FF0120BDE8F0870020FBE700BF21
S315080036E03812002007B5009313460A4601460348D8
S315080036F01BF049FA03B05DF804FB00BF381200203E
S3150800370070B50E46034600B9FEE7046940780728F7
S3150800371013D0A0F10801C9B2022910D8094D35F80D
S3150800372011501B8902FB03552C4426B106F056F9A5
S31508003730704304EBD004204670BD0825F1E7002548
S31508003740EFE700BF6A2E03082DE9F0470D46044649
S3150800375000B9FEE7036903B9FEE7438886889B0636
S31508003760B0F8068002D40020BDE8F08721B9417878
S315080037703046FFF751FF05462389AB422DD06078C6
S3150800378006F02CF970430730B5EBD00F4FEAD00995
S31508003790E9D32B46414630466278FFF745FFE36892
S315080037A08342E0D36378072B19D0083BDBB2022BA0
S315080037B017D81A4A32F8133027892669AF421DD21C
S315080037C04FF0000A08F1FF3202FB073705FB023308
S315080037D037441E44C24506D325810120C4E7082381
S315080037E0EAE70023E8E7394630464A4628F022FC4D
S315080037F02389761BFF1A0AF1010AEBE71E44B24633
S3150800380000274745E8D2314650464A4628F012FC7A
S315080038102389AA441E440137F3E700BF6A2E03082A
S315080038202DE9F74F044600B9FEE7408810F0010578
S3150800383071D110F0200014D06378DA1FD2B2032AAF
S3150800384017D80CBF4FF48073344B256918BF9B56A5
S3150800385005EB8306AE4207D10120638843F00103D6
S31508003860638003B0BDE8F08F284626F068FC04356F
S31508003870F0E7102B14D1B4F80680B4F80490B4F825
S3150800388008A027694545E7D2002602E026F057FC3E
S3150800389001364E4507EB8600F8D357440135F1E764
S315080038A0142B1DD1B4F80890B4F806A02769B4F80B
S315080038B004B009FB0A784FEA59035545CCD20026CD
S315080038C006E018F80610019326F050FC019B013615
S315080038D05E4507EB4600F4D34F4498440135ECE7C0
S315080038E0132BB9D1B4F80690B4F804A0B4F808B00C
S315080038F027694D45B0D23E464FF0000806E03046EF
S31508003900B17826F033FC033608F10108D045F6D322
S315080039105F440135EDE70020A3E700BF662E0308E4
S315080039202DE9F04F97B015461C468B6C8246ADF8CC
S315080039300C301B0C8DF80E30136B526B0493BDF8CC
S315080039401430884662F30803ADF81430EB6ADDF8E4
S31508003950809083B11CB12268224B9A420BD1219BDD
S315080039602A46CDE9009341465046229C03ABA04720
S3150800397017B0BDE8F08F219B06AE0FCB86E80F0087
S31508003980D9E9001230465242494225F021FF04B9CE
S315080039900AAC144B0EAEC4E90033C4E902330DF188
S315080039A0480B224606A928461BF053FF074694E80B
S315080039B00F0086E80F00D9E90012304625F008FF07
S315080039C0012FD5D132465846219925F00EFF0028F9
S315080039D0E7D02A4641465046CDE9006B229F03AB05
S315080039E0B847DEE7010000E010B56C220021044666
S315080039F028F0F4FA26F089FBC0F3072384F8493047
S31508003A004FF48073C4E90C33B4F84C3084F848009A
S31508003A1043F4875343F01F03A4F84C30044BC0F318
S31508003A200740E3656C2384F84A00636110BD00BF54
S31508003A30010000E02DE9F04FA9B00E4615460690A4
S31508003A4005939BB30022C96915A800F04BFC012811
S31508003A502CD106F1540A5046B78CB6F8269026F0B3
S31508003A600BFA09AC0028ACBF9AE80F0095E80F00DE
S31508003A7084E80F003946204625F089FE4946204647
S31508003A8025F08AFEDDF824A01D4B0DF134080FCB76
S31508003A9088E80F0007EB0A030DF1440B0793EB6860
S31508003AA00A9A9A421BDD15A81BF0E1FE29B0BDE86B
S31508003AB0F08F2A462146584625F097FE48B1059BC1
S31508003AC03146CDE901B306984346009415AAFFF797
S31508003AD027FF099B3B4409930B9B3B440B93AB681D
S31508003AE0099A9A42E5DD0A9BCDF824A04B440A932D
S31508003AF00C9B4B440C93079B013B0B93CFE700BFF2
S31508003B00742E030810B554220021044628F066FADC
S31508003B10FF2384F8483026F0F8FAC0F3072384F820
S31508003B202D30154B84F82C0023624FF6FF73C0F333
S31508003B300740C4E9093384F82E0026F0E6FAC0F3F4
S31508003B40072384F82F00C0F3074084F8303084F840
S31508003B503100052005F0FEFFC0F3072384F8333053
S31508003B60002384F84930542384F83200C0F3074010
S31508003B7084F83400636110BDBC2E03082DE9F04FAC
S31508003B80BBB0904681460C460D6A8268414615A828
S31508003B900B9325F02AFE002800F0CB8094F84A30D3
S31508003BA0E169089394F84B30D80700F1C580404680
S31508003BB026F062F90990284624F0C7FDD8E90012D4
S31508003BC0A36B8246C31813A80A9326F069F9236CD7
S31508003BD01499626C0F93236D1144149113B1002A42
S31508003BE000F0B880002304934FF0000B94F84B3094
S31508003BF0E069049E0193CDF800B0099B2946E26B63
S31508003C00304406F093F8049BC718D9F80820149B8B
S31508003C10526853449342C0F2B980089B022B40F085
S31508003C20DA80E0690499049EE36B2A46791A3044DF
S31508003C3027F036FD8246404626F01EF9139BA0EB78
S31508003C400A0000EBD07003EB60031393636A27A89E
S31508003C500593A36A0693DDE90532934288BFCDE949
S31508003C6005231BF0A3FA94F848302EA88DF8B33034
S31508003C7019AB2A93E36AADF8B0301B0C8DF8B23055
S31508003C801BF050FB94F848308DF8D83095F916306B
S31508003C90002B08BF01230793E369049A9A180E922A
S31508003CA0049A9B5C002B40D0139B0F9AD3180C9355
S31508003CB0139300231093049BFB1A0D9310990D9BE5
S31508003CC08B4200F29E8094F84B30E0690193002302
S31508003CD000932946099BE26B384406F027F8D8F882
S31508003CE0003001461393089B07EB000A022B40F0AD
S31508003CF0BA81E069E36B2A46384427F0D1FC0646C8
S31508003D00404626F0B9F8139B801B00EBD07003EBF6
S31508003D1060031393149B0A9A04971344D9F808204E
S31508003D201493D268934240F3B0812D98002840F04E
S31508003D30AE813BB0BDE8F08F02936FF0604301930C
S31508003D40A36B2EA80093E36B226A27F0D5FC2E9B63
S31508003D50099330E7D8F804000028BFF643AF9A68FD
S31508003D60121A0A98002AB8BF5242C0F50070B2EB80
S31508003D70400FC4BF4FF0FF321A601E68002EFFF6D0
S31508003D8031AF5B6804960B4414932DE794F84B30D7
S31508003D90E069CDE900B32946099BE26B384405F092
S31508003DA0C5FF149B0A9A38441344226D14935AB1DA
S31508003DB013F5806F08DB11680029BFBFD8F8041017
S31508003DC017605B1AC2E90131E3690497DB5D002BD2
S31508003DD0AFD0074619E7089B032B7FF437AFE06996
S31508003DE00499049EE36B2A46791A304427F058FC56
S31508003DF08246404626F040F8139BA0EB0A0003448F
S31508003E0023E74FF6FF72059B934200F0D980069B85
S31508003E10934200F0D580049A9E4BE0691B681144D2
S31508003E209847834610AB0E9812AA11A927F027FCCB
S31508003E30DDE91112284624F053FC149B0A99139ABB
S31508003E4059180139824619921C91024410990D9805
S31508003E50013A81421A931B924AD394F84C10C90727
S31508003E601BD52392EA680C9913442A6921919B1A57
S31508003E7095F9152000219B1A079A22931344013BB2
S31508003E80A28D249394F82E30ADF8D9208DF8DB3026
S31508003E9048460B9E21AB2EAAB04794F84C309B0798
S31508003EA026D50C9B00212193139B48465344013B7E
S31508003EB02393D5E903329B1A03225B0093FBF2F3A3
S31508003EC0149A0B9E134495F9162002EBD27203EB53
S31508003ED06203079A22931344013BA28D249394F814
S31508003EE02E30ADF8D9208DF8DB302EAA21ABB0479D
S31508003EF04FF6FF72059B934265D0069B934262D0AC
S31508003F00059B5B455FD8069B5B455CD994F83130C9
S31508003F10B4F82F208DF8B230638EADF8B020ADF826
S31508003F20D93094F8343000218DF8DB3048460B9EA2
S31508003F3019AB2EAAB047119908461BF007F9834614
S31508003F4000284FD10A46034621A9284624F07FFBBC
S31508003F50BDF88C20002A45D0BDF88A30002B41D008
S31508003F601398BDF98E1001440B44013B1D911F9314
S31508003F70D5E903315B1A14991DA80B44BDF99010B5
S31508003F809B1A5B1A1A44013A2092D9F808105A4625
S31508003F901E9325F095FDE8B9219868BB1DAB2993BA
S31508003FA000230DF1840B8DF8A0001A4648460B9E97
S31508003FB0CDF8ACB027A9B047584624F041FB11E02C
S31508003FC04FF0000B2EE7E36AADF8B0301B0C8DF806
S31508003FD0B230B0E75A46D9F808102A9825F070FD8D
S31508003FE00028D9D0BAF1000F3FF468AEE36B9A44C3
S31508003FF0139B5344139361E69DF89230013B072BBC
S315080040002FD8002300210093BDF88A20BDF88C30F4
S315080040102D981AF012FE0146D0B92D9808B11AF05B
S315080040202FFEBDF88C20BDF88A101B4801FB02F351
S315080040303F2B4FF0000398BF520000930E231AF04F
S31508004040A2FD014600B9FEE7BDF88C30C3802D906D
S3150800405021A824F0F0FA279000289FD09DF8920016
S315080040609CE70021F4E7089B032B7FF453AEE06935
S31508004070E36B2A46384427F013FB0646404625F0EC
S31508004080FBFE139B801B034443E6574604E61AF0DF
S31508004090F7FD4EE6386803085012002038B570223E
S315080040A00021044627F09AFF26F021F8C0F30723DB
S315080040B084F82100C0F3074084F8223084F82300EE
S315080040C026F015F8C0F3072384F82400C0F3074048
S315080040D084F8253084F8260026F017F8C0F307235D
S315080040E0FF2584F82A30022384F82900C0F3074004
S315080040F084F82E3084F82B0084F82D5026F005F825
S31508004100C0F3072384F83E00C0F3074084F83F3025
S3150800411084F8400025F0F9FFC0F3072384F85A30E5
S315080041200E4B84F859006363B4F84830C0F307406F
S3150800413023F4FF5323F01F036FEA13336FEA0333A5
S3150800414084F8205084F83B5084F8585084F86C5012
S31508004150A4F8483084F85B0038BD00BFBC2E0308BD
S315080041602DE9F04F87B00D4606460C220021284659
S3150800417027F034FF96F81080D6F80C90B8F1000FA7
S3150800418018D1D9F81030002B44D005F0FFF90746AE
S31508004190494826F0B7FB0446DFF81CB106F1140AB5
S315080041A0002C3CD1B8F1010F34D106F1140026F0E9
S315080041B072F92FE005F0EAF9074600B3B8F1010FE6
S315080041C0E6D1DFF8F8B000226946DBF820018DF861
S315080041D00480CDF8009024F06DFF824690B124F05B
S315080041E0EFFF034600F1080207CA85E80700002228
S315080041F051465C69DBF8200124F07EFF0BE0B8F13C
S31508004200010FC5D10222494606F1140026F079FAB3
S315080042100028BDD00024204607B0BDE8F08F2368EB
S31508004220002B3FD06368002B3CD000225046114635
S3150800423026F02EFA2A463146204623689847012852
S3150800424030D12B890BB3B8F1010FE4D1504626F0D3
S3150800425022F9002FDFD0012348468DF8043027F0D5
S3150800426025FF009095E80700144D02AB059483E8F6
S31508004270070069460022D5F8200124F062FF0146AE
S31508004280B0B9009806F066FBC4E76878AE881428CB
S3150800429002D176002E81D6E705F0A0FB4643073605
S315080042A0F608F7E72146584626F032FB044677E734
S315080042B00022D5F820019FE7801200207011002007
S315080042C038B505460C460648182126F073FA2846DE
S315080042D005F0F8F82046BDE8384005F029B900BFD2
S315080042E08012002070B586B00E46154600214C2275
S315080042F0044627F073FE16B9002006B070BD304696
S31508004300E6601AF0A8FD207405F00AF9002836D0F0
S31508004310224BD3F81C012064EDB1AB78DBB1204603
S3150800432004F12001FFF71CFF034620600028E3D0B4
S31508004330286860602A7922725A682146184690478A
S31508004340227A002AD9D00128D7D1E06AA8B100215B
S315080043501AF0FEFB11E0237C00228DF80830E36892
S315080043606946019324F0A6FE064640B124F028FFCC
S31508004370C368E3620369666423600120BDE72046DB
S3150800438004F12001FFF7ECFE034620600028B3D0B5
S31508004390002DCDD165602572CEE700BF70110020D3
S315080043A010B5064826F00EFA044600B9FEE71822AC
S315080043B0002127F013FE204610BD00BF8012002002
S315080043C02DE9F0411F460D4B06469046D3F81C01D1
S315080043D0002224F0B6FE054668B124F0F1FE037A01
S315080043E00446012BC0F80C8003D1406827F05EFE16
S315080043F06060C4E904672846BDE8F08170110020B2
S3150800440073B506460D46002941D00379CBB92C462B
S315080044107379002B3CD06078A0F10B03032B37D9B6
S3150800442025F0F0FDA0B3012120461AF0FBFC78BB6D
S31508004430202120461AF0F6FC10B32046FFF7F0F9C3
S3150800444026E049781429E2D0A888FFF7E5F82B89F1
S3150800445004468342DBD001462846FFF775F9012852
S31508004460D5D000946B78EA88A9880B481AF08BFB9C
S31508004470044660B100232A4619461AF05EFCC7E7CF
S31508004480214605481AF0BEFB04460028D6D100246A
S31508004490204602B070BD00BF68120020F0B597B084
S315080044A00B7D0646022B0C4667D98B6913B10B7F29
S315080044B0002B62D001AD2846B268216825F095F92F
S315080044C000285AD0766833681F896368002B6DD137
S315080044D0284625F0D1FC0690284625F0D2FC237DF7
S315080044E0B4F815208DF82F30E37DCDE907078DF850
S315080044F02E30A369ADF82C201BB1227F012A08BFF4
S3150800450000230CAF099395E80F0087E80F00D6E95A
S31508004510011238465242494225F05AF9D6E9013283
S31508004520029930468A1A0199C91A1AF0A6FA099BFD
S3150800453005908BB1606A10B9206A25F09DFC216A46
S31508004540029B4A6809689A1A019B0A905B1A00FB43
S315080045500233099A1A440992337D063B0F2B0CD86D
S31508004560DFE803F018200B0B0B0B0B0B0B110D16CA
S31508004570080B0B1C05A81EF062FD17B0F0BD05A8B8
S315080045801CF044FAF9E7032105A81FF00DFEF4E72D
S315080045900421F9E705A81EF0DDF8EEE705A81BF0EB
S315080045A002FBEAE705A81DF039F9E6E72946284699
S315080045B0226925F01AF90028DFD0226A002A73D169
S315080045C0284625F059FC0690284625F05AFC237DF6
S315080045D0CDE907078DF8353094F82830207B8DF81B
S315080045E03630A36867680C938DF8340005F0F6F941
S315080045F02169029B4A6809689A1A019B5B1A434318
S315080046000C99DB0801FB02331F44A3690B97002BA7
S3150800461051D10EAF099395E80F0087E80F00D6E948
S31508004620011238465242494225F0D2F8236912ACA3
S315080046300FCB84E80F00D6E90112204652424942C0
S3150800464025F0C6F8D6E90132029930468A1A019948
S31508004650C91A1AF012FA0590337D063B0F2B8CD82F
S3150800466001A252F823F000BF0547000815470008C5
S315080046707B4500087B4500087B4500087B4500080C
S315080046807B4500087B4500087B450008F74600087F
S31508004690EF46000801470008E74600087B45000882
S315080046A0E74600080D4700082946284625F09DF8E4
S315080046B0002885D161E7227F012A12D0606A099312
S315080046C010B9206A25F0D8FB216A029B4A68096856
S315080046D09A1A019B0A905B1A00FB0232099B134443
S315080046E097E7002395E705A81EF0F3FD45E705A81B
S315080046F01CF05CFA41E7032105A81FF025FE3CE7FC
S315080047000421F9E705A81EF0C6F836E705A81BF048
S3150800471025FB32E705A81DF064F92EE7044BC20015
S3150800472003EA002302F4FC6243EAD0001043704710
S3150800473000F8FFFF30B5034608466AB1FF2A4FEA7C
S31508004740D3010AD1A2F6FF0202EA0322DB0003F430
S31508004750FC631343194488B230BDD4439B0813FB4A
S3150800476002F311FB02F1E4B2C0F3451504FB05336D
S31508004770C50A04FB051500F01F0004FB0011054AD5
S31508004780DB1003F4FC6302EAC502134303EB1123AF
S3150800479098B2E1E700F8FFFF70B5044608467AB11B
S315080047A02178FF2AA57863784FEAD10109D1144800
S315080047B0DB0000EA052003F4FC631843084480B2D2
S315080047C070BDD4439B0813FB02F3E4B2C0F345164D
S315080047D004FB0633EE08C50A654306FB025512FBC1
S315080047E001F200F01F0004FB0022054EDB1003F463
S315080047F0FC6306EAC5052B4303EB122398B2DFE7F1
S3150800480000F8FFFF2DE9F04F89B0436890F8227051
S315080048100193836882460293C3688946039390F896
S315080048202180D0E9065306680493D0E90443079328
S31508004830002F40F02281002C3ED1B8F1FC0F26D87B
S31508004840029B9C4280F21B81AA460027A6F1020B16
S3150800485029E057789378FF0007F4FC6700EA0323FA
S315080048603B4317784A4403EBD70326F81130013146
S31508004870019B9942EDDB039B01341E44049B1D44B6
S31508004880029B9C4280F2FB802A460021F0E77D4885
S31508004890F6E750463BF8021F4246FFF77DFF013711
S315080048A0ABF80000CA44019B9F42F2DB039B01342C
S315080048B01E44049B1D44C3E7B8F1FC0F1ED8029B97
S315080048C09F4280F2DC80AB464FF0000AB31E2FE011
S315080048D014F8082050463BF8021FFFF75DFF08F161
S315080048E00108ABF80000CA44019B9845F0DB039B1E
S315080048F001371E44049B1D44079B1C44029B9F4290
S3150800490080F2BD80AA464FF00008A6F1020BEBE73D
S3150800491014F80A2033F8021F12FB08F25846120A46
S315080049200593FFF739FF059B0AF1010A1880CB4466
S31508004930019A9245ECDB039B01371E44049B1D44F8
S31508004940079B1C44BBE79AF82230022B4BD0032B5B
S315080049506AD0012B40F093807B789BF80220DB0815
S3150800496003EBD2031F2BA8BF1F23D8023B889BF853
S315080049700120C3F3451303EB92033F2BA8BF3F2344
S3150800498080B200EB43103B789BF8002003F01F032E
S3150800499080B203EBD2031F2BD4BFC0181F3039884F
S315080049A080B2002C60D1424605F022F8059B27F814
S315080049B0020B01330593CB44059B019A9342C2DB54
S315080049C0039B1E44049B1D440CB1079B1C44069B79
S315080049D001330693069B029A934250DA0023374620
S315080049E0AB460593E8E79BF802307A78DB08C3EB19
S315080049F0D20323EAE373D8023B889BF80120C3F36A
S31508004A004513A3EB920323EAE37380B200EB43104A
S31508004A103B789BF8002003F01F0380B2A3EBD20378
S31508004A20002BA8BFC018BAE79BF802307A78DB08D3
S31508004A30D20813FB02F39BF801003A888008C2F3F8
S31508004A40451210FB02F080115B11400100EBC320F8
S31508004A503A789BF8003002F01F02DB0813FB02F3DA
S31508004A6080B200EB53109AE7059BB8F1FC0FE25CA5
S31508004A709CBF12FB08F2120A96E70023A9E709B0C1
S31508004A80BDE8F08F00F8FFFF08B500F015FE2420FA
S31508004A90FEF71CFA034BC360034B03610023036252
S31508004AA0836108BDB34C0208634C02082DE9F04F38
S31508004AB0BBB01593CB6A0C46DDE944A70C90002BD6
S31508004AC055D10B6BB3F5807F51D14B6BB3F5807322
S31508004AD018BF0123D56A07932B692C220A932B89C1
S31508004AE000211CA80B93A66E95F8019027F076FA7C
S31508004AF094F84C308DF8843094F84D30C3F30303A2
S31508004B008DF898300B9B1E93079B002B40F0A380D3
S31508004B10002E5AD1B9F10E0F2BD0B9F1140F94F813
S31508004B204B3048D1022B00F29680504625F0A9F961
S31508004B300446504625F0A0F90A9BAA881D930B9BAC
S31508004B40CDF880A04343B3FBF2F30A9ACDF870A0E0
S31508004B5004FB032322930B9BCDF890A05B082593B7
S31508004B6002238DF88C3012238DF87C301EE0012349
S31508004B70B0E70C9B51469A6827A824F036FE002811
S31508004B8043D00A9BB4F8482022930B9BCDF890A0FB
S31508004B902593079BADF885201D9394F84A30CDF8E8
S31508004BA070A08DF8873002238DF88C300C981CA9DC
S31508004BB0FFF774FC29E0022B4DD80A9BCDF880A09C
S31508004BC0CDE91CA38DF87C90F0E794F84B30022BC6
S31508004BD041D8079AA16E27A8FFF784FB0128ECD1D4
S31508004BE0329D25B16B7803F0F703062B10D00A9B8C
S31508004BF00C981CA9CDE91CA3CDF880A08DF87C9053
S31508004C00FFF74CFC27A81AF032FE3BB0BDE8F08F40
S31508004C102B69543422932B892046259325F02CF9A9
S31508004C2034EA200428BF5446EA88AB88013A009241
S31508004C30079A18AE11463046013B24F0A2FD079BA1
S31508004C40092200933146204624F079FF0223249650
S31508004C508DF88C30CBE718AD97E80F0085E80F0084
S31508004C6050461C9525F008F91490504625F009F988
S31508004C701390284625F000F90990284625F001F9F1
S31508004C80B9F1060F054631D194F84B30022B25D9D8
S31508004C90102025F0F0F94FF0100B0D90584625F02E
S31508004CA0EAF9099B03FB00F6FDF75EFCFDF764FFD6
S31508004CB00746FDF759FCFDF7A5FF25F0DCF907FBCC
S31508004CC000F39B00B3FBF6F3AB42A8BF2B4606FBEB
S31508004CD003F00E9305F024FE089043E0079BC3B942
S31508004CE0484625F0C8F90D90CB46D7E7079B43B150
S31508004CF0B9F1110FCCD0B9F1120F11D0B9F10F0FCC
S31508004D00C6D0484625F0B7F9B9F1140F0D900BD067
S31508004D10EAE7152025F0AFF94FF0150B0D90BDE722
S31508004D20142025F0A8F90D90099B4FF0140B03EBFE
S31508004D304306FDF719FCFDF71FFF0746FDF714FCB0
S31508004D40FDF760FF25F097F907FB00F39B00B3FB1F
S31508004D50F6F3AB42A8BF2B4606FB03F00E9305F00D
S31508004D60DFFD0890089B03B9FEE7089B0E9A1D9382
S31508004D701B9BBBF1140F1193199B8DF87CB0134440
S31508004D8003F1FF331B9318AB20931AD1099A09999B
S31508004D9052001E920E9A4A43089901EB4202229249
S31508004DA0099ACDE9243202238DF88C3012238DF826
S31508004DB07C30199B119A934220DD089805F0CAFDAC
S31508004DC023E7BBF10E0F12D1089A2292099ACDE970
S31508004DD0243202238DF88C3094F84A30B4F84820EF
S31508004DE08DF887300023ADF885201D93E1E75846F6
S31508004DF025F041F9099B58431E90DAE7189A27A827
S31508004E00CDE92723DAE900121A9B524229931B9B04
S31508004E1049422A9324F0DCFC079B0BB3089B0A9AA9
S31508004E20CDE90493159B0C98CDE902430B9B27A962
S31508004E300193139B0093149B22F0B2FD94F84B50F8
S31508004E40022D40F28880EE43BBF1140F94F84870A7
S31508004E5094F8498094F84A30F6B240F0C58068E084
S31508004E6094F84B30012BE9D927A825F00AF8B9F1AF
S31508004E70060F12902CD1DDE92732DDE907504FF0F5
S31508004E80FF0E0B9902FB01330A9A1344099A4FEA5B
S31508004E90820C129A9542D1DA0246591EC3F10108CC
S31508004EA00AE011F8016F02F8026C02F8036C0E783A
S31508004EB002F801EC02F8046C099F08EB0106B742F8
S31508004EC002F10402EDDC0B9A604413440135E0E775
S31508004ED0BBF1140F67D10B9B279D4FEA5308289BFC
S31508004EE00A9A03FB08F36E0006EB43061644139A68
S31508004EF01D4408FB02F20A9B05EB42051D44229B52
S31508004F00DDE907720F920B9A1093099B22F00102B2
S31508004F105B001692129A97422DDB94F84B50022D9D
S31508004F2019D9EE4394F8487094F8498094F84A30B1
S31508004F30F6B2DB08FF084FEA980818A86F4308FB83
S31508004F4005F85D4324F02DFC4FF0000C089BA3F1F7
S31508004F50020E84457ADB0C981CA9FFF79FFA1B9B67
S31508004F600E9A013319931344119A013B934200F3A5
S31508004F708A801B931DE71A4631460F98179326F029
S31508004F8038FF2946099A109826F033FF169B0F9A80
S31508004F901E44179B09991A440F92109A45440A44CD
S31508004FA010920137B6E7BBF10E0FD4D0DDE90767DB
S31508004FB00D9B279D0B9A5D43289B03FB02550A9B75
S31508004FC00D9A1D44099B02FB03F8129B9E4233DB94
S31508004FD094F84B50022DBED9EE4394F8487094F8D5
S31508004FE0498094F84A30F6B2BBF1120FA1D0BBF152
S31508004FF00E0FB0D018A80F9324F0D3FB0F9B6F4366
S3150800500008FB05F85D430D9B5843089B089A9A1AB6
S315080050109042A0D91A7802FB067212121A705A78B0
S3150800502002FB068212125A709A7802FB0652121274
S315080050309A700D9A1344E9E729463846424626F0FF
S31508005040D8FE0B9B47441D440136BEE73EF8022FA7
S315080050500CF1010CC2F3451106FB0181C91001F4DC
S31508005060FC630F93D30A06FB03530F4902F01F0292
S3150800507006FB027201EAC3030F990B4303EB2223D3
S31508005080AEF8003065E7119BBBF1140F1B937FF454
S3150800509090AE18A824F0F5FE099B5843089B03EB2D
S315080050A04000229085E600BF00F8FFFF91F84D30DA
S315080050B013F0200F024B01D119F0EDBFFEF7BABC71
S315080050C0AD4A000891F84830022B02D9014BFEF789
S315080050D055BD7047EB6802082DE9F04FDDB00B6B44
S315080050E083460C46002B00F0B88091F83C20022A33
S315080050F040F2B380CD69D1E908108542A26A02D18F
S31508005100914200F0AA8003EBD3735B105B428542A1
S31508005110D4BF5E191E180C968542ACBFC3EB0506B4
S31508005120C3EB00069142D4BF581898189142ACBFF9
S31508005130C3EB0103C3EB02030CA90D90DBF80820AF
S3150800514008460E960F9324F050FB002800F0858041
S31508005150216AA26AE0699142636A40F0CF8083427D
S31508005160D4BF409340908342B8BF0346226B013BAD
S31508005170013A429302F0010303EB6203CB1A01EBF7
S31508005180620240A943920846DBF80820419324F0BE
S315080051902CFBE8B1A56B1DB1656B003D18BF012559
S315080051A02C2200214EA826F019FF40AB4E9394F806
S315080051B02E30A28D8DF84F3194F83C30ADF84D2144
S315080051C08DF84C31002D4BD158464EA9FFF766F99C
S315080051D094F83D3013F00C0F3FD04EA81AF0A2F801
S315080051E094F82E30256B8DF85B3147F6FF736E10F9
S315080051F0ED43559394F83C30A28D8DF8583194F8C8
S315080052003D30ADF859215A0705F0010510D5E26978
S315080052105846931B4093236A3244991B521B3344C6
S31508005220419142925B1B40AA4EA9439321F0BFF8D5
S3150800523094F83D301B0710D5626A5846931B409375
S31508005240A36A3244991B521B3344419142925B1B19
S3150800525040AA4EA9439321F0AAF85DB0BDE8F08FA5
S3150800526040A824F009FE419B409FDDF80C9143932A
S31508005270D4E90D23134497FBF3F2064603FB127792
S3150800528005F04EFB4FF00208054640ABDDF804A1D9
S31508005290549056938DF85481D14503DA284605F083
S315080052A059FB95E728463246FF2126F097FE00204F
S315080052B03B46844686420CDC58464EA9FFF7EEF874
S315080052C0419B0AF1010A01334193439B01334393FE
S315080052D0E2E7626B9A4209DBD21A00FA82F003FA15
S315080052E082F38DF8548101300133E3E7A16B0A4458
S315080052F09342CCBF002305F800C0F2E7834272D17F
S315080053009142D4BF419141928A42B8BF0A46206B66
S31508005310013A013800F0010505EB600540A95D1B5F
S31508005320439203EB6003DBF8082008464095429356
S3150800533024F05BFA00283FF44BAFA56B1DB1656BF3
S31508005340003D18BF01252C2200214EA826F046FE56
S3150800535040AB4E9394F82E30A28D8DF84F3194F8C9
S315080053603C30ADF84D218DF84C31002D3FF42CAF73
S3150800537040A824F081FD419BDDF80C9180464393BB
S3150800538005F0CEFA40AB56930223419F8DF854316F
S31508005390D4E90D23134497FBF3F5064603FB15756D
S315080053A05490B94501DA304679E74246FF2130463E
S315080053B026F014FE636B5846AB42B4BF00220122A6
S315080053C08DF85421A26B4EA913449D42A8BF00250F
S315080053D0FFF764F8419B013501334193439B01373D
S315080053E001334393DDE7914204F1240704F11C05D8
S315080053F080F20C81294608A824F048FDDDE9086AF0
S3150800540039460AA824F042FDDDE90A59AB1B079381
S31508005410A9EB0A030593AB1B83EAE372A2EBE372DB
S31508005420059B039283EAE372A2EBE3720492DDE939
S3150800543003318B42CBBF0B46039B03990499CCBF20
S315080054405B015B0193FBF1F39A49226B11F8038028
S31508005450B54202FB08F808F13F084FEAE81306933D
S315080054602B46A8BF3346B542A3EBE81310932B4649
S31508005470B8BF3346D14503EBE81312934B46A8BF92
S315080054805346D145A3EBE81311934B46B8BF534691
S3150800549010A903EBE8130846DBF80820139324F059
S315080054A0A4F900283FF494AE069B4FEA282703F098
S315080054B00101002301EB282C24A80DF1C808DDE919
S315080054C003218A42CDE916331490CDF854801893F7
S315080054D040F3B1800AEB0C02049209EB0C02069227
S315080054E0AAEB07020392AA1B9A42A9EB07070193A4
S315080054F040F394802B46039A3146009700F016F93C
S3150800550001230193069B049A00932B463146404695
S3150800551000F00CF994F83D30D8061BD40323019308
S31508005520AB1B53440093059B40AF3146F31A5246D2
S31508005530384600F0FBF802230193079B4EAE4B4416
S315080055400093059B4A4629463046EB1A00F0EEF8CA
S31508005550CDE9167610A824F08FFC0746FDF704F867
S31508005560FDF70AFB054610A824F01BF9854203D966
S3150800557010A824F016F90546284605F0D1F906467E
S315080055804FF00008139B2A460393119BFF211393A0
S3150800559026F024FD2C22002119A826F01FFD10ABA9
S315080055A0199394F82E30A28D8DF87B3094F83C3000
S315080055B0DDF844908DF8783010ABADF879201F9659
S315080055C02193039B4B4546DA139B119A9A4208D0BE
S315080055D0013B13930223584619A98DF88030FEF72C
S315080055E05DFF304605F0B6F924A800F06BF832A83E
S315080055F000F068F894F83D30D9063FF5E9AD40A8C3
S3150800560000F060F84EA800F05DF8E1E5394608A814
S3150800561024F03CFCDDE9086A2946F2E6069B049A72
S31508005620009331462B4600F081F80123039ACDE911
S3150800563000732B466AE75246CDE900930CEB060148
S3150800564005EB0C0300F072F801235246CDE90093EE
S31508005650F11BEB1B5BE706EB080A51464B46109A13
S31508005660009714A821F04FFE01468DF8800018B95E
S315080056703A46504626F0B2FCB84407EB08039D426A
S3150800568005D9139B0133139309F1010999E70223FD
S31508005690584619A98DF88030FEF700FF139B2A4655
S315080056A00133FF213046119313934FF0000826F07B
S315080056B095FCE9E7842E0308014826F0B9B800BF2F
S315080056C0A412002010B504460C4826F0B3F8237936
S315080056D0022B0AD1236A43B11A69002A0ADA5868E2
S315080056E005F038F9206A05F035F9BDE81040034899
S315080056F026F0A2B85A69013A5A61F6E7A4120020C0
S3150800570038B50025084CD4F83C0108B105F022F953
S3150800571004F59E701C21073521F04AF91C2D04F169
S315080057201C04F0D138BD00BF701100202DE9F843E4
S315080057301546089E0F463821044698469DF824903B
S3150800574021F036F9B54204D1B9F1030F09D1013D6B
S31508005750013EB54205DD2B4635461E463B464746C5
S31508005760984639462A4604F1080024F099FB324641
S31508005770414604F1100024F093FB237E2A4669F380
S3150800578001033946237604F11C00A8EB0707761BAC
S3150800579024F086FB87EAE77286EAE673A2EBE772ED
S315080057A0A3EBE6739A42D4BF0022012294F8343060
S315080057B02A4862F30003002284F83430DB07C4E980
S315080057C009222060227126D537B14FF4801393FB46
S315080057D0F7F373439B12A36236B14FF4801393FB1E
S315080057E0F6F37B439B126362A06A237E94F8342007
S315080057F013F00303E0624FEAA00124D0012B22D064
S31508005800022B1AD100281DDD42F0020284F834204A
S315080058102163BDE8F88336B14FF4801393FBF6F3A2
S315080058207B439B12636237B14FF4801393FBF7F304
S3150800583073439B12A362606AD7E700280BDD6FF3F8
S315080058404102E3E7002363F34102002884F8342089
S31508005850B8BF4942DCE70123F5E700BFD56902086E
S315080058602DE9F34740F26714DDF828A0A3421E4647
S31508005870A8BF26465445A8BF5446054626EAE676F6
S3150800588024EAE474B442BABF04F5B470801BA01BC2
S3150800589080B2A5F88800C5E9046405F108009146B8
S315080058A01F46884624F0FCFA134BB32F2B604FF0A3
S315080058B00103D4BF00220122BAF1B30F2B7118DD00
S315080058C0A4F1B403B32B94BF0027012741460092E5
S315080058D033B24A4605F1180021F031FD4A464146E1
S315080058E023B205F150000A9702B0BDE8F04721F04F
S315080058F026BD1F46EAE700BFC56D02082DE9F04F31
S315080059008FB0074608460C4615461E4624F0B4FADC
S315080059108046204624F0B5FA8045A8BF80464FEA5F
S315080059206808A845A8BFA846236828EAE875BB60A2
S315080059306368B8F1000FFB60A3683B61E368C7E9D9
S3150800594005353B7F66F300033B77B64B4FF0000601
S315080059503B604FF002033B7103DC3E620FB0BDE8CB
S31508005960F08FB14825F066FFB04B1946D3F854219D
S31508005970AA4223D11C23B8F10F0FD8BF012503FB78
S315080059800612D2F85001C8BF2D110130C2F85001D5
S31508005990D2F84C2173432A44B2F57A7FA8BF4FF454
S315080059A07A72C81803F59E730B44C0F84C213B6203
S315080059B09D480FB0BDE8F04F25F03EBF0136042ED6
S315080059C003F11C03D2D10024994B5A692AB97CB138
S315080059D0196922699142B8BF1C46013E03F11C03AE
S315080059E0F3D1D4B91C2004F0A3FF044610B9FEE78E
S315080059F01C46F2E74FF0FF33206823613C62A5613D
S31508005A0008B104F0A7FF062005FB000004F088FF94
S31508005A1005F10109206078B9FEE76369B8F10F0F4F
S31508005A2003F101036361D4BF01232B11B3F57A7F18
S31508005A30A8BF4FF47A73DFE700EB45030233AF00E4
S31508005A40E3603B1D0344B8F1010F6060A36009D110
S31508005A50B42303700023E2681380A2F80280A268C8
S31508005A601380A5E74FEA091004F062FF00EBC903AB
S31508005A700093C7F101030193BB10069300239B46CD
S31508005A800A9300210DF118080DF1280E019A002A33
S31508005A9046DC02EB4B0C0CF1030201920BF1010BF5
S31508005AA0BB4547DC4FEAA70C013148F804CB04296B
S31508005AB007F0030C4EF804CBE8D19DF82C20DDF84E
S31508005AC0188005929DF83020D4F804A002929DF81B
S31508005AD034209DF828E00392099A4FEA83099045F5
S31508005AE00AEB030103F1010C6AD1009A40F82380FE
S31508005AF042F82360059A0299964471448E460399A2
S31508005B0071440AF80310D4F804E01EF803100901DA
S31508005B100EF803106346BB4506F10106B1DD0BE03E
S31508005B20019AABEB070C02EB4C0C0CF10502019247
S31508005B30013FB3E70429C0D040F2D32103F1804CDA
S31508005B404D430CF1FF3C50F82C70AE12B7EBA52F65
S31508005B504FEA8C0104D1009A52F82C70BE421AD032
S31508005B60C5F30905B5F5007FC6BFC5F580656D4364
S31508005B706D43009A01F104014650C8BFED13565013
S31508005B806168D4BFED0BC5F10F05CD546568E95CB6
S31508005B900901E95401331D46991E002980F28580C2
S31508005BA0002B03F1FF31D8BF00210B4400210D461D
S31508005BB0E76839809D42C0F2878004F0CBFEF7E69D
S31508005BC008F1FF320492079A09F1040A904531D088
S31508005BD0009A40F8098042F8096081F800E0D4F894
S31508005BE004E0049A1EF8031009010EF8031040F8A1
S31508005BF00A20009A029942F80A6062680492059A95
S31508005C000A4402F1040E039A72449646049A02F86C
S31508005C100CE0D4F804E002331EF80C1009010EF863
S31508005C200C1078E7CF700208A4120020701100202B
S31508005C30AC120020059A40F809809644089A5FFA43
S31508005C408EFE9045009A42F8096016D081F800E069
S31508005C50D4F804E0049A1EF8031009010EF803109C
S31508005C6040F80A20009A42F80A6062680492DDE960
S31508005C7002210A4402F1080EC8E7029A964481F8FE
S31508005C8000E0D4F804E0049A1EF8031009010EF89F
S31508005C90031040F80A20009A616842F80A60039ADD
S31508005CA002F10C0E01F80CE0B3E7009A52F82160F5
S31508005CB040F8256050F8216042F825606668775CF0
S31508005CC001397755013568E7D4F8088030F825603A
S31508005CD027F811504FEA410E009A52F825209142B2
S31508005CE001D19D4203D128F80E60013162E750F8D0
S31508005CF0252001359642A8BF1646B6B2ECE700BF86
S31508005D00F0B585B0002214270546408AC0F308007E
S31508005D1093B2984201D800200FE007FB02F6AB6861
S31508005D2001329C199B59B4F804C0CB1A6345EFD2CB
S31508005D30A27C022A03D1E088184405B0F0BD1AB93E
S31508005D40E268D05CE388F7E7032A14D1ADF80E3091
S31508005D50144B228A0093A16802230DF10E0025F048
S31508005D6044FD0028E9D0AB6833449A68DB88801A7A
S31508005D7003EB6000E1E7012ACDD1ADF80E30094BFF
S31508005D80228A0093A16802230DF10E0025F02DFD4D
S31508005D900028D2D0AB6833449A68801ADA68DB8860
S31508005DA0105AC9E7738702082DE9F04103680269AA
S31508005DB00F46D3F81880002A00F0B380D8F80410EC
S31508005DC001EBC2063079737913FB00F3002B00F060
S31508005DD0A88098F813303F2B00F2A38051F8323090
S31508005DE0D8F80040C3F313030E211C443D69FDF7A0
S31508005DF013FC98F8133003F01E03022B3DD1002143
S31508005E000A4610E012F00702237812D143F3C013B2
S31508005E10DBB205F80C3001320CF1010C337963451D
S31508005E20F0DC0544013173798B4223DC3846BDE842
S31508005E30F08102F1FF3EBEF1050F16D8DFE80EF03D
S31508005E400306090C0F1243F38013E1E743F34013EB
S31508005E50DEE743F30013DBE743F3C003D8E743F376
S31508005E608003D5E743F34003D2E743F30003DBB2ED
S31508005E700134CEE74FF0000CD0E7042B2DD10022D9
S31508005E802949134611E013F0030E237814D19B0910
S31508005E90CB5C05F80C300CF1010C0EF1010396F8F9
S31508005EA004E0E645EFDC0544013296F805C0944562
S31508005EB0BCDD4FF0000CF2E7BEF1010F02D1C3F3CF
S31508005EC00113E5E7BEF1020F02D1C3F38103DFE751
S31508005ED003F00303CB5C0134DBE7082BA6D10021D2
S31508005EE0DFF848E00B4616E013F00102237815BFE9
S31508005EF001341B0903F00F031EF8033018BF1EF800
S31508005F00033005F80C300CF1010C531C327962454C
S31508005F10EADC0544013172798A4287DD4FF0000CCC
S31508005F20F4E7002782E700BFA52E0308A92E030879
S31508005F302DE9F04385B0092A80460C46164699464F
S31508005F40876905D0002A38D1002005B0BDE8F0835E
S31508005F5020213846FFF7D4FE05460028F4D0FB6812
S31508005F606BBB00207A683B8A02EBC5025188434323
S31508005F70C1F30B100146092E08BF01B24FEA2313DD
S31508005F8008BF490008330B441B09A3805379092E1F
S31508005F9023811379E38092F90610618192F907202B
S31508005FA0A281FA7C2561C2F34302A273E27B6FF3F6
S31508005FB00002E2735ED00120C7E71146C9E7B9F1CE
S31508005FC0000FCED04946D8F81800FFF799FE0028EA
S31508005FD0C7D0D8F81820D2F80C80D27C930634D4CF
S31508005FE098F80B203F2A17D8D8F80090D8F8082038
S31508005FF0224BCDE9025000934946022322F0404243
S3150800600002A825F0F2FB0028ACD0A0EB090040104E
S31508006010D8F804301856A5E702F0C002402AA0D1E5
S31508006020D8F80090D8F80820154BCDE9025000930F
S315080060304946042322F0404202A825F0D6FB002850
S3150800604090D0A0EB09008010E2E7D8F80420D8F831
S315080060500810525D095C002A83D0002981D0D8F83F
S31508006060003098F80D00013A0B4400FB023313F98F
S31508006070010C77E75B00E3809DE700BF4F870208C6
S3150800608061870208807A830744BF0022024BC0F367
S31508006090400048BF5A65704770110020827A9307FE
S315080060A017D5002390F8981022F013028272C0E9DF
S315080060B01A33084AC0E91633C0E9233363F30301E8
S315080060C0C0E90333C0E914330367836780F898107F
S315080060D0536570477011002010B5044600B9FEE7F5
S315080060E001F0D4F994F898301B0701D0236F43B90F
S315080060F0D4F8C0302BB12046BDE81040014903F062
S31508006100EFBB10BDD960000810B5FCF725FD134894
S3150800611024F058FB044600B9FEE7C422002125F006
S315080061205DFFA37A224623F0060343F00603A37213
S315080061300C210B4803F00EFF2062FCF70DFD00232F
S3150800614023700123074A6372074BE061C4E90923F8
S315080061504FF480732046E36210BD00BFB4110020DF
S31508006160F98802080A0A03329001640001460348C6
S3150800617009B924F0C7BB24F0CBBB00BFB41100207B
S31508006180014B186D704700BF70110020014B586D08
S31508006190704700BF7011002070B50C460546FCF725
S315080061A059FD214622F041FB0D4E7065B0B92846CF
S315080061B0FCF746FD214622F038FB706570B9284683
S315080061C0FCF72AFD214622F030FB706530B92846D7
S315080061D0FCF74AFD214622F028FB706570BD00BF1A
S315080061E0701100202DE9F041DFF860800F28054680
S315080061F00F46D8F8506017D8134BD8F854200341E7
S3150800620013F0010410D10146304622F057FB304600
S31508006210FFF738FFA8B9B37ADA0605D560F3041391
S315080062200120B372BDE8F0813A462946D8F85400F1
S3150800623015F0E5FE3046FFF725FF80F00100C0B2F5
S31508006240F0E72046EEE700BF0D7EFFFF7011002045
S31508006250F8B50446A37A806E8B4D1B0768651BD478
S315080062602B6DDE69C8B9304604F13001FFF794FF9B
S31508006270236F6865ABB1D4F8C03033B12046834983
S3150800628003F02EFB0023C4F8C030204601F0FEF8C8
S315080062902046FFF7F7FE20B1F8BD236F002B00F06C
S315080062A0EA80D4E90C126B6DA06E834240F0F08050
S315080062B0A36B266B626BF61AE36BA664D21AA36D00
S315080062C0E264334403EBD3735B10A365E36D002EDE
S315080062D0134403EBD3734FEA6303E36504F16003E6
S315080062E0D4E9160183E8030094F82430B8BF76424F
S315080062F09E4204DC002AB8BF5242934205DA94F85B
S31508006300993043F0020384F89930686D0028C3D0A9
S31508006310802114F0A4FF80F0010717F0FF0740F072
S315080063206A812B6D9B7A1807B6D4204601F0CEF900
S315080063302046FFF7A7FE0028AED1236F002B5AD1BF
S3150800634094F89930D90756D4A66E002E53D04FF438
S315080063500041304614F075FF002840F05481A16CC6
S315080063602A6D81EAE17E92F826C0AEEBE17EE6452B
S31508006370E36C07DA83EAE37EAEEBE37EF445C8BF57
S31508006380C4E92300D4F88C000144D4F89000C4F87A
S315080063908C100344C4F8903092F827E081EAE17C37
S315080063A0ACEBE17C83EAE370F445A0EBE37001DC37
S315080063B0864520DA844540F32B810029CCBF022389
S315080063C00123B4F898101B0121F4F87143F4807383
S315080063D00B4330460D21A4F8983015F010FE2046E0
S315080063E0FFF750FE38B932460D21286D22F066FABD
S315080063F0286DFFF747FE2046FFF744FE00287FF486
S315080064004BAF637A022B07D1206A28B125F0E9F948
S3150800641010B1206A25F0D0F9236F002B7FF43CAF2A
S31508006420A37ADA0718D4E06826F06FF9296D0B8D80
S31508006430984209D9002F40F0F080A37A43F001036F
S31508006440A37206F0FFFD2061236F002B7FF424AFB3
S31508006450A37ADB077FF520AF206926F056F9296D68
S315080064604B8D98427FF618AF002F40F0DD8006F07E
S31508006470E9FD206110E74FF4005114F0E2FE002810
S315080064807FF40FAFEFE600BF70110020D960000857
S31508006490A06FC4E90E12C0B1834216D02246162157
S315080064A015F0ADFD2046FFF7EDFD00287FF4F4AEAC
S315080064B016212046A26F22F001FA2046FFF7E2FDD8
S315080064C000287FF4E9AE6B6DA367A06E002843D160
S315080064D06B6DC4E91A33002B3FF4EAAE06F0B2FD41
S315080064E0A37AB4F898206FF30003A372002322F46A
S315080064F07F7222F00302E0608021C4E91433C4E904
S315080065002333C4E91233686D2367A4F8982014F07E
S31508006510A6FE58B32E6DB37A1F073FF5BDAE04210C
S31508006520686D14F08EFE80B1686D14F09EFE074605
S31508006530706F68BB002F33D0686D14F01DFB3046B2
S31508006540FFF7A0FD08B96B6D73672046FFF79AFD44
S3150800655000283FF4ADAE9FE603212A6D15F04FFDE6
S315080065602046FFF78FFD0028B2D095E6A26F6B6D27
S31508006570296D9A4206D10120296DFFF733FE0028BE
S31508006580C8D189E61520FFF72DFE0028F3D183E64A
S3150800659014F06BFE8742034615D1686D002FCCD1E7
S315080065A0706F6B6D9842CED011212A6D15F027FDBC
S315080065B03046FFF767FD0028C7D110212A6D686DA0
S315080065C015F01DFDBBE7706F83B928B9686D002FFC
S315080065D0B2D110212A6DF3E711212A6D15F00FFDAE
S315080065E03046FFF74FFD0028F0D0AEE70028EDD083
S315080065F012212A6DF2E70220296DFFF7F3FD002824
S315080066007FF48FAE48E6304617F0BBFD06469CE69B
S31508006610002BCCBF08230423D3E60520FFF7E2FDB1
S3150800662000287FF40AAF37E60620FFF7DBFD0028CF
S315080066307FF41DAF30E600BF2DE9F0439BB0837AA7
S315080066400446190707D4826B036B9A4203D1C26BBF
S31508006650436B9A4246D0FCF77FFA04F13001FFF704
S315080066609BFDA36F0546834227D02246152115F0C8
S31508006670C6FC2046FFF706FD00285BD12A461521F1
S31508006680204622F01BF92046FFF7FCFC002851D1D2
S3150800669022461621A06F15F0B2FC2046FFF7F2FC41
S315080066A0002847D116212046A26F22F007F9204676
S315080066B0FFF7E8FC00283DD1A567A37AA06E1A0764
S315080066C010D5754B03211A6D15F099FC2046FFF776
S315080066D0D9FC78BBA37AC4E91A00C4E9030060F3BD
S315080066E0C303A372A36E6C4D276F6B65637A022B87
S315080066F007D1206A28B125F074F810B9206A25F068
S3150800670054F8686D002800F0C380802114F0A7FDB6
S31508006710002840F08B800820296DFFF763FD48B1FB
S315080067202A6DB7B9A37ADB0707D50720296DFFF7C6
S3150800673059FD48B91BB0BDE8F08311460420FFF7A0
S3150800674051FD0028F1D1F5E70023C4E90333A36618
S31508006750F0E70A21384615F052FC2046FFF792FC6E
S315080067600028E7D1C4E90300A0664FF48076002527
S31508006770B046CDE90455002F5FD12DB9B6F5807F17
S3150800678002D1B8F5807F20D04FF4803393FBF8F21E
S3150800679093FBF6F34FF000096D422DB216B20FFACD
S315080067A083F804AF43463246294604F15800CDF82B
S315080067B00490009723F052FB434632462946CDE91A
S315080067C0007904F1600023F049FBD4F8C0503DBBC2
S315080067D004A803F025F8214604A822F086FF4FF402
S315080067E0806104A822F085FF4FF48062294604A838
S315080067F022F084FF294904A822F079FF284904A831
S3150800680022F086FF264904A822F084FF4FF0FF31C4
S3150800681004A822F085FF04A803F01CF8C4F8C000F9
S3150800682020461BB0BDE8F043FFF72CBC0023C4E9A3
S315080068300333A366002F98D17CE76E2200213846E1
S3150800684016F0E4FF039028446C22002105B238466E
S3150800685016F0DCFF81466D2200210390384616F0BB
S31508006860D5FFB9F1010FB8BF4FF001090128064657
S31508006870B8BF01260390384617F083FC08FB09F9D0
S3150800688049F30F2808FB06F6074646F30F2672E774
S31508006890002F3FF44FAF98E770110020D960000829
S315080068A07B8702082DE9F04F89B00446002800F0DE
S315080068B0E480A74DC6692865002E00F0DE80FFF744
S315080068C0EDFB837A5A0740F1D880D6F8C83201938F
S315080068D0002B40F0D2801422002103A825F07EFB6D
S315080068E02378012B1FD1236C0393636C049363688D
S315080068F013B1204603A99847637A2046022B0CBF9A
S315080069004FF000089DF81F80FFF7C8FB019B6B65D9
S315080069109DF81E30012B23720FD1E66906F092FB13
S31508006920C6F8FC0210E0022B03D1D4F8A030059378
S31508006930DDE7042BDBD10A23F9E72378042B03D1FF
S31508006940BDF91C30002BE8D12378012B40F081805B
S31508006950E069039E90F8F022049902F00603022BE0
S315080069602664616407D103689B1B013B0393436854
S315080069705B1A013B049302F00502012A06D1DDE900
S315080069800332049343689B1A013B0393FCF7F4F81C
S31508006990E069FCF701F9D4F8A40048B1DDE903126F
S315080069A0A36B8B4202D1E36B934201D015F026FD0F
S315080069B0039B666F2363049B6363BDF91C30C4F8AD
S315080069C09430BEB1B3B130466E6514F0AAFEE0B19C
S315080069D000217422686DE66A16F018FFD4F8943020
S315080069E002A95E43464306F5004636140F20029672
S315080069F0FFF7F8FB237A2046012B27D1FFF728FC5F
S31508006A00236BA363636BE3632EE0D4F8942094F8B6
S31508006A102430002AD8BF5B422046E364A66621F0EC
S31508006A2085FF0028E6D074220021E66A16F0EEFEFD
S31508006A30D4F8943002907343434303F500431B1480
S31508006A402046E365636600F041FED3E7FFF7F4FDF1
S31508006A50D6E7022B40F0E6809DF81E10A37A01299E
S31508006A6003F008020CD19AB12046FFF717FBB8F1DC
S31508006A70000F7FF430AFC5E9148809B0BDE8F08F80
S31508006A8032B1002223F00903E260A37284F89C2045
S31508006A90059BD4F8A860D4F8A0A0C4F8A030002EAE
S31508006AA0E2D0304614F02BF868650028DCD0802147
S31508006AB014F0D5FB9DF81E9080F00107B9F1010F7F
S31508006AC094F89CB0FFB284F89C903BD1BBF1000FC0
S31508006AD040D106F0B7FA0599E06009290BD130468E
S31508006AE0002114F027F83046F9F768FC2046FFF72E
S31508006AF0C9FA48B3B8E70B2907D13046002114F084
S31508006B0019F83046F9F770FCF0E7EFB10A29304674
S31508006B100CD113F0F9FF2046FFF7B4FA0028A3D1E9
S31508006B204846296DFFF75EFB70B99DE71B294CD1D6
S31508006B3013F0EAFF2046FFF7A5FA002894D124208F
S31508006B40296DEFE7002F43D100236B658CE700BF63
S31508006B5070110020002FF7D0BBF1010FF4D1059B6F
S31508006B600A2B15D0A37ADB071BD4E06825F0CDFDE8
S31508006B70238D9842A37A12D943F00103A372059B89
S31508006B800A2BE1D106F05EFA296D20610520C9E7D6
S31508006B900220296DFFF726FB0028E3D164E7DF070B
S31508006BA0D2D5206925F0B1FD638D9842CCD906F07F
S31508006BB049FA059920610A2902D10620296DB1E70B
S31508006BC009298CD00B2998D0304613F09DFF8DE704
S31508006BD0B9F1000FB8D1BBF1010FB5D1BAF10A0F5F
S31508006BE0CDF814A006D00022A37AE26062F300036F
S31508006BF0A372A9E70820296DFFF7F4FA00283FF4E5
S31508006C0033AFA37A296DD80706D50720296DFFF774
S31508006C10E9FA0028E7D127E70420FFF7E3FA002876
S31508006C20F3D121E7042B40F0B8819DF81E20A37A02
S31508006C30012A03F0080160D100297FF415AF059BEE
S31508006C40D4F8A86094F89CA0C4F8A03084F89C20D6
S31508006C50002E3FF409AF304613F051FF686500284F
S31508006C603FF402AF9DF81E3013B10023ADF81C3077
S31508006C70802114F0F4FA9DF81E3080F00107012BEC
S31508006C80FFB240F0E780BAF1000F70D106F0DAF9EA
S31508006C900599E0600A294CD1686D14F042FDB0B33D
S31508006CA0304613F0AEFF00283AD14FF0000ABDF97E
S31508006CB01C30C5F854A0002B3FF4D6AE304613F06E
S31508006CC0A0FFBDF91C300746002800F04181534556
S31508006CD080F22A81BDF91C305B429A45BFF6C4AEE4
S31508006CE01421304613F010FF2046FFF7CBF9002891
S31508006CF07FF4BAAE0AF1010AECE700299FD0002119
S31508006D0023F00903E160A37284F89C1097E7102129
S31508006D10686D14F096FA0028C2D1304613F071FF58
S31508006D20002FC2D00120296DFFF75CFA0028BCD1DC
S31508006D309AE6142905D1BDF81C30013BADF81C3084
S31508006D40B3E7132903D1BDF81C300133F6E71B2935
S31508006D50304676D113F0D8FE2046FFF793F900287F
S31508006D607FF482AE002FA0D02420296DDCE7BAF18B
S31508006D70010F9AD1A37ADA0710D5206925F0C5FC48
S31508006D80638D984291D906F05DF9059920610A2923
S31508006D9051D1002F89D00620296DC5E7E06825F076
S31508006DA0B4FC238D9842A37A41D943F00103A37218
S31508006DB006F048F9059B20610A2B20D105216A6D4A
S31508006DC0286D21F07BFD286DFFF75CF900287FF41C
S31508006DD04BAE686D14F0A5FCB0B1304613F016FF43
S31508006DE001280CD9304613F00CFF80F00101C9B216
S31508006DF0304613F09FFE2021686D14F014FAA37A2A
S31508006E0043F00103A37250E71021686D14F019FAD4
S31508006E100028E2D1002FF2D005212A6D686D15F001
S31508006E20EEF8286DFFF72EF90028E8D01CE6DB07F8
S31508006E307FF53BAFA1E714293FF47DAF132982D034
S31508006E40304613F061FE2046FFF71CF900283FF490
S31508006E502CAF09E6002B7FF428AFBAF1010F7FF4B7
S31508006E6024AF059B0A2B1BD1686D14F05AFC18BB7E
S31508006E701021686D14F0E5F9F0B98FB10820296D75
S31508006E80FFF7B0F900283FF4EFADA37A296DD807CC
S31508006E900CD50720296DFFF7A5F900283FF4E4ADC6
S31508006EA00022A37AE26062F30003ABE70420FFF74F
S31508006EB099F90028EDD1D7E5304613F0A2FEA37A5A
S31508006EC058B3DA070AD49FB90A21304613F01CFED4
S31508006ED02046FFF7D7F80028E2D0C5E5304613F07C
S31508006EE095FE0128EFD92021686D14F09CF9D7E7A3
S31508006EF00820296DFFF776F900283FF4B5AD042080
S31508006F00296DFFF76FF900283FF4AEAD0720296D0C
S31508006F10FFF768F90028D7D1A6E5DB07C0D4012119
S31508006F20304613F007FEBBE73FF49EADBDF91C30B3
S31508006F309A45BFF699AD1321304613F0E5FD204674
S31508006F40FFF7A0F800287FF48FAD0AF1010AEDE7F4
S31508006F50002B10DABDF91C305B429F42BFF684ADA8
S31508006F603046F9F741FA2046FFF78CF800287FF4F7
S31508006F707BAD0137EEE73FF477ADBDF91C309F4294
S31508006F80BFF672AD3046F9F719FA2046FFF77AF8D8
S31508006F9000287FF469AD0137EFE7032B7FF464AD72
S31508006FA0D4F8AC30002B3FF45FAD069A03EBC20170
S31508006FB053F832709DF81E304E68012B08D1A36B2A
S31508006FC09F4202D1E36B9E4202D02046FFF734FB74
S31508006FD02046FFF757F800287FF446AD9DF81E3087
S31508006FE02046012BC4E90C7608D1FFF731F9204673
S31508006FF0FFF748F800283FF403AD35E5FFF71CFB1B
S31508007000F5E700BFF8B5837A044643F002038372B6
S31508007010264B0D461A6D824204BF00225A65037834
S31508007020013B012B09D8866E41B941676EB9002329
S31508007030206FE366F0B90023A367F8BD436F994252
S3150800704004BF00234367B14221D1002722461421F9
S315080070503046A76614F0D3FF32461421204621F0A5
S315080070602DFC002DE3D0E36E206F9D4208BFE76636
S31508007070854214D1002622461421266714F0BFFF44
S3150800708032461421204621F019FC45B9D3E7C36ED0
S31508007090994204BF0023C366036F994203D0A36FC6
S315080070A09D42CAD1C7E70846E4E700BF7011002031
S315080070B038B50D4618B1BDE83840FFF7A3BF0848F4
S315080070C023F020FC044610B9064B586538BD204607
S315080070D02946FFF797FF2046FFF748F8F2E700BF73
S315080070E0B4110020701100202DE9F04F89B0044634
S315080070F09B46CDE9021215F024FE054620B96FF02D
S31508007100604009B0BDE8F08F10220021204616F035
S315080071107DFB1122002107900646204616F076FBD5
S3150800712007900746204617F062F84FF000086FF000
S3150800713060490190019B984506D16FF060439945D7
S31508007140DDD0C9F10000DCE7A36829491B6853F8BC
S3150800715028A0504614F07BF828B94FF480515046C1
S3150800716014F06FF820B94B46994608F10108E1E793
S31508007170022D1AD0032D1DD0012DF4D1A169DAF8FC
S3150800718018303144029A5B449342ECDB039A9342EB
S31508007190E9DC5B1A83EAE37089EAE971A0EBE3703C
S315080071A0A1EBE9718842DEDADEE7216ADAF82030F7
S315080071B0C91BE7E7DAF818100AF11400049122F05F
S315080071C060FE049900EBD07001EB6003A16904F13D
S315080071D0140031440593049122F053FE801B049950
S315080071E0C01B00EBD070059B01EB6001CAE700BF2E
S315080071F0010004002DE9F04F89B004469B46CDE90D
S31508007200021215F097FD054620B96FF0604009B0E7
S31508007210BDE8F08F12220021204616F0F7FA132255
S31508007220002107900646204616F0F0FA0790074612
S31508007230204616F0DCFF4FF000086FF06049019019
S31508007240019B984506D16FF060439945DDD0C9F199
S315080072500000DCE7A36828491B6853F828A05046B5
S3150800726013F0F5FF28B94FF48051504613F0E9FFA3
S3150800727020B94B46994608F10108E1E7022D1AD0D4
S31508007280032D1DD0012DF4D16169DAF8143031448B
S31508007290029A5B449342ECDB039A9342E9DC5B1A5D
S315080072A083EAE37089EAE971A0EBE370A1EBE9717F
S315080072B08842DEDADEE7E169DAF81C30C91BE7E75F
S315080072C0504650F8143F049322F0D6FD049B00EB79
S315080072D0D07003EB6003204650F8141F0593314421
S315080072E0049122F0C9FD801B0499C01B00EBD070E5
S315080072F0059B01EB6001CBE7010004002DE9F34192
S315080073000C462021054617461E4613F09AFF48B933
S31508007310F44248BF7442BC42A8BF3C46204602B06D
S31508007320BDE8F0819DF820302846032B0BD115F0D7
S3150800733001FD38BB3E43F1D5002C1FDAA31E48BF1A
S31508007340631C9C10EAE715F0FCFC0028F2D0022822
S3150800735000F08B80032863D001287DD000263146B3
S3150800736000236FF060422846FFF7BEFE002307465B
S31508007370324628464449FFF7B7FE18E0CED0023415
S31508007380A410CBE7022842D003281BD0012835D009
S31508007390002600236FF06042711C2846FFF72AFF7B
S315080073A000230746324628463749FFF723FF6FF082
S315080073B06043984265D1002C60DA023C002CB8BFC5
S315080073C00334DDE712220021284616F01FFA13229D
S315080073D0074600210190284616F018FA80460190C3
S315080073E0284650F8146F22F047FDC31BA3EB080389
S315080073F003EBD37306EB63063E44CAE71222002169
S3150800740028466E6916F002FA01900644C1E713226F
S3150800741000212846EE6916F0F9F90190361AB8E700
S3150800742010220021284616F0F1F9112207460021FC
S315080074300190284616F0EAF98046019005F11400F5
S31508007440AE6922F01EFDC31BA3EB080303EBD3733F
S3150800745006EB63063E4482E7102200212846AE6901
S3150800746016F0D4F90190064479E71122002128463E
S315080074702E6A16F0CBF90190361A70E718BF023457
S315080074809CE79F4297D049E7010000E02DE9F347C2
S31508007490056F0446002D00F0A18090F898301F076C
S315080074A000F09C8090F825604021284613F0C9FE1C
S315080074B008B9C4E91600284615F03CFC07462846D4
S315080074C015F03FFC94F89890804609F00F09B9F139
S315080074D00C0F7DD14FF0000AC4F858A000283CD103
S315080074E0E36DC6F164065E43642396FBF3F628460D
S315080074F0E665F9F77FFE0646284615F033FCCDF813
S31508007500009033460246E16D2846FFF7F7FE4146EE
S315080075100246E065284615F027FCA37A9E075DD447
S31508007520A36D002B5AD1E36D002B57D1284615F0D1
S3150800753019FC06462846F9F75DFE002E00F39F80E3
S31508007540002832DD8EB30123324600212846F9F79A
S315080075506BFFA37A9A0728D540E04946204621F0D2
S31508007560CEF90646636DD4F88020C1189142B8BF9B
S31508007570D61AD4F8882099199142C8BFD61A334624
S315080075806FF0604250492846C4F85CA0FFF7ACFD8E
S315080075900123821900212846F9F746FFA37A98079E
S315080075A01CD4A36DD3B9E36DC3B9002F6CD02246A2
S315080075B00B21284614F023FDA37A13F002030DD1FC
S315080075C094F89820236763F3030284F8982005E06B
S315080075D0B9F1030F05D0A36D002B49D002B0BDE861
S315080075E0F0874FF0000AC4F85CA007BBA36DC6F18C
S315080075F064065E43642396FBF3F62846A665F9F708
S3150800760045FE06462846F9F799FECDF8009003464A
S315080076103246A16D2846FFF771FE3A460146A06537
S31508007620284615F0A1FBA37A9907D4D5D6E749468B
S31508007630204621F064F90646236DE26FC11891428F
S31508007640B8BFD61AD4F8842099199142C8BFD61A59
S3150800765033466FF0604228461B49C4F858A0FFF726
S31508007660C9FD0123811900222846F9F7DDFEDAE76C
S31508007670E36D002BB2D1B8F1000F96D156E700287A
S3150800768093DA0123424260E72846F9F7FFFD0646EA
S315080076902846F9F753FE002E0EDC002887DD002E5B
S315080076A085D001233A4631462846F9F7BDFEA37A26
S315080076B09B077FF57CAF91E70028BFF678AF0123DB
S315080076C03A464142F0E700BF010000E02DE9F04FDD
S315080076D085B0836C04461BB9C36C002B00F074811B
S315080076E0266F002E40F0CE80204621F01FF9064670
S315080076F0002800F06981256F8021284613F0A1FD36
S3150800770080B96FF06043BF4A0093114604F17C00CC
S3150800771022F037F86FF06043E26F9A4204BFB94B24
S31508007720E36781E0284615F00CFB022830D00328D1
S315080077303AD001284DD1A96900236FF06042284646
S315080077400131FFF7D1FC0023AA69C4F88000013A89
S315080077502846AC49FFF7C8FCC4F88800284615F047
S31508007760E9FA02283BD0032844D0012856D1002341
S315080077706FF0604228466969FFF73CFD00236A6995
S31508007780E06728469F49FFF735FDC4F88400C1E73E
S3150800779000236FF060422846296AFFF7A5FC0023FC
S315080077A02A6AC4F88000D3E705F11400AF6922F00D
S315080077B068FB00EBD07007EB600700236FF06042B0
S315080077C02846791CFFF790FC0023C4F880007A1E2F
S315080077D0BEE78C4B6FF06040C4F88030BCE70023EE
S315080077E06FF060422846E969FFF704FD0023EA695D
S315080077F0E067C6E7284650F8147F22F03DFB00EB09
S31508007800D07007EB600700236FF060422846791CAA
S31508007810FFF7F0FC0023E0677A1EB2E7794BE367CF
S315080078206FF06043C4F884306FF06043D4F880206A
S315080078309A4204BF734BC4F88030E36F0BB9714B9F
S31508007840E367D4F884301BB96FF06043C4F884301A
S31508007850D4F8803013B96B4BC4F88030D4F888302C
S315080078601BB96FF06043C4F888302021A06E13F06E
S31508007870DAFC00220921304614F0C1FBA37A9807E6
S3150800788000F1A2804FF4807A354657464FF000093A
S315080078906E220021284615F0B9FF029048446C2252
S315080078A000211FFA80F80FFA80F9284615F0AEFF76
S315080078B06D22834600210290284615F0A7FFBBF1EA
S315080078C0010FB8BF4FF0010B01280290B8BF012085
S315080078D00AFB00F040F30F2A284616F052FC07FB75
S315080078E00BFB05464BF30F270028D1D1B9F1000F42
S315080078F005D1B7F5807F02D1BAF5807F14D04FF451
S315080079008033002093FBF7F293FBFAF3CDE90200EC
S31508007910C8F10001019002A800901BB212B209B288
S3150800792004F1480022F09AFA94F89850304605F087
S315080079300F05032D4BD1F9F701FD07463046F9F738
S31508007940A5FC009502463B46A16C3046FFF7D6FCDF
S315080079500746304615F0E6F910F001054BD000252C
S31508007960810758BF27EAE77710F0040301D1002DF5
S3150800797045DC020701D425EAE575636DD4F8802055
S3150800798059199142B8BFD51AD4F888205919914285
S31508007990C8BFD51A236DE26FD9199142B8BFD71A55
S315080079A0D4F88420D9199142C8BFD71A39462A462D
S315080079B0304615F0D9F9A37A9B0705D4236D3B44C5
S315080079C02365636D2B44636505B0BDE8F08F15F03C
S315080079D0C9F905463046F9F70DFC0C220092034614
S315080079E02A46E16C3046FFF789FC0546304615F015
S315080079F099F90027B4E7002FB2DD2F46B9E71D46EF
S31508007A00BBE700BF010000E02DE9F04F87B00D4647
S31508007A1017460021012206460193DDF844A015F019
S31508007A20F5FE0222002105900446304615F0EEFECA
S31508007A30EA780590910754D512F0010F6FF040428D
S31508007A4049D0944249D07B4BDFF8F0B1009300222D
S31508007A503946CAE90122CAE90322CAF81420CAF833
S31508007A6000200497304616F08FFB049B04460393C8
S31508007A70002845D0039B9F423BD120466E4913F010
S31508007A80E6FB0290002840F0B28081222046029947
S31508007A9015F0BCFEC2B281460590002A00F0B580FA
S31508007AA0DAF80820109BDAF814101A44CAF80820E5
S31508007AB09AF818200131D307CAF8141040F18780C4
S31508007AC01822DAF81000514302F04EFF18228046B9
S31508007AD0002846D1FEE7904206D1EA786FF34102C4
S31508007AE0EA70EA78D207AED4544BDFF848B100936F
S31508007AF0ADE74FF40011204613F0A3FB0028BCD0D5
S31508007B00DAF80820002AC2BF109BD21ACAF8082041
S31508007B10DAF8142012B9DAF808300193019B049AAE
S31508007B20CAF80430CCB1974217D1B268E97812681E
S31508007B30304652F82740C1F3800104AA21F00DF916
S31508007B405CB12046D847009BCAF8000020469847F3
S31508007B500122CAF80400CAF80C20049807B0BDE848
S31508007B60F08FDAF8141002FB010141F8184CE97895
S31508007B70204611F0010116BF04220622029915F0CB
S31508007B8045FE1821DAF81420059001FB0282E978EF
S31508007B9042F8140C11F001011ABF05220021072230
S31508007BA0204615F033FE1821DAF81420059001FB5B
S31508007BB002825FFA89F142F8081C12F8041C42F89E
S31508007BC0100C6FF3000102F8041CCAF81080204656
S31508007BD0D847DAF80020904202DD2046D847024608
S31508007BE0CAF80020DAF80C200132CAF80C20EA7824
S31508007BF0039B12F0040F0CBF01214FF0FF3119440B
S31508007C0000290491BFF62EAF7AE72046009B9847D5
S31508007C10EA7812F0020FDAF8082004D0019B8118DE
S31508007C2099423FF76DAF109B18440244CAF80820E2
S31508007C30CDE700BFDB8D020801000600BB8D0208F8
S31508007C402DE9F04FABB07D220021044615F0DEFD8C
S31508007C50C343C0F3800203F0010343EA42039DF8DD
S31508007C6063202390C0F3C00043EA800322F0070292
S31508007C70134300217E2220468DF8633015F0C6FD99
S31508007C807F22002123908DF86000204615F0BEFD66
S31508007C908022002123908DF86100204615F0B6FD5C
S31508007CA027222390C5B2002120468DF8625015F090
S31508007CB0ADFD9DF86360C3B216F0010823900393E7
S31508007CC040F09A8015224146204615F09FFD142261
S31508007CD0239005904146204615F098FD2390049080
S31508007CE0204614F057FC1022002106902046D4F8AE
S31508007CF0189015F08BFD3022074600212390204668
S31508007D0015F084FD3422824600212390204615F082
S31508007D107DFD83072390204648BF574415F01DF87C
S31508007D20B944A9EB00001222002119902046D4F884
S31508007D30149015F06BFD302207460021239020464B
S31508007D4015F064FD3422824600212390204615F062
S31508007D505DFD23904007204648BF574414F0F8FFBE
S31508007D60B944A9EB00001A90B8F1000F56D10DF1ED
S31508007D70680A01220021204615F048FD02220A90D1
S31508007D8023900021204615F041FD6FF040430B90EB
S31508007D902390B8F1000F44D0984240F0878094F8B9
S31508007DA02B30590700F1828000231B9300279DF88A
S31508007DB0636016F0040502D0A3681D8D013D039B80
S31508007DC0012B01D1F3073BD5A3681B8DAB4200F20B
S31508007DD08B806FF040430A9A9A4202D00B9A9A42D5
S31508007DE002D12046F8F714FD0022302120462BB098
S31508007DF0BDE8F04F14F003B914220021204615F00F
S31508007E0005FD1522239005900021204615F0FEFC5D
S31508007E1023900490204614F0ADFB64E70DF1640A44
S31508007E20A7E70A9A9A4211D0039B012B3ED1ADB11E
S31508007E300027012D1B9714D116F00405BCD12F4637
S31508007E40DAF800303B44CAF80030BDE794F82B3026
S31508007E5013F0080F039BE8D1012BA5D100230125B8
S31508007E601B9316F004024FF00006374618BFA368A6
S31508007E700DF18C081CBF1A8D02F1FF32A3681B8D09
S31508007E80934218D80EB1059BFF1A9DF86330204619
S31508007E90DA0726D514F07EFB1BAB0146CDE900A315
S31508007EA03A463346284620F01EFF80E700231B93F8
S31508007EB0002DD6D17AE79DF8A43018A96FF30003F0
S31508007EC08DF8A430049B20460093CDF80480069BC9
S31508007ED0FFF79AFD239B059902460B441F4401367A
S31508007EE0CCE714F047FBD7E79DF8A4302A4643F0C1
S31508007EF001038DF8A43023AB0193049B204600931D
S31508007F0018A9069BFFF780FD039B9DF86320012BAC
S31508007F100E9007D1D7075FBFDAF8003023995B1AAE
S31508007F20CAF800301A9B6C4E6C4F02F0010B129384
S31508007F30199BBBF1000F13930CBF33463B46684AA7
S31508007F401493684B0EBF114619461346664A0C939E
S31508007F50664B079104BF1946134608930EBF3B4666
S31508007F60334611460F93249B61481093109A259B1C
S31508007F700D91A2EB030316934FF018035D4908BF52
S31508007F800146DDF8A0E0DDF89C801C9503FB0E8316
S31508007F9015911793BEF1000F3DD040460022169961
S31508007FA0037D1830DE0755BF50F8083C50F80C3CE6
S31508007FB0D218C91A179B8342F2D14FF0000C4346D8
S31508007FC0E146187D1190C0071CD402B9FEE71E6968
S31508007FD05868099691FBF2F6099F7E439F68B74257
S31508007FE0A8BF37468742B8BF0746BE421CBF4FF0F8
S31508007FF0010C1198DF601CBF40F001001875099844
S31508008000C91B121A09F10109CE4503F11803D8D183
S31508008010BCF1000FC1D127220021204615F0F6FB3E
S31508008020C3B209930023CDE91D331EAB01931DABE3
S315080080301F900093109A269B06999DF8600020F0E1
S3150800804052FEBBF1000F08D0099B012B05D1204633
S3150800805014F090FA1D9B03441D932946204616F0FA
S3150800806093F80546279E18B11C9B0E9A9A4214D17E
S31508008070304602F06FFC039A1B9B012ADAF80020AF
S3150800808040F07181BBF1000F40F06D8105990B44FA
S31508008090D31A0E9DCAF8003096E61749284613F0FB
S315080080A0D6F89DF863100746C1F3800120B11CAAD3
S315080080B0204620F052FED4E701468122284615F0D4
S315080080C0A5FB1F90C0B2002800F00281289A9742AB
S315080080D014D1002719E000BF918D0208AD8D020862
S315080080E0838D02089F8D0208839E0208799E0208E6
S315080080F0999702088F97020801000600334653F83D
S31508008100181B8D4240F0DE80F76895F82B3023F077
S315080081100C03BBF1000F00F0D88043F0080305F10B
S31508008120140685F82B303046089B9847B8421DD070
S31508008130284614F0DBFB6B6939461F93AB6930465A
S315080081402093EB6921932B6A2293159B98472E213E
S315080081501FAA284613F053FF284616F012F82A4697
S31508008160272113F04CFF284614F0C0FB9DF8613018
S31508008170012B00F0B480022B40F0BD8023980D9BA4
S31508008180013020F0010605F114009847301A002145
S315080081900C9B00EBD07628469847002107460F9B94
S315080081A028469847381A761000EBD07006EB60061A
S315080081B0BBF1000F09D0099B012B06D1089B05F1DD
S315080081C014001D9F98473F1A1D976A2200212846CA
S315080081D015F01CFB6B22002180461F90814628461D
S315080081E015F014FB1F9011900746284614F0BCF9A9
S315080081F01090284614F0BBF9DDE9101208F0C043C8
S31508008200B3F1005F14D16FF0604328F0C048984579
S315080082100ED04FF06409B8F1805FA2BFC8F17F683D
S3150800822008F57F2808F6FF7808FB01F393FBF9F9B0
S3150800823007F0C043B3F1005F12D16FF0604327F037
S31508008240C0479F420CD06423B7F1805FA2BFC7F135
S315080082507F6707F57F2707F6FF77784390FBF3F2EA
S3150800826012996B691D9FCB1A99441399AB69CB1A5E
S3150800827003EB0208BBF1000F43D000212846079BF9
S3150800828098473844B04410EB090661D0284614F0E4
S315080082902DFB6B69284633446B61EB693344EB610C
S315080082A0AB694344AB612B6A43442B6214F01EFB53
S315080082B0002342463146284614F0BBF9BBF1000FAD
S315080082C02BD048E01E46013701E743F0040326E7B2
S315080082D095F82B3023F00C0385F82B3046E70D9BD9
S315080082E005F11400239E98470021361A0F9B28464D
S315080082F09847361A5CE7002128460C9B984706469D
S3150800830056E759462846079B98474E4438448044C2
S31508008310002EBBD1B8F1000FB8D1089B05F11400A7
S315080083209847049B00211F181E9B28461F44079B3D
S315080083309847149B07440021284698471D9B0744E5
S315080083401F449DF863101D971CAAC1F38001AFE670
S31508008350B8F1000F9AD1099A1E9B012ADDD1049A19
S315080083601344FF1AEDE723990B4405990B4413446C
S315080083708FE600BF034B044ADB6D9A600022DA6081
S31508008380704700BF70110020417C00082DE9F04FAE
S315080083909BB00021044615F0F7FE0146002877D168
S315080083A0202212A823F01AFE102200210AA823F080
S315080083B015FE12220021204615F028FA302206461C
S315080083C000210E90204615F021FA34220546002198
S315080083D00E90204615F01AFA002142070E904FF02B
S315080083E01002204648BF761915F010FA30220546C5
S315080083F000210E90204615F009FA3422002107467E
S315080084000E90204615F002FA830763690E902046FF
S3150800841048BFED191E4414F09BFCA369361A204682
S315080084201D440C9614F099FC00232D1A0D950693FD
S31508008430A36806991A8D8A4200F25C82129802F0A5
S3150800844089FA139802F086FA149802F083FA1598B6
S3150800845002F080FA01220021204615F0D7F90222FF
S3150800846005460E900021204615F0D0F96FF04043DE
S315080084709D420E9001D0984202D12046F8F7C8F9DD
S3150800848000223021204613F0BAFD1BB0BDE8F08F5C
S3150800849084220021204615F0B9F9054612900028D5
S315080084A040F05281204615F06CFE8422294615F0CC
S315080084B0ADF907461290002860D029468922204641
S315080084C015F0A4F929468A2280461290204615F00E
S315080084D09DF9461CB6001290304602F021FA043E79
S315080084E0324607EB8801054623F083FC6FF06043AC
S315080084F04FF0010AAB5100206FF0604355F8202079
S315080085009A4240F024811790800002F009FA1390ED
S3150800851017980026800002F003FADFF820B31590BA
S31508008520179B9E42C0F0158100273E463B4615998B
S31508008530C048179A9342C0F04A8114220021204667
S3150800854015F064F980460E90204614F023F8179B20
S31508008550DFF8E0C2013B08FB13020020D21B159F7F
S3150800856022EAE272179B984202D2002E40F040811E
S31508008570BAF1000F02D0284602F0ECF98522002154
S31508008580204615F043F905460E90002840F0448130
S31508008590204615F0F6FD8522294615F037F90746D7
S315080085A00E9000285ED029468622204615F02EF920
S315080085B02946872280460E90204615F027F9461C44
S315080085C0B6000E90304602F0ABF9043E324607EB91
S315080085D08801054623F00DFC6FF060434FF0010A51
S315080085E0AB51204613F0C6FF6FF060438346002068
S315080085F055F820209A4240F012811690800002F029
S315080086008FF9129016980026800002F089F91490C6
S31508008610169B9E42C0F0058100273E463B461499AC
S315080086208448169A9342C0F04081002115222046BC
S3150800863015F0ECF80021169B0E90013B00FB13B0D9
S31508008640DFF8F0C1C01B149F20EAE070169B994220
S3150800865002D2002E40F03A81BAF1000F02D0284625
S3150800866002F078F915220021204615F0CFF81422D9
S31508008670804600210E90204615F0C8F827220746A6
S3150800868000210E90204615F0C1F8C2B2511E4D4287
S315080086904D41012200210E90204615F0B7F802221E
S315080086A0064600210E90204615F0B0F86FF04043BC
S315080086B09E4208BF94F82B60814608BF86F00806DC
S315080086C00E90204614BF0026C6F3C00613F052FFCC
S315080086D0822282460021204615F098F8129B0395BF
S315080086E00293149B31460193169BC2B20E900093D7
S315080086F05046434620F0B1FB6FF04043994508BF0A
S3150800870094F82B50189008BF85F00405204614BF2E
S315080087100025C5F3800513F03DFF83220646002198
S31508008720204615F073F800230393139B0E900293CB
S31508008730159BC2B20193179B2946009330463B46C8
S3150800874020F08BFB19902FE64FF0000AD3E6013094
S31508008750D4E655F82630374A934236D14FF0000909
S315080087605F4624E04946204615F00EFD324980460C
S3150800877012F06DFD0146C0B905908A22404615F0F3
S3150800878045F8012805990E900FD18922404615F023
S315080087903DF886420E9008D1404613F0E8FEB842EE
S315080087A003DB404613F0E3FE074609F101092046BC
S315080087B015F01DFD8145D5D3002FB8BF0022159BA6
S315080087C0ACBF43F8267043F826200136A8E655F8CC
S315080087D02320824205DD06F16046653616440133DC
S315080087E0A7E60CBF51F8232041F823201744F6E7E3
S315080087F055F8201061450DDD06EBD67301F1604191
S3150800880065315B1002FB013393FBF6F3761A47F8E2
S315080088102030D21A0130A5E64FF0000AE1E6013011
S31508008820E6E655F82630034A93423CD14FF0000954
S31508008830024F2AE09AFFFF1F01000600010000E030
S315080088404946204615F0A0FC9249804612F0FFFCE6
S315080088500146C0B905908722404614F0D7FF012883
S3150800886005990E900FD18622404614F0CFFF864216
S315080088700E9008D1404613F077FEB84203DB404617
S3150800888013F072FE074609F10109204615F0AFFC00
S315080088908145D5D3002FB8BF0022149BACBF43F83F
S315080088A0267043F826200136B2E655F82320824280
S315080088B005DD06F16046653616440133B1E60CBFA0
S315080088C051F8232041F823201744F6E755F82120CC
S315080088D062450DDD06EBD67302F1604265325B1028
S315080088E000FB023393FBF6F3B61A47F82130C01A99
S315080088F00131ABE61B68069A664953F822502846AA
S3150800890012F0A5FC8246002840F09981014687228C
S31508008910284614F07BFF8A220E9080465146284648
S3150800892014F074FF07460E90002800F08881B8F10D
S31508008930000F00F0848186225146284614F066FF0F
S315080089408922064651460E90284614F05FFF882273
S31508008950514607900E90284614F058FF8B22C3B252
S3150800896051460E902846059314F050FF6FF040428A
S315080089700E90C3B214991298B044904451F8281036
S31508008980099350F8283005F1140B01EB0309079BEE
S3150800899050F826101F441744A9EB0109159A139994
S315080089A052F8272051F8270051F823100244531A89
S315080089B0284627225146089314F028FF0E90C0B285
S315080089C001285AD1059BCBB9584621F055FA80465D
S315080089D0584621F056FA0746129B284653F8263081
S315080089E0994413F0C1FD1B22A9EB00090021284672
S315080089F014F00CFF0E90A9EB000614E0059B5846F0
S31508008A00022B12D121F038FA8046584621F039FA5D
S31508008A100746129B1A220021284653F8266014F0AE
S31508008A20F5FE0E900644002350E021F025FA804614
S31508008A30584621F026FA0746059B129A032B2BD097
S31508008A40012BE6D152F8266000211A22284614F096
S31508008A50DDFEA9EB080909EBD97906EB69090E9041
S31508008A6006461B220021284614F0D0FE361A06EBCD
S31508008A70D6760E9009EB6606D5E7584621F0FCF93E
S31508008A808046584621F0FDF9059B0746022BD3D1AF
S31508008A90A2E700BF0100060052F8266000211A224C
S31508008AA0284614F0B3FE1A2200210E9006442846E2
S31508008AB014F0ACFE1B2280460E900021284614F0C6
S31508008AC0A5FE01230E904044A9EB000895F82B203B
S31508008AD063F3C30285F82B20139B079A53F8229059
S31508008AE0099B022B00F0E580032B00F0AC80012BDC
S31508008AF000F0C38018220021284614F087FE0E9045
S31508008B00814495F82B3028466AF3820385F82B3082
S31508008B1013F02AFD404500F0DD806B6928460E9368
S31508008B20AB690F93EB6910932B6A119313F0DEFE72
S31508008B304146584620F02BFE3946584620F02CFE72
S31508008B40284613F0D3FE2E210EAA284613F057FA0C
S31508008B50284615F016FB2A46272113F050FA6A22F2
S31508008B600021284614F052FE6B22002107460E907B
S31508008B708046284614F04AFE0E90834682462846CA
S31508008B8013F0F2FC0590284613F0F1FC07F0C042FA
S31508008B90B2F1005F059B13D16FF0604227F0C04722
S31508008BA097420DD04FF06408B7F1805FA2BFC7F1B6
S31508008BB07F6707F57F2707F6FF777B4393FBF8F870
S31508008BC00BF0C043B3F1005F13D16FF060422BF096
S31508008BD0C04393420DD04FF0640AB3F1805FA2BF41
S31508008BE0C3F17F6303F57F2303F6FF73584390FBB6
S31508008BF0FAFA0C9B46441E446B69D144F61A0D9B3F
S31508008C009944AB69A9EB030956EA090317D0284624
S31508008C1013F06CFE6B69284633446B61EB69334489
S31508008C20EB61AB694B44AB612B6A4B442B6213F087
S31508008C305DFE00234A463146284613F0FAFC069B99
S31508008C400133FFF7F4BB18220021284614F0DEFD95
S31508008C50182200210E908144284614F0D7FD1922C7
S31508008C6007460E900021284614F0D0FD089B0E906A
S31508008C7038444FF0010A1F1A43E7089B1822DB1BEA
S31508008C8003EBD37309EB630300212846059314F01D
S31508008C90BDFD192281460E900021284614F0B6FD26
S31508008CA0059BA9EB000909EBD9790E9003EB690935
S31508008CB027E7089B28464B44994613F058FC192287
S31508008CC0A9EB00090021284614F0A0FD0E90A9EB97
S31508008CD0000916E7284613F04AFCB8427FF41DAF90
S31508008CE03DE700BF034B044ADB6D1A6100225A6157
S31508008CF0704700BF701100208D83000810B5064C20
S31508008D00A06DC00001F00CFEE065FFF733FBBDE87F
S31508008D101040FFF7E7BF00BF7011002013B51622F9
S31508008D200021044614F072FD10F0FF0301900ED0E6
S31508008D30084A916D8B420AD82046D26D02EBC301D0
S31508008D40496852F8333002B0BDE81040184702B0FF
S31508008D5010BD00BF7011002037B50D462B7C144698
S31508008D60C96843B90C22204623F043F82378192B07
S31508008D702BD1012021E0012B1CD1084600F092FEE0
S31508008D80144923F088F9B8B90C22214601AB05F13C
S31508008D90140021F0A1FB78B9019B0C2B0CD1237888
S31508008DA0192B1EBF637019232370638843F02003B1
S31508008DB06380DBE7022B02D0002003B030BD0E2310
S31508008DC053704FF001135360D0E7638823F0010313
S31508008DD06380CEE7046403082DE9F04385B090F874
S31508008DE02150D0F84880072D0446D8F800900ED0B8
S31508008DF0A5F10803DBB2022B0BD8204A32F8137010
S31508008E00638C1B0707D5D8F820301E6921E0082790
S31508008E10F6E70027F4E7237C012B27D1384601F033
S31508008E207FFD064600B9FEE703AB024600930C2118
S31508008E303B46484620F088F810B9039B9F4206D067
S31508008E40304601F087FD002005B0BDE8F083C8F87C
S31508008E500460072D26630DD0083DEDB2022D0BD810
S31508008E60074B33F8153001206363EDE7002BEAD191
S31508008E70E368CAE70223F6E70023F4E71264030867
S31508008E800C6403082DE9F04F85B00546D0F848A0D4
S31508008E9090F8210000F0A2FD2C8DB5F826B0E6006A
S31508008EA0B6FBF0F6009680460E235A46A98C324841
S31508008EB015F069FE0BFB04F4074648B36B8CD0F833
S31508008EC010901B0711D5DAF8203022464846196952
S31508008ED022F08FFF95F821300E2B1FD10120CAF8FA
S31508008EE01C70EF6205B0BDE8F08F2B7C012B11D109
S31508008EF003AB00934A4623460C21DAF8000020F01B
S31508008F0023F810B9039B9C42E4D0384615F0B8FE06
S31508008F100020E7E7002BDDD1EB68D6E701230BFB42
S31508008F2006F603FA08F3701E013C013B48444C441C
S31508008F30DBB2861B0021B042D0D022780A411A4003
S31508008F4018D0C4469146BCF1070F07D94144C9B2A7
S31508008F50072900F80199EED9013CEBE7CCF1080E98
S31508008F6002FA0EFE49EA0E0EC4445FFA8EF95FFA5B
S31508008F708CFCE8E79146E9E7681200202DE9F04302
S31508008F8087B00B7C0646012B0C4643D1C86800F017
S31508008F9089FD604923F07FF868B9204620F017F864
S31508008FA0054640B1A0640C2001F0BAFC074638B962
S31508008FB020461FF0E1FF0025284607B0BDE8F083EC
S31508008FC00222E16821F09DFB18B1384601F0C2FC87
S31508008FD0EEE7628C94F8213011072F6004D500253E
S31508008FE020461FF0C9FFE7E7DA1F032A0BD8E37903
S31508008FF0002BF4D12046FFF7EFFE01280546EFD1F6
S315080090004FF0000849E00B3B032BF9D82046FFF741
S3150800901039FFF2E7002BE2D1CD682B69002BCAD0C5
S315080090204B8C95F801901A07D9D4A9F10703032B9D
S3150800903005D808461FF0CBFF0028D8D1BBE7A9F111
S315080090400B03032B084604D81FF0C1FF0028DDD107
S31508009050B1E71FF0BCFF6B88DB0619D42B8900F13A
S315080090602408F3B90FCD6F460FC795E8030087E8C4
S3150800907003004846BDF8045000F0B0FC6946684352
S315080090800730C010ADF80800404615F0D1FE454639
S315080090902B89E5623BB14FF00108E76A37B901252C
S315080090A08AE72946F0E7238D2B81F4E739462046DF
S315080090B0FBF7A6F9054600283FF47AAF874224D085
S315080090C020461FF059FF20461FF081FFC561E56263
S315080090D0A579002DE3D100F023FA0028DFD0237C00
S315080090E0E26A8DF80830E36869460193D36830462A
S315080090F00093A36CFBF764F900283FF459AF60644A
S3150800910020461FF064FFC561C9E7E762B8F1000FA2
S31508009110DED0C4E7046403082DE9F04F87B091F860
S3150800912021901E46A9F10703DBB2032B0D460492D4
S31508009130029304D9A9F10F03052B00F28380D5F811
S3150800914048A0BAF1000F7DD04846DAF800B000F022
S3150800915045FC0446049820F08FFE2B7C7F4A012BA1
S3150800916014BF00230C230393736880469342DAF8EE
S31508009170407058D1029B0246032B8CBF4B461023E6
S3150800918005930023384600930599012315F055FDEC
S315080091900746A0B9DAF8400020B115F071FD0023A2
S315080091A0CAF840300023012200934146059B6C48CB
S315080091B015F0E9FC0746002844D0CAF84000049B8D
S315080091C00FCB86E80F00049BF1607268DB68D7F85E
S315080091D010A09A4236DC029B032B00F282800823F9
S315080091E0B3FBF4F33068298DB0FBF3F6514303FB68
S315080091F0160660436B6B01EB8301039B01EBD00101
S3150800920019442B7C012B21D104FB08F30733DB0817
S31508009210013318460391029301F082FBDDE902311E
S31508009220044628B9FEE7F168013373600131CAE7DD
S3150800923000220092024658461FF086FE48B1204694
S3150800924001F088FB002007B0BDE8F08FEB681C69C9
S315080092500C44B9F1090F27D0B9F10A0F2CD0B9F18E
S31508009260080F19D02046012186F0070676B2012399
S315080092704FF0000C8B40013BD5F830E09BB2C1F1B2
S315080092800809E0451CDC2B7C012B02D1204601F0A5
S3150800929061FB0120EF62D6E704EBA600F64306F071
S315080092A0030602217600E2E704EB6600F64306F0C1
S315080092B001060421B600DAE7A01908210026D6E738
S315080092C0027832411A40D2B2761A76B25EF8222075
S315080092D0002E4AF82C20BCBF4E4601300CF1010C7A
S315080092E0CFE7A9F10F03042B13D8316804FB08F361
S315080092F04C43298D0398514300220092524601EBB4
S31508009300D401DB08014458461FF01EFE002899D1F7
S31508009310BFE7B9F1140F95D1298D336851431B0165
S3150800932001EBD30100233C890398009301442346AB
S31508009330524658461FF008FE002883D13368298D07
S31508009340EA8C0C3301FB023C76684908434606FB67
S3150800935001C100900AEB0402D5E700BF010000E056
S315080093606812002010B5FBF71BF8044600B9FEE7A3
S31508009370084916F091FA2046074916F08FFA204652
S31508009380064916F08DFA2046054916F08BFA054B64
S31508009390236110BD598D00087D8F000819910008BA
S315080093A0B18F02080864030870B5234C2578002D90
S315080093B040D14FF4F6722946204622F00FFE4FF4AC
S315080093C06471201D21F0F6F9C42104F1440021F04E
S315080093D0F1F91A4B012663660323A3658C23E3621E
S315080093E03F231748236784F8246000F0ADFB00F09C
S315080093F0B5FFFAF7FFF808F003FF22F016FA00F0B7
S315080094009BFD00F033FBFFF779FC00F0F1F9F6F766
S31508009410C9FF15F0DAFAFBF737FBF8F767FA15F024
S315080094205EF822F08BFB29462846FAF749FFFFF734
S3150800943099FF267070BD00BF70110020D4C3B2A179
S31508009440CDAB341238B50569044605B9FEE783691C
S3150800945003B9FEE7406800B9FEE71FF0CAFE2946D1
S31508009460021D04F1240021F048FC054630B1042110
S3150800947004F1300021F09EF9014BE363284638BD1C
S315080094805992020838B50569044605B9FEE78369A5
S3150800949003B9FEE7406800B9FEE71FF0AAFE2946B1
S315080094A0021D04F1240021F028FC054630B10421F0
S315080094B004F1300021F07EF9014BE363284638BDFC
S315080094C05D92020830B587B0114C0546D4F81C31B8
S315080094D0DBB9104B93E8070006AB03E907002A46F9
S315080094E013E90300039B8DE8030018210A481FF0BF
S315080094F0B8FD0A49C4F81C011FF049FED4F81C013E
S31508009500003818BF012007B030BD0120FBE700BFB7
S31508009510701100207064030818640308686403085F
S31508009520024BD3F81C011FF02DBE00BF701100209E
S3150800953030B587B0114C0546D4F82031DBB9104B4D
S3150800954093E8070006AB03E907002A4613E9030078
S31508009550039B8DE8030018210A481FF082FD0A497B
S31508009560C4F820011FF013FED4F82001003818BFF4
S31508009570012007B030BD0120FBE700BF70110020B5
S315080095808C640308406403087C640308024BD3F820
S3150800959020011FF0F7BD00BF7011002010B504466A
S315080095A00146064821F06EF963690BB120469847D3
S315080095B02046BDE8104001F0CDB900BF1C120020BE
S315080095C010B50123094C04F1AC0084F8A43021F04D
S315080095D099F928B9D4F8A800BDE8104022F0E5B8F2
S315080095E0D4F8A800BDE8104022F0E6B870110020B3
S315080095F070B5436805460BB983682BB1174821F047
S3150800960081F90446154E04B970BDA54221D0636B95
S31508009610002B03DA94F854301B071AD522682B68F6
S315080096209A4216D16368A3B16A68934211D121465A
S315080096300A4821F027F963690BB120469847204666
S3150800964001F088F9FFF7BCFF044821F05BF90446EE
S31508009650D9E72146304621F05BF9F8E71C120020CD
S315080096602DE9F041604D002795F8A53005F1AC00CD
S3150800967083F0010385F8A53021F044F9044605F185
S31508009680AC060CB9BDE8F081206D23F03EF8636B9B
S315080096900344636303F0D6FC94F8543095F8A52088
S315080096A0C3F340019142206585F8A47000F09080CC
S315080096B062F34103590784F85430DAB21ED4636B57
S315080096C0002B1BDB130709D4A3693BB12046984737
S315080096D0636A03446362E36A0344E36220461FF055
S315080096E095FFE3680BB12046984794F85430204616
S315080096F043F0040384F85430FFF77AFF626B002ABC
S3150800970031DB236B20469A42C8BF6363236A9847B6
S31508009710A36A804683422DD06368A06213B10146CE
S315080097202068984795F8A43043BBA368FBB9D4E9E9
S315080097300C0383424CDB94F85410626C11F001015F
S3150800974021D0002A3ED12146284821F09BF8FFF770
S3150800975037FF2369002B32D163690BB1204698473E
S31508009760204601F0F7F895F8A4303BB930E04146B9
S315080097702046984795F8A430002BD8D0304621F0DB
S31508009780C1F804467DE7E36B2AB1B2F1FF3F24D066
S31508009790013A62640ABB002BD5D0A26B52426263BF
S315080097A081F0010294F85410E06362F3000184F832
S315080097B05410626AE16AC4E90B23616208E0204634
S315080097C09847C9E7236C5B426363E36B002BE7D1D9
S315080097D02146304621F09CF8D3E7226C5242626358
S315080097E0002BF5D0D9E700BF701100201C1200200D
S315080097F010B5094C5821204620F0DCFF00220C2128
S31508009800064800F0A7FB44F8040CFFF7D9FE00232E
S3150800981024F8083C10BD00BF1C1200206196000801
S3150800982010B558220021044622F0D8FB4FF4FA73EB
S315080098302363002363626423E36201236364044BA6
S31508009840236294F8543043F0080384F8543010BD6A
S315080098507995020838B505461F4820F0B3FF044637
S3150800986000B9FEE75822294622F0C3FA2B681B4A9C
S31508009870AB4292F8A52094F8543008BF246062F3EE
S31508009880410384F8543003F0DDFB94F85430206526
S315080098901B071DD5A3693BB120469847636A034455
S315080098A06362E36A0344E36220461FF0AFFE6B6817
S315080098B00BB9AB6813B12046FFF79AFE636813B17C
S315080098C0616A20689847A36813B12046616A984779
S315080098D0FFF776FE204638BD1C12002070110020C6
S315080098E0F8B504460F480D46002621F00BF80D4F33
S315080098F008B93046F8BD0368A34200D064B9436886
S31508009900AB4200D045B9FFF749FEFFF759FE384686
S3150800991020F0F8FF0126EBE70146384620F0F8FF6D
S31508009920E6E700BF1C12002070B5054609480C463C
S3150800993020F0E8FF074E00B970BD0368AB4204D1BA
S315080099404368A342F8D0002CF6D00146304620F0F2
S31508009950DFFFF0E71C12002000286FF0704307DADB
S31508009960064A9042ACBF1B1A9B1A43F00050704738
S315080099709842A8BF184640F000507047010000F012
S315080099802DE9F047054600200E4600F0E1FB4FF0B2
S3150800999000090446DFF840A014B94846BDE8F08738
S315080099A0204600F0D5FBA3680746534511D1D4F8E5
S315080099B00C80D8F80030AB420BD1D8F80430B3424B
S315080099C007D1204600F0EEFA404600F0C3FF4FF0FC
S315080099D001093C46E0E700BFE99F02080638C0B225
S315080099E00F289ABF014B185C00207047986403083B
S315080099F010B5FF2A0346084614D092B18B4210D000
S31508009A00094C01EB014103EB034321402340043297
S31508009A105B1AD208534301EB5310204040EA10402A
S31508009A2080B210BD1846FCE71FF8E007024BDA6E55
S31508009A304261D866704700BF70110020014B426929
S31508009A40DA66704770110020074BDB6E03B9704762
S31508009A505A68824202D01A68824203D11A7E42F0BC
S31508009A6001021A765B69F1E77011002004210148AA
S31508009A7020F0A0BE4013002038B50446084820F060
S31508009A8041FF0146064D09B9084638BD08680378FE
S31508009A90A342FAD0284620F03BFF0146F3E700BF71
S31508009AA04013002010B5044622F0E6FA08B9074824
S31508009AB004E0235C2E2B02D10130204410BD2F2B4D
S31508009AC0F5D05C2BF3D00138F0E700BF1E79030808
S31508009AD000280EDBB0F5B47F0FDA5928174B10DCD7
S31508009AE033F8100047F6FF73984208BF4FF400405A
S31508009AF0704700F5B47000B2EAE7A0F5B47000B29A
S31508009B00E8E780B2A0F15A02592A03D8C0F1B40096
S31508009B1080B2E5E7A0F1B40292B2592A85BFC0F532
S31508009B20B47080B233F8120033F81000044A054BBB
S31508009B304042904208BF1846704700BFA864030811
S31508009B400180FFFF0080FFFF014B9866704700BF4A
S31508009B507011002082B0122802D902B020F0D5BABE
S31508009B600A4B00EB40001A181B5A0020ADF80430C7
S31508009B709DF8043063F307009DF8053063F30F2062
S31508009B80937863F3174002B0704700BF5F67030816
S31508009B9082B0122802D902B020F0B7BA0139C9B288
S31508009BA00429F8D8C0EB001001EB4101014400205C
S31508009BB0084B5A185B5AADF804309DF8043063F325
S31508009BC007009DF8053063F30F20937863F3174079
S31508009BD002B070474266030882B0122802D902B062
S31508009BE020F093BA0139C9B20329F8D80C2201EB3F
S31508009BF0410102FB0010094B1A181B5A0020ADF848
S31508009C0004309DF8043063F307009DF8053063F3CC
S31508009C100F20937863F3174002B070475E65030818
S31508009C20F8B515460F461422002104461E4622F0B2
S31508009C30D5F9064B2760002D08BF1D46069BC4E9CB
S31508009C4002562361079B6360F8BD00BF7995020839
S31508009C5082B0582824D8392809D8212810D80728A6
S31508009C603ED01C282DD005283AD0002327E0012312
S31508009C703A381D4AC0B283401342F6D0FF231EE08D
S31508009C800123A0F12202D2B29340184A1A40002AB0
S31508009C90F4D1174A1342E8D13428E6D10F230EE04F
S31508009CA06D2808D86B2808D85A2817D0E6D95F38FF
S31508009CB00128E3D9D9E77428D7D14FF480730193E3
S31508009CC009E000238DF807300A4B1A889B78ADF80F
S31508009CD004208DF80630019802B07047064BEEE76F
S31508009CE06FF06043EBE700BF110408028D00010026
S31508009CF00280800098670308BC2E0308FF280FD04F
S31508009D0068B18C2802D8074B185C7047064A136B53
S31508009D1023B1926A7330C0B29042F5D300207047DF
S31508009D203F2070479B670308701100202DE9F04F0C
S31508009D3091B098469DF86C30064604931A9B039199
S31508009D40089213B100231A9A1360002E00F0DD80E2
S31508009D503078C8B1039B002B00F0D980049B13F020
S31508009D60030314D0002000E00130335C0A2B00F016
S31508009D70D0800D2B00F0CD80002BF5D11A9B1BB19E
S31508009D804FF0FF331A9A136011B0BDE8F08F049AAA
S31508009D900D9312F0010218BF6FF060480992029302
S31508009DA00D9B0193F3180593019BF35C002B5DD083
S31508009DB0B8F1000F5ADD019B002B6BD1049B43F0D1
S31508009DC004030793099B0025002B0CBF43466FF03D
S31508009DD0604305980EA90A930E9521F0D5FA0E9BB5
S31508009DE007460F934FF0FF392B46AA46AB462C463B
S31508009DF0059A125D002A32D00FA90598069321F01C
S31508009E00C3FA069B83465A1C0692394602460398AD
S31508009E100B931EF065FC0B9B824408B1089A92448A
S31508009E20B9F1FF3F06D1089A0A99AAEB02028A42BB
S31508009E30C8BFA1460A2F33D00D2F31D0002236488D
S31508009E40D1B2415C41BB584621F03CFB20B93846AB
S31508009E5021F038FB002849D055460E9C069BB9F1DF
S31508009E60FF3F23D0079B4C465B0726D40D9C002C4E
S31508009E7046D10DA9304621F087FA1A9B0146002BD8
S31508009E8041D0224603981EF02BFC02901A9B029A98
S31508009E901A6038E0049B94E78F4202F10102CED1A2
S31508009EA0002CDCD1B9F1FF3FDCD1554623B10D2F8B
S31508009EB003D1BBF10A0F00D10E9C029BA8EB050843
S31508009EC02B440293002CD1D0019B23441C460D93AE
S31508009ED033780A2BCAD00D2BC8D0335D0A2B02D093
S31508009EE00D2B7FF45DAF01340D94BFE7DDE90E431A
S31508009EF0B9F1FF3F08BF55460E935F46069B77E7C5
S31508009F001A9B002BC2D10D983EE730463CE70398D2
S31508009F103AE7013032E700BF286803080022054BFC
S31508009F20C3F88420D3F89C2012B1D3F8A0001047B8
S31508009F30704700BF7011002010B5054C1821204647
S31508009F4020F038FC01232373BDE81040FFF7E6BF75
S31508009F50E4110020F8B5064610480F46154620F0CD
S31508009F6031FC044600B9FEE74FF0FF330361037D79
S31508009F7007606FF300038660037503F063F8012238
S31508009F80237D606043F002032375054BE56083F883
S31508009F908320FFF7C3FF2046F8BD00BFE411002069
S31508009FA07011002038B5064D04460146284620F0B3
S31508009FB069FC01232046AB73BDE8384000F0CABCF3
S31508009FC0E41100202DE9F0475C4D95F888303BB93F
S31508009FD0012385F8883095F880302BB985F88830C4
S31508009FE001263046BDE8F08721F020FC03F02AF868
S31508009FF0804640B9D5F898300133642B94BF1A4689
S3150800A0000246C5F898204FF0000ADFF83491484612
S3150800A010A5F882A020F076FC0446A4BB484820F0A8
S3150800A02071FC4FF0FF360446DFF81491002C70D10E
S3150800A030404622F06AFBD5F890300344D5F89400E0
S3150800A040C5F8903022F061FBB0F5FA7F13D364228D
S3150800A050D5F890305343B3FBF0F00023C0B29042DA
S3150800A0609CBF101AC4B285F88140C5F8903002F03A
S3150800A070E9FFC5F894000023C5F8846085F88830A0
S3150800A08021F0D5FBADE72146484620F041FC237D6B
S3150800A0900746D9072ED4606822F037FB2368984212
S3150800A0A01DD32669002E0FDD013E266102F0CAFF88
S3150800A0B0A368606083B995F882300BB92369DBB170
S3150800A0C0B5F88230B3B1A2E702F0BCFFA3686060BE
S3150800A0D0002BF0D0002EEED020469847EBE795F8F7
S3150800A0E082303BB923692BB9237D20469A070DD5C3
S3150800A0F0FFF758FF3C4690E7237D20469B0702D58D
S3150800A100FFF750FFDCE721F050FBD9E721F04DFBC4
S3150800A110F0E7237D13F001070AD1606822F0F5FA0B
S3150800A120236898422CBF3B461B1A9E4228BF1E46F0
S3150800A1302146484620F0ECFB044677E770110020DC
S3150800A140E4110020014B93F881007047701100203C
S3150800A1500146034809B920F0D5BB20F0D9BB00BF9A
S3150800A160E41100202DE9F041884616461F460546AB
S3150800A17000B9FEE7047B14F00F041CD020F066FB40
S3150800A180044600B9FEE71422002121F027FF237CAC
S3150800A190C4E9005843F00403C4E9026723742EB1E6
S3150800A1A0234626223046054911F048FF636813B155
S3150800A1B02946204698472046BDE8F081A3B80208FC
S3150800A1C0F8B5054620F09EFB04460E4F24B92846EE
S3150800A1D0BDE8F84020F0E2BB2146284620F098FB6F
S3150800A1E0237C06465B0708D53946A06811F04FFF61
S3150800A1F02A460021A06811F066FF204621F03AFBA6
S3150800A2003446E3E7A3B8020830B585B005460846E4
S3150800A21021F028FB0446284621F04AFBD4E91132EE
S3150800A220CDE90132134400930349D4E90E2324F0FF
S3150800A230F6FE05B030BD00BF5068030813B50446E6
S3150800A24020B9F8F789FC0446002843D02046F8F7D9
S3150800A25001FD06F0BDFB00227F21044613F01EFF18
S3150800A2601FF053FFC0F307238DF80000C0F3074023
S3150800A2708DF801308DF8020000220099204613F06F
S3150800A280FEFE1FF034FFC0F307238DF80400C0F369
S3150800A29007408DF805308DF8060000222046019902
S3150800A2A013F00AFF00220321204613F0DAFE0022EB
S3150800A2B00321204613F0DCFE00220321204613F07A
S3150800A2C0C2FE03212046002213F0C4FE204603499D
S3150800A2D024F06EFE204602B010BD00BF7668030863
S3150800A2E038B5044618B9F8F737FC044678B320465B
S3150800A2F0FFF7A4FFC4F8100348B304F545752846CC
S3150800A30004F54E7121F09AFA0023D4F810031A4680
S3150800A310062112F0D9F80023D4F8102328460C4950
S3150800A320FFF720FF22464FF496710A48FFF712FE00
S3150800A3300023C4F834031A462046074914F010FBD4
S3150800A340D4F810030121BDE8384010F019BF38BD14
S3150800A35009A200083DBA020831B9020838B54FF417
S3150800A36080310C4822F05EF80B4D0421C5F8B8017F
S3150800A37005F5E27020F01EFA05F5E27020F066FA9F
S3150800A380044600B9FEE7D5F8B80122F059F820606E
S3150800A39038BD00BF5C1300207011002038B50C4C86
S3150800A3A00146D4F8B80122F04EF8054670B121F0FE
S3150800A3B0F7FFD4F8BC311844D4F8C031C4F8BC014E
S3150800A3C083422CBFC4F8C031C4F8C001284638BD42
S3150800A3D070110020F8B505460F4621F0E1FF104C34
S3150800A3E0294606463A46D4F8B80122F07FF80546CB
S3150800A3F098B1D4F8BC319B1BC4F8BC3121F0D0FF0E
S3150800A400D4F8BC311844D4F8C031C4F8BC0183422E
S3150800A4102CBFC4F8C031C4F8C0012846F8BD00BF37
S3150800A4207011002070B5064621F0BAFF0446074DA4
S3150800A4303146D5F8B80122F018F8D5F8BC31A34250
S3150800A44094BF00231B1BC5F8BC3170BD70110020DA
S3150800A4502DE9F04F93B00B930B1E0A93A64B91462A
S3150800A46014BF82469A4600251C9E0B9B187870B925
S3150800A4704D4538BF2A464B464FF000000A9928BF7B
S3150800A48009F1FF32D047284613B0BDE8F08F0B9F7D
S3150800A490252807F1010707D04B462A460A99D047CF
S3150800A4A06C1C0B972546E0E700230DE02D2A28D0E3
S3150800A4B0302A06D0303A092A4FF0000812D80A2462
S3150800A4C030E043F001030F46394611F8012B2B2AD9
S3150800A4D01AD0EBD8202A1AD0232A1BD02A2A29D008
S3150800A4E04FF000083A782E2A7CD179787A1CA1F1A7
S3150800A4F03000092843F480636BD800244FF00A0C17
S3150800A50028E043F00203DEE743F00403DBE743F009
S3150800A5100803D8E743F01003D5E70F4604FB0822E3
S3150800A520A2F13008394611F8012BA2F130000928AA
S3150800A530F3D9D7E756F8048B0F46B8F1000FBCBF1E
S3150800A54043F00203C8F10008CCE702460CFB0411ED
S3150800A550A1F13004104610F8011BA1F13007092FAC
S3150800A560F3D917463A4612F8011B6C2943D03BD853
S3150800A570682947D06A294FD03A4612F8010B78283D
S3150800A5800B9200F2A581612849D8252800F0A08100
S3150800A590242840F29D8100F0F702502A40F0988165
S3150800A5A058286DD0502867D179780B9810225629EB
S3150800A5B018BF3846074643F48873397803F4806031
S3150800A5C0582901D0502978D100285FD123F00C03EF
S3150800A5D05EE02A2905D156F8044B023724EAE474CA
S3150800A5E0C0E717460024BDE7742901D07A29C3D1EC
S3150800A5F043F480730BE079786C29F9D143F44073FE
S3150800A6000237B9E77978682903D043F080031746FB
S3150800A610B2E743F0C003F3E743F40073F7E74FF0FC
S3150800A620010CA0F162023549D2B20CFA02F21140CD
S3150800A630C1B9732800F0EE80632840F0498113F011
S3150800A640020400F0D48067464B462A460A9916F853
S3150800A650040B05F1010BD047002C00F0D9803C46CD
S3150800A6605A46CDE000F0DF02582A09D0502A9BD07E
S3150800A6706F2807D0622807D00A2223F010039CE728
S3150800A68010229AE7082298E7022296E723F00D039C
S3150800A69043F0200313F4007173D0CDE90783002338
S3150800A6A0CDE9042306F1070B2BF0070B069402935A
S3150800A6B0FBE80223CDE900233EE0692920D064297E
S3150800A6C01ED000285AD023F00D035629E2D1B346EE
S3150800A6D05BF8043B0A995A68294412685046009266
S3150800A6E011921B68A9EB0502FFF7B2FE05447B1C15
S3150800A6F05E460B93B9E600BF47BB02088560480073
S3150800A70008B123F0010398051ED5073626F007067B
S3150800A710B34670685BF8081BCDE9078300230593E9
S3150800A720C30F0028029306940B46049202DA4B42A2
S3150800A73060EB4000CDE900304B462A4650460A9960
S3150800A74021F008FB0546D2E7D90506F1040B01D529
S3150800A750316802E058060CD53178CDE90224CDE9F6
S3150800A760048300294FEAD1730193B8BF4942009187
S3150800A77012E01906ECD5B6F90010EEE723F00C0343
S3150800A780A3E7D80506F1040B0DD5CDE90483CDE979
S3150800A79002240191336800934B462A4650460A998B
S3150800A7A021F095FACEE7590607D53178CDE9048325
S3150800A7B00023CDE902240193D9E7316813F0800F0D
S3150800A7C018BF89B2F2E74B4620200A99D047EA1902
S3150800A7D001374745F7D3B8F1000F08F1FF3308BF33
S3150800A7E0002308F101071D4408BF02272CE7274666
S3150800A7F0EDE7551C4B4620200A99D0472A460134D6
S3150800A8004445F6D3A8EB0703B84538BF00239B4455
S3150800A8105D462AE63246002C52F804BB14BF214690
S3150800A8204FF0FF310C925A465944107808B19142BC
S3150800A83010D1A2EB0B0713F480620D9202D0A74247
S3150800A84028BF274613F002030E9317D17B1B2A460F
S3150800A8500F9307E00132E8E7561C4B4620200A9979
S3150800A860D04732460F9BD3189845F5D8A8EB07036F
S3150800A870B84538BF00237A1C1D449F185E46A5EBD1
S3150800A8800B0B04E01C464B462A460A99D0470BEBAD
S3150800A890060516F8010B28B10D9B002BF3D0631E95
S3150800A8A0002CEFD10E9B8BB12A467C1B05E0561C6B
S3150800A8B04B4620200A99D047324613194345F6D30A
S3150800A8C0A8EB0703B84538BF00231D440C9ECCE50A
S3150800A8D04B462A460A996C1CD047E3E50CB41FB5CB
S3150800A8E006AC54F8043B0A4600940146044803940F
S3150800A8F0FFF7AEFD04B0BDE8104002B0704700BFD8
S3150800A9003FBB020807B5009313460A4601460348AB
S3150800A910FFF79EFD03B05DF804FB00BF3FBB0208CE
S3150800A92008B1FFF73BBD0148704700BFD4110020AE
S3150800A93038B5054648B1FFF731FD044618B12A4631
S3150800A940002121F04BFB204638BD014CFBE700BF38
S3150800A950D4110020034A904202D008B1FFF762BD25
S3150800A960704700BFD411002010B559B1074CA0425A
S3150800A97004D1BDE810400846FFF7D2BFBDE8104035
S3150800A980FFF728BDFFF7E6FF004810BDD4110020E9
S3150800A9902DE9F047BC4B08460C46D3F8B05113F0E6
S3150800A9A0F0FB064618B9324605F1400121E020467B
S3150800A9B0B64910F091FE804600287BD03046B4494F
S3150800A9C010F08AFE18BB3046B14910F085FE30BB40
S3150800A9D0304613F0D6FBAE4910F07EFE0746B8B3F4
S3150800A9E0002205F58071204613F098F9002205F536
S3150800A9F0B671204613F092F94FF4803205F14C01F6
S3150800AA00204613F08BF9A34A05F158011BE00121F2
S3150800AA10304613F0B9FB8442D5D1BDE8F087002152
S3150800AA20304613F0B1FB8442D2D1002205F1B801B9
S3150800AA3013F074F9042205F59871204613F06EF99F
S3150800AA40042205F54D712046BDE8F04713F066B9B6
S3150800AA503046914910F040FE70B13946304613F041
S3150800AA6093FB844208D13A4605F1AC0113F056F936
S3150800AA703A4605F1E801E6E73046874910F02CFE2C
S3150800AA8070B10121304613F07FFB844208D10022C1
S3150800AA9005F1400113F042F9002205F58071A8E797
S3150800AAA030467E4910F018FE02460028B5D105F159
S3150800AAB064019EE720467A4910F00EFE07460028F4
S3150800AAC076D0304613F05DFB05F1C40A074605F556
S3150800AAD0987918B3414613F057FB86421ED138467B
S3150800AAE06B4910F0F9FDC8B120225146204613F0F3
S3150800AAF015F90122204605F1880113F00FF9012204
S3150800AB00204605F5507113F009F9042249462046F6
S3150800AB1013F004F9082205F59E718EE700222046F7
S3150800AB2005F1700113F0FAF80022204605F17C01C0
S3150800AB3013F0F4F80022204605F5C27113F0EEF87A
S3150800AB4020225146204613F0E9F82022204605F532
S3150800AB50C87113F0E3F804224946204613F0DEF8DC
S3150800AB602022204605F5BC7113F0D8F801222046AC
S3150800AB7005F1940113F0D2F8204605F1D0018022A0
S3150800AB8013F0CCF83046474910F0A6FD48B100222C
S3150800AB9005F53271204613F0C1F8202205F5387103
S3150800ABA051E73046404910F097FD0028EFD134E7C9
S3150800ABB020463E4910F090FD814618B13A4605F503
S3150800ABC00B7140E720463A4910F086FD804600287A
S3150800ABD07AD03046314910F07FFD05F1C4080246A7
S3150800ABE005F1D00A05F5987705F59E7640B34A46ED
S3150800ABF0204605F5177113F091F8042239462046C8
S3150800AC0013F08CF808223146204613F087F84FF4E3
S3150800AC10A022204605F51A7113F080F84146254A08
S3150800AC20204613F07BF85146234A204613F076F85F
S3150800AC30224A3946204613F071F8214A314602E77E
S3150800AC40204605F1640113F069F8042239462046C6
S3150800AC5013F064F808223146204613F05FF84FF4E3
S3150800AC60A022204605F1700113F058F851462046F7
S3150800AC70114A13F053F841460E4A204613F04EF88F
S3150800AC80104A05F17C01D0E7701100203C2E03081C
S3150800AC902C78030840000100E0780308A06903083F
S3150800ACA0D8680308A8730308CC7303080473030859
S3150800ACB0206903082000050080000500040005003F
S3150800ACC008000500010005002046E44910F004FDCF
S3150800ACD0074610B34246204605F1880105F5A476D5
S3150800ACE013F01CF842463146204613F017F80422A2
S3150800ACF0204605F5987113F011F80822204605F547
S3150800AD009E7113F00BF84FF40032204605F17C01D2
S3150800AD1013F004F84FF4003290E72046D04910F0BB
S3150800AD20DBFC0646E8B33A46204605F1880105F5F8
S3150800AD30A47612F0F3FF3A463146204612F0EEFFAB
S3150800AD400422204605F5987112F0E8FF08222046ED
S3150800AD5005F59E7112F0E2FF4FF40032204605F128
S3150800AD607C0112F0DBFF4FF400323146204612F028
S3150800AD70D5FF4FF44032204605F5DA7112F0CEFFC2
S3150800AD802046B84A05F5BC7112F0C8FF4FF44032A8
S3150800AD9005F5C271204612F0C1FFB24A05F5C87121
S3150800ADA051E62046B04910F097FC074600284FD0D8
S3150800ADB03246204605F1640112F0B0FF32462046BD
S3150800ADC005F1DC0112F0AAFF3246204605F5AA7104
S3150800ADD012F0A4FF0422204605F5987112F09EFF92
S3150800ADE00822204605F59E7112F098FF4FF480322E
S3150800ADF0204605F14C0112F091FF20469B4A05F1C9
S3150800AE00580112F08BFF4FF4A022204605F1B80135
S3150800AE1012F084FF4FF4A022204605F50E7112F0B9
S3150800AE207DFF4FF4A022204605F5807112F076FFCB
S3150800AE3020468F4A05F1C40112F070FF8D4A05F1CC
S3150800AE407C01204612F06AFF8B4A05F19401FAE567
S3150800AE5020468A4910F040FC00283BD03A46204656
S3150800AE6005F5867112F05AFF0422204605F59871F9
S3150800AE7012F054FF2046824A05F1D00112F04EFF27
S3150800AE804FF40032204605F5027112F047FF2046BE
S3150800AE907C4A05F17C0112F041FF2046794A05F506
S3150800AEA0057112F03BFF2046774A05F1C40112F0FE
S3150800AEB035FF2046744A05F5BC7112F02FFF724A19
S3150800AEC005F5C871204612F029FF4FF4003205F542
S3150800AED0C271B8E520466D4910F0FEFB002855D032
S3150800AEE005F1AC0105F5A4770022204612F016FFFD
S3150800AEF000223946204612F011FF05F1D00605F565
S3150800AF00D4710022204612F009FF802231462046DD
S3150800AF1012F004FF05F598710422204612F0FEFE91
S3150800AF2005F17C012046574A12F0F8FE4FF400322C
S3150800AF303946204612F0F2FE31462046504A12F0B3
S3150800AF40EDFE05F5DA714FF44032204612F0E6FEC2
S3150800AF5005F1B8014FF44032204612F0DFFE05F540
S3150800AF6008714FF44032204612F0D8FE05F5C87530
S3150800AF7031462046464A12F0D1FE424A2946204624
S3150800AF8012F0CCFE4FF4003229465CE520464149D2
S3150800AF9010F0A2FB064680B30022204605F16401A4
S3150800AFA012F0BCFE0022204605F1F40112F0B6FEAE
S3150800AFB00022204605F5F87112F0B0FE4FF48032F3
S3150800AFC0204605F14C0112F0A9FE05F5EC7620465F
S3150800AFD0264A05F1580112F0A1FE4FF4A022314687
S3150800AFE0204612F09BFE4FF40032204605F5F2711A
S3150800AFF012F094FE4FF4C02220E62046264910F0AF
S3150800B0006BFB0746002849D03246204605F1640105
S3150800B01012F084FE3246204605F5CE7112F07EFE09
S3150800B0203246204605F58C7112F078FE32462046E7
S3150800B03005F5927112F072FE0422204605F5987104
S3150800B04012F06CFE0822204605F59E7112F066FE87
S3150800B0504FF4802205F17C01F5E400BFB4680308CB
S3150800B0605077030820000300007803084000010019
S3150800B070200005000400050008000500A86D030867
S3150800B080800002000100020020000200D4770308B5
S3150800B09080000300706D0308F47603082046DD4936
S3150800B0A010F01AFB0646A0B33A46204605F164019D
S3150800B0B012F034FE3A46204605F1F40112F02EFE4F
S3150800B0C005F5C8763A46204605F5C27112F026FE01
S3150800B0D020223146204612F021FE2022204605F184
S3150800B0E0C40112F01BFE0422204605F5987112F0E1
S3150800B0F015FE082205F59E71204612F00FFE4FF444
S3150800B10000323146204612F009FE802205F1D001B0
S3150800B11099E42046C04910F0DFFA0746A8B332463C
S3150800B120204605F1640112F0F9FD3246204605F580
S3150800B130B07112F0F3FD3246204605F58C7112F017
S3150800B140EDFD3246204605F5FE7112F0E7FD4FF497
S3150800B1508032204605F14C0112F0E0FD2046AF4A48
S3150800B16005F1580112F0DAFD4FF48022204605F168
S3150800B170B80112F0D3FDAA4A204605F17C0112F067
S3150800B180CDFDA84A05F1C4015DE42046A64910F0A4
S3150800B190A3FA0646C0B105F5E0763A46314620469A
S3150800B1A012F0BCFD4FF400323146204612F0B6FDCF
S3150800B1B04FF4003205F5E671204612F0AFFD4FF464
S3150800B1C0403205F5DA713EE42046984910F084FAD3
S3150800B1D0074688B105F5E07732463946204612F02B
S3150800B1E09DFD4FF400323946204612F097FD4FF484
S3150800B1F0003205F5E67126E420468D4910F06CFA12
S3150800B2000646B0B33A46204605F1640112F086FDBB
S3150800B2103A46204605F1F40112F080FD80222046C8
S3150800B22005F1D00112F07AFD0422204605F5987141
S3150800B23012F074FD0822204605F59E7112F06EFD87
S3150800B2404FF48032204605F14C0112F067FD204686
S3150800B250724A05F1580112F061FD764A05F5117139
S3150800B260204612F05BFD4FF4002205F51471FFF736
S3150800B270EABB2046704910F02FFA50B1324605F164
S3150800B2806401204612F04AFD324605F1DC01FFF75B
S3150800B290DABB2046694910F01FFA20B1002205F5ED
S3150800B2A01D71FFF7D0BB2046654910F015FA002836
S3150800B2B0F4D12046634910F00FFA074600284FD00C
S3150800B2C005F140010022204612F028FD95F82830A5
S3150800B2D00022012B0CBF05F1F40105F1E801204617
S3150800B2E012F01CFD0422204605F5987112F016FD91
S3150800B2F00822204605F59E7112F010FD4FF4A02293
S3150800B300204605F1700112F009FD20464E4A05F166
S3150800B310D00112F003FD4FF4A022204605F1B80132
S3150800B32012F0FCFC4FF4A022204605F5417112F0FC
S3150800B330F5FC2046454A05F1C40112F0EFFC20460B
S3150800B340434A05F1AC0112F0E9FC424A05F18801CD
S3150800B350204612F0E3FC404A05F1A001FFF773BB53
S3150800B36020463E4910F0B8F9064650B13A4605F16E
S3150800B3706401204612F0D2FC3A4605F54471FFF7FF
S3150800B38038BB2046364910F0A7F9074650B1324671
S3150800B39005F1AC01204612F0C1FC324605F54A71AA
S3150800B3A0FFF751BB20462F4910F096F90646F8B12B
S3150800B3B03A46204605F1B80112F0B0FC3A46204656
S3150800B3C005F5477112F0AAFC05F54A7604222046CF
S3150800B3D005F17C0112F0A2FC04223146204612F047
S3150800B3E09DFC20223146204612F098FC2022C9E610
S3150800B3F020461D4910F070F98046B8B3324605F16B
S3150800B4006401204612F08AFC324605F52071FFF7E2
S3150800B4101ABB00BF206E0308FC6D0308400001003C
S3150800B42001000400200004008C680308A8770308BC
S3150800B4306078030802000600A0690308706A03081A
S3150800B440446D030884720308800005002000050087
S3150800B45001000500040005000800050084730308C0
S3150800B4603C73030860730308007503082046A64961
S3150800B47010F032F9074620B1424605F52671FFF766
S3150800B480B8BA2046A14910F027F9064620B13A462F
S3150800B49005F52971FFF7ADBA20469D4910F01CF94C
S3150800B4A0C8B13246204605F5237112F037FC05F17E
S3150800B4B088062022204605F5387112F02FFC212235
S3150800B4C03146204612F02AFC01223146204612F067
S3150800B4D025FC0422BEE520468E4910F0FDF820B171
S3150800B4E0002205F52F71FFF7AEBA20468A4910F0FB
S3150800B4F0F3F80028F4D12046884910F0EDF80646FE
S3150800B50020B1002205F52C71FFF773BA204684494D
S3150800B51010F0E2F8074620B1324605F53571FFF717
S3150800B52092BA20467F4910F0D7F8064620B13A4627
S3150800B53005F53B71FFF787BA20467B4910F0CCF832
S3150800B540074680B13246204605F1640112F0E6FB53
S3150800B5503246204605F1DC0112F0E0FB324605F5DD
S3150800B560B071FFF770BA2046704910F0B5F8064674
S3150800B57020B13A4605F53E71FFF765BA20466C4993
S3150800B58010F0AAF8074650B1324605F1E801204600
S3150800B59012F0C4FB324605F1AC01FFF754BA204657
S3150800B5A0644910F099F8064600287FF461AA2046F7
S3150800B5B0614910F091F878B14FF48032204605F1D0
S3150800B5C04C0112F0ABFB5D4A204605F1580112F01A
S3150800B5D0A5FB3246FFF74DBA2046594910F07CF8CC
S3150800B5E038B30022204605F1700112F097FB0022BD
S3150800B5F0204605F17C0112F091FB0022204605F554
S3150800B600C27112F08BFB2022204605F1C40112F00C
S3150800B61085FB2022204605F5C87112F07FFB04221F
S3150800B62005F59871204612F079FB012205F194017F
S3150800B63068E52046434910F04FF80028D1D1204646
S3150800B640414910F049F80646D0B10022204605F1D6
S3150800B650640112F063FB0022204605F1F40112F0A2
S3150800B6605DFB0422204605F5987112F057FB082267
S3150800B670204605F59E7112F051FB4FF4C022E9E40D
S3150800B6802046324910F028F800287FF48CA9204675
S3150800B6902F4910F021F8064600287FF4ADA9204668
S3150800B6A02C4910F019F8804618B1324605F14001C8
S3150800B6B0E7E52046284910F00FF8074608B1424644
S3150800B6C04DE72046254910F007F8064620B13A46C8
S3150800B6D005F55371FFF7B7B9204621490FF0FCFF6E
S3150800B6E000283FF49AA905F556753246294620469C
S3150800B6F012F014FB4FF400322946204612F00EFBD6
S3150800B7004FF4A02240E400BF14740308F073030842
S3150800B710B8740308A8730308CC730308DC74030819
S3150800B7209474030870740308687603089075030810
S3150800B73044760308FC7503082076030840000100D8
S3150800B740B4750308D87503087C770308B878030826
S3150800B750947803082C780308E0780308D87203085D
S3150800B7602477030810B586B0174B0191D3F8B0318A
S3150800B77014465B6A0221DB074FF0120013D5FEF769
S3150800B7802BFA22468DF81000C0F30723C0F30740B2
S3150800B7908DF811308DF812000199049806B0BDE8AD
S3150800B7A010401EF06CBDFEF7F3F98DF81400C0F3D7
S3150800B7B00723C0F307408DF815308DF8160022468A
S3150800B7C001990598EAE700BF70110020044BD3F8E9
S3150800B7D0B03193F83C300BB11FF0B0BB1FF0AABBD9
S3150800B7E070110020034BD3F8B00108B190F83C0063
S3150800B7F0704700BF701100202DE9F04792B005464A
S3150800B8001F46CDE90221FFF7EDFFDDF86880344CCD
S3150800B81028B94FF46770FFF78BF8C4F8B001D4F86D
S3150800B820B041A5BBF7F798F906463046F7F7C4F9CD
S3150800B83081463046F7F7A0F9B0F5A07F29DDB0F5C7
S3150800B840347FACBF4FF0010A4FF0020A94F83C303F
S3150800B85013BB84F828A0039BBDF8082023821B0C81
S3150800B860A3749DF80A30C4E9068863751D4BC4F8AD
S3150800B8702C90E660A4F81320C4F820802360676241
S3150800B880002F31D104211220FEF782F92FE02E462F
S3150800B890CBE74FF0030AD9E7E36A4B45D9D194F8C9
S3150800B8A028305345D5D1039920691EF0F2FB0028AC
S3150800B8B0CFD0E37C227D607D43EA0223029943EAE6
S3150800B8C000401EF0E6FB0028C3D0636ABB42C0D125
S3150800B8D0A3694345BDD1204612B0BDE8F08700BF35
S3150800B8E07011002091A90008C3481EF0E5FBC0F3BB
S3150800B8F0072384F83130636A84F83000DE07C0F322
S3150800B900074084F8320040F16E8205211220FEF7C6
S3150800B9103FF9C0F3072384F83430636A84F83300A8
S3150800B920C0F3074084F83500D80740F16182B34870
S3150800B9301EF0C2FBC0F3072384F83730636A84F825
S3150800B9403600D907C0F3074084F8380040F153821F
S3150800B950AB481EF0B1FBC0F3072384F8390004F5A1
S3150800B960C27AC0F3074084F83A3084F83B0004F5FD
S3150800B970C8795046FFF72AFF4846FFF727FF4FF0DA
S3150800B9800008462304F55D763046CDE900389D4A21
S3150800B99050239D4904F56277FEF742F95023994AE8
S3150800B9A038469949CDE90088FEF73AF931465046B6
S3150800B9B01FF0C3FC04F14C06394648461FF0BDFC8F
S3150800B9C03046FFF703FF636ADA0740F1198202215E
S3150800B9D01220FEF701F9C0F307238DF81400C0F30F
S3150800B9E007408DF815308DF81600059930461FF07A
S3150800B9F0A4FB304647F6FF711FF081FCE16A30462A
S3150800BA00C1EBC101EF29C3BFA0235031B1FBF3F14C
S3150800BA10012120F009FEE16A304601EB8101EF2998
S3150800BA20C3BFA0235031B1FBF3F101211FF03DFB49
S3150800BA30304666211FF08FFB3946304604F158061A
S3150800BA401FF07BFC3046FFF7C1FEFF21304604F1AC
S3150800BA5040061FF080FB3046FFF7B8FEFF21304650
S3150800BA601FF079FB3046216B1FF067FB94F83420F2
S3150800BA7094F8333094F8351043EA022343EA014137
S3150800BA8030461FF01CFCE16930461FF026FC94F88E
S3150800BA902830E16A012B00F0B781022B14BF0A2374
S3150800BAA00C235943EF29C3BFA0235031B1FBF3F14F
S3150800BAB0012130461FF035FB94F82830E16A012B46
S3150800BAC000F0A481022B14BF0A230C235943EF2943
S3150800BAD0C3BFA0235031B1FBF3F1012130461FF05B
S3150800BAE026FBE16A30460029B8BF0331891004F104
S3150800BAF0640609021FF027FC3046FFF767FE94F834
S3150800BB002830E16A012B14BF08230C235943EF2977
S3150800BB10C3BFA0235031B1FBF3F1012130461FF01A
S3150800BB20EEFBFF2130461FF016FBE38E94F8381023
S3150800BB30304643EA01411FF000FB94F83A2094F896
S3150800BB40393094F83B1043EA022343EA0141304670
S3150800BB501FF01BFBE16A30467729C3BF5023283103
S3150800BB60B1FBF3F101211FF024FB012130461FF040
S3150800BB702CFB94F8333094F8342094F8351043EAC3
S3150800BB80022343EA014130461FF099FB94F8283016
S3150800BB90E16A012B00F03C81022B14BF1023142309
S3150800BBA05943EF29C3BFA0235031B1FBF3F101215B
S3150800BBB0304620F039FD94F82830E16A012B00F070
S3150800BBC02981022B14BF0A230C235943EF29C3BF2B
S3150800BBD0A0235031B1FBF3F1012130461FF0A1FA41
S3150800BBE094F82830E16A012B00F01681022B14BF65
S3150800BBF00A230C230AE000BF1A171500302B280069
S3150800BC0037322F00799502087C6803085943EF29D3
S3150800BC10C3BFA0235031B1FBF3F1012130461FF019
S3150800BC2086FA1220FDF796FFC0F307238DF8180051
S3150800BC30C0F307408DF819308DF81A00069930467A
S3150800BC401FF015FBE16A3046EF29C2BFA023503129
S3150800BC50B1FBF3F104F59876D8BF01211FF001FB7B
S3150800BC603046FFF7B3FD304621691FF0BAFAE16A9C
S3150800BC70304601EB4101EF29C3BFA0235031B1FB88
S3150800BC80F3F101211FF0A7FAE16A304601EB410101
S3150800BC90EF29C3BFA0235031B1FBF3F101211FF0F7
S3150800BCA0B4FA7F21304604F59E761FF0A8FA30468E
S3150800BCB0FFF78CFD227DE37C617D43EA022343EA9C
S3150800BCC0014130461FF08DFAE16A304601EB410129
S3150800BCD0EF29C3BFA0235031B1FBF3F101211FF0B7
S3150800BCE07AFA7F21304604F170061FF088FA30464A
S3150800BCF0FFF76CFD94F82830E16A012B00F08E807E
S3150800BD00022B14BF08230C235943EF29C3BFA023D2
S3150800BD105031B1FBF3F1012130461FF0F0FAFF2153
S3150800BD2030461FF018FA94F8393094F83A2094F807
S3150800BD303B1043EA0223304643EA01411FF0FDF96E
S3150800BD40676A17F0010777D11220FDF703FFC0F3E2
S3150800BD5007238DF81C00C0F307408DF81D308DF8B9
S3150800BD601E00079930461FF068FA3846F6F724FF92
S3150800BD7000EB4000EF2853DD3846F6F71DFFA023F9
S3150800BD8000EB400000F1500191FBF3F130461FF043
S3150800BD9042FA7F2130461FF05EFA0020F6F70CFFC4
S3150800BDA03B283FDC0020E76AF6F706FF3B2801F34D
S3150800BDB0BD8001204743EF2F41F3C4800020E76A86
S3150800BDC0F6F7FAFE3B2841F3BA800020F6F7F4FEB0
S3150800BDD02823143090FBF3F0A02300FB07F1503121
S3150800BDE091FBF3F125E004211220FDF7F5FE90E51D
S3150800BDF01EF07DF99EE502211220FDF7C9FEAAE58F
S3150800BE001220FDF7A7FEE6E50E234AE60E235DE6B9
S3150800BE101823C5E60E23D8E60E23F7E6102373E7A4
S3150800BE200121B3E70020F6F7C7FE3B304E28B9D804
S3150800BE30002130461FF0F5F994F8333094F8342091
S3150800BE4094F8351043EA022343EA014130461FF0CD
S3150800BE5036FA94F82830E16A012B01F07680022B35
S3150800BE6014BF102314235943EF29C3BFA02350310D
S3150800BE70B1FBF3F10121304620F0CBFB94F82830D2
S3150800BE80E16A012B01F06480022B14BF0A230C23FC
S3150800BE905943EF29C3BFA0235031B1FBF3F1012168
S3150800BEA0304620F0A5FBE16A304601EB8101EF2917
S3150800BEB0C3BFA0235031B1FBF3F101211FF037F9BD
S3150800BEC0E16A304601EB8101EF29C3BFA023503157
S3150800BED0B1FBF3F1012104F559771FF022F904F5B6
S3150800BEE05B76384692491EF042FA04F1C408304699
S3150800BEF090491EF03CFA4046FFF768FC3946404632
S3150800BF001FF009FA04F1D007232140461FF009FA69
S3150800BF103846FFF75BFC314638461FF0FCF904F556
S3150800BF20B0767F2138461FF0FCF93046FFF74EFC05
S3150800BF30304601211FF0E9F90121304604F58076E3
S3150800BF401FF043F93046FFF741FC94F82830E16AC0
S3150800BF50012B01F00080022B14BF10231423594330
S3150800BF60EF29C3BFA0235031B1FBF3F101213046BD
S3150800BF7020F05AFB94F82830E16A012B00F0EE878E
S3150800BF80022B14BF102314235943EF29C3BFA02340
S3150800BF905031B1FBF3F1012130461FF0C2F894F895
S3150800BFA02830E16A012B00F0DC87022B14BF10232E
S3150800BFB014235943EF29C3BFA0235031B1FBF3F132
S3150800BFC00121304604F1F4061FF0B1F83046FFF7B8
S3150800BFD0FDFB94F82830E16A012B00F0C587022B97
S3150800BFE014BF0A230C235943EF29C3BFA02350319A
S3150800BFF0B1FBF3F10121304620F016FB94F8283006
S3150800C000E16A012B00F0B387022B14BF0A230C2325
S3150800C0105943EF29C3BFA0235031B1FBF3F10121E6
S3150800C020304604F5867620F0D8FA3046FFF7CEFB80
S3150800C0300A23E16A30465943EF29C3BFA02350318A
S3150800C040B1FBF3F101211FF06CF80A23E16A3046CF
S3150800C0505943EF29C3BFA0235031B1FBF3F10121A6
S3150800C06004F58C761FF063F83046FFF7AFFB142310
S3150800C070E16A30465943EF29C3BFA0235031B1FBCB
S3150800C080F3F1012104F592761FF02DF93046FFF7FA
S3150800C0909DFB0221304604F1DC061FF02AF93046E2
S3150800C0A0FFF794FB3046002120F0BEFA3046002107
S3150800C0B01FF037F80021304604F1E8061FF037F87C
S3150800C0C03046FFF783FB94F82830E16A012B00F02D
S3150800C0D05187022B14BF022306235943EF29C3BFF6
S3150800C0E0A0235031B1FBF3F10121304620F09CFA30
S3150800C0F094F82830E16A012B00F03F87022B14BF21
S3150800C100022306235943EF29C3BFA0235031B1FBAD
S3150800C110F3F1012130461FF004F894F82830E16A5B
S3150800C120012B00F02D87022B14BF0223062303E000
S3150800C13007C6020865B700085943EF29C3BFA023FD
S3150800C1405031B1FBF3F10121304604F17C061EF0B3
S3150800C150EEFF3046FFF73AFB304621691EF0EDFF49
S3150800C1601DF0C5FFC0F307238DF82000C0F3074074
S3150800C1708DF821308DF82200089930461FF09FF877
S3150800C180FF21304604F188061EF0E5FF3046FFF72A
S3150800C1901DFB304621691EF0D0FF304621691FF08D
S3150800C1A08EF83321304604F194061EF0D4FF30464B
S3150800C1B0FFF70CFB227DE37C617D43EA022343EA19
S3150800C1C0014130461EF0B9FF1DF091FFC0F3072369
S3150800C1D08DF82400C0F307408DF825308DF8260029
S3150800C1E0099930461FF06BF8FF21304604F1A00686
S3150800C1F01EF0B1FF3046FFF7E9FA227DE37C617D48
S3150800C20043EA0223304643EA01411EF096FF227DA7
S3150800C210E37C617D43EA022343EA014130461FF08D
S3150800C2204EF83321304604F1AC061EF094FF304632
S3150800C230FFF7CCFA94F83A2094F8393094F83B1082
S3150800C24043EA022343EA014130461EF076FF3046B0
S3150800C250FF211EF080FF94F8342094F8333094F8C8
S3150800C260351043EA022343EA0141304604F1B80691
S3150800C2701FF025F83046FFF7A9FAE38E94F8381030
S3150800C280304643EA01411EF058FF3046FF211EF0B2
S3150800C29062FF94F8342094F8333094F8351043EA62
S3150800C2A0022343EA0141304604F5A4761FF007F855
S3150800C2B03046FFF78BFA47F6FF71304604F5AA7643
S3150800C2C01FF01DF83046FFF781FA0021304604F5C5
S3150800C2D0B6761FF014F83046FFF778FAE16A30466A
S3150800C2E00029B8BF0331891004F5BC7609021FF08E
S3150800C2F02AF83046FFF76AFAE16A304601EB41014F
S3150800C300EF29C3BFA0235031B1FBF3F101211EF081
S3150800C310E4FEE16A304601EB4101EF29C3BFA023E1
S3150800C3205031B1FBF3F1012104F5DA761EF0DBFE9C
S3150800C3303046FFF74BFA304621691EF0FEFE3046BE
S3150800C340FF211EF008FF0623E16A30465943EF290C
S3150800C350C3BFA0235031B1FBF3F1012120F064F9EA
S3150800C36047F6FF71304604F5CE761EF0C8FF304614
S3150800C370FFF72CFAC821304604F5D4761EF0D7FF0D
S3150800C3803046FFF723FA7821304604F5E0761EF0AA
S3150800C390CEFF3046FFF71AFA94F83A2094F8393067
S3150800C3A094F83B1043EA022343EA014130461EF063
S3150800C3B078FFE16A3046C1EB0111EF29C3BFA0231C
S3150800C3C05031B1FBF3F101211EF05FFF0121304628
S3150800C3D004F5E6761EF05FFF3046FFF7F7F93046BC
S3150800C3E0216904F5FE761EF05CFF3046FFF7EEF98C
S3150800C3F04FF48271304604F502761EF062FE30462E
S3150800C400FFF7E4F9E16A304601EB4101EF29C3BFC2
S3150800C410A0235031B1FBF3F1012120F005F9E16ABF
S3150800C42030467729C3BF50232831B1FBF3F10121E8
S3150800C4301EF0BFFE304621691EF0A7FEE38E94F873
S3150800C4403810304643EA01411EF077FE3046FF2198
S3150800C4501EF081FE94F82830E16A012B14BF0823E8
S3150800C4600C235943EF29C3BF4FF4A0735031B1FBD6
S3150800C470F3F1002130461EF042FF3046A1691EF056
S3150800C4802CFF1DF034FEC0F307238DF82800C0F3F7
S3150800C49007408DF829308DF82A000A99304604F5A8
S3150800C4A005761EF00CFF3046FFF790F930469C499A
S3150800C4B004F508761EF063FE3046FFF787F9E16A51
S3150800C4C030463B29C3BF6FF02703143191FBF3F1C4
S3150800C4D04FF0FF3120F0A8F81DF009FEC0F307233E
S3150800C4E08DF82C00C0F307408DF82D308DF82E00FE
S3150800C4F00B99304604F50B761EF01FFE3046FFF703
S3150800C50065F9304601211EF0ACFE94F8342094F803
S3150800C510333094F8351043EA022343EA01413046A2
S3150800C52004F5F8761EF0A3FE3046FFF74FF93046BD
S3150800C53000211EF04AFE0A23E16A30465943EF29D4
S3150800C540C3BFA0235031B1FBF3F101211EF0EFFD6B
S3150800C55094F83A2094F8393094F83B1043EA0223C9
S3150800C56043EA014104F5EC7730461EF080FE384672
S3150800C570FFF72CF9E16A384601EB4101EF29C3BF01
S3150800C580A0235031B1FBF3F101211EF06AFEE16AE6
S3150800C590384601EB4101EF29C3BFA0235031B1FB57
S3150800C5A0F3F101211EF0ABFEE66A38461D2EC3BF25
S3150800C5B014230A36B6FBF3F6012631461EF075FD3E
S3150800C5C0314638461EF077FDE16A38467729C3BFFB
S3150800C5D050232831B1FBF3F1012104F5F2771EF05F
S3150800C5E0A6FD3846FFF7F2F847F6FF7138461EF003
S3150800C5F086FE314638461EF058FD314638461EF04E
S3150800C6005AFD384621691EF098FD04F52076FF216B
S3150800C61038461EF0A0FD3046FFF7D8F83046002110
S3150800C62020F002F8304600211FF0D7FF30460021DF
S3150800C6301EF065FE304601211EF067FE00213046D9
S3150800C64004F535761EF0BBFD3046FFF7BFF894F8C3
S3150800C6502830E16A012B14BF08230C235943EF291C
S3150800C660C3BFA0235031B1FBF3F1012130461EF0C0
S3150800C67046FE304601211EF048FE3046FF211EF0D8
S3150800C6806AFDE38E94F83810304643EA01411EF0FD
S3150800C69054FD94F8342094F8333094F8351043EA6E
S3150800C6A0022343EA0141304604F523761EF007FECD
S3150800C6B03046FFF78BF894F82830E16A012B00F032
S3150800C6C06284022B14BF0A230C235943EF29C3BFE4
S3150800C6D0A0235031B1FBF3F1012130461FF099FF39
S3150800C6E094F82830E16A012B00F05084022B14BF1D
S3150800C6F00A230C235943EF29C3BFA0235031B1FBAA
S3150800C700F3F1012130461FF073FF94F82830E16AEF
S3150800C710012B00F03E84022B14BF0A230C2301E0F0
S3150800C720786803085943EF29C3BFA0235031B1FBEA
S3150800C730F3F1012130461FF050FFE16A3046EF2938
S3150800C740C3BFA0235031B1FBF3F101211EF031FD27
S3150800C750304619211EF027FD94F8342094F833301A
S3150800C76094F8351043EA022343EA014130461EF0A5
S3150800C7700CFD0021304604F526761EF020FD3046D5
S3150800C780FFF724F8304600211FF04EFF30460021FF
S3150800C7901FF023FFE16A3046EF29C3BFA0235031BB
S3150800C7A0B1FBF3F101211EF004FD304619211EF0FC
S3150800C7B0FAFC94F8342094F8333094F8351043EAA8
S3150800C7C0022343EA014130461EF0DFFC08213046C9
S3150800C7D004F529761EF0F3FC3046FEF7F7FF3046DF
S3150800C7E000211FF021FF0021304604F52F761FF0A7
S3150800C7F0F4FE3046FEF7EAFF94F82830E16A012B8A
S3150800C80000F0CA83022B14BF0A230C235943EF29CD
S3150800C810C3BFA0235031B1FBF3F1012130461FF00D
S3150800C820F8FE94F82830E16A012B00F0B783022B52
S3150800C83014BF022306235943EF29C3BFA02350314F
S3150800C840B1FBF3F1012130461FF0D2FE94F82830EF
S3150800C850E16A012B00F0A483022B14BF0A230C23E0
S3150800C8605943EF29C3BFA0235031B1FBF3F101218E
S3150800C870304604F532761FF0B0FE3046FEF7A6FFC6
S3150800C88094F82830E16A012B00F08C83022B14BF40
S3150800C890022306235943EF29C3BFA0235031B1FB16
S3150800C8A0F3F1012130461FF0B4FE94F82830E16A0E
S3150800C8B0012B00F07983022B14BF02230623594368
S3150800C8C0EF29C3BFA0235031B1FBF3F10121304654
S3150800C8D01FF08EFE304600211EF0BDFC30460021BA
S3150800C8E01EF039FC94F8342094F8333094F8351057
S3150800C8F043EA022343EA0141304604F52C761EF04A
S3150800C900DEFC3046FEF762FF304600211FF081FE4E
S3150800C9100021304604F538761FF05FFE3046FEF7F4
S3150800C92055FF332130461EF016FC1220FDF712F98A
S3150800C930C0F307238DF83000C0F307408DF8313077
S3150800C9408DF832000C99304604F53B761EF0F5FB5F
S3150800C9503046FEF73BFF002130461EF0FCFB94F8FC
S3150800C9602830E16A012B00F02183022B14BF022331
S3150800C97006235943EF29C3BFA0235031B1FBF3F176
S3150800C9800121304604F50E761FF032FE3046FEF7DA
S3150800C9901DFFE16A3046EF29C3BFA0235031B1FB22
S3150800C9A0F3F101211EF005FC94F83A2094F8393089
S3150800C9B094F83B1043EA022343EA014130461EF04D
S3150800C9C0E4FB0321304604F511761EF0F8FB3046E9
S3150800C9D0FEF7FCFE94F8342094F8333094F83510BA
S3150800C9E043EA022343EA014130461EF0CEFBE16AE0
S3150800C9F030467729C3BF50232831B1FBF3F1012113
S3150800CA001EF0D7FBE16A3046EF29C3BF6FF09F03DC
S3150800CA10503191FBF3F14FF0FF311EF076FB3046B3
S3150800CA2004211EF0CCFB30464FF4C87104F5147689
S3150800CA301EF07DFC3046FEF7C9FE636ADB0740F14F
S3150800CA40B78202211220FDF7C7F8C0F307238DF835
S3150800CA503400C0F307408DF835308DF836000D994F
S3150800CA60304604F517761EF02AFC3046FEF7AEFE71
S3150800CA7094F82830E16A012B00F09F82022B14BF3C
S3150800CA800A230C235943EF29C3BFA0235031B1FB16
S3150800CA90F3F1012130461FF0C7FD94F82830E16A0A
S3150800CAA0012B00F08C82022B14BF0A230C23594356
S3150800CAB0EF29C3BF4FF4A0735031B1FBF3F1002146
S3150800CAC0304604F51A761FF088FD3046FEF77EFEDE
S3150800CAD0E16A3046EF29C3BFA0235031B1FBF3F119
S3150800CAE001211EF066FB94F83A2094F8393094F840
S3150800CAF03B1043EA0223304643EA01411EF045FB58
S3150800CB00E38E94F83810304643EA01411EF015FBCF
S3150800CB103321304604F51D761EF01DFB3046FEF720
S3150800CB2055FE94F82830E16A012B00F04A82022B60
S3150800CB3014BF0A230C235943EF29C3BFA02350313E
S3150800CB40B1FBF3F1012130461FF063FD94F828305C
S3150800CB50E16A012B00F03782022B14BF0A230C234B
S3150800CB605943EF29C3BFA0235031B1FBF3F101218B
S3150800CB7030461EF0BEFA94F82830E16A012B00F020
S3150800CB802482022B14BF022306235943EF29C3BF6D
S3150800CB90A0235031B1FBF3F1012130461EF0AFFA64
S3150800CBA094F82830E16A012B00F01182022B14BF99
S3150800CBB00A230C235943EF29C3BFA0235031B1FBE5
S3150800CBC0F3F10121304604F53E761FF006FD3046A6
S3150800CBD0FEF7FCFD1220FCF7BDFFC0F307238DF816
S3150800CBE03800C0F307408DF839308DF83A000E99B1
S3150800CBF030461EF0A2FA7F21304604F541761EF033
S3150800CC00AAFA3046FEF7E2FD002130461EF003FB85
S3150800CC1094F82830E16A032B40F0DB81C900EF293C
S3150800CC2040F3E1814FF4A0735031B1FBF3F1304684
S3150800CC3004F550761EF063FB3046FEF7C7FD304616
S3150800CC4021691EF0A2FAE16A30467729C3BF50234C
S3150800CC502831B1FBF3F10221C8BF49001EF0A9FA39
S3150800CC60304601211EF0ABFAE16A30467729C3BF88
S3150800CC7050232831B1FBF3F10221C8BF490004F55E
S3150800CC804D761EF036FA3046FEF7A0FDE16A3046CC
S3150800CC907729C3BF6FF04F03283191FBF3F14FF0AB
S3150800CCA0FF3104F544761EF0B0FA3046FEF78EFDE5
S3150800CCB094F82830E16A012B00F09981022B14BF01
S3150800CCC0102314235943EF29C3BFA0235031B1FBC6
S3150800CCD0F3F1012130461FF09CFC304600211FF07D
S3150800CCE087FC304600211FF078FC0121304604F508
S3150800CCF047761EF00AFB3046FEF768FDE16A3046C5
S3150800CD00EF29C3BFA0235031B1FBF3F101211EF077
S3150800CD1050FA94F83A2094F8393094F83B1043EADC
S3150800CD20022343EA014130461EF02FFA012130461C
S3150800CD301EF045FA94F82830E16A012B00F0598173
S3150800CD40022B14BF0A230C235943EF29C3BFA02380
S3150800CD505031B1FBF3F1012130461FF065FC94F820
S3150800CD602830E16A012B00F04681022B14BF0A2302
S3150800CD700C235943EF29C3BFA0235031B1FBF3F16C
S3150800CD800121304604F54A761EF0D1F93046FEF701
S3150800CD901DFD94F82830E16A012B00F02E81022B44
S3150800CDA014BF102314235943EF29C3BFA0235031BE
S3150800CDB0B1FBF3F10121304604F553761EF08DF9E7
S3150800CDC03046FEF703FDFF2130461EF0C4F91DF07C
S3150800CDD08EF9C0F307238DF83C00C0F307408DF8A1
S3150800CDE03D308DF83E000F9930461EF0A6F9122008
S3150800CDF0FCF7B0FEC0F307238DF84000C0F30740E8
S3150800CE008DF841308DF84200109930461EF0A9F988
S3150800CE10304647F6FF711EF072FAE16A3046C1EBFA
S3150800CE200111EF29C3BFA0235031B1FBF3F1012152
S3150800CE301EF0F1F91DF05BF9C0F307238DF84400E5
S3150800CE40C0F307408DF845308DF8460011993046F5
S3150800CE501EF0F3F9E16A304601EB8101EF29C3BF01
S3150800CE60A0235031B1FBF3F1012104F556761EF0EB
S3150800CE70DEF93046FEF7AAFC94F8342094F83330ED
S3150800CE8094F8351043EA0223304643EA01411EF07E
S3150800CE90EEF90020F5F790FE772840F3B0800020E1
S3150800CEA0F5F78AFE502300F1280191FBF3F130468D
S3150800CEB01EF0D7F994F8342094F8333094F83510E6
S3150800CEC043EA0223304643EA01411EF0EAF900200C
S3150800CED0F5F772FE772840F394800020F5F76CFE8C
S3150800CEE0502300F1280191FBF3F130461EF0CDF9ED
S3150800CEF00020F5F761FE06277843EF2840F3838084
S3150800CF000020F5F759FEA02307FB00F1503191FBED
S3150800CF10F3F130461EF0DBF8002D76D10020F4F749
S3150800CF200DFE012384F83C30FEF7D5BC0020F5F74A
S3150800CF3043FE2823143090FBF3F0FEF73BBF012095
S3150800CF40FEF74ABF0121FEF774BF1823FEF78BBF11
S3150800CF500E23FEF79DBF1823FFF701B81823FFF726
S3150800CF6013B81823FFF725B80E23FFF73CB80E238E
S3150800CF70FFF74EB80823FFF7B0B80823FFF7C2B883
S3150800CF800823FFF7D9B80E23FFF79FBB0E23FFF739
S3150800CF90B1BB0E23FFF7C6BB0E2337E408234AE4CA
S3150800CFA00E235DE4082375E4082388E40823E0E4F7
S3150800CFB001211220FCF7ECFD47E50E2362E50E235E
S3150800CFC075E50E23B7E50E23CAE50823DDE50E232E
S3150800CFD0F0E5012B14BF08230C235943EF2904DD80
S3150800CFE0A023503121E6002121E601211FE618235E
S3150800CFF068E60E23A8E60E23BBE61823D3E601212E
S3150800D00055E7012171E7012183E72846F5F726FF51
S3150800D010844286D182E700BF08B5FEF7E3FB10B16C
S3150800D020014BD3F8B00108BD701100200022044B53
S3150800D03083F8BC20D3F8B8200244C3F8B820704758
S3150800D04070110020074BD3F8C02002B11047012108
S3150800D050D3F8B80083F8BC1093F8BC20002AF9D09E
S3150800D060704700BF7011002038B587234FF48772C8
S3150800D0700025C1E90D232D22C1E90B53154B0C469A
S3150800D080C1E90F2364238B6491F84C304D6423F077
S3150800D0900F0343F0080381F84C304FF434730B65E3
S3150800D0A0FFF7D0FF636B6065A36594F84C302046A4
S3150800D0B065F3041384F84C3002210EF0B6FA2046C4
S3150800D0C04FF444710EF05CF82046BDE838400D2157
S3150800D0D00FF0B7BC0080FFFF2DE9F047B6B0BC489B
S3150800D0E00E460EF077FF01282CD130461DF0CBF9FD
S3150800D0F0054630461DF0C3F9022D044640F01E8150
S3150800D100F9F73EF80546E8B11BF04AFB012819D1A4
S3150800D11028460AA91BF04EFB06AA20461AA91FF0A4
S3150800D12082FB0A9B1A9A9B1A0A931B9A0B9B9B1AB9
S3150800D1300B9394F84C30DF0707D5DDE90A1051EA5E
S3150800D140000335D136B0BDE8F0874FF400312046EC
S3150800D1501FF046FB069D06462D1A4FF480312046E1
S3150800D1600EF06FF8D0B1AD1B012DB8BF0125DDE972
S3150800D1700A325243069503FB03236D43AB4208DD8F
S3150800D18094F84C3043F0010384F84C30FFF75AFF0B
S3150800D190606594F84C30DE07D4D5CEE72B46002DD3
S3150800D1A0B8BFEB1C9B10B342ACBFED1AAD1BDBE757
S3150800D1B0D4E90E369E42B8BF06F5B4761DF088FC53
S3150800D1C0E36AC51AA36BED1A002D39DBB5F5B47FF2
S3150800D1D039DA4FF41D73069A32205A436423B2FB98
S3150800D1E0F3F711F0E2FB4FF4B47303FB00F294F883
S3150800D1F04C80B2FBF7F229462046C8F3C0081FF058
S3150800D200B7FA00289ED0A16BA76D94F84C307F1A08
S3150800D210EA1B002AB8BF5242B2F58C7FA6EB010C76
S3150800D22055DD1D0712D4B8F1000F67D013F0180F9B
S3150800D23064D194F84C3043F0080384F84C300BE082
S3150800D24005F5B475C0E7A5F5B475BFE7B8F1000FE5
S3150800D25002D013F0180FECD00025606D1FF055FAB8
S3150800D260236DED1B58434FF47A73B0FBF3F08542F8
S3150800D27003DC4042A842B8BF2846D4E91135A16B61
S3150800D2803844721AEF1AD20092FBF7F2171D48BFFC
S3150800D29002F1130700EB27103246276C0844009565
S3150800D2A01DF07AFC054694F84C3003F00603042B6F
S3150800D2B001BFA36C656C1B1AED18236CAB4226D113
S3150800D2C0636C9D4235D1FFF7BDFE60653AE7D80627
S3150800D2D017D4180714D403F01803B8F1000F0DD1AA
S3150800D2E06546082BB9D1C2F5B472B2F58C7FB4DDA8
S3150800D2F094F84C306FF3C30384F84C306546ACE7BA
S3150800D3008D1BB8F1000FA8D103F01803E9E7FFF762
S3150800D31099FE2946606520461FF021FDAF42CFD011
S3150800D3200022202120460EF06AFE01287FF40AAF6B
S3150800D330C6E7A36C9D427FF405AFC4E71A2D3FF6F6
S3150800D34001AF0D2D22D8032D02D0082D7FF4FAAE99
S3150800D35094F84C3020466FF3000384F84C300DF0F7
S3150800D36084FF04460DF04DFC0546F8F709FF1BF04F
S3150800D37017FA04287FF4E6AE002D3FF4E3AE002149
S3150800D380204636B0BDE8F0470DF0D4BB0E3D0C2D57
S3150800D3903FF6D8AE01A353F825F000BFD5D3000851
S3150800D3A013D4000845D1000845D1000845D1000826
S3150800D3B01FD4000845D1000845D1000845D100080A
S3150800D3C045D10008F3D4000845D1000887D50008E0
S3150800D3D08C68030830460EF0B3FE20F00203112BCA
S3150800D3E0256C0FD1691C20461FF0B9FC236C9D42A1
S3150800D3F03FF4A8AE00222021204636B0BDE8F0470B
S3150800D4000EF0FDBD142802D012287FF49BAE691ECB
S3150800D410E9E730460EF0A0FE256C4119E3E73046F1
S3150800D4201DF035F806AA80460AA920461FF0FBF922
S3150800D430A76807B13F6A002120461FF0D1F9DDE948
S3150800D4400AA6069D00EB0709A5EB0905AB1900938B
S3150800D450721BAAEB05011AA805EB0A0306951CF030
S3150800D46090F947F6FF72D8F800101AA81CF0F9F9D7
S3150800D470D8BBD8F80030D3E90010801BA1EB0A010D
S3150800D4801DF026FBE36AC61AA36BF61A002E26DBE6
S3150800D490B6F5B47F26DA322011F087FA4FF4B47362
S3150800D4A003FB00F24FF41D735D436423B5FBF3F5EC
S3150800D4B03146B2FBF5F220461FF05AF9A8B107EB40
S3150800D4C0090211461AA81CF076F947F6FF72D8F831
S3150800D4D000101AA81CF0C5F988F8040032E606F50B
S3150800D4E0B476D3E7A6F5B476D2E7002388F80430F5
S3150800D4F028E600211FF07BF90021054620461FF08B
S3150800D5007DF90021074620461FF07FF90021804655
S3150800D51020461FF081F9AF42B8BF2F464745B8BF2E
S3150800D52047468742B8BF07464FF4403120461FF0AA
S3150800D5305EF94FF44031054620461FF05FF94FF477
S3150800D5404031814620461FF060F94FF4403180464D
S3150800D55020461FF061F94D45B8BF4D464545B8BF51
S3150800D56045468542B8BF054620461FF044FA0235AF
S3150800D570ED1B054430461CF08AFF0368AB42ACBF7E
S3150800D58003600560DEE530461CF079FF0446304648
S3150800D5900EF0CDFD04AE07463146204603AA1FF01D
S3150800D5A042F9DDF80C80B8F1000F19DD0AA811F070
S3150800D5B067FA002120460AAA0EF028FC96E803001E
S3150800D5C015AB83E80300E26AA36B3846134413934A
S3150800D5D0E36B0AA913441493ADF85C8011F067FA5B
S3150800D5E04FF4003120461FF002F94FF4003105468A
S3150800D5F020461FF003F94FF40031824620461FF0FB
S3150800D60004F94FF40031814620461FF005F95545C7
S3150800D610B8BF55464D45B8BF4D468542ACBFA8EB89
S3150800D6200509A8EB0009B9F1000F1ADD0AA811F0DF
S3150800D63027FA4FF4003120460AAA0EF0E7FB96E8CF
S3150800D640030015AB83E80300D4E90B2313441393B3
S3150800D650636B384613440AA91493ADF85C9011F02D
S3150800D66026FA4246314606AB20461FF01EF91AA88E
S3150800D670F6F714FD20461AAA4FF440310EF0D8F8F2
S3150800D680384606AA1AA911F078FE5BE52DE9F0439B
S3150800D69099B09DF8808005460F4616461C46B8F197
S3150800D6A0000F16D14FF0FF3941461846FCF718F916
S3150800D6B02846C4F80C9037600FF018F94146204602
S3150800D6C0FCF70EF9C4E90058C4E9028919B0BDE8A7
S3150800D6D0F083DB68204601330CBF1368A368C4E9EE
S3150800D6E0013131600021FCF7FBF802A8FCF798F835
S3150800D6F0214602A81BF0F9FF02A80D491BF0F7FF07
S3150800D7004FF4807202A800211BF0F8FF02A809490D
S3150800D7101BF0FEFF64220021284610F077F8014628
S3150800D72002A81BF0E6FF02A8FCF794F8CEE700BFB4
S3150800D730CFCD0208A7CD02082DE9F04FF7B0054670
S3150800D7401CF09DFE044628460EF0F1FC0BA902903B
S3150800D75020460EF0C7FE68220021204610F056F833
S3150800D7606922054600215A90204610F04FF82946AE
S3150800D77002465A900BA81CF01EF80BA81CF07CFB5E
S3150800D78005900BA81CF07DFBD4E90C3294F8709038
S3150800D790B2EB030BC9F3C20908BF4FF0010BB9F18D
S3150800D7A0010F069009D0B9F1020F56D0059B8342A6
S3150800D7B0B4BF4FF000094FF0010920461FF08CFB5B
S3150800D7C0002112220890204610F020F8132200218A
S3150800D7D003905A90204610F019F810220021049060
S3150800D7E05A90204610F012F81122002100905A9003
S3150800D7F0204610F00BF8DDE90C215A900190039DA4
S3150800D8000B980E9B2844E063049804F13C08091A17
S3150800D8106164009940460A442264019A9B1AA364EB
S3150800D820B9F1000F1CD01CF02CFB032809DC069B61
S3150800D83003EBD372A36903EB62039A1E02332264D5
S3150800D840A36440461CF018FB074640461CF019FB2B
S3150800D85004F1440A4346944A1CE04FF00009ACE739
S3150800D8601CF00AFB032809DC059B03EBD3726369EA
S3150800D87003EB62039A1E0233E263636440461CF0BC
S3150800D880FBFA40461CF0FDFA0746884A04F14003B5
S3150800D89004F1480AE16E07924A1C206B54D0656E63
S3150800D8A0A26E2D1A121A7D437A4395FBFBF592FB5D
S3150800D8B0FBF2521B514348BFFF3105EB2125E16DB1
S3150800D8C04E1C47D0666DA26D361A121A7E437A43ED
S3150800D8D096FBFBF692FBFBF2921B514348BFFF31C6
S3150800D8E006EB212627220021204609930FF08EFFFA
S3150800D8F0099B5A90B9F1000F32D0C2B2511E4A4262
S3150800D9004A4194F84CC0944504D0194653468A4671
S3150800D91076426D42B9F1000F24D019683144CAF82D
S3150800D92000101868089928441860002935D140461F
S3150800D930079B9847012848DC00221F2120460EF045
S3150800D9405EFB77B0BDE8F08FA56B2D1A7D4395FB7E
S3150800D950FBF5B4E7E66A361A7E4396FBFBF6C1E7A3
S3150800D9604A46CEE7DAF800100898891B0131196093
S3150800D970DAF80010491BCAF800100028D7D0206B27
S3150800D9809445C0F1000007FB00F090FBFBF079D14D
S3150800D9900A1A013251469A4676E0216B9445C1F13E
S3150800D9A0000107FB01F191FBFBF102D15246084445
S3150800D9B003E01A465346411A481CDAF80010814219
S3150800D9C0CBBF1160196018601060E36B3EA80F9317
S3150800D9D0236C1093636C1193A36C1293F6F75EFB9A
S3150800D9E020464FF400313EAA0DF022FF0C220021FA
S3150800D9F020460FF00BFFDDE905439C42A8BF1C46F5
S3150800DA0064108442A8BF04465A904046459E1CF0BE
S3150800DA1033FA054640461CF034FA854240463DDA5C
S3150800DA201CF02AFA45109DF82721B542DDE90303C3
S3150800DA30A8BF35464A9902F007020343B9F1000F19
S3150800DA402FD1012A00F0AE80002940F0AB80009A61
S3150800DA501343019A134300F1C180A54280F2BE80A8
S3150800DA6022460BA90FA81BF07CFF002840F0B680C1
S3150800DA704FF0000A00234FF001088DF840318DF869
S3150800DA8050312BE00A1819461B689342CBBF0B602E
S3150800DA90CAF80030CAF800200A6096E71CF0F1F9C7
S3150800DAA0C0E7022ACEE700BF799E0208839E0208D5
S3150800DAB04FF0000870223EA95AA824F0C7FA029827
S3150800DAC00FAA5AA98DF8B0818DF8C0818DF8888182
S3150800DAD08DF8A3814FF0010A11F04FFC0026702241
S3150800DAE03EA95AA88DF864610FAF24F0AFFA97E8FB
S3150800DAF00F008DF8B0618DF8C06113AE86E80F008F
S3150800DB00BAF1000F0CD0B9F1000F5ED0039A0B9B47
S3150800DB1013443360049A0D9B9B1AB36000236193E8
S3150800DB2032461021029810F078FF32465AA98146EB
S3150800DB3011F023FC17A811F0BCFBB8F1000F0AD0AE
S3150800DB400BAB0DF1780C0FCB8CE80F00484617A9E4
S3150800DB50229411F0B2FBBAF1000F09D097E80F0032
S3150800DB601EAC84E80F00484617A9229511F0A5FBBC
S3150800DB7023A8F5F739FF3246029823A9CDF8A890CD
S3150800DB8011F0EFF970223EA95AA824F05FFA002393
S3150800DB903A468DF888318DF8A3315AA9029811F0C2
S3150800DBA0ECFBCEE6009A1343019A134380D4A542B0
S3150800DBB0BFF67EAF22460BA90FA81BF0D2FE00289F
S3150800DBC07FF476AF4FF0010A54E7009A0C9B134492
S3150800DBD07360019A0E9B9B1AF3609FE70FAA3EA9F2
S3150800DBE0DCE700BF2DE9F3412E480C460EF0F2F9AA
S3150800DBF0012840D120461CF046FC064620461CF06B
S3150800DC003EFC182E054639D14FF400310EF04EF978
S3150800DC10074620461CF03BFC03681222BB42ACBFF9
S3150800DC20036007600021064628460FF0EFFD132221
S3150800DC3080460021019028460FF0E8FD1022044690
S3150800DC400021019028460FF0E1FD112207460190B8
S3150800DC50002128460FF0DAFD4445A8BF4446BC42D9
S3150800DC60A8BF3C468442A8BF0446002C019002DAAD
S3150800DC7033681B1B336002B0BDE8F081012E01D06A
S3150800DC80082E07D1284605F13C0102B0BDE8F0414F
S3150800DC900EF001BE1A2EEED1204602B0BDE8F041C4
S3150800DCA0FFF74ABDB468030810B501460348F2F702
S3150800DCB0BFFB04460DF04BFD204610BDD86803088F
S3150800DCC02DE9F04F93B0012304460E460025DFF8F0
S3150800DCD04082C3630F1F57F8040F08B10378A3B92E
S3150800DCE0A36B9D422AD0206B18B1FCF733FE0023A4
S3150800DCF02363606B18B1FCF72DFE002363632801CC
S3150800DD00FCF70EFE206350B9FEE741461EF0C3F944
S3150800DD1008B10135DFE7E36B0133E363DBE768004E
S3150800DD20FCF7FEFD606300B9FEE7236B0021002BBC
S3150800DD3008BF00256A001EF051F9A56327220021B5
S3150800DD402046E6620FF062FD1222C3B2002111904E
S3150800DD5020460D930FF05AFD3022002111900590B0
S3150800DD6020460FF053FD3422054600211190204627
S3150800DD700FF04CFD420748BF059B4FF0100248BF05
S3150800DD805B194FF000011190204648BF05930FF02C
S3150800DD903DFD302205460021119020460FF036FD44
S3150800DDA0342207460021119020460FF02FFD142239
S3150800DDB083074FF000011190204648BFED190FF078
S3150800DDC025FD0890119020461FF0B2F809902046CC
S3150800DDD00EF0D0FB4FF00008069020460EF0DAFB56
S3150800DDE04746E36B089A013B02FB130304950A9323
S3150800DDF0CDF81C80E36B079A9A427FD20025A6F1DC
S3150800DE00040A4FEA4709039515E041491EF043F90C
S3150800DE10A8B1DAF800301B788BB1636B039A33F834
S3150800DE200930013503F00F03012B2CBFD21801323C
S3150800DE3009F1020903925AF8040F0028E5D1079B55
S3150800DE4001330793002D51D0E16B4FF0000AB8FB60
S3150800DE50F1F2049BD3461A440A9B05F1FF39434461
S3150800DE60B3FBF1F3049901390B440B930999069B0B
S3150800DE7001FB19397B1929EAE9790C930BFB09F19E
S3150800DE80039B0398B1FBF3F1636B514433F81730E6
S3150800DE9003F00F03012B2CBF9B440BF1010B0BFB6B
S3150800DEA009F3B3FBF0F30AF1FF3003440D98012898
S3150800DEB004D10698C01A069B5B1A0146206B0F927E
S3150800DEC00E900B9800900598034401440E9800EBB9
S3150800DED007101BF056FC099B01379A440C9B0F9AB6
S3150800DEE09F42CBD1013506EB850600E004360A9B36
S3150800DEF0089A9844049B134404937BE720460EF043
S3150800DF0041F8204613B0BDE8F04F0EF0EFBC00BF55
S3150800DF101D7903084FF6FF7200230A6491F844201E
S3150800DF20084663F30002C1E90E33C1E90C33CB623C
S3150800DF3081F844200149FFF7C3BE00BF44690308BE
S3150800DF402DE9F04FF9B005461CF099FA836B0446A3
S3150800DF50002B57D028460EF0EAF894F82A300EA976
S3150800DF6043F00803049084F82A3020460EF0BAFAE3
S3150800DF70A26AB24BB4F82880134043F40023A36284
S3150800DF805CA8F6F78BF82BA8F5F7BCFD4FF4A02193
S3150800DF9020465CAA0DF04CFC4FF4A02120462BAA83
S3150800DFA00DF00BFE94F82A3010226FF3C30384F8A1
S3150800DFB02A3000212046A4F828800FF027FC1122D9
S3150800DFC000210590409020460FF020FC12220021E7
S3150800DFD00690409020460FF019FC4FF00009079074
S3150800DFE040901322002120460FF010FC4F4608905F
S3150800DFF04090A36BBB4208D894F82A306FF3C3034A
S3150800E00084F82A3079B0BDE8F08FE36A8C4953F872
S3150800E01029001EF040F84FEA890A09F1010900288B
S3150800E020F3D0636B4FEA470B33F81730DA0600F183
S3150800E030C7805E06C3F3002540F1C48045F080051D
S3150800E040206B390100EB0713D3E9012C4158DE6830
S3150800E0500E9B194412910F9963440A443144139252
S3150800E06014931591002D40F0C68070225CA940A833
S3150800E0701DF0BFFE54222BA916A81DF0BAFE9DF866
S3150800E0804921429702F01F030F2B35D96369079977
S3150800E0900B441299994214BF0F230B2363F304020E
S3150800E0A08DF84921E2690899521A1499914201BFDB
S3150800E0B09DF8492103F0170363F304028DF84921FB
S3150800E0C0A369059A1344139A9A4201BF9DF84931E8
S3150800E0D003F01D0262F304038DF84931236A069A98
S3150800E0E09B1A159A9A4201BF9DF8493103F01E0200
S3150800E0F062F304038DF8493112A81BF0C2FE15F02D
S3150800E1002005064607D0636B33F80B30580542BF27
S3150800E110139B9B1B139340A9049812AA11F02DF97F
S3150800E120259BE06A1E9A0A93249B50F80AA00EA81B
S3150800E1300B9209931BF0A0FE9DF8A310099BCDE94D
S3150800E140010100935146DDE90A320CA81DF0D4FA04
S3150800E15012A81BF091FE0C9BC01A129B00EBD07004
S3150800E16003EB600312A812931BF08BFE0D9B139A08
S3150800E170C01A00EBD07002EB600212990C98134497
S3150800E180014413921491159365B1616B31F80B1024
S3150800E190490507D506EBD6767610764232443344DF
S3150800E1A0139215939DF8A430049843F0400312AADD
S3150800E1B016A9CDF874A08DF8A430189710F0FAFFB8
S3150800E1C0013716E7236CBB427FF43AAF18F0200FED
S3150800E1D018BF45F0200518F0020F18BF45F00205D4
S3150800E1E018F0040F18BF45F0040518F0080F18BFFB
S3150800E1F045F0080524E794F82A3040A843F00803B8
S3150800E20084F82A302585F5F749FF16A8F5F77AFC2C
S3150800E2104FF4A021204640AA0DF00AFB4FF4A02196
S3150800E220204616AA0DF0C9FC94F82A30A4F82880CE
S3150800E2306FF3C30384F82A3021E700BF0000F7FF15
S3150800E2401D79030810B501460348F2F7F1F80446AC
S3150800E2500DF07DFA204610BD206903082DE9F84324
S3150800E2604FF6FF73994204460E4602D10020BDE8D8
S3150800E270F883836B8B42F9D300252F46DFF830905D
S3150800E280B54206D1A36BAB42F0D0E36A53F8270038
S3150800E290EDE7E36A07F10108494653F82800013516
S3150800E2A01DF0F9FE08B907F102084746E8E700BF7E
S3150800E2B01D7903082DE9F04385B0AE480E460DF0EA
S3150800E2C089FE01281AD130461CF0DDF8054630468D
S3150800E2D01CF0D5F8182D044626D1C36B73B1002758
S3150800E2E0C56ADFF89482043D55F8040F30B14146FB
S3150800E2F01DF0D1FE10B12B681B7813B905B0BDE827
S3150800E300F083636BDB5B02375B05EDD5E16B29B107
S3150800E31020460EF03FF9E16BB0FBF1F1304605B04F
S3150800E320BDE8F0430DF024BF2F2D05D1E16A05B0F5
S3150800E330BDE8F0431EF00CBF102D27D8002DDDD008
S3150800E340013D0F2DDAD801A353F825F099E300080B
S3150800E35011E40008DBE40008FDE20008FDE200081D
S3150800E360B9E40008FDE2000843E40008FDE20008FD
S3150800E370FDE20008FDE20008FDE20008FDE20008F3
S3150800E3807DE50008FDE20008E9E400081A2D00F022
S3150800E390D3812E2DCAD0B1E730460DF0B6FE216CDA
S3150800E3A0054620461EF079FEF7F7EAFE1AF0F8F958
S3150800E3B000F0FD00012817D1284602A91AF0FAF93B
S3150800E3C002A920461EF0BCFD4FF6FF73984201468F
S3150800E3D0236409D0636B33F8103003F050031BB97C
S3150800E3E0206420461EF059FE4FF6FF72236C9342B6
S3150800E3F084D0626B32F8132002F4CA62002A7FF4D2
S3150800E4007DAF019301AA202120460DF0F8FD75E79E
S3150800E4104FF6FF75036CAB423FF470AF30460DF014
S3150800E42074FE02A91AF0C6F902A920461EF088FD54
S3150800E430216C81423FF462AF20461EF02EFE256411
S3150800E4405CE74FF6FF73016C99422BD0426B32F8AA
S3150800E4501130180613D55F0611D4DE0529D594F8B0
S3150800E4604400C50725D423F480739BB222F81130E3
S3150800E47094F84430D80702D520461EF0F7FE236CE0
S3150800E480626B32F8132012F4C06F0BD012F0500FE3
S3150800E49008D12021204602AA02930DF0B0FD0128DA
S3150800E4A07FF42CAF2046216C05B0BDE8F0431EF082
S3150800E4B0F4BD43F48073D9E74FF6FF72036C9342B9
S3150800E4C03FF41CAF426B32F8132002F07002002AA8
S3150800E4D07FF414AF029302AA95E7016C1EF0DDFDE6
S3150800E4E04FF6FF73236409E7836B002B3FF406AFEF
S3150800E4F030460DF00AFE06461AF052F905462EB9C0
S3150800E5003046F7F733FE1AF04BF9054620460CF06D
S3150800E510ACFE0CF076FB4FF6FF73226C9A427FF442
S3150800E520EDAE022D05D0042D7FF4E8AE00283FF4A9
S3150800E530E5AE94F84430A26B13F0010317D1934269
S3150800E54013D0616B31F8131001F0500161B101333A
S3150800E550F5E70133934208D0616B31F8131011F0D7
S3150800E560500FF6D1C905F4D51A462264C6E600232B
S3150800E570F0E700BF206903081D790308016C1EF047
S3150800E5808CFD30460DF0DCFD132821D14FF6FF72C5
S3150800E590236CA16B93420CBF002301339942236479
S3150800E5A09CBF00232364256C606B236C30F8132012
S3150800E5B002F05002002A3FF475AF0133994298BF22
S3150800E5C000239D422364F0D14FF6FF73236469E765
S3150800E5D014281CD14FF6FF73226C9A4204BF0023FD
S3150800E5E02364226C02B9A26B013A606B2264236C25
S3150800E5F030F8131001F0500100293FF453AF23B14E
S3150800E600013B9A422364F2D1DEE7A36BF8E71228AE
S3150800E61046D120461EF08CFC4FF6FF72236C8146CD
S3150800E620934210D10023616B2364236C31F81320C5
S3150800E63002F05002002A3FF435AFA26B0133934231
S3150800E6402364F2D3C0E7206B1A01865800EB031047
S3150800E6501BF012FC236C06EB6002A66B4FEA031C48
S3150800E6609E427FF61FAF216B4FEA031E01EB031094
S3150800E67001EB0C08D8F804704568BD420EDD51F868
S3150800E6800E1091420ADC81684944914206DB616BAF
S3150800E69031F8131001F05001002997D00133DFE754
S3150800E6A011287FF4FFAE20461EF042FC4FF6FF729B
S3150800E6B0236C8046934210D10023616B2364236C3C
S3150800E6C031F8132002F05002002A3FF4EBAEA26B99
S3150800E6D0013393422364F2D376E7206B1A018658F6
S3150800E6E000EB03101BF0C8FB226C06EB600013B2AC
S3150800E6F04FEA021C5E00002BFFF6D4AE226B02EB3B
S3150800E700C60102EB0C0EDEF804704D68BD420FDA46
S3150800E71052F83620A2EB0802824209DC8A68824255
S3150800E72006DB626B925B02F05002002A3FF44EAFA2
S3150800E730013B1BB2023EDEE7304605B0BDE8F043BA
S3150800E740FFF7FEBB2DE9F84F01234FFA82F88186C1
S3150800E75080F8368080F8373004460F46C06A402174
S3150800E7601EF034FD002529464022E06A01351EF0D8
S3150800E7703CFD072DF7D1BFB2414638461EF08DFD48
S3150800E7804146054638461EF059FE0646DFF8E8B00B
S3150800E790411C054404F1F90A8B1B01F101090139F1
S3150800E7A08D42DBB237D8384608F1FF311EF075FDC9
S3150800E7B004F221190027CA46C6F1010300EB030833
S3150800E7C0DFF8B4B05FFA88F808EB0703B742DBB2A4
S3150800E7D029D34FF01408DFF8A090C5F10107292DB9
S3150800E7E02FD920461EF052FEE06A1EF030FD4FF685
S3150800E7F0FF73984203D0E06AF11D1EF0BAFC20466A
S3150800E8000EF074F820460FF0F2FC00250646B542D5
S3150800E81025D1BDE8F88F14215A4601FB09A0FCF75B
S3150800E8205DF84946B8E75A4614214846FCF756F8B3
S3150800E830F91D4022E06A1EF0D8FC013709F11409D7
S3150800E840C2E77B194A46142108FB05A0FCF746F8DF
S3150800E850E91D4022E06A1EF0C8FC0135BFE72946DB
S3150800E86020460FF091FCE36A834203D0224620211A
S3150800E8700DF0C5FB0135CAE7606903082DE9F041CB
S3150800E88000250C46384BC1E90E55C1E90C334FF447
S3150800E8905272294604F221101DF0A0FB29462A4689
S3150800E8A04FF0780C142540F2211E304E304FDFF819
S3150800E8B0CC8004F13C03043351B1481C10F0070F17
S3150800E8C050D0062907D858F8211019600146F2E7F2
S3150800E8D001201E60FAE705FB024181F821C115FBFC
S3150800E8E002E101322144D2B238281960EED1214B17
S3150800E8F02046C4F81C31FFF7A5FC04F14001E0628C
S3150800E9001EF026FCE06A4FF408711EF091FC002305
S3150800E9101F221949E06A0DF091FB6420E56AFBF7AE
S3150800E9201BF8014628460DF074FDE06A4FF40421F1
S3150800E9300CF07BFE204601211AF05FFAE06A0121FD
S3150800E9401AF07FFA2046002202210FF0C4FB204667
S3150800E95094F93620A18EFFF7F5FE2046BDE8F04172
S3150800E9601EF094BD3946BFE7E8070101636903084D
S3150800E9701D7903081E790308FDD202088469030875
S3150800E980F8B50C46002120460FF003FD204600216D
S3150800E9901AF033FA00230222194620461AF039FAE9
S3150800E9A02046FFF781F900222A4905460FF07DFB2C
S3150800E9B06420FAF7D1FF014628460DF041FD2846A6
S3150800E9C0F2F7EAF928460DF0D2FD234F064601462E
S3150800E9D028460DF01EFD00230722394628460DF06D
S3150800E9E02DFB042128460CF0CBFB204601F0F0FF56
S3150800E9F00546032101F0F8FF0022284602210FF000
S3150800EA006AFB012128461AF01CFA2046FFF74CF942
S3150800EA100546002211490FF048FB32463146284682
S3150800EA200DF025FD00230722394628460DF006FB82
S3150800EA30284604210CF0A4FB00232022204608497E
S3150800EA400DF0FCFA2046BDE8F840002220210DF022
S3150800EA50D6BA00BFC4690308A9EA0008C86903084A
S3150800EA6065EA000870B51BF00AFD05460FF089FB3C
S3150800EA701EF04BFD83780446013B0B2B00D9FEE7BD
S3150800EA80012128460FF080FB94F90230044A013B25
S3150800EA9052F8233003492288BDE8704020F0BFBAF7
S3150800EAA0406A0308CC6903082DE9F0471BF0E7FC28
S3150800EAB081460FF066FB06460FF063FB07461EF01D
S3150800EAC024FD847890F902A004F1FF385FFA88F8EB
S3150800EAD0B8F10B0F00D9FEE70588002130460FF084
S3150800EAE053FB81451CD1BAF1010F03BF0C2405F174
S3150800EAF0FF35ADB24FFA88F4224629463846FFF765
S3150800EB0021FE012130460FF03FFB013C094B64B260
S3150800EB102A4653F824300849BDE8F04720F07FBA62
S3150800EB20BAF10C0F09BF013501340124ADB218BF83
S3150800EB3064B2E1E7406A0308CC69030870B5084681
S3150800EB400C460FF01EFB0021064620460FF021FC5E
S3150800EB50002120461AF051F9204600F095FC05469A
S3150800EB6015491FF01AFC33462022284613490DF092
S3150800EB7065FA012128461AF064F9204600F084FC5B
S3150800EB8005460F491FF009FC3346202228460D4941
S3150800EB900DF054FA284601211AF053F9202220468E
S3150800EBA0094900230DF04AFA2046BDE870400022C4
S3150800EBB020210DF024BA00BF946A0308A3D50208E1
S3150800EBC0056D030873D502080FD502082DE9F04F25
S3150800EBD0C5B0B5480D460DF0FDF9012834D12846D3
S3150800EBE01BF051FC064628461BF049FC012E04463C
S3150800EBF044D1F7F7C5FA28A919F0DCFD6369289E00
S3150800EC002046F61A2896F2F741FB064420460DF0F0
S3150800EC10B1FC054620461EF068FD301A2CD4854204
S3150800EC2015DA256F013D636EAB420DD029462046A5
S3150800EC301EF063FD2046616E1EF05FFD0022202156
S3150800EC40204665660DF0DBF945B0BDE8F08F94F80F
S3150800EC50743003F00703012B07D1236F5A1E6B107C
S3150800EC6000FB0233B3FBF5F5DDE7022B04D1236F76
S3150800EC705843B0FBF5F5D6E70025D4E7082E06D1AC
S3150800EC80416E1EF03AFD6FF000436366DCE71A2E0C
S3150800EC90DAD128460DF04BFA04F1140A00F11805EA
S3150800ECA014AE02902A46514630461AF09EFD0028B8
S3150800ECB04FD095E80F0018AF87E80F0096E80F00C9
S3150800ECC085E80F0020461EF008FD804620461EF007
S3150800ECD00CFD079020461EF0A5FD064620460DF0C1
S3150800ECE049FC039020460DF055FC049028A810F026
S3150800ECF08CFA0021204628AA0DF021F8322200219C
S3150800ED0020460EF083FDC3B21090204606931EF0EF
S3150800ED10E4FC34220021059020460EF077FD109081
S3150800ED20C7B22046F2F7B2FA089020460EF01AF853
S3150800ED30D4F86890B9F1000F25D1D4F86C90B9F1E0
S3150800ED40000F66D1029B03F1180618AB0FCB86E8B5
S3150800ED500F0004F12C03184603931BF013FE064616
S3150800ED6050B994F8743003F00703012B40F09E80E5
S3150800ED70204602991EF05EFD2046029945B0BDE880
S3150800ED80F04F1EF0E0BFA26946441644331A626982
S3150800ED900993069B2F92E269022B31920FFA89FB9F
S3150800EDA035D9059B002B32DD17F0020605D0204623
S3150800EDB01EF038FDB0FA80F67609F8070AD5112252
S3150800EDC0002120460EF022FD109018B909F1FF33F4
S3150800EDD00FFA83FB049B03FB06F233465E45ACDA67
S3150800EDE0A16E0B920139B2FBF1F1099A029811440E
S3150800EDF03091329128A92A930A9310F020FA049B9D
S3150800EE000B9A01361A440A9B36B20133E6E7002606
S3150800EE10E0E7079B0FFA89F6984463699844089BCC
S3150800EE20A8EB0308A3693093236A3293069B022B47
S3150800EE3036D9059B002B33DD17F0040B06D0204688
S3150800EE401EF053FCB0FA80FB4FEA5B1B39070AD564
S3150800EE501322002120460EF0D9FC109018B909F1AA
S3150800EE60FF390FFA89F6D946039B03FB0BF7B3451F
S3150800EE70BFF668AFE36E0298013BB7FBF3F328A928
S3150800EE8043442F933193CDF8A89010F0D8F9039BFB
S3150800EE900BF1010B0FFA8BFB1F4409F10109E6E799
S3150800EEA04FF0000BDFE700BF706D0308022B40F040
S3150800EEB0DE8010AF2A46514638461AF096FC0028DE
S3150800EEC03FF45AAF029B0DF1500C03F1180595E873
S3150800EED00F008CE80F0097E80F0085E80F00204622
S3150800EEE01EF003FC059020461EF09CFC804620463A
S3150800EEF00DF040FB814620460DF04CFB049003982C
S3150800EF001BF00DFD3146824620461EF081FB226F1E
S3150800EF104FF4A021571E00FB17972046B7FBF2F7C0
S3150800EF201EF076FB0AF1FF3500FB1575B5FBFAF501
S3150800EF308346012D2046B8BF01251EF0CEFB82462A
S3150800EF402046F2F7A3F9059BA9EB07091B1A5344B8
S3150800EF50204605930DF006FFA8EB000808EB0A0308
S3150800EF6028A80693F5F79AF828AA4FF4A021204670
S3150800EF700CF05EFC9DF8CF30B04666F302038DF8C0
S3150800EF80CF30FF238DF8C030236A2F9AAB44134441
S3150800EF901B93236F9E4207D3029B03F1180514ABFC
S3150800EFA00FCB85E80F00E7E603F1FF3AB8FBFAFA5C
S3150800EFB06369059A039813449A4400232B962A9367
S3150800EFC01BF0A0FC0746F8B13B7C13F0010312D1F5
S3150800EFD094F874201099120705EB0A0202F1FF3221
S3150800EFE058BFFB688A42CDF860A01A9208DA2A9BB5
S3150800EFF0DA4401332A93394603981BF089FCE1E782
S3150800F0001299226F8A4502DD0136C844C1E7B97AEA
S3150800F010334438898DF8C310B3FBF2F1ADF8C1005B
S3150800F02002FB113E387C7968C0F3001004EB8000BF
S3150800F030D0F844C051F82E20049BA2EB0C025A4388
S3150800F040C06CA0EB0C0092FBF0F2A0699A1A069B22
S3150800F05002441A4419926FF0004251F82E30934236
S3150800F060C5D0029818AA28A910F087F9BFE7032B7C
S3150800F0707FF482AE0CAE2A46514630461AF0B5FBEE
S3150800F08000283FF479AE95E80F0010AF87E80F0027
S3150800F09096E80F0085E80F0020461EF01EFB064680
S3150800F0A020461EF022FB074620461EF0BBFB0546FF
S3150800F0B020460DF05FFA069020460DF06BFA63695C
S3150800F0C0049020461F44F2F7E1F837443B1A0593AB
S3150800F0D0A36920461D440DF045FE35442B1A18A891
S3150800F0E0079310F092F84FF4A02118AA20460CF0C6
S3150800F0F026FE28A8F4F7D2FF28AA4FF400312046A6
S3150800F1000CF096FB4FF4003120461EF07AFA00EB1D
S3150800F110D0704FEA600802224FF4003120460EF004
S3150800F12075FB149000EBD0704610B0454246A8BF58
S3150800F1303246249B039803EBD371B2EB610FC8BF29
S3150800F1409DF89D206FF0004BC4BF42F010028DF869
S3150800F1509D20012B02BF9DF89D3043F010038DF8CA
S3150800F1609D301BF0D2FB0546002D3FF405AE2F7CE3
S3150800F17017F0010740F0C180AB682A89ADF88C30DA
S3150800F1801B0C8DF88E30AB7AADF8C1208DF8C330E4
S3150800F19094F874301B07059B58BFEF681F9321939B
S3150800F1A06B68099753F827300A2B28D0297C069BC9
S3150800F1B02868C1F3C001009304EB8101CA6D0023DE
S3150800F1C0496D50F827001BF0E7FC059B297C18447D
S3150800F1D0049B2190C1F30011686804EB8101009338
S3150800F1E0CA6C0023496C50F827001BF0D5FC049B19
S3150800F1F0181A079B18444FF0000A22906DE04B4BF3
S3150800F20018462193F7E7219A1F92229A2092099A83
S3150800F2105244B2FBF3F103FB11294FEA8903089321
S3150800F2206B6853F82900584554D0297C049BC1F3D0
S3150800F2300011009304EB8101CA6C0023496C1BF092
S3150800F240ABFC049B297C181A079BC1F3C001184420
S3150800F250069B2290286804EB81010093CA6D00235F
S3150800F260496D50F829001BF097FC059B184421901E
S3150800F270BAF1000F25D01F9BA3EB0802434416934F
S3150800F280209B14929A1B334417936B68159253F874
S3150800F29027205A4514D0089A9B585B4510D00298E7
S3150800F2A018A9CDF86CA00FF0CAFFB8F1000F07D067
S3150800F2B036B1029814AA28A9CDF8ACA010F05DF8CA
S3150800F2C04F46236F9A4504D16B68089A9B585B454D
S3150800F2D019D1B9464F460AF1010A236F9A4592D3C6
S3150800F2E01A9B01331A932A9B01332A93029B03F133
S3150800F2F0180710AB0FCB87E80F00294603981BF0B9
S3150800F3000BFB054630E7219B0298A3EB0802434412
S3150800F3101693229B14929A1B1592334414AA28A971
S3150800F3201793CDF8ACA010F028F8D2E7010000E05A
S3150800F33010B50C460D4B2046CB6291F8303043F0A1
S3150800F340010381F8303002210CF06FF920460821BC
S3150800F3500CF06BF920464FF480610CF066F92046F4
S3150800F360BDE8104010210BF00BBF00BF946D0308D9
S3150800F3702DE9F04788B043480D460CF02BFE0128CE
S3150800F38064D128461BF07FF8064628461BF077F816
S3150800F390312E04465DD128461BF079F85A220746D5
S3150800F3A0002120460EF032FA0546069019F0CDF9EE
S3150800F3B05C220646002120460EF028FA5B2280468B
S3150800F3C00021069020460EF021FA4FF000096FF052
S3150800F3D06042CDE90129CDF8008003462A46E16A54
S3150800F3E0069006A81CF088F94946152220460EF014
S3150800F3F00DFA122281464FF40031059020460EF090
S3150800F40005FA132205464FF40031059020460EF002
S3150800F410FDF9102282464FF40031059020460EF081
S3150800F420F5F91122804605904FF4003120460EF07A
S3150800F430EDF93544069B55441D444644079B4D4407
S3150800F44006443D609E42ACBF7E607B6008B0BDE866
S3150800F450F087182E0ED128461BF019F805464FF4EA
S3150800F460003120460CF022FD2B688342ACBF2B608E
S3150800F4702860EBE71A2EE9D1284608B0BDE8F04720
S3150800F4801EF048BDA86D030810B501460348F0F7FD
S3150800F490CFFF04460CF05BF9204610BD206E03082A
S3150800F4A038B50023144AC1E90E33C1E90C32C1E963
S3150800F4B01033CB624FF6FF730C468B6491F84C30D1
S3150800F4C0204623F03F0343F0380381F84C304FF4CD
S3150800F4D080610CF0AAF8094920461EF099FF2046DB
S3150800F4E00EF047FE01460648F0F7A2FF05460CF067
S3150800F4F02EF9E562EC6238BDCC6D0308D06D0308C1
S3150800F500FC6D0308024B806B002808BF184670473D
S3150800F5101E7903082DE9F04389B008460F461AF00C
S3150800F520B2FF1D2804461CD138461AF0A8FF3846F3
S3150800F5301AF0A5FFC46A38460CF0F9FDE946E26AF6
S3150800F54000F1180506462946484614321AF04DF9C0
S3150800F550002873D139465D4809B0BDE8F0430CF080
S3150800F56039BD394659480CF035FD01283FD1384692
S3150800F5701AF085FF082C0546C66A41D1F6F700FE43
S3150800F58019F035F9064690BBEC6AF6F7F9FD05461B
S3150800F59019F006F904280CD1236C204663640BF095
S3150800F5A064FE07460BF02DFB18B1314638460BF0C2
S3150800F5B0C1FA284619F0F4F801281BD1284604A9EF
S3150800F5C019F0F8F8204605991EF0C4FEC4E91000A3
S3150800F5D020461FF084F9236B13B920460DF086F9EF
S3150800F5E0236C2021204604AA04930CF008FD09B0D8
S3150800F5F0BDE8F083284619F0D3F80328E8D1DDE7FB
S3150800F600012C58D1F6F7BCFD04460028EFD019F0B6
S3150800F610C7F801280CD1204604A919F0CBF83046C2
S3150800F62005991EF097FEB06428460DF05FF9DEE7EF
S3150800F630204619F0B5F80328D9D1ECE70DF11008E2
S3150800F64095E80F0088E80F0099E80F0085E80F0095
S3150800F65094F84C30A26C9B0626D5236C9A4207D1A7
S3150800F6602123314620461EF01DFE2123A26C12E0FE
S3150800F6702023314620461EF015FE2023314620461B
S3150800F680A26C1EF0A0FD0123226C314620461EF016
S3150800F69009FE0123226C314620461EF094FD98E8A7
S3150800F6A00F0085E80F0055E72023314620461EF057
S3150800F6B0F9FD2023DAE7092C99D14FF6FF73B364D5
S3150800F6C009B0BDE8F0430DF011B900BFFC6D0308A1
S3150800F6D073B55C480E460CF07DFC012822D13046F5
S3150800F6E01AF0D1FE054630461AF0C9FE102D04461A
S3150800F6F012D10BF0BAFD0BF084FA0546F6F740FD79
S3150800F70019F04EF804280DD1002D70D0204602B00D
S3150800F710BDE870401EF0E5BF1A2D25D80D2D03D87B
S3150800F720082D71D002B070BD0E3D0C2DFAD801A37C
S3150800F73053F825F099F7000813F8000825F700088C
S3150800F740F3F70008F3F7000825F7000825F700087F
S3150800F75025F7000825F7000825F7000825F700080B
S3150800F76025F7000839F800082F2D03D0312D06D0CB
S3150800F7702E2DD7D102B0BDE870400CF03EBF304602
S3150800F7801AF085FE5A220546002120460EF03EF85C
S3150800F79018F0DBFF6860C5E730460CF0D1FCA0F135
S3150800F7A01203012B10D820461FF0ACF80028ADD064
S3150800F7B0236CE26B01339342B4D22364204602B031
S3150800F7C0BDE870401EF0A8BC142804D00DD80A283D
S3150800F7D015D01128A6D120461FF094F8002895D0F8
S3150800F7E0236C002B9ED0013BE7E71B289AD1636C5C
S3150800F7F02364204602B0BDE870401FF070B8F6F7E3
S3150800F800C5FC84428ED0204602B0BDE870401FF089
S3150800F81082B81FF077F800283FF478AF30460CF02E
S3150800F8209BFC236C1844E36B013B9842A8BF18461F
S3150800F83020EAE0702064C1E7304602B0BDE87040B7
S3150800F8401EF057BE206E030838B5002591F85830CB
S3150800F850CD6223F07F0343F0030381F8583008464E
S3150800F8600C460CF081FEE06320460CF080FE4FF457
S3150800F8708073C4E9123394F858302A4643F080035B
S3150800F88084F858302946C4E9100504F134001AF002
S3150800F89007FB0C4A04F1500011461AF001FB092235
S3150800F8A094F85930204662F30303022184F859304C
S3150800F8B00BF066FC2046BDE838404FF480310BF06B
S3150800F8C0B4BE00BF3200002010B501460348F0F769
S3150800F8D0AFFD04460BF03BFF204610BD4C6E0308F7
S3150800F8E02DE9F043ABB008460D461AF0CCFD294683
S3150800F8F00646A3480CF06EFB012813D128461AF0D9
S3150800F900BEFD05AF394604461FF057F82F2E10D115
S3150800F91094F8583003F00303022B06D12046E16A17
S3150800F9201FF0F8F92BB0BDE8F08320460CF02AFB4F
S3150800F930F8E71D2E1ED8122EF4D9133E0A2EF1D83A
S3150800F94001A353F826F000BF05FA000825F90008B8
S3150800F95025F9000825F90008B1FA000889F9000810
S3150800F96025F90008B1FA000825F9000825F9000864
S3150800F970B1FA0008312ED5D128461AF088FDE36B76
S3150800F9800360236C4360CDE728461AF080FD636C5C
S3150800F99005463BB9A36CB3F5807F03D1E36CB3F599
S3150800F9A0807FBFD020460CF0DFFD804620460CF055
S3150800F9B0DEFD0297B4F84C3002460193B4F848309D
S3150800F9C0064600934146636C0FA80FF051FA0F9A4A
S3150800F9D02B6852429A42B8BF1A462A60109B5B426D
S3150800F9E09342B8BF13462B601199A1EB08019942BF
S3150800F9F0B8BF19462960129B9B1B8B42ACBF2B6074
S3150800FA0029608FE728461AF042FD05462046E66B30
S3150800FA100CF0AAFD864246D12046266C0CF0A7FDBE
S3150800FA20864240D1A36CB3F5807F13D1E36CB3F55E
S3150800FA30807F0FD1636C6BB9E36B226D03EBD373D5
S3150800FA40B2EB630F06D1236C626D03EBD373B2EB93
S3150800FA50630F28D020460CF087FD064620460CF09A
S3150800FA6086FD0297B4F84C3002460193B4F8483044
S3150800FA7031460093636C0FA80FF0FAF961690F9B82
S3150800FA80A2690B440F93109B13441093119B0B44CC
S3150800FA901193129B13441293002229680FA819F098
S3150800FAA0E0FE28713EE720460FA90CF0D2FFF3E7E7
S3150800FAB028461AF0E8FC064628461AF0E0FC172EF7
S3150800FAC004465FD128461AF0E2FC03780546022B65
S3150800FAD03FF428AF94F85800830702D501232B700A
S3150800FAE020E7C0F384001AF08DFA01460028F5D104
S3150800FAF0442220460DF08AFE0F90C0B2FF28EDD1B1
S3150800FB00626C002AEAD1A36CB3F5807F0ED1E36C50
S3150800FB10B3F5807F0AD104F11401686819F021FF52
S3150800FB200028DBD0236B002BD8D1FBE60BAF394678
S3150800FB3020461EF042FF20460CF016FD06462046DB
S3150800FB400CF015FD0297B4F84C3002460193B4F850
S3150800FB504830314600930FA800230FF089F96169F0
S3150800FB600F9BA2690B440F93109B13441093119B90
S3150800FB700B441193129B0FA9134412930022CCE74E
S3150800FB804C6E03081A2E7FF4CDAE036C002B3FF49F
S3150800FB90C9AEC36B002B3FF4C5AE836C002B3FF494
S3150800FBA0C1AEC36C002B3FF4BDAE28460CF0BFFABD
S3150800FBB094F85830814613F0020640F091800FA859
S3150800FBC0F3F712FF0DF11C08314620460FAA09F17A
S3150800FBD018050CF057F895E80F0088E80F0020463E
S3150800FBE01FA91EF0EAFEA36C94F858201B93E36C39
S3150800FBF0C2F3C0121C93636C206C1A9394F85930A4
S3150800FC0024AFC3F3031343EA02139DF8892022F0B5
S3150800FC101F0213438DF88930236BD4E90512299303
S3150800FC20E36A10441693E36B01380B44013B0090DA
S3150800FC30384619F0A6FD0C22314620460DF0E6FDA1
S3150800FC4094F859300B9003F00F02092A28900BAE4E
S3150800FC500CD8A36B39460093636B04F1140019F0B2
S3150800FC606EFF97E80F0086E80F002FE003F00F03FA
S3150800FC700C2BF6D104F114022946284619F0B5FDD5
S3150800FC80D4E90D12384619F0A3FDD4E90F14D9F8B2
S3150800FC901C30259A24989A1A631ED21AD9F8183055
S3150800FCA092FBF4F21B1A481E1B1A93FBF1F3384613
S3150800FCB06243594319F08CFD95E80F0086E80F005A
S3150800FCC09DF8893043F020038DF88930324648463E
S3150800FCD00FA90FF08BF998E80F0085E80F0021E6C9
S3150800FCE003F00303022B7FF41DAE0FA8F3F70AFFF8
S3150800FCF020460FAA00210BF060FFE36A484604F18C
S3150800FD0014020FA916930FF055FA0BE670B590F882
S3150800FD104D30044613F0010F154E07D090F84C30BD
S3150800FD2056F82310BDE870401DF016BA806B4000E7
S3150800FD30FAF7F6FD054694F84C30A26B56F82310F0
S3150800FD4052001CF056F82B46A26B05EB4202934272
S3150800FD5008D1204629461DF0FFF92846BDE870401F
S3150800FD60FAF7F8BD198821F4806123F8021BEEE73B
S3150800FD708023022010B5044690F84C20044B53F813
S3150800FD8022101DF0E5F92046BDE81040FFF7BEBF7A
S3150800FD90A823022038B50C460025204604210BF07E
S3150800FDA0EFF9B4F84C302A4623F4FF7323F0010325
S3150800FDB02046A4F84C3005212B46A5640CF084FB9C
S3150800FDC02B462022204606490CF038F920462A46BA
S3150800FDD029460EF095F92046BDE83840FFF7CABF18
S3150800FDE0E5FD000870B51AF04AFB04461DF02FFA27
S3150800FDF04FF6FF739842014600F0D0802046FEF782
S3150800FE002DFA0546002800F0C98065491CF043F91B
S3150800FE1058B9644B84F84C00196820461DF098F9C7
S3150800FE202046BDE87040FFF771BF28465E491CF0C2
S3150800FE3032F928B9012384F84C305A4B5968ECE753
S3150800FE4028465A491CF027F928B9022384F84C3069
S3150800FE50544B9968E1E7284655491CF01CF988B9BE
S3150800FE600022242120460CF0CAF8012840F096808A
S3150800FE70A06C002800F0928000222421BDE8704082
S3150800FE800CF0BDB828464B491CF005F90028E7D008
S3150800FE90284649491CF0FFF8024658B9232120464E
S3150800FEA00CF0ADF8012879D1A06C002876D0002294
S3150800FEB02321E3E7A36C002B70D028463F491CF0AA
S3150800FEC0EAF860B9A06C0A2103F092FBA06C21F055
S3150800FED01CFA002862D000222321A06CCEE728460F
S3150800FEE037491CF0D8F80028ECD0284635491CF0CC
S3150800FEF0D2F820B9A06CBDE8704021F083BA284634
S3150800FF0031491CF0C8F820B9A06CBDE8704021F052
S3150800FF1075BA28462D491CF0BEF820B9A06CBDE874
S3150800FF20704021F013BA284629491CF0B4F8064651
S3150800FF3070BBA06C21F0E4F90546A06C21F0D7F956
S3150800FF4003782D2B10D10121A06C03F07FF9A06C4A
S3150800FF5021F0FCF92B21A06C03F04AFB2946A06C82
S3150800FF60BDE8704003F072B92B2BA06C07D10121B4
S3150800FF7003F06CF9A06C21F0E9F92D21EBE7314685
S3150800FF8003F064F92D21A06C03F032FB691CE6E747
S3150800FF902946A06CBDE8704003F0A0BA70BD00BF4A
S3150800FFA0706E0308A8230220746E0308786E03088F
S3150800FFB07B6E03087F6E030878680308836E030860
S3150800FFC0896E0308C4690308C86903088D6E0308A7
S3150800FFD0916E0308F8B590F85C30044603F0070301
S3150800FFE0012B20D1416B4A1C1DD00F4BC06A1B68E0
S3150800FFF00339984794F85C309B064FF000034CBFD2
S31508010000266B04F13006E16A50FA83F2DDB2755DBA
S315080100108F5C01338D54002FF5D120461EF021FF48
S315080100204FF0FF336363F8BD3C6803082DE9F04FD1
S3150801003095B00B680C4612220021054607930DF070
S31508010040E5FB1022002106901090284664680DF001
S31508010050DDFB10A9231A1090284608930CF0AAFA7A
S3150801006010A8D5F82C9019F007FF099010A819F0D7
S3150801007008FF0A9028461EF072FF824628461EF09F
S315080100805EFF044628461EF062FF0490504618F0AB
S315080100905CFB074628461EF06AFF00268046E319E0
S315080100A00B9319F8063009EB060B0BB934462AE00F
S315080100B00B9BFB180593059A0A9B934209DA95F857
S315080100C05C3003F00703012B04BF48F004085FFA0C
S315080100D088F80023514600935846099B049ACDF89F
S315080100E00480F9F723FE089B8419BB4243DC2A4B9B
S315080100F048461B680F940FA998470A2803D019F890
S31508010100043003B901340027EA6A394628460C97B0
S315080101100DF0D2FC10AB0293049B0146CDE900A376
S315080101205A46A31B0CA81EF0C4FE0D97B4B1DDE90F
S3150801013006239D1A0D9B33449C420FD90DAB584695
S315080101400FAA0EA91BF09BFADDE90E12504618F00C
S31508010150C7FA0C9B1844854210DA0D970F4B0D9977
S315080101601D685846A847314604464846A8472044CC
S3150801017015B0BDE8F08F2646059F92E70D9BF2184C
S315080101809442EAD009EB0602D25D002AE5D0049A28
S315080101901F4610440C90CDE74068030838680308E9
S315080101A02DE9F04FA5B0C36A0446002B00F0018182
S315080101B04FF0FF33836390F85C300AA943F040039C
S315080101C080F85C300CF0F6F90AA819F055FE80465D
S315080101D020461EF0C4FE064620461EF0B0FE07461F
S315080101E020461EF0B4FE054620461EF0C0FECDE9A7
S315080101F00180009732462B46E16A08A81BF07CFA73
S3150801020020460CF0FAF994F85C2002F00702022A5B
S3150801021040F0EC806322002120460DF0F7FA6422B3
S315080102200E900746002120460DF0F0FA05460E907D
S3150801023038B942F210724FF49671282019F003FA70
S3150801024005460EA8F9F7ECFA21460EA819F04DFA5B
S315080102504FF0FF310EA819F063FA4FF496710EA804
S3150801026019F05CFA1C990EA819F05CFA0AA8DDF8CF
S31508010270208019F001FE804553DD0AA819F0FCFD1E
S31508010280089A0021821A0EA819F038FAA5490EA86B
S3150801029019F02DFAA3492046F9F746FB1A9930BBFE
S315080102A0002906DD9DF88C201B9060F3C3028DF8AA
S315080102B08C2029460EA819F01CFA1A990EA819F0CD
S315080102C02BFA3FB194F85C20394602F007020EA8D2
S315080102D01EF016FE0EA8F9F7BDFA0AA819F0D1FD07
S315080102E020469149F9F7FCFA0023A3655EE0426BC3
S315080102F090F854308A4203F00103DADA1B929DF82A
S315080103008C206FF3C3028DF88C20002BD1D0D3B289
S3150801031043F00103199A8DF88C30179B179219939C
S31508010320C7E74FF000087F492046F9F7D9FAC4F81C
S3150801033054800AA8DDF8249019F0A3FD8145CFDD84
S315080103400AA819F09EFD099BA0EB0309304618F08F
S31508010350FCF94146A9EB00020EA819F0CFF972493A
S315080103600EA819F0C4F970492046F9F7DDFA1A9969
S3150801037010BB414506DD9DF88C201B9060F3C30236
S315080103808DF88C2029460EA819F0B3F91A990EA8EA
S3150801039019F0C2F93FB194F85C20394602F0070218
S315080103A00EA81EF0ADFD0EA8F9F754FA20460CF07A
S315080103B09DFA25B0BDE8F08F426B90F854308A4219
S315080103C003F00103DEDA1B929DF88C2068F3C30261
S315080103D08DF88C20002BD5D0D3B243F00103199A9E
S315080103E08DF88C30179B17921993CBE7032A40F0A7
S315080103F08B806322002120460DF008FA64220E90B4
S315080104000746002120460DF001FA05460E9038B937
S3150801041042F210724FF49671282019F014F9054624
S315080104200EA8F9F7FDF921460EA819F05EF94FF065
S31508010430FF310EA819F074F90AA8DDF8208019F021
S315080104401BFD804528DD20223046114618F048F963
S31508010450089AA0EB8000821A00210EA819F04EF91D
S3150801046030490EA819F043F929460EA819F041F9A1
S3150801047020462C49F9F758FA00B1406B002F7FF452
S3150801048021AF1A9B8342C1BF9DF88C301B9067F33D
S31508010490C3038DF88C301DE74FF00009214920462A
S315080104A0F9F71EFAC4F854900AA8DDF8248019F061
S315080104B0E8FC80457FF714AF099A3046C2F1000877
S315080104C018F043F94946A8EB00020EA819F016F9E7
S315080104D015490EA819F00BF929460EA819F009F9BC
S315080104E020461149F9F720FA00B1406B002F7FF435
S315080104F052AF1A9B8342C1BF9DF88C301B9067F39C
S31508010500C3038DF88C304EE7012A7FF44FAF0AA852
S31508010510DDF8248019F0B5FC804507DC4FF0FF3380
S31508010520636343E7ADEE0208A7EE02083046DDF83D
S31508010530248018F00AF98045F0DD514BE06A1B6802
S3150801054098470328EAD90AA819F096FC2E2280466C
S315080105501146304618F0C4F84319A3EB8303434404
S315080105600AA80E9319F08DFC0546304618F0EDF8E9
S31508010570384495FBF0F800FB1858304618F0E5F8B2
S315080105808045A5EB080549DB304618F0DEF8054439
S315080105900EA920460F95FFF749FD0546E06A1BF0AF
S315080105A06BFD384B82462946E06A1B689847364EEA
S315080105B00790DDF81C80E06A08F10309CA452FD3C4
S315080105C004220026314BDFF8C8B01B680493079B49
S315080105D0E06A05921844049B98473044C6B2DBF892
S315080105E00030E06A07A99847032EE76A1DD80799DC
S315080105F08A4502D3059A013AE9D1204647441EF0B5
S3150801060030FC94F85C3032466FF34513394684F86A
S315080106105C3004F130001BF0ECFB20E0ED1BB7E782
S31508010620336807A99847013DC3E720461EF019FC20
S31508010630042E4744E5D0701CFAF772F920630028A6
S315080106403FF4B4AE324639461BF0D3FB0022236B86
S315080106509A5594F85C3043F0200384F85C302E22D6
S31508010660E36A033503F80820E36A43445A70E36AE8
S3150801067043449A700022E36A03F80920656395E604
S31508010680346803083C680308406803084C68030893
S31508010690446803082DE9F04FA9B045480E460BF00A
S315080106A099FC012883467DD1304619F0ECFE0546B2
S315080106B0304619F0E4FEA5F12E039BB2012B044640
S315080106C007D8FFF787FC204629B0BDE8F04FFFF7AA
S315080106D067BD182D0DD11EF042FC18F036F8011E23
S315080106E03046B8BF0331891029B0BDE8F04F0BF089
S315080106F03FBD312D5ED190F85C305A0643D51EF0C8
S315080107002EFC074620461EF022FC804620461EF097
S3150801071016FC8146204694F85CA00BF02BFF5A463E
S31508010720002120460DF072F86FF040439842CAF353
S31508010730001A139003D194F82B301B0735D52046A0
S315080107400BF018FF05460522002120460DF05EF83C
S315080107508542139006DB0522002120460DF056F846
S3150801076005461390CDE9015ACDF8009043463A461D
S31508010770E16A04F14C001AF0BFFF94F85C306FF39C
S31508010780861384F85C30304619F081FEE36C026802
S315080107909A42ACBF026003604268236D9A42ACBFBD
S315080107A04260436029B0BDE8F08F6FF06045CAE743
S315080107B0B07203081A2DF5D1304619F060FE0446C9
S315080107C030460BF0B4FC07A9804620460BF0F2FE32
S315080107D020461EF0CCFB814613A8F3F793F9E36A8A
S315080107E01A93636D2393A36D249394F85C3003F0F5
S315080107F00703032B08D007A819F043FBB0F5806F50
S31508010800A4BF04F1380327930021204613AA8DF8C3
S3150801081097900BF0D2F99DF8963013B901238DF80C
S3150801082096304FF6FF73616CA26C99421C911D922A
S3150801083026D09A4224D058224FF4802120460CF023
S31508010840E5FF4FF480210246049020460DF014F886
S31508010850C0F30722C0F307430F908DF87B008DF88C
S315080108607C204FF480211C2220468DF87D300CF027
S31508010870CDFFC0F307430F90ADF87E008DF88030A9
S3150801088094F85C3003F00603022B1AD19DF89630D2
S31508010890023B012B15D86FF060430193219BCDF8DC
S315080108A0089000931B9A229BE16A0FA81AF024FF6D
S315080108B007A80F9D19F0E0FA8542C4BF01238DF8F8
S315080108C0963008F118050BAF2A46384607A918F0DD
S315080108D08CFF00283FF466AF94F85C1011F0070608
S315080108E009D120460CF03EFA3146424207A818F0D3
S315080108F06FFF236A0A9394F85C300FAE03F0060380
S31508010900022B5ED195E80F0086E80F0097E80F00E5
S3150801091085E80F00404607AA13A90EF04BFC96E896
S315080109200F0085E80F0095E80F0086E80F0097E8A5
S315080109300F0085E80F0094F85C3003F00703032BDA
S315080109403AD16FF060430193219BCDF8089000934B
S315080109501B9A229BE16A05A81AF0CEFE07A8059FF5
S3150801096019F08AFA874212DD636D059A1B989F185A
S315080109702022114617F0B4FE00EB40003844A36D5F
S31508010980239007AA404613A924930EF013FC07A83F
S31508010990069F19F076FA87420EDD636DA46D2393DF
S315080109A0069B1B981C4417F0D0FE07AA044413A9FA
S315080109B0404624940EF0FEFB96E80F0085E80F00EA
S315080109C0F0E6404607AA13A90EF0F4FBABE700BF11
S315080109D010B501460348EFF72BFD04460AF0B7FEAA
S315080109E0204610BDB072030838B504460D461649AF
S315080109F0F8F776FF15492046F8F772FF002204F149
S31508010A005400114619F04CFAAA1E022A8CBF00227C
S31508010A10012294F85C3062F3041384F85C3003F025
S31508010A200703012B05D1636B013302D02046FFF77B
S31508010A30D1FA94F85C30204665F3020384F85C30F9
S31508010A40BDE83840FFF7ACBBADEE0208A7EE0208D9
S31508010A5070B500250C464FF0FF3691F85C302A46F2
S31508010A6023F00F03CD624E6381F85C3004F1540024
S31508010A70294619F015FA4FF6FF73C4E9113394F8AC
S31508010A805C30204665F3451384F85C300221C4E9DD
S31508010A900F55A66325630AF073FB29462046FFF71F
S31508010AA0A3FF2046BDE8704001491EF081BA00BF88
S31508010AB0A87203082DE9F04F95B006461746099125
S31508010AC002B9FEE7C46A002122460CF0F5FF237835
S31508010AD08346B3B902287B600CD0032805D00128C8
S31508010AE000D13B6015B0BDE8F08F30460BF042FDF2
S31508010AF03860F7E730460BF03DFD00EBD07040104B
S31508010B00F6E730461EF033FA444B09991B680590FF
S31508010B1020469847804630461EF011FA0690304620
S31508010B201EF015FA049030461EF019FA079017F0D0
S31508010B300CFE10A9089030460BF03CFD10A819F0E0
S31508010B409BF900250A9010A819F09BF9AA46089A5C
S31508010B50069B0B9003EB42030C93069B13440D93E0
S31508010B60635D6019002B33D1A946B8F1000F0FD088
S31508010B7004EB080313F8013C0A2B01D00D2B07D10E
S31508010B8014F8083023B94546069B089A13449A4433
S31508010B902C44049B079AA8EB050120461AF080FD10
S31508010BA0099B22469D4218BF049B594618BFC01887
S31508010BB010AB0293049B0F900193079B0FA8009318
S31508010BC0A9EB05031EF075F90F9BC7E9003A89E7FA
S31508010BD00C9B0B9A53449A420ADA96F85C3003F056
S31508010BE00703012B01BF059B43F00403DBB2059301
S31508010BF0059B049A01930023079900930A9BF9F729
S31508010C0095F805EB0009C845AFD314F80930002B50
S31508010C10ABD00D9B4D469A44A2E700BF3C6803083A
S31508010C20F8B504460D46164602B9FEE790F85C305B
S31508010C301B0723D40BF05AFEE06A1BF01DFA074680
S31508010C4030461BF019FA39180131E06AF9F78CFEBA
S31508010C50E06200B9FEE74FF6FF739D4203D1084BE8
S31508010C601B68984705462946E06A32461AF0ACFCE5
S31508010C702046BDE8F84000211EF09AB9F8BD00BF2C
S31508010C803468030870B5A8B008460D4619F0FBFB91
S31508010C90A0F11A039BB2012B06460CD92946EC484A
S31508010CA00BF098F9012840F0D181284628B0BDE813
S31508010CB0704019F0E4BB284619F0E1FB1A2E0446E8
S31508010CC040F0C4810CA8F3F7E9F900210CAA2046E3
S31508010CD00AF0AEFD19F019FAC0F307239DF8522060
S31508010CE08DF800008DF80130C0F307409DF85130AA
S31508010CF08DF802009DF8530043EA022343EA0040B7
S31508010D0019F025FB00990246E06A19F0B8FAC0F312
S31508010D1007238DF85100C0F307408DF852308DF83E
S31508010D20530019F0F2F9C0F307238DF80400C0F354
S31508010D3007408DF8060015988DF8053019F007FB60
S31508010D4001990246E06A19F09AFAC0F307238DF869
S31508010D505400C0F307408DF855308DF8560019F048
S31508010D60D4F9C0F307239DF85A208DF808008DF8A9
S31508010D700930C0F307409DF859308DF80A009DF8EF
S31508010D805B0043EA022343EA004019F0E0FA0299BC
S31508010D900246E06A19F073FAC0F307238DF8590081
S31508010DA0C0F307408DF85A308DF85B0019F0ADF99C
S31508010DB0C0F307239DF88A208DF80C008DF80D30B5
S31508010DC0C0F307409DF889308DF80E009DF88B0019
S31508010DD043EA022343EA004019F0B9FA03990246A5
S31508010DE0E06A19F04CFAC0F307238DF88900C0F3BD
S31508010DF007408DF88A308DF88B0019F086F9C0F313
S31508010E0007238DF81000C0F307408DF811308DF8CF
S31508010E101200BDF86E309DF8700043EA004019F0E3
S31508010E2096FA04990246E06A19F029FAC0F30723EB
S31508010E308DF86E00C0F307408DF86F308DF870009D
S31508010E4019F063F9C0F307238DF81400C0F30740BE
S31508010E508DF815308DF81600BDF87A309DF87C00AE
S31508010E6043EA004019F073FA05990246E06A19F057
S31508010E7006FAC0F307238DF87A00C0F307408DF808
S31508010E807B308DF87C0019F040F9C0F307239DF8F3
S31508010E9052208DF818008DF81930C0F307409DF8D7
S31508010EA051308DF81A009DF8530043EA022306993A
S31508010EB094F82F2043EA004019F0E1F9C0F307231B
S31508010EC08DF85100C0F307408DF852308DF8530064
S31508010ED019F01BF9C0F307238DF81C00C0F307406E
S31508010EE08DF81D308DF81E0094F82F200799159856
S31508010EF019F0C5F9C0F307238DF85400C0F307406C
S31508010F008DF855308DF8560019F0FFF8C0F3072310
S31508010F109DF85A208DF820008DF82130C0F307403E
S31508010F209DF859308DF822009DF85B0043EA0223AB
S31508010F30089994F82F2043EA004019F0A0F9C0F364
S31508010F4007238DF85900C0F307408DF85A308DF8FC
S31508010F505B0019F0DAF88DF82400C0F30723C0F313
S31508010F6007408DF825308DF82600BDF86E309DF8BE
S31508010F70700094F82F20099943EA004019F07FF987
S31508010F80C0F307238DF86E00C0F307408DF86F3064
S31508010F908DF8700019F0B9F8C0F307239DF88A2077
S31508010FA08DF828008DF82930C0F307409DF889305F
S31508010FB08DF82A009DF88B0043EA02230A9994F8D2
S31508010FC02F2043EA004019F05AF9C0F307238DF898
S31508010FD08900C0F307408DF88A308DF88B0019F027
S31508010FE094F88DF82C00C0F30723C0F307408DF859
S31508010FF02D308DF82E00BDF87A309DF87C0094F8D6
S315080110002F200B9943EA004019F039F9AF218DF8E1
S315080110107A00C0F30723C0F307408DF87C008DF8EA
S315080110207B3094F82F30239A503B5A4392FBF1F2C6
S315080110302392269A2846534393FBF1F326930BF002
S3150801104076F804F114020CA90EF097F928B070BDD0
S31508011050D87203082DE9F04F97B062480D460AF099
S31508011060B9FF012816D1284619F00DFA0646284671
S3150801107019F005FA182E04460FD1482200210CF062
S31508011080C5FB04460690284619F001FA0368A342EF
S3150801109000DA046017B0BDE8F08F312E34D1036B46
S315080110A0002BF7D0C36A002BF4D0284619F0EFF9C4
S315080110B000236FF060461A461946276BBB4202D1D8
S315080110C0C0E90012E6E7E56A05EBC30C55F83350AB
S315080110D005F0C04EBEF1005F03D125F0C04EB645FE
S315080110E002D1A942B8BF2946DCF8045005F0C04C24
S315080110F0BCF1005F03D125F0C04CB44502D1AA4228
S31508011100B8BF2A460133D9E71A2EC3D128460BF0B0
S315080111100EF8236B0090002BBCD0E36A002BB9D0E4
S3150801112002A920460BF0DEF92046029D0BF010FEBF
S31508011130A5EB00092046039D0BF00FFEA5EB000861
S3150801114006A80EF062F80021204606AA0AF0F7FD65
S315080111500027236B013B9F429CD220460BF004FAE1
S31508011160834620460BF003FAE36A0546594653F8C7
S31508011170370003EBC70601931EF06DF8484429466C
S315080111800D9070681EF067F84FEAC70A019B06467C
S315080111900E900AF1080003EB000A594618581EF08A
S315080111A05AF8484429460F90DAF804001EF053F815
S315080111B094F8343006A9DB0747BFAE1B2D1A08EB96
S315080111C00005464444BF4644454400980E9610958A
S315080111D00EF035F89DF8553001376FF382038DF817
S315080111E05530B6E7047303082DE9F0410C4600258E
S315080111F0204601210BF05DF92046002117F0FDFD7F
S3150801120094F86A30042123F00F0384F86A3004F154
S315080112105C00A4F8685019F0CDFA2046EFF7FAF801
S315080112200121E0620AF001FA2146C4E91355656411
S315080112306565A5643448EFF7FBF80646334F0AF0AF
S3150801124086FA394630460BF0FBF83046012117F08D
S31508011250F8FD3046012117F0D0FD30464FF48041A4
S315080112600AF0E3F93046022109F08AFF314626637E
S315080112702748EFF7DDF806460AF069FA6FF04042AB
S31508011280394630460BF0F3F82946304617F0B5FDD6
S31508011290022329461A46304617F0BBFD304602217D
S315080112A009F06EFF4FF4804130460AF0BEF9A66395
S315080112B03046FCF7F9FC06462346072215490AF08B
S315080112C0BDFE30464FF480410AF0AFF92946304653
S315080112D017F093FDE6633046FEF7F6FA0E491DF060
S315080112E019FDA06BFFF774FB064601210AF09DF96B
S315080112F02346204626646563A5652022BDE8F0419C
S3150801130006490AF09BBE00BFF0730308640000207B
S31508011310CC730308FFF40208C4690308F1F2020852
S315080113202DE9F04F99B0064601911EF039F90546A7
S3150801133000285AD01DF0B9FE0021024628460CF0B5
S31508011340BBFB022854D003285ED0002128460BF0A7
S3150801135027F8002130461EF01CF9804630461EF05B
S3150801136022F98146404617F0F0F9834630460BF0DC
S3150801137011F964220746002130460CF047FA019B11
S31508011380804602904FEAD77A4FEADB74D944002B9C
S3150801139043D0002841D05C44336BBA446410C4EB93
S315080113A06A0403FB194402A8F8F73AFA294602A87F
S315080113B018F09BF9264902A818F099F928460BF066
S315080113C0ADF82246014602A818F098F9414602A846
S315080113D018F08FF91F4902A818F09AF902A81E49B0
S315080113E018F092F902A8F8F735FA19B0BDE8F08FA6
S315080113F030460BF0BFF8044628460BF0B5F8231A19
S3150801140003EBD3735910A1E730460BF0B3F8044642
S3150801141028460BF0A9F8211A98E730465C441EF0D5
S3150801142001F9BA44336B6410C4EB6A0403FB19442B
S31508011430019B13B1B8F1000FB5D128460449F8F755
S315080114404FFA2146284619B0BDE8F04F0AF0BFBF4A
S315080114508FF50208A1F602088996020838B5002513
S315080114600C4691F83C3020466FF3010381F83C3075
S31508011470C1E90B554D63102109F082FE20464FF450
S31508011480007109F07DFE21460548EEF7D1FF0AF005
S315080114905EF92A462046BDE8384002491EF008B9D9
S315080114A0D07603088C7603082DE9F043ABB00846DD
S315080114B00C4618F0E8FF1A28054676D1204618F09A
S315080114C0DEFF204618F0DBFF05460CF05AFE0646FD
S315080114D015A8F2F717FB002115AA30460AF06DFB8D
S315080114E020460AF024FE01AF00F118040DF1140894
S315080114F0814694E80F0087E80F002146404606F129
S31508011500140218F072F9002878D098E80F0084E8D8
S315080115100F00304609A91EF04EF86B690DAE0D9302
S31508011520AB6932460E93EB6921460F930A9B304607
S31508011530109318F05AF9B8B194E80F000DF1440860
S3150801154088E80F0096E80F0084E80F0028461DF08A
S31508011550ACFD05F114021C9015A948460DF02AFEAA
S3150801156098E80F0084E80F006B6932460D930C9BCF
S3150801157021460E93EB6930460F932B6A109318F0A8
S3150801158034F968B196E80F0084E80F0028461DF083
S315080115908CFD05F114021C9015A948460DF00AFEAA
S315080115A097E80F0084E80F0028E0214615480AF05D
S315080115B011FD012822D1204618F061FF182D064693
S315080115C009D02E2D1AD10CF0DCFD00212BB0BDE877
S315080115D0F043FFF7A5BE204618F059FF05463046E9
S315080115E00CF0CFFD1EF0F6F9044630460AF0BCFFB2
S315080115F02B68241AA342ACBF2B602C602BB0BDE824
S31508011600F08300BFD07603082DE9F04F85B0C048B6
S315080116100E460AF0DFFC012811D1304618F033FFD7
S315080116200546304618F02BFF312D04460AD13046BF
S3150801163018F02DFF054620461EF0CCF9286005B0A6
S31508011640BDE8F08F1D2D41D8002DF8D0013D1C2D88
S31508011650F5D801A353F825F0FB1601081D17010853
S315080116605F1701083F1601083F1601083F160108D2
S315080116703F1601085F1701083F1601083F160108C2
S315080116803F1601083F1601083F160108E918010827
S315080116903F190108AF180108E31801083F160108A8
S315080116A03F1601083F1601083F1601083F160108B3
S315080116B03F160108671901083F160108751901083F
S315080116C03F1601083F160108751901082E2D0ED07F
S315080116D02F2DB4D11DF064FF18B1002229460AF056
S315080116E08EFC20460AF089FF0021204600E00021F1
S315080116F005B0BDE8F04FFFF713BEC36A012B9ED9AB
S3150801170090F83C306FF3820380F83C301DF048FFB7
S31508011710804905B0BDE8F04FF8F7E2B8C36A012B76
S315080117208DD9F4F72DFD02A917F06BF8204602A909
S315080117301EF00EF9039B002B81D020461DF030FFC9
S3150801174005460AF009FF0399014428460AF03FFEB7
S3150801175094F83C3043F0040384F83C306FE7C36ADD
S31508011760012B7FF66CAF1DF01BFF064600283FF4E0
S3150801177066AFF4F705FD804617F012F804280DD177
S31508011780236B2046636309F070FD054609F039FAB3
S3150801179040B10021284609F0CDF903E0022801D11C
S315080117A0236B6363404616F0FBFF012802AF37D16E
S315080117B094F83C5015F004053FD0002120461DF051
S315080117C0E8FE054620461DF0EEFE8146284616F03F
S315080117D0BCFFA569236A81445B1BD8E9180103EBA1
S315080117E0D37387E803003946204605EB63051EF0E7
S315080117F0AFF80022642098F82510039BC1F1640113
S31508011800002B4FD1B3691A44AD1A95FBF9F5E36A72
S3150801181025EAE5759D42A8BF03F1FF352DB229E0FA
S31508011820404616F0BDFF0328C2D0236B3A46202155
S31508011830204602930AF0E3FB01E74046394616F0D3
S31508011840B9FFB269039B39469B1A03937269029BD6
S3150801185030469B1A012202931DF029FC8046304628
S315080118601DF023FCAA460646A946DFF8ACB0019549
S31508011870D04507D1002DD8DB0122294620461EF086
S31508011880D0F8D2E73046DBF8003001A998470A2894
S3150801189003D1C8451CBF6B1C1DB2DDF804900AF1C3
S315080118A0010AE5E71A444B4393FBF0F3A8E709F06D
S315080118B0DCFC0546F4F764FC16F072FF04280DD12A
S315080118C0284609F09EF9226B08B16263B7E6636B95
S315080118D09A423FF4B4AE0121236306E7236B63639F
S315080118E0ADE6D0E90C23F3E7C36A012B7FF6A7AE71
S315080118F030460AF025FCA0F11203012B0ED8216B04
S31508011900E36A01319942BFF49AAE0122656B11E08F
S31508011910F47603088FF5020844680308142802D0F0
S3150801192011287FF48CAE216B00293FF488AE012281
S31508011930656B013920461EF074F865637FE6C36A54
S31508011940012B7FF67CAE30460AF006FCD4E90B1370
S31508011950013918448142A8BF014621EAE1718B4247
S315080119603FF46DAED1E71DF01BFE05B0BDE8F04FA3
S315080119700AF008BB304605B0BDE8F04F1DF01FBFA1
S3150801198010B50C463C2104F12C0018F013FF012375
S31508011990642284F83C300023C4E910320B4A4FF420
S315080119A08771A26494F84C20204663F3000284F8F8
S315080119B04C208722C4E91633C4E914122366A363AB
S315080119C01021BDE8104009F0DBBB00BF0B800240C7
S315080119D02DE9F04FE1B00446084603910AF0A7FB4A
S315080119E0B4F848300290C3F30E03012B37D94BA83C
S315080119F0F2F788F84FF400314BAA20460AF0DDF8D1
S31508011A001BA80DF002FC4FF4003120461BAA0AF070
S31508011A1096F994F83C30102B01D0082B05D19DF886
S31508011A20A9306FF304138DF8A9304FF00008464624
S31508011A302BA80DF0EAFB4FF4A0212BAA20460AF0A9
S31508011A407EF93BA80DF0E1FB002120463BAA0AF0EE
S31508011A5076F9B4F84830C3F30E0A564502D361B095
S31508011A60BDE8F08FA36CC3F3CE33B6FBF3F203FBE9
S31508011A701263002B40F097804FF0010908F1010825
S31508011A80636C002100933046236C0AF1FF3219F08A
S31508011A9083F804F12C0B0746CDE94D60584618F03A
S31508011AA034FF0546002843D0EB68BB4200F3C680E5
S31508011AB02B69BB42C0F2C280B9F1000F00F0B980B0
S31508011AC0D5F804B0BBF1000F00F08D8058215846B7
S31508011AD012AA19F0C3FA012868D1129BADF8583138
S31508011AE01B0C5921584612AA8DF85A3119F0B6FA23
S31508011AF0012867D19DF848008DF874015B21584685
S31508011B0012AA19F0ABFA012865D112985A905A21EE
S31508011B10584612AA19F0A2FA012840F082801298B2
S31508011B204FF400336A6853901BA920461EF0EBF860
S31508011B300DF1200B06AB4A4631462046CDF800B0DA
S31508011B401EF0F6FA94F84B3004AD13F0400F00F08E
S31508011B502481B9F1000F00F0248103980AF0E7FA0D
S31508011B60002310228146194617A8169320F05EFA1B
S31508011B70A26B0DF1580B002A00F09C80A16D1FFA8B
S31508011B8088F38B4271DC03F18043013B52F8233021
S31508011B90002B6AD0002252939DF8783162F386139E
S31508011BA08DF8783163E04FF0000969E758224FF460
S31508011BB0003120460BF02AFE1690C0F30743ADF814
S31508011BC058018EE759224FF4003120460BF01EFECC
S31508011BD01690C0B290E75B224FF4003120460BF015
S31508011BE015FE169092E758224FF4003120460BF065
S31508011BF00DFE5922C0F307434FF400311690ADF894
S31508011C00580120468DF85A310BF000FE5B221690DA
S31508011C108DF874014FF4003120460BF0F7FD16904C
S31508011C205A905A224FF4003120460BF0EFFD1690D8
S31508011C3076E74FF4A023AA682BA976E720464BAA94
S31508011C404FF4003109F0B9FF20461BAA4FF40031C1
S31508011C500AF075F820464FF4A0212BAA0AF06FF86E
S31508011C602946584618F058FE1BE70023529394F864
S31508011C703C30022B79D0082B2BD028D8012B74D9CC
S31508011C80042B72D0284606A918F005F995E8030031
S31508011C9022AB83E80300284608A918F0FCF895E862
S31508011CA0030024AB83E803001BA902980DF0C7FAC9
S31508011CB00136D2E63B4614215846444AF8F70EFE49
S31508011CC09DF87831CDF848B143F0400368E7102B09
S31508011CD0D8D112A920460AF06DFC12A818F0CCF842
S31508011CE0074612A818F0CDF84308B3EB570F12A808
S31508011CF047D918F0C1F8129B47083B440A93139B2E
S31508011D0003223B444FF4003120460B930BF07EFD32
S31508011D100A22216DB4F8483071435143C3F30E03C7
S31508011D20013BB1FBF3F1636D0E9002FB031194F8CD
S31508011D303C30082B28D15A9B381AC3F1FF2303F5E7
S31508011D407F03F13318440A9A0AAB02440C920B9AA0
S31508011D500CA80D920022CDE900324FF480731A4681
S31508011D6018F07CF80EAB0CAA01E00EAB08AA2046C7
S31508011D704BA91DF039FF48460EAA4BA90DF01AFAD0
S31508011D8080E718F07EF8B6E7102B03BF5A9B3F1879
S31508011D900F33002008BFD819D5E7B9F1000F7FF432
S31508011DA071AF284606A918F076F895E8030032AB14
S31508011DB083E803005946284618F06DF895E80300AC
S31508011DC034AB83E803002BA96FE700BF1877030834
S31508011DD070B51F480D460AF0FDF8012826D1284698
S31508011DE018F051FB0646284618F049FB1A2E0446F8
S31508011DF016D190F94B30002B18DB1DF041FE204619
S31508011E001EF0E9FA94F84C302946DB0720460ED530
S31508011E101DF0DBFF29462046BDE87040FFF7D8BD17
S31508011E201D2E0CD190F94B30002BE6DB70BDFFF768
S31508011E30CFFD29462046BDE870401DF0C6BF182EC5
S31508011E40F4D12846BDE8704064210AF091B900BF73
S31508011E50247703082DE9F04F87B0D0480E460AF0DB
S31508011E60B9F8012846D1304618F00DFB054630462B
S31508011E7018F005FB04461EF030FC132D07463CD12D
S31508011E80304618F004FBA568804605B12D6AD4F8DA
S31508011E9084302A460293D4F8883029460393D4F825
S31508011EA08C3002A80493D4F89030059317F083FC7C
S31508011EB00022D8F8001002A817F0D3FC064688F8C5
S31508011EC00400B8B9022F15D1636F2A460293A36F8E
S31508011ED029460393E36F02A80493D4F88030059347
S31508011EE017F069FC3246D8F8001002A817F0B9FCB9
S31508011EF088F8040007B0BDE8F08F1A2D3CD8002DEC
S31508011F00F8D0013D192DF5D801A353F825F000BFE6
S31508011F10A71F0108C51F0108D31F0108F51E0108DF
S31508011F20F51E0108F51E0108F51E0108D31F010853
S31508011F30F51E0108F51E0108F51E0108F51E010822
S31508011F40F51E010867210108CF210108692001084A
S31508011F50F51E0108F51E0108F51E0108F51E010802
S31508011F60F51E0108F51E0108F51E01089520010850
S31508011F70F51E0108F52101082E2DBBD120461EF0BC
S31508011F8013FB00287ED04FF40071204609F04DFB63
S31508011F904FF48071204609F0F3F8204607B0BDE8F2
S31508011FA0F04F09F0EFBF04F19405F4F7E9F8294673
S31508011FB016F000FC03222946204607B0BDE8F04F7B
S31508011FC00AF0A4BB0121204607B0BDE8F04F1EF078
S31508011FD08EBB0026002120461EF089FB94F8A0300E
S31508011FE020466FF3000384F8A030C4F89C600AF019
S31508011FF07DFC204609F039F9054608F002FE074638
S31508012000F4F7BEF816F0CCFB04281BD1002F3FF4D9
S3150801201071AF20461EF061FB02280CD194F8A0305E
S31508012020980704D443F0020384F8A03062E766F304
S31508012030410384F8A0303146284607B0BDE8F04F81
S3150801204008F078BD01287FF455AF20461EF0ACFA9A
S3150801205038B14FF40071204607B0BDE8F04F09F0DA
S31508012060E4BA4FF48071F6E7F4F78AF816F098FBAC
S31508012070042802D002287FF43DAF94F8A0306FF30C
S315080120804103D1E74FF48071204609F0CEFA4FF4A7
S3150801209000717FE712224FF4403120460BF0B6FB60
S315080120A013224FF440310290824620460BF0AEFBD4
S315080120B010224FF440310290074620460BF0A6FB4A
S315080120C011224FF440310290814620460BF09EFBC7
S315080120D068224FF440310290804620460BF096FB69
S315080120E0692205464FF44031029020460BF08EFBDB
S315080120F0CDE9010020460AF037FA4FEA450B00EB15
S31508012100450520460AF033FA019A00EB420085425A
S315080121104FEA42031FDA20460AF026FA83444FEAB9
S315080121206B035745B8BF57464F45B8BF4F46474556
S31508012130ACBFDB1943444FF4403120469D1C09F0DE
S31508012140B5FE0544304618F0A2F90368AB42ACBFA8
S3150801215003600560CEE6204601930AF008FA019B62
S3150801216003445B10DDE7304609F0EAFF20F002037D
S31508012170112B15D194F8A0302046990735D41AF0B9
S3150801218092FE0122811820461AF025FE00222021FE
S31508012190204607B0BDE8F04F09F031BF5077030874
S315080121A0142802D012287FF4A5AE94F8A030204650
S315080121B09A0704D41AF077FE0122411EE3E71AF0C2
S315080121C078FE0122411E20461AF04EFEDEE7304611
S315080121D009F0C2FF94F8A03005469B07204604D4AF
S315080121E01AF061FE01222918CDE71AF062FE0122D2
S315080121F08118E8E7304607B0BDE8F04F1EF0E1BBAD
S3150801220008B540F20470F8F78BFB034BC3F8DC0101
S3150801221000B9FEE708BD00BF701100202DE9F041A5
S315080122208AB0002604460E22314606A805961FF0F6
S31508012230FDFEE26F636FB24240DAB342B4BF2D22AC
S315080122402B220DF115058DF81420002B01AFB8BF0F
S315080122505B420E212F4A3846F8F740FB384619F0FB
S315080122600BFF94F88410034601F00F02B2EB000C41
S31508012270904626D10F2901D94FEA1118BC460023E9
S31508012280984502DD1CF8010B78BB0F2931D805A941
S31508012290204601F025FA0A2294F88410D4F88030F1
S315080122A001F00F01092B30DC414588BF0131204679
S315080122B0891B00F0CBFF0AB0BDE8F081012605AD08
S315080122C0C3E73818002B09DA384600234FF0300ED9
S315080122D06345CFDA00F801EB0133F9E790F800E03E
S315080122E0013B00F80CE00138ECE705F8010B013376
S315080122F0C6E72E2105F8011B9A42C8DDF95C0029BB
S31508012300C5D005F8011B0133F6E793FBF2F3013952
S31508012310C8E700BF1877030838B5002201250C461F
S315080123200F4B2046C1E91D230E4BC1E91F35B1F8F4
S31508012330843023F4FF6323F0070343F4806343F0F7
S315080123400503A1F8843029461EF09BFF204629463D
S315080123501EF090FF2046BDE83840FFF75FBF00BF7B
S315080123609F8601006179FEFF70B557480D4609F051
S3150801237031FE012840F0A780284618F084F8064661
S31508012380284618F07CF8082E044678D1F3F7F8FEAB
S3150801239016F006FA042834D1204608F066FF08F03C
S315080123A030FC70B394F8842002F00F02012A40F23F
S315080123B08A8094F88530D4F8805003F00603042BFC
S315080123C012D1012D04DD2046BDE870401EF09EBBEA
S315080123D00A200021023A18F0C7FBC4F880002046FB
S315080123E0BDE870401EF09EBB0A200021013A18F094
S315080123F0BBFBEB1785428B41F1DB0A23C4F880301E
S31508012400E1E720461EF073FF054619F035FEE36C39
S31508012410EA5C2E2A22D120461EF0F4FFE26C94F8DB
S315080124208430B2EB131F03D90F2B88BF02F1FF3299
S3150801243003F00F03013B9B1AE26F0021002A4FF0BC
S315080124400A004FF00102B8BF0133994214D1204660
S31508012450C4F88020BDE87040FFF7E0BE984204D179
S31508012460411E204600F0F2FED8E7002BD6D1E36FD5
S31508012470002BD3DA0121F4E742430131E5E70E2EB9
S3150801248021D1F3F77DFE16F08BF90646284617F09B
S31508012490FEFF01682046132905D1042E94D1BDE813
S315080124A070401EF051BB142905D1042E98D1BDE800
S315080124B070401EF069BB1129F1D01229F7D0BDE889
S315080124C0704001F095B870BD7C77030870B598B077
S315080124D004460E4615460021F7F702FA02A8F7F751
S315080124E09FF9214602A817F000F902A81E4917F01C
S315080124F0FEF802A84FF0FF3117F012F9314602A88B
S3150801250017F0F7F805F5B472294602A817F0F6F898
S3150801251002A8F7F79FF902A8144917F0F5F84FF43E
S31508012520806302A8009340F2512200234FF4D77129
S3150801253017F003F94FF4B47202A8002117F0DEF878
S315080125400B4902A817F0D3F802A8F7F783F94FF455
S31508012550B472204600211AF0E8FB4FF48771204631
S315080125601AF0EFFB18B070BDCB0B0308CD96020825
S31508012570C70B03082DE9F04196B052480E4609F0FB
S3150801258029FD012849D1304617F07DFF044630461A
S3150801259017F075FF182C054648D112224FF4403121
S315080125A00BF034F9132280464FF440310090284647
S315080125B00BF02CF9102204464FF4403100902846BE
S315080125C00BF024F9112207464FF4403100902846B2
S315080125D00BF01CF94445B8BF4446BC42B8BF3C465B
S315080125E08442B8BF04464FF440310090284609F0AA
S315080125F05DFC02340444304617F049FF0368064679
S315080126009C42B8BF1C464FF400310460284609F0C5
S315080126104DFC844204DD3068306016B0BDE8F081B7
S315080126204FF40031284609F041FCF5E7202C40D14A
S31508012630642200210BF0EAF80746009088B3284681
S3150801264008F00BFEEC6A00F00106631C2FD1002E80
S315080126500CBF4FF480740024360200212846F7F790
S315080126603FF96846F7F7DCF82946684617F03DF85A
S315080126706846154917F03BF832462146684617F071
S315080126803DF86846114917F043F8A11B0029B8BF60
S31508012690494279436846090A17F02BF86846F7F75D
S315080126A0D9F8284616B0BDE8F0410AF01FB9360236
S315080126B0D3E71A2CB1D1304616B0BDE8F0411EF069
S315080126C0B5BA00BFD4770308F70B0308EB0B030869
S315080126D02DE9F04FADF50F7D054617F0D0FE0446FE
S315080126E0284609F024FD14AF00F1180605463246BE
S315080126F0384604F1140117F078F8002877D096E8DF
S315080127000F000DF1600C8CE80F0097E80F0086E8C2
S315080127100F003022002120460BF078F800210590A1
S31508012720729020461EF01EFB1122002109902046B8
S315080127300BF06CF800210E90729020461EF004FBF7
S3150801274000210A9020461EF006FB238DA26A0C93EF
S31508012750A54B0B90134043F40023A36256A8F1F747
S315080127609DFC4FF4A02156AA204609F061F82CA831
S31508012770F1F7C8F94FF4A02120462CAA09F01DFA51
S315080127800C9B099A238594F82A3020466FF3C303D4
S3150801279084F82A30A36913445E1E0AF0DEFA059B03
S315080127A0361A1E441F96002620461C961E960AF0C7
S315080127B0CFFA27220D90314620460BF027F8B1466D
S315080127C0C3B272900893236B4B450BD9A36B53F88D
S315080127D029201F9B0133991801391F91F9681D9307
S315080127E08B4208DD18AB18350FCB85E80F000DF5C0
S315080127F00F7DBDE8F08F089B012B0FD10B99E3697B
S315080128005B1A0D99013B5B1A05995B1A1C9302EB3E
S31508012810D27253104FF000080F934BE00A9963697F
S315080128200B440D99013B5B1A05990B441E93EEE780
S31508012830B3000693636B03EB860253F8263083B124
S3150801284093F800B0089BE16B012B0CD11C9B013B53
S315080128501E9351F828001B1A01331C9308F1010A2B
S315080128601EE09B46EEE71E9B01331C9351F8280098
S315080128700344013B1E93F1E752F8043B93B11B78DD
S31508012880D8070FD5089851F82A3001280BBF1C988C
S315080128901E98C01A1B180CBF1C901E930AF1010A38
S315080128A0D445E9D1AAEB08031F9A1E447B689A42CC
S315080128B007DAD046D4F82CC0C445B9D809F10109BC
S315080128C081E79DF8A131DDF870E0DDF874C01E9846
S315080128D003F01F015B07CDE92202CDF880E0CDF8B0
S315080128E084C007910AD563690A990B447345BFBF2A
S315080128F0679B03EBD373AEEB63032093079B99079F
S315080129000AD5A36909990B446345BFBF679B03EBC6
S31508012910D373ACEB63032193079B1B070ED5E369BE
S315080129200B995B1A013B834208DD679B03EBD37C5A
S3150801293003F0010303EB6C0303442293079BD907B6
S315080129400ED5236A0E995B1A013B9A4208DA679BF0
S3150801295003EBD37103F0010303EB610313442393E0
S31508012960636C4B4545D1236C434542D1228D02F018
S315080129706003A3F120014B424B4102F0040002F02F
S31508012980080192074FEA431325D543F0020318BB02
S3150801299031BB238594F82A3072A843F0080384F8DA
S315080129A02A30F1F77BFB41A8F1F7ACF84FF4A021E7
S315080129B0204672AA08F03CFF4FF4A021204641AAFE
S315080129C009F0FBF80C9B238594F82A306FF3C303AF
S315080129D084F82A3017E010B143F00403D8E729B187
S315080129E043F00803D5E700BF0000F7FF002B40F0CE
S315080129F08C80702256A972A819F0FBF954222CA9C9
S31508012A0041A819F0F6F920AA284672A9CDE97498C1
S31508012A10CDE943980CF0B1FC636B069A9B58002BE1
S31508012A203FF447AF4FF4A02120461EF08DF94FF42D
S31508012A30A021109020461EF08EF94FF4A021079090
S31508012A4020461EF08FF980464FF4A0211122204618
S31508012A500AF0DCFE109B1C9A28901A4424921E9BAD
S31508012A60079A0BF0020B9B1A26931D9B069A434461
S31508012A7025931F9B1B1A2793636B24A89B58349A8B
S31508012A8003F10808509B119210934F9B079317F077
S31508012A90F3F9BBF1000118BF0121079BCDE901013B
S31508012AA000934146DDE9103212A818F025FEBBF164
S31508012AB0000F0BD10F9B1D9A1A44139B03EBD3737B
S31508012AC05B105B42D118D21A259127920DF1A00B02
S31508012AD0394658461CAA16F088FE00283FF4E9AE86
S31508012AE09BE80F0005F1180888E80F00069A636B42
S31508012AF028469B5841A9083324AA48930CF05AFB47
S31508012B0014AB0FCB88E80F00D3E6202341E700BFBB
S31508012B10F0B585B096480E4609F05CFA01281AD137
S31508012B20304617F0B0FC0546304617F0A8FC2F2DA5
S31508012B30044604D105B0BDE8F0401EF070BA102D68
S31508012B4000F085801FD8082D00F09E8005D8013D2C
S31508012B50ADB2012D3AD905B0F0BD0E2DFBD13046E7
S31508012B6017F095FC4FF6FF730768D4E910019842F0
S31508012B7002D0994240F0AF8000232046C4E91033C1
S31508012B801EF015FA62E01A2D00F0EB80312DE2D124
S31508012B90304617F07CFC00221346E16A8B4209D1C4
S31508012BA000231946256BA9420AD1013A013B026065
S31508012BB04360D0E7E56B55F8235001332A44EDE726
S31508012BC0A66B56F8216001313344ECE7F3F7D8FADE
S31508012BD015F0E6FD00F0FD000128BCD1F3F7D0FAA7
S31508012BE002A915F0E7FD2046029D0AF0B1F8272251
S31508012BF00021054420460AF009FE0190C0B20128C9
S31508012C002AD100212046E6691EF0A5F8361A751B59
S31508012C1000263346E26AB24226D12046039D0AF0CF
S31508012C209CF8A369002105442046ED1A1EF09AF87E
S31508012C3000231A46216B2D1A99421DD1226CB242E4
S31508012C4002D1626C9A4286D0C4E91063204605B067
S31508012C50BDE8F04009F04ABE636900212046ED1A35
S31508012C601EF072F82D1AD3E7E16B51F826100B44C2
S31508012C70AB42D2DC0136CEE7A06B50F82300024402
S31508012C809542DBDB0133D7E709F030FEF3F778FA33
S31508012C9015F0ADFD4FF6FF73216C024699420DD131
S31508012CA0F3F76EFA15F07CFD00F0FD0001287FF4BC
S31508012CB052AF4FF6FF73C4E910334CE7616C994282
S31508012CC0EED00028ECD12021204609F098F90128F8
S31508012CD07FF441AFE4E7E66A256BB042B4BF02462A
S31508012CE00022A942B4BF0B460023142F24D1013A6E
S31508012CF096422EDC6A1E9A42C6BF0022013306F1AD
S31508012D00FF329D42D4BF05F1FF3323EAE3739042B4
S31508012D1002D199423FF41FAFC4E91023204609F0B6
S31508012D20E5FD20461EF043F900222021204605B084
S31508012D30BDE8F04009F063B9132F01D10132D7E795
S31508012D40112F01D1013BD3E7122F7FF404AF0133D1
S31508012D50CEE7002AD5DA13B1721E013BD1E71A462E
S31508012D60CFE7304605B0BDE8F040FFF7B1BC00BF7C
S31508012D70007803082DE9F0414B1E04460F46072B40
S31508012D804ED8DFE803F02A4B4D044D4D4D2801215D
S31508012D90204616F032F820461EF0B0F905462046C0
S31508012DA01EF0A9F90646364909F033FB01213046DA
S31508012DB016F047F80021284616F01FF8002130467C
S31508012DC016F01BF80321304609F089FF0021304629
S31508012DD009F092FF2AE00921DAE70021204616F0D8
S31508012DE00CF820461EF08AF9054620461EF083F99E
S31508012DF00646234909F024FB0121304616F021F83D
S31508012E000121284615F0F9FF0121304615F0F5FF95
S31508012E100021304609F063FF0321D8E70821DDE7E1
S31508012E201EF06CF9054620461EF065F994F8303017
S31508012E3013F00C0F14BF0122002217F00C0814BF5F
S31508012E40012300239A4212D02046EEF7F1FFEFF74D
S31508012E50B3FE06466420B8F1000F0CD0F6F77CFDE8
S31508012E60014606EBD6767210284609F000FB84F86F
S31508012E703070BDE8F081F6F76FFD31460246F3E79B
S31508012E806400002070B500260C46154A204681F8D4
S31508012E903060114609F0EBFA2046EDF7BBFA2046F9
S31508012EA0EDF7B8FA0546314615F0A7FF334632461F
S31508012EB028460C4909F0C2F83146284609F0EAFEC7
S31508012EC020460421FFF756FF2846802108F0ADFB6E
S31508012ED02846BDE870404FF4806108F051B900BF3B
S31508012EE0640000200311030808B51EF007F9BDE8C0
S31508012EF0084001490BF07FB9D86803082DE9F34763
S31508012F000D46064691461EF0F6F8044630461EF072
S31508012F10F5F880463046FFF7E7FFA84298BF00F16B
S31508012F20FF353046EDF738FF6CB396F8301011F0DF
S31508012F300C012BD01522002120460AF067FC824697
S31508012F400190204609F016FB002127220746304644
S31508012F500AF05CFCC3B2012B574408BF69420190D1
S31508012F6014BF4A464A46204614BF05FB07F1794372
S31508012F70EEF7EAFA00214046134A0BF014F9002449
S31508012F80114F98B9F56202B0BDE8F08714222046C0
S31508012F900AF03CFC07460190204609F0FBFAC119E4
S31508012FA04A4620466943EEF7E3FAE3E72B1B5A4202
S31508012FB05A410121013408F03FF93A462146404673
S31508012FC00BF0F1F8DDE700BFD868030838B50B4800
S31508012FD00C4608F0FFFF01280ED1204617F053FAD8
S31508012FE00546204617F04BFA2E2D05D1BDE8384087
S31508012FF00022C16AFFF782BF38BD00BF2C780308DB
S3150801300030B597B064224FF4C02105460AF0FEFB9D
S315080130100446009058B928461749F6F761FC95F811
S31508013020643043F0010385F8643017B030BD684653
S31508013030F6F7F6FB2946684616F057FB68460E4929
S3150801304016F055FB2146684616F053FB214668469D
S3150801305016F062FB00226846012116F04FFB68460E
S31508013060064916F051FB68464FF0FF3116F058FB3A
S315080130706846F6F7EFFBD8E7E7110308BF9602089B
S315080130802DE9F04F8BB004461EF0CFF85C220021E3
S31508013090804620460AF0BAFB06900746E06AD4F84D
S315080130A04CB01CF002F8664B59461B688146984796
S315080130B0644B00211B680646019309EB0003184679
S315080130C00293019B98478246404615F03EFBBAF1AA
S315080130D00D0F039000F2AF8042F2014222FA0AF282
S315080130E012F0010F0CBF514620210022404615F06F
S315080130F0F7FA594604AA0546E06AFDF7DBFCD4F857
S315080131002CB058461BF0D1FF0021024658460AF05A
S31508013110D3FCE36A049A59690A44D9692A448A425A
S3150801312029DD94F870B01BF0080B24D1032822D0AE
S31508013130039B059A1F443A44CDF810B00592BAF19B
S31508013140000F7AD0404B02981B68984706445946A7
S31508013150019B09EB060098470D28014606D842F25D
S315080131600143C34013F0010F18BF20210022404636
S3150801317015F0B6FA0546266630224FF4C0212046D8
S315080131800AF044FB1022824606904FF4C0212046DD
S315080131900AF03CFB1122069000EB0A064FF4C02107
S315080131A020460AF033FB1222069000EB0A084FF478
S315080131B0C02120460AF02AFB1322069000EB0A07D3
S315080131C04FF4C02120460AF021FB049B5044059A7E
S315080131D0DF1B03441D44039B90449844E36A961BF2
S315080131E05969226DA06D0A4406929A69636D08446D
S315080131F0D3180793E36D08901A44204606A9099245
S3150801320009F049FBC4E91476E36A08F1FF385A69FB
S315080132109B69013DC4E9165817441E4415444344A5
S31508013220204606A9069707960895099309F033FBE0
S315080132300BB0BDE8F08F514657E7202196E700BF4E
S315080132403C680308446803084C680308F7B5C36C6F
S3150801325004468B420E4665D0C06A1BF026FF324BE8
S315080132601B689847002EB8BF3618B042054604DBDE
S3150801327047F6FF739E4218BF35462046E564EDF7CB
S315080132808BFD20461DF0D1FF064629466A46E06AAF
S31508013290FDF710FC304615F058FA05462046019E02
S315080132A009F060FD864204DA012220460199EEF70B
S315080132B05FF9204609F06EF9019B07462046EE188C
S315080132C009F050FD331ABB4206DD01990122C91BDB
S315080132D020462944EEF74CF92046009EEDF7D6FF25
S315080132E0864204DA012220460099EEF72DF9204696
S315080132F009F040F9009B07462046EE18EDF7C6FF90
S31508013300331ABB4206DD00990122C91B204629440E
S31508013310EEF71AF9009B2046A364FFF771FE2046D3
S31508013320FFF7AEFE03B0F0BD3468030870B540F28E
S31508013330DC534B6401230025CB6491F86430C1E961
S315080133400D5523F0030343F0030381F8643091F824
S315080133507030C1E90F5523F00E0381F87030C1E9C9
S315080133600B558D6408460C46FDF732FB0646E062AE
S315080133706420F6F7F1FA0146304609F04AF8E06AA0
S315080133800D491BF015FE2B462A460C49E06A08F042
S3150801339055FE20464FF4806108F047F920464FF460
S315080133A0006107F0EDFE20462946FFF74FFF20464C
S315080133B0BDE87040FFF724BE1E7903083B120308D7
S315080133C010B586B0846B64B91DF02FFF234642F20F
S315080133D02202694615F03BF9034C044B002808BF45
S315080133E01C46204606B010BD50780308CA6E03086D
S315080133F02DE9F84F90F8703004465B0735D5C06A59
S315080134001BF053FE1A4B1B689847064668B32046BD
S31508013410FFF7D6FF814618F02FFE00FB06FA07468E
S315080134200AF10100F7F77CFA4FF0000805468346D2
S3150801343058463A46494608F1010818F0DAFC464565
S31508013440BB44F5D1002305F80A302946E06A1BF08A
S31508013450AFFD2846F7F77EFA20460649F6F740FA01
S315080134602046BDE8F84FFFF70BBEBDE8F88F00BF51
S3150801347034680308BB11030810B596B0436C0446BB
S3150801348023B916B0BDE81040FFF7B2BF6846F6F794
S31508013490C7F92146684616F028F968460C4916F018
S315080134A026F96846616C16F024F90122684600215E
S315080134B016F024F96846074916F026F968460649BA
S315080134C016F026F96846F6F7C5F916B010BD00BF1D
S315080134D0BB110308BF96020805130308F7B504468E
S315080134E00D4601B9FEE790F870305A0701D5FFF786
S315080134F07FFFE36B0BB9236C9BB100232A4E2B4F3D
S315080135000193019BEB5C0BB903B0F0BD01A93368CC
S31508013510284698473B6898470146204600F068F8D0
S31508013520EFE72946204600F045F80128ECD1D4E911
S315080135300B0333B11BF0B9FD037813B9204609F023
S31508013540D5F92A46E16CE06AFDF76AFB20461DF0CB
S31508013550E1FE94F870305B0715D5606B18F08CFDA9
S315080135600646284618F088FD31180131606BF7F7D1
S31508013570FBF9606300B9FEE72A46E16C18F024F806
S315080135802046FFF779FF0A4B28461B68E66C9847E1
S3150801359081192046FFF75AFE00222021204603B052
S315080135A0BDE8F04008F02BBD4468030848680308E5
S315080135B03468030870B500230C4E0A460C462121CF
S315080135C00546336008F01BFD306808B9012070BD57
S315080135D0037843B1214618F05EFD0028F6D0284647
S315080135E03168FFF77BFF0020F1E700BF5C1301207C
S315080135F07FB590F870300446180703D50A2926D0F6
S315080136000D2924D0002502910091204602A903958F
S31508013610FFF7D0FF01281AD12F4B29461E686846A5
S31508013620B047236C054643B120461DF060FE2B4B7F
S315080136301B689847236C984209D2E36B6BB11B78D8
S315080136405BB100230193E06B019BC35C0BB904B02A
S3150801365070BD01A9B0478542F5D194F870305A0773
S3150801366002D52046FFF7C4FED4E90B0333B11BF09C
S315080136701CFD037813B9204609F038F9E16CE06AB4
S3150801368002AAFDF7CDFA20461DF044FE94F87030E3
S315080136905B0715D5606B18F0EFFC054602A818F014
S315080136A0EBFC29180131606BF7F75EF9606300B925
S315080136B0FEE7E16C02AA17F087FF2046FFF7DCFE5A
S315080136C0E16C20460131FFF7C1FD00222021204689
S315080136D008F095FCBBE700BF446803083468030893
S315080136E0F7B504460D4601B9FEE71DF013FEE36B77
S315080136F013B9236C002B3AD02749E06A1BF058FC12
S3150801370047F6FF712046FFF7A1FD94F87030234E66
S3150801371013F0040F4FF0000318BF626B204F18BF58
S3150801372013700193019BEB5CB3B9236B3BB1E06A60
S315080137301BF0BBFC037813B9204609F0D7F894F8B7
S3150801374070305B0720D5606BF7F704F9284618F047
S31508013750ADFC6063A8B9FEE701A933682846984716
S315080137603B68984701462046FFF742FFDAE72946B4
S31508013770E06A1BF01DFC47F6FF712046FFF766FD60
S31508013780D3E72046FFF734FE00222021204603B066
S31508013790BDE8F04008F033BC1E7903084468030805
S315080137A0486803082DE9F047B8B0B2480D4608F055
S315080137B011FC012840F0AD80284616F064FE064645
S315080137C0284616F05CFE102E044604D138B0BDE832
S315080137D0F047FFF715BC1A2E00F0BA8100F29C805B
S315080137E00E2E00F01F8100F29480032E00F28E80C7
S315080137F0002E00F08E80F2F7C3FC0646002800F082
S315080138008880284616F03BFE90F8643004469F07E8
S315080138107FD5304614F0C4FF02287AD0304614F01A
S31508013820BFFF042875D0E06A1CA908F05BFE304684
S3150801383001A914F0BFFF304603A914F0E2FF019A6B
S31508013840002A66DB029B002B63DB1C992846521A69
S3150801385007921D9A9B1A089316F015FE0646E06A0A
S3150801386008F082FE079BE56A002BC0F23B8198426D
S3150801387040F33B81012207A928461BF018FC07A93A
S315080138800746E06A1BF017FC80F00103DBB294F8E7
S315080138907020900702F0010140F13F81002940F0B4
S315080138A02881002B40F03C81012E32D14FF6FF735F
S315080138B042F001024FF440712046A766E36684F898
S315080138C0702007F05DFC39462046FFF7BFFC94F8E7
S315080138D07030D9071DD5D4E91A239A42696C40F28A
S315080138E023818B4202D1A96C8A4204D0C5E91132DF
S315080138F0204608F0FBFF032E01D0082E09D194F8C3
S3150801390070306FF3000384F8703002E0082E3FF43C
S3150801391072AF38B0BDE8F0871D2EFAD1284616F0E9
S31508013920AEFD0446284608F002FC0646E06A1BF08E
S31508013930BCFB94F864308046DB07EAD51CA8F0F78F
S31508013940ADFB4FF4C02120461CAA07F071FFD4E94C
S315080139501517E06A236D4269E56D1344039383697C
S315080139603A44194430462B44049105921CA903AAEA
S3150801397006930BF002FD30224FF4C021204609F0D0
S3150801398045FF122207464FF4C0210790204609F049
S315080139903DFF4FF0000A10224FF4C02100EB070942
S315080139A00790204609F032FFCDE901AA236E079058
S315080139B008EB0305304B07441B68284698470DF169
S315080139C0040802462946404618F013FA039B582272
S315080139D04B440393049B51463B44E06A049309F024
S315080139E015FFC0F307430790ADF8000007A88DF847
S315080139F00230F0F787F84FF4C021204607AA08F0ED
S31508013A00DCF89DF89030022B40F20A819DF8683067
S31508013A10304643F04003CDF838808DF8683003AA64
S31508013A2007A9FAE0284616F032FD0168132905D1DF
S31508013A30204638B0BDE8F0471DF0E0BC142910D87F
S31508013A40012910D98B1E122B0DD8DFE803F0353C5E
S31508013A500C0C0C0C290C3F0C0C0C0C0C0C1D230C1F
S31508013A6017007F2922D0204638B0BDE8F047FFF776
S31508013A70BFBD00BF607803084C680308204638B00C
S31508013A80BDE8F0471DF0BEBC204638B0BDE8F0479A
S31508013A901DF0EABC204638B0BDE8F0471DF0B8BCB9
S31508013AA0204638B0BDE8F0471DF050BC204638B076
S31508013AB0BDE8F0471DF093BC0021204638B0BDE8AB
S31508013AC0F047FFF7C3BB47F6FF71F6E794F8703086
S31508013AD01B07C8D500222321204638B0BDE8F04788
S31508013AE008F08DBA01230027D1E6012347F6FF77AF
S31508013AF0CDE6022E0FD0032E02D0082E7FF4E3AEB8
S31508013B0020464FF4407107F090FD94F87030D807BD
S31508013B107FF5FFAED7E6E766D5E600297FF4D3AE93
S31508013B20012E7FF4F6AECEE608D28A4203D1A96CFD
S31508013B308B423FF4E0AE6A64AB64D9E64FF6FF7395
S31508013B40994203D1AA6C9A423FF4D5AE6B64F3E766
S31508013B50284616F094FC0446284608F0E8FA074673
S31508013B60E06A1BF0A2FA0378002B7FF4D2AE236B2E
S31508013B70002B3FF4CEAE1B78002B3FF4CAAE1CA82F
S31508013B80EFF7C0FF1CAA4FF40021204608F015F8EC
S31508013B9094F8703000211A0748BF9DF8BB304FF0E2
S31508013BA0120248BF43F00103204648BF8DF8BB30D7
S31508013BB009F02CFE1322054600210790204609F03C
S31508013BC025FE1022814600210790204609F01EFE97
S31508013BD01122064600210790204609F017FE3022D9
S31508013BE0804600210790204609F010FE0346D4E9D5
S31508013BF0060C1E4406443846216A62691D449944E6
S31508013C004344C91A236B1544ACEB090209920A917C
S31508013C1007950896239307AA1CA90BF0CBFA78E611
S31508013C200099129816F035FA00283FF4EFAE70E6BF
S31508013C3010B50C460C4A2046114608F018FC00231C
S31508013C4020461A46094908F0F9F92046802107F065
S31508013C50ECFC2046032109F042F82046BDE8104055
S31508013C60032109F049B800BF64000020B71403080E
S31508013C7010B50C46044A2046114608F0F8FB2046C2
S31508013C80BDE81040EDF788B86400002070B5084615
S31508013C900C460AF076FA064608F066FC05463046F2
S31508013CA008F065FC29460246204608F0E0FB01219A
S31508013CB0204615F0A2F82046ECF7ACFB054620464F
S31508013CC0EEF7B6F8EEF778FF0F4E00EBD07042101C
S31508013CD03146284608F0CBFB2846002115F08DF819
S31508013CE0022300211A46284615F093F82046ECF7D8
S31508013CF091FB0446012115F0A4F831462046BDE89A
S31508013D00704008F086BB00BF6400002037B5002567
S31508013D100C460D480DF1060201A9ADF80450ADF89F
S31508013D20065000F0C1F968B90123A374BDF804303F
S31508013D30C3F5A0732360BDF80630C3F5F07363605D
S31508013D4003B030BDA574FBE76013012010B5F2F787
S31508013D50DBF90446012114F019FD2046BDE810409F
S31508013D60014914F01ABD00BF0D3D010810B5002028
S31508013D7001F0E8FF4FF47A73B0FBF3F00138B0F1C4
S31508013D80807F0BD24FF0E0240F2160614FF0FF30A6
S31508013D9004F0B6FF0023A361072323610C4B0D48EA
S31508013DA01B68036040F60313838000F0CDF90A4BC4
S31508013DB00146187010B1094806F0EAF9F5F7F4FA60
S31508013DC000F036F8FFF7C2FFBDE81040ECF782BAFB
S31508013DD0E423022060130120451302200479030815
S31508013DE073B5114B05461B780C461646ABB10B89C4
S31508013DF00E4800930B888A8989881DF01DFCA368E3
S31508013E00226861689A1AE36808485B1A013302FB5B
S31508013E10033331465A0000F043F8284602B0BDE89C
S31508013E2070400AF095BD00BFA8240220680D022043
S31508013E3013B51248124B036040F601038380114BF8
S31508013E401B6883601DF03FFC4FF4F0714FF4A070BE
S31508013E50EEF714FF04460C49EEF7CCFE2046122174
S31508013E60EEF7E6FF002320460093084A4FF4FA438B
S31508013E7007490AF00BFD02B010BD00BF680D02200C
S31508013E800106010730240220E13D010868130120DB
S31508013E90689001200022014B1A70704746130220D0
S31508013EA02DE9F74F05469046504B514C0E46C2F345
S31508013EB00A07417800220078019300941DF070FBEF
S31508013EC00122697928791DF067FBB8F5006F11D2CF
S31508013ED0002F40F08880474A137803F0FF04002B2F
S31508013EE0FAD12878012269781DF05AFB204603B0D9
S31508013EF0BDE8F08F2346B21E06F2FE7032F8021FA5
S31508013F000233090A03F8021C1188824203F8011CCC
S31508013F10F4D14FF00109DFF8DCA04FF40062364B0B
S31508013F203349A8688AF80090002401F0FDFACB46C7
S31508013F304FEAD828C145304B2CD3002FCBD008F1F6
S31508013F40FF33B8F1000F4FEA832308BF0023C4F1FA
S31508013F50010403F58063E4B206EB4306002302AAD3
S31508013F6002EB840454F8081C481C3288120ACA5405
S31508013F7036F8022BC2540233BB42F6D31D4B1A78CC
S31508013F80002AFCD10122A8681A703A461A4B01F098
S31508013F90CBFAA0E7C4F10104E4B202AA02EB840257
S31508013FA052F8081C002206EBC92001F1010EB0F8EF
S31508013FB000C04FEA1C2C01F812C030F802CB0EF8EB
S31508013FC012C00132B2F5806FF1D19AF80020002AA9
S31508013FD0FBD14FF40062A8688AF800B009F101091B
S31508013FE001F0A2FAA6E700231C46B5E7471302200B
S31508013FF0471B022046130220953E0108044BD3F8BD
S31508014000D430DB055EBF0122024B1A70704700BF30
S3150801401000C003504823022000B589B08DF8071067
S315080140208DF80620C8B10E4B0DF1060203930DF16A
S3150801403007030493012303A90068ADF81430069217
S31508014040ADF81C3000F0A4FD014618B1054806F08C
S315080140509FF8022009B05DF804FB0120FAE700BFCA
S31508014060700008001F79030800B589B08DF807109C
S31508014070A8B10C49006803910DF1070104910121CA
S31508014080ADF8141003A90692ADF81C3000F080FDB6
S31508014090003818BF0120400009B05DF804FB012073
S315080140A0FAE700BF700004002DE9F3410F461646F2
S315080140B000283FD0DFF88C8098F8003003F0FF0520
S315080140C073B3012D06D106236A460321FFF7CCFFF8
S315080140D0044620B10324204602B0BDE8F0819DF8CC
S315080140E000309DF801201B0203F4706313433B80E3
S315080140F09DF802309DF803201B0203F470631343F5
S315080141003380398888F800000B4806F041F8318871
S315080141100A4806F03DF80A4B88F800401D70DAE7B0
S31508014120074B1A78012AD5D10D801D70358088F87C
S315080141300050CFE70124CEE72F7903083A7903081F
S31508014140472302204823022037B50446A8B31DF0A9
S315080141507BFC012302220821032003F0E5FB08204A
S31508014160174900F02FFF01250822002311460320D5
S31508014170CDE9005503F068FB002304226179207913
S3150801418003F0D2FB032005F02DFC042261792B46AE
S31508014190207903F0C9FB4FF4967005F023FC002241
S315080141A020461146FFF738FF40B9024686212046C8
S315080141B003B0BDE83040FFF72FBF012003B030BD83
S315080141C0FD3F010808B504481EF070FDBDE808402A
S315080141D0024800F065BC00BF3C820308D0230220D8
S315080141E0064B1B681A7A022A04D812B11B68044ABC
S315080141F013607047032AF9D0704700BFE8230220ED
S31508014200740D022070B5A2B01E4D0BAC0FCD0FC4B4
S3150801421095E80F0084E80F0000244FF47023CDE9D8
S3150801422002440494019313AD01AE0FCE0FC5164B8C
S3150801423006AE2B60154B18ADCDE9074409940693D4
S315080142400FCE0FC52022124B12482B60124B13A911
S315080142501D93124B2094CDE91E23114B0BAA2193D2
S31508014260104B04F0A9FD044618B1AE210E481DF005
S3150801427099FB00214FF4E1301DF078FB204622B06E
S3150801428070BD00BF7C7903083C00015B01000F008B
S315080142904400015B2C0E0220492302200001010083
S315080142A0FC230220780D022045790308014804F011
S315080142B0A9BE00BF2C0E0220024B0349186800F064
S315080142C03DBF00BF302402201024022008B504484F
S315080142D01EF0ECFC1DF0D2FABDE8084000F008B863
S315080142E03C82030801481EF0E1BC00BF3C8203087A
S315080142F02DE9F04796B0544E09AC35460FCD0FC49B
S315080143002B6806F1140523600EAC0FCD0FC495E892
S315080143100F00DFF84C8184E80F004C481EF0C6FCFC
S3150801432040461EF0C3FC4FF48073494FADF83C304C
S31508014330484B38460B9309A90EAB0D9303F0F8F8D1
S3150801434004214FF4E065B6F834A00DEB0100012213
S31508014350ADF804A000F008FAB6F83690002201215B
S3150801436002A8ADF8089000F0FFF9368F0122042162
S3150801437003A8ADF80C6000F0F7F90122042104A89E
S31508014380354CADF8105000F0EFF9344B4FF4487046
S31508014390C4F8C8344FF00213C4F8C43403F58033A3
S315080143A0C4F8CC341C23C4F8B43405F06DFB08A852
S315080143B0ADF8205000F04CFA142005F065FB08A86A
S315080143C0ADF8205000F014FA232005F05DFB08A88B
S315080143D0ADF8205000F03CFAB92138461DF00FFC23
S315080143E008A8ADF8205000F003FA002205A81146E6
S315080143F0ADF814A000F0B8F9002206A81146ADF8E8
S31508014400189000F0B1F90122002107A8ADF81C6047
S3150801441000F0AAF90122002108A8ADF8205000F001
S31508014420A3F9384602F03CFD00234046C4F8B434EB
S31508014430C4F8C834C4F8C434C4F8CC341EF039FC02
S3150801444016B0BDE8F08700BF9C7903083C820308D3
S3150801445000C00850E070720000C00350020001005D
S31508014460488203080348044A0449121A92101DF0A7
S315080144708CBA00BFB4010008B40100087C230220ED
S3150801448008B5154B83F30A8800F030F8FFF7EAFF01
S31508014490124B13498B4212D30020124B12498B42FD
S315080144A018D3EBF7DDFE186850F82240586840F833
S315080144B02240013298688242F5D30C33EAE700229A
S315080144C0F8E71C6844F8220001325C68A242F8D376
S315080144D00833E4E70022F8E7000000201085030806
S315080144E01C8503081C8503081C85030870B54FF451
S315080144F08041144B144A154D9A60D3F8882005F566
S31508014500005442F47002C3F88820114A91664FF0AC
S31508014510FF3222666FF4003262660D22A26602221B
S31508014520C3F8D020BFF34F8FBFF36F8F4FF44036D8
S31508014530002004F0D7FB0020E66004F06BFB2E6137
S3150801454070BD00BF00ED00E00000000800800044D7
S3150801455000900050014B1860704700BF38240220B4
S31508014560054B1860054B1B6F03F00703032B01D19D
S315080145701DF092BF704700BF402402200080005002
S3150801458038B504460D4601B118B9452104481DF050
S3150801459009FA236813B92B60256038BD1C46F8E76C
S315080145A0D679030810B5044618B9562104481DF0F2
S315080145B0F9F9206818B1036823600023036010BD68
S315080145C0D679030807B50023294801931EF06EFB27
S315080145D04FF44073012204216846ADF8003000F01B
S315080145E0C3F80122234B0520C3F8442401A91EF070
S315080145F058FB002839D1204BD3F8F02042F00102AC
S31508014600C3F8F020D3F8FC2042F08072C3F8FC20EE
S315080146101A4AA3F55D431A60019B194A03F5D52386
S3150801462003F2FC43B3FBF2F3164A013B136102237F
S31508014630C2F8F0304FF48073C2F804334FF0604388
S31508014640114AC3F8B02F114AC3F8802ED3F8002EA9
S3150801465042F48072C3F8002EFF2283F82020D3F893
S31508014660002E22F48072C3F8002E03B05DF804FB15
S315080146703C82030800D0035000ED00E0FF03004030
S31508014680F8590D00000004E055CEACC5090001003B
S3150801469030B54FF06043D3F8802ED20715D50124E3
S315080146A00B4D8440D5F8FC2042F08072C5F8FC20F9
S315080146B0D3F8002E2243C3F8002E53F82020002AEF
S315080146C0F0D003F82010002030BD1120FCE700BF10
S315080146D000ED00E02DE9F0410C2504464FF00108F4
S315080146E0124E0CB314F001000BD0002024F0010483
S315080146F005FB00625768002FF3D09168C0B2B8472E
S31508014700EFE72246013020284FEA520201D0D307AB
S31508014710F8D508FA00F20F2824EA0204E8D9103875
S3150801472005FB0062B432E5E7BDE8F081CC0E022054
S3150801473008B50C481EF0BAFA272004F085FA28B104
S31508014740272004F0CFFA272004F064FA282004F081
S315080147507BFA28B1282004F0C5FA282004F05AFA71
S31508014760002008BD3C8203082DE9F0410E4690461B
S31508014770044638B993211C481DF014F92225284608
S31508014780BDE8F0810F290DD803782BB1012B0FD085
S31508014790022B10D0032B05D140F2FF736278D34068
S315080147A0DB070BD4972110481DF0FCF82125E6E715
S315080147B040F2FF13F2E743F6FF73EFE70B4BD3F82B
S315080147C010532DB19B2108481DF0ECF80225D6E7B8
S315080147D01EF05CFA074642462046314603F034FE8F
S315080147E038461EF04EFACAE7107A030800C003508D
S315080147F038B5044628B91548E4211DF0D3F8222016
S3150801480038BD03782BB1012B0FD0022B10D0032B07
S3150801481005D140F2FF736278D340DB070BD40B480E
S31508014820E8211DF0BFF82120EAE740F2FF13F2E77D
S3150801483043F6FF73EFE71EF029FA054620461DF0F9
S3150801484001FF28461EF01DFA0020D9E7107A030851
S3150801485038B5044628B91648FC211DF0A3F82220CC
S3150801486038BD03782BB1012B10D0022B11D0032BA5
S3150801487005D140F2FF736278D340DB070CD40C48AC
S315080148804FF480711DF08EF82120E9E740F2FF13FD
S31508014890F1E743F6FF73EEE71EF0F8F90546204601
S315080148A003F04AFD28461EF0ECF90020D8E700BFC0
S315080148B0107A03082DE9F0410D4616469846044636
S315080148C000B139B931484FF4E0711DF06BF8222077
S315080148D0BDE8F0810278DAB1012A1DD0022A0AD090
S315080148E0032A15D0FF2A0CD04FF4E27127481DF090
S315080148F059F82120ECE743F6FF734278D340DA07EB
S31508014900F2D5022E0CD9042E0AD04FF4E471EDE744
S3150801491040F2FF736278F1E740F2FF134278EDE760
S315080149201EF0B4F923780746FF2B05D032462046F8
S31508014930296803F0F5FD28602B68013309D123782E
S31508014940FF2B06D1124B6078D3F824141DF07FF99A
S31508014950286029684B1C14D00C230E4A03FB01223C
S31508014960069BC2F8048093602378FF2B04D00123A9
S31508014970094A8B40C2F8243438461EF082F90020D1
S31508014980A6E738461EF07DF92D20A1E7107A03081F
S3150801499000C00350CC0E022000D003502DE9F0418F
S315080149A00D4690461F46044600B139B929484FF4C9
S315080149B00B711CF0F7FF2220BDE8F0810178002970
S315080149C03AD001293CD002290AD0032934D0FF293B
S315080149D00CD0204840F231211CF0E4FF2120EBE7FE
S315080149E043F6FF734278D340DA07F2D51EF04EF943
S315080149F023780646FF2B05D042462046296803F050
S31508014A0083FE28602A68531C1ED00C23124903FB17
S31508014A100211069BC1F8B870C1F8BC302378FF2B88
S31508014A2005D00123103293400C4AC2F8243430468B
S31508014A301EF027F90020BFE740F2FF736278D2E73C
S31508014A4040F2FF134278CEE730461EF01AF92D20C0
S31508014A50B2E700BF107A0308CC0E022000D003503B
S31508014A6008B503F097FC054B00F0553020F0A0403F
S31508014A70C3F82004BDE80840FFF72CBE00E0035048
S31508014A8008B503F087FC054B00F0AA3020F020405A
S31508014A90C3F82004BDE80840FFF71CBE00E0035038
S31508014AA070B586B0044618B9AC2133481CF07AFFB4
S31508014AB02368B3F1B64F46D130481EF0F7F8002502
S31508014AC0A3880122ADF80030E3880A216846ADF8CB
S31508014AD00430FFF749FE01220A2101A8FFF744FE27
S31508014AE00A266846FFF7B4FE642004F0CDFF68463F
S31508014AF0FFF77EFE642004F0C7FF013EF1D10323D0
S31508014B001F4A02EB0511C1F8283560792379533517
S31508014B1043EA0043C1F82C35E179A3792D0143EA2B
S31508014B200143535140F20113ADF80830E368206898
S31508014B300493A36802A90393237C8DF8143002F029
S31508014B40EDFF06B070BD0F4A93420FD002F58042C1
S31508014B50934206D0D121084806B0BDE870401CF042
S31508014B6021BF09481EF0A2F80225A9E707481EF049
S31508014B709DF80125A4E700BF4E7A03083882030889
S31508014B8000C0035000000B5030820308348203082A
S31508014B9038B5054603F01EF9044C012801D1013C3C
S31508014BA000D138BD284602F0F3FFF6E7E193040089
S31508014BB02DE9F04F85B09A46554B06461B780F46A8
S31508014BC01546DDF83C909DF844B0DDF85080002B81
S31508014BD000F09780072A00F296800E9B002B00F0C2
S31508014BE09280B9F1000F00F08E80129BB3F5006F29
S31508014BF000F38980012803D1109B002B00F08380E4
S31508014C00444B03EB05131B7B002B7ED0424C102231
S31508014C10002168461DF00AFA04EB45141022A7BBC9
S31508014C20394620461DF002FA43F210036380BBF1B0
S31508014C30000F03D1E37843F00303E370364A0E9B72
S31508014C4002EB451CCCE90193129B6901581E9DF89C
S31508014C504C30C0F30A0003F003039B0643EA001E27
S31508014C6053582E48012E00EA03004EEA0003CDF8F8
S31508014C7000A0535017D0B8F1000F2ED19CF802307E
S31508014C8068F304138CF8023027E0002120461DF052
S31508014C90CDF94FF444736380BBF1000FCED1E378AD
S31508014CA043F03003C9E713230CF1100ECCF80C308E
S31508014CB09CE80F008EE80F006FF00301DCF81C205A
S31508014CC0109B61F39F02012FCCF81C20CCF81430FD
S31508014CD003D1CCF81890CCF8043000270D4A2901E5
S31508014CE002EB051342F80180159A28465A6069466F
S31508014CF022469F605E7303F065F9384605B0BDE844
S31508014D00F08F0748FAE70748F8E70748F6E700BFCC
S31508014D106923022034110220341002200F80FFF388
S31508014D20028000F0018000F0078000F038B5124BD0
S31508014D3005461B78DBB1E0B11DF0A8FF0F4A002339
S31508014D401146147B54B92B6001251A0101EB031393
S31508014D501D738C501DF095FF204638BD0133082B75
S31508014D6002F11002EDD11DF08CFF0548F5E7054863
S31508014D70F3E70548F1E700BF692302203411022051
S31508014D80048000F0028000F0018000F038B51DF0C3
S31508014D907DFF002305460B4A147B6CB90133082BAA
S31508014DA002F11002F8D103F08FF8074B28461C7060
S31508014DB01DF067FF204603E028461DF062FF034801
S31508014DC038BD00BF3411022069230220058000F096
S31508014DD010B50D4B04461B7893B1072812D81DF060
S31508014DE055FF0A4B03EB04131A7B2AB100241C73E3
S31508014DF01DF047FF204610BD1DF043FF0448FAE7A2
S31508014E000448F8E70448F6E769230220341102202A
S31508014E10068000F0028000F0018000F013B5154B02
S31508014E201868002301908DF804301DF02FFF124BEE
S31508014E301C7824B11DF025FF104802B010BD0122CF
S31508014E401A701DF01EFF0E4B01A81C731C7783F800
S31508014E502C4083F83C4083F84C4083F85C4083F847
S31508014E606C4083F87C4008238DF8073003F062F81C
S31508014E702046E2E7907A030869230220038000F0BE
S31508014E8034110220F8B50D4D2D7885B1072810DCAF
S31508014E900B4D060105EB0014277B67B1AB510025C5
S31508014EA0069BA560636003F08DF82846F8BD0548A2
S31508014EB0FCE70548FAE70548F8E700BF6923022039
S31508014EC034110220028000F0018000F0078000F012
S31508014ED008B50A4A12785AB107280BD8084A02EBCC
S31508014EE000131B7B43B1002103F004F8002008BD21
S31508014EF00448FCE70448FAE70448F8E7692302206E
S31508014F0034110220028000F0018000F0078000F0D1
S31508014F1008B50A4A12785AB107280BD8084A02EB8B
S31508014F2000131B7B43B1012102F0E4FF002008BDF9
S31508014F300448FCE70448FAE70448F8E7692302202D
S31508014F4034110220028000F0018000F0078000F091
S31508014F502DE9F041174B1F6D5B6D1F4000D5FEE72C
S31508014F6001260025144CDFF85880374218D02368EB
S31508014F70C8F85060A3B1A168284601316268A160EA
S31508014F809847637B012B0BD150B90C4B03EB4513A7
S31508014F901A7B60F341021A731A7F60F341021A778A
S31508014FA00135082D4FEA460604F11004DDD1BDE8A6
S31508014FB0F08100BF00000450341102203410022091
S31508014FC0002004501FB54FF6FF730F28ADF80830BF
S31508014FD0039009DC00910022084B03A902A8FFF7F8
S31508014FE069FC05B05DF804FB1038039000910022B6
S31508014FF0024B03A902A8FFF7D1FCF2E7431A0308FB
S3150801500038B514461DF042FE0023A36484F84C30DB
S315080150102364237F0546012B03D104F160001DF0AB
S31508015020BBFC636B1BB100212046E26B98472846FF
S315080150301DF027FEA36D002B03DCCA2103481CF0D3
S31508015040B1FCA36D0120013BA36538BD947A030821
S315080150502DE9F04387B016460022436390F85C3089
S315080150600446884680F85420C663002B37D14FF48E
S31508015070406305686B614369092B03D905F12C0364
S31508015080443506E00BBF05F1200305F12403383545
S315080150903C3567694FF00009082F94BF002701279F
S315080150A0A26D0132A265124A0494CDE902720196F3
S315080150B0CDF80090216B04F13802A06A1CF0A7FC18
S315080150C00123CDE90399CDE9016700932A464346B1
S315080150D0E16A606A1CF081FC07B0BDE8F083012B28
S315080150E0FAD100681CF027FD256805F13C03C7E7DE
S315080150F00150010838B50546B0B1B9B1B2B1B2F53A
S31508015100006F13DC1DF0C2FD95F84C3003F0FF0467
S315080151101BB11DF0B6FD064838BD012385F84C3094
S315080151201DF0AFFD2046F7E70248F5E70248F3E729
S31508015130032000F0012000F0022000F0F0B58FB046
S315080151408A4A0B68054693420C4606AF0BD0884A35
S31508015150934208D002F58042934204D002F5804278
S31508015160934240F0DB80BC46824E05970FCEACE8F1
S315080151700F0096E80F0010368CE80F000FCE0DF1E0
S31508015180040CACE80F00002D00F0BD810026842236
S31508015190002128461CF04AFF2368744AAE659342EB
S315080151A010D0734A934200F09F8002F580429342E1
S315080151B000F0A08002F58042934200F0A1806E487B
S315080151C00FB0F0BD4FF470226C486D492B60012376
S315080151D0A44685F85C302F1DC5E90B122865BCE885
S315080151E00F000FC79CE80F0087E80F00637E012BAD
S315080151F008BF8DF81D30A37E3BB1012B00F08680D8
S31508015200022B02D0032BDAD10623227E8DF8123027
S31508015210012AE3687CD15B4A93428CBF04230523A8
S31508015220059A537700238DF81130574B5748039346
S315080152301DF03CFD2B6D98681DF038FD2369DA1FBA
S31508015240092ABCD8063B8DF81030237E2BB9E37E9C
S31508015250B3FA83F35B098DF81C30012128461CF04B
S31508015260F5FB0028ACD1237A2279760142EA03427A
S3150801527006F1A04303F57033C3F8AC24617A627969
S3150801528042EA0142C3F8A424A17AA27942EA014278
S31508015290C3F8A824E27E002A3ED1E17AE27942EAFD
S315080152A00142C3F898241D222068C3F8942401A951
S315080152B002F03EF91DF0EAFC354B1A78002A40F057
S315080152C0178101221A701DF0DCFC04F051FBFFF76F
S315080152D0A5FD002105F12400FFF728FD0146002858
S315080152E000F009812B486BE74FF4801201262A4802
S315080152F02A496BE74FF4981202262948294965E796
S315080153004FF4A0120326284828495FE704237CE7BF
S3150801531000228DF8342089E71C22C5E73E46DFF8CE
S315080153209CC0BCE80F000FC69CE8070086E807008A
S31508015330002D00F0E88000268422002128461CF072
S3150801534075FE23681A4AAE65934239D002F5804242
S31508015350934200F0B58002F5804293427FF42FAF65
S315080153604FF4B0120226134813492DE00000015BE1
S3150801537000C00850D47A0308022000F0A882030866
S3150801538001000F003F4B4C0040420F003C820308CE
S315080153906A230220092000F09C82030801001000FC
S315080153A09082030801001300848203080100140097
S315080153B000000A505482030804001600087B0308FB
S315080153C04FF48022514852492B600023A64685F89E
S315080153D05C3005F1040CC5E90B122865BEE80F001F
S315080153E0ACE80F009EE80F008CE80F00637E012BE6
S315080153F008BF8DF82630A37E43B1012B66D0022B58
S3150801540067D0032B7FF4DBAE4FF44073ADF8283039
S31508015410237E4048012B03BF00238DF825304FF426
S31508015420E133E36808931DF041FC2B6D98681DF084
S315080154303DFC23691A1F0C2A3FF6C1AE033B3946C8
S3150801544020688DF8243002F01FFFA36923F47F0337
S3150801545023F47F432BB94FF480322B6803F580532D
S315080154609A60237A2779607947EA0347637AA179AB
S3150801547040EA034094F81BC0A37A274A41EA03414C
S315080154807301BCF1000F27D11A44C2F83878C2F863
S315080154903008C2F83418E17AE27903F1A04342EA06
S315080154A0014203F57033C3F824281D22C3F82028C6
S315080154B0012128461CF0CAFA00287FF481AEF9E6D4
S315080154C04FF4A8120126154815497DE74FF40073D4
S315080154D09CE74FF4807399E71344C3F83878C3F807
S315080154E03008C3F834181C23413676019351DFE797
S315080154F01DF0C7FBEBE605F12800FFF717FC0028AE
S315080155003FF45EAEEEE607485AE600BF6C82030832
S31508015510020004003C82030800C0035060820308AD
S3150801552002001500012000F02DE9F0419846037F9D
S315080155300546012B0E4617460CD0FFF7DBFD044640
S3150801554028B943463A4631462846FFF781FD2046A3
S31508015550BDE8F081004CFAE7082000F070B5037F3A
S315080155600446012B0D4616460DD0FFF7C3FD48B973
S31508015570324629462046054BFFF76AFD20461CF0B0
S31508015580E5FAA06C70BD0248FCE700BF992C030838
S31508015590082000F0044BD3F88420D206FBD4D3F8B4
S315080155A08400C0F3811070470040005038B5104B95
S315080155B00546D3F800310C4603F00303022B0BD042
S315080155C0032B0DD0012B0FD11CF080FF032305B14E
S315080155D0286004B1236038BD1CF0CAFF0923F6E729
S315080155E01CF07AFF0823F2E701230020EFE700BF4A
S315080155F00080005038B5104B0546D3F840310C46AB
S3150801560003F00303022B0BD0032B0DD0012B0FD173
S315080156101DF028FB0A2305B1286004B1236038BDB3
S315080156201CF0A6FF0923F6E71DF01FFB0C23F2E782
S3150801563001230020EFE700BF0080005038B5104B6A
S315080156400546D3F860310C4603F00303022B0BD051
S31508015650032B0DD0012B0FD11DF004FB0A2305B135
S31508015660286004B1236038BD1CF082FF0923F6E7E0
S315080156701DF0FBFA0C23F2E701230020EFE700BF38
S315080156800080005038B5104B0546D3F840320C4619
S3150801569003F00303022B0BD0032B0DD0012B0FD1E3
S315080156A01DF0E0FA0A2305B1286004B1236038BD6C
S315080156B01CF05EFF0923F6E71DF0D7FA0C23F2E783
S315080156C001230020EFE700BF0080005038B5124BD8
S315080156D00546D3F880300C4603F00303022B0BD0A2
S315080156E0032B0DD0012B0FD11CF0B6FE0E2305B1ED
S315080156F0286004B1236038BD1CF0F2FE0723F6E7E3
S315080157001CF0A4FE0623F2E7044841F214211CF01A
S3150801571049F900231846EAE700800050247B03086C
S3150801572038B51A4B0546D3F820010C4600F0070098
S31508015730062821D8DFE800F028040C1410181C00EC
S315080157401CF084FE052305B1286004B1236038BD29
S315080157501CF0BCFE0323F6E71CF0C2FE0723F2E7A2
S315080157601CF0B0FE0223EEE71CF070FE0623EAE702
S315080157701CF0ACFE0423E6E7054841F291211CF032
S3150801578011F900231846DEE70123DCE70080005003
S31508015790247B030838B5194B0546D3F828310C463E
S315080157A003F00703013B052B20D8DFE803F00313B9
S315080157B01B0F0B171CF04AFE052305B1286004B11F
S315080157C0236038BD1CF042FE0623F6E71CF088FE6E
S315080157D00723F2E71CF07AFE0323EEE71CF076FEB8
S315080157E00423EAE71CF06EFE0223E6E7044841F2C9
S315080157F099011CF0D7F800231846DEE7008000500F
S31508015800247B030837B500230193194B0546D3F8C2
S3150801581020320C4603F00703042B1FD8DFE803F0F8
S3150801582025030F141900002101A8FFF7B3FF12235E
S315080158300DB1019A2A6004B1236003B030BD1CF092
S315080158404FFE07230190F3E71DF00CFA0A23019096
S31508015850EEE71CF08DFE09230190E9E741F25601B6
S3150801586004481CF09FF80023E2E70123E0E700BFA4
S3150801587000800050247B0308F7B50027144B0197D5
S31508015880D3F88041064604F00304022C0D4614D0D1
S31508015890032C0DD0012C14D1394601A8FFF740FF7E
S315080158A010240EB1019B336005B12C6003B0F0BD25
S315080158B01CF016FE07240190F3E71CF003FE019085
S315080158C0EFE741F2E63103481CF06CF83C46E8E79D
S315080158D000800050247B030838B5164B0546D3F8DB
S315080158E000020C4600F00700042819D8DFE800F08A
S315080158F020030B0F13001DF0B5F90A2305B1286023
S3150801590004B1236038BD1CF033FE0923F6E71DF008
S31508015910ACF90C23F2E71CF0BFFD0F23800AEDE773
S31508015920054841F2A4411CF03DF800231846E5E775
S315080159300123E3E700800050247B030838B5164BA2
S315080159400546D3F808020C4600F00700042819D8C2
S31508015950DFE800F020030B0F13001DF083F90A237B
S3150801596005B1286004B1236038BD1CF001FE092386
S31508015970F6E71DF07AF90C23F2E71CF08DFD0F23EB
S31508015980800AEDE7054841F2DC411CF00BF80023DB
S315080159901846E5E70123E3E700800050247B030866
S315080159A038B5124B0546D3F850320C4603F00303BB
S315080159B0022B0FD0032B05D0012B0FD11DF052F965
S315080159C00A2302E01DF051F90C2305B1286004B140
S315080159D0236038BD1CF0CCFD0923F6E7044841F2E3
S315080159E0C9011BF0DFFF00231846EEE700800050CF
S315080159F0247B030837B500230193184B0546D3F8D2
S31508015A0060320C4603F00703013B032B1FD8DFE87E
S31508015A1003F0020E1914002101A8FFF781FE1023D5
S31508015A200DB1019A2A6004B1236003B030BD00218B
S31508015A3001A8FFF7DFFD1123F2E71CF051FD07234B
S31508015A400190EDE71CF03EFD02230190E8E741F2E3
S31508015A50FD0103481BF0A6FF0023E1E70080005083
S31508015A60247B030837B500230193184B0546D3F861
S31508015A7094320C4603F00703013B032B1FD8DFE8DA
S31508015A8003F0020E1914002101A8FFF749FE10239D
S31508015A900DB1019A2A6004B1236003B030BD00211B
S31508015AA001A8FFF7A7FD1123F2E71CF019FD07234B
S31508015AB00190EDE71CF006FD02230190E8E741F2AB
S31508015AC0301103481BF06EFF0023E1E70080005008
S31508015AD0247B030873B500240F4B0194D3F8703265
S31508015AE0064603F00303012B0D4607D0022B11D0FE
S31508015AF041F25B1109481BF055FF04E0214601A854
S31508015B00FFF778FD11240EB1019B336005B12C60B6
S31508015B1002B070BD1524F6E700800050247B030807
S31508015B2008B5334B98424FD027D8324B984245D0C7
S31508015B3017D8314B98423ED00AD838B12F4B9842E4
S31508015B4039D041F2BB312E481BF02CFF002034E03E
S31508015B502C4B98422FD02C4B9842F2D12B4B586E96
S31508015B602BE02B4B98422CD003F5371303F5D8635A
S31508015B709842E6D1254B986F1FE0264B98422FD0C5
S31508015B800CD8254B984223D0244B984224D0244B39
S31508015B909842D6D11D4BD3F884000EE0214B98428A
S31508015BA022D003F5740303F510539842C9D1174B54
S31508015BB0D3F8980001E0154B986D08BD134B186F83
S31508015BC0FBE7124B586FF8E7104BD3F88000F4E760
S31508015BD00E4BD3F88800F0E70C4BD3F88C00ECE7B2
S31508015BE00A4BD3F89000E8E7084BD3F89400E4E7AA
S31508015BF080BA8C01405DC60080841E0040420F00B9
S31508015C00247B030800093D00C0CF6A000080E00F2D
S31508015C100024F400007E560380D54302006CDC02A2
S31508015C200048E8010090D00310B5B0F5207F2ED0CA
S31508015C3009D8B0F5007F24D003D868B1B0F5C07F84
S31508015C400AD000241BE0B0F5607FFAD1124BD3F8D5
S31508015C508040C4F3011412E00F4B1C6F230B13F0A1
S31508015C600E0FC4F303340AD0072C08D00F2C06D024
S31508015C70032C04D04FF4227108481BF093FE601CD4
S31508015C8010BD054BD3F89040C4F30464F7E7024B03
S31508015C901C6FC4F38024F2E700800050247B0308BC
S31508015CA038B54FF48032104B04469A6600200D46EB
S31508015CB0FFF7BAFF41F671320C4B6043DC69DA63D0
S31508015CC05A6804F4803422F440125DB908498842BE
S31508015CD094BF00200120000502435A600CB100223E
S31508015CE0DA6338BD0349F2E700900050000003501B
S31508015CF0005A6202002D310138B5420904460D46A3
S31508015D0006D140F235310D481BF04CFE002305E063
S31508015D10531E022B0BD80A4B03EB820304F01F0414
S31508015D2045B103F580530122A2401A6038BD40F2FD
S31508015D304331E8E703F50053F5E700BF247B030881
S31508015D406080005030B585B00021B0F5807F0446EB
S31508015D50CDE9001100F009816BD8002800F0D9803F
S31508015D60A0F12004602C74D8602C72D8DFE814F0F6
S31508015D70D100DE00D100DE00EE00EE00EE00EE00FE
S31508015D80EE00DE00F8007D000E019D007D00DE00BC
S31508015D90DE00DE0071007100710071007100710092
S31508015DA071007100DE00DE00DE00AF001801DE00C2
S31508015DB0710071007100710071007100710071004C
S31508015DC071007100710071001D01EE00D100D10052
S31508015DD0D10013017D007D00BB0022019200F30072
S31508015DE071007100710071007100C600D100710067
S31508015DF0EE00EE00EE00EE00EE00F300F300DE002A
S31508015E007100DE00DE007100710071007100710021
S31508015E1071007100710071007100710071007100EB
S31508015E2071007100710071007100710071007100DB
S31508015E30CB00B0F5E06F00F0B3803BD8B0F5607FDA
S31508015E407FD01DD8B0F5007F66D008D8B0F5C07FE1
S31508015E505FD040F2A4415C481BF0A4FD56E0B0F5C2
S31508015E60207F63D0B0F5407FF3D11CF015FB0446C3
S31508015E704FF42070FFF7D8FEB4FBF0F464085EE037
S31508015E80B0F5B06F6CD00AD8B0F5806F5ED0B0F5BA
S31508015E90A06FDED100216846FFF7B4FC36E0B0F505
S31508015EA0C06F73D0B0F5D06FD3D100216846FFF724
S31508015EB013FD2BE0B0F5186F77D00DD8B0F5086F44
S31508015EC07DD0B0F5106F66D0B0F5F06FC1D1002165
S31508015ED06846FFF7B3FB19E0B0F5286F6AD007D813
S31508015EE0B0F5206FB5D100216846FFF783FD0DE0B7
S31508015EF0B0F5406F2FD0B0F5486FAAD1002168469A
S31508015F00FFF7B0FD02E01CF0A7FA0090009805B073
S31508015F1030BD1CF0C1FAF8E71CF09EFA054620468A
S31508015F20FFF782FEB5FBF0F50095EFE71CF0B4FA32
S31508015F3004464FF42070FFF777FEB4FBF0F40094A3
S31508015F40E4E701A8FFF7C2FB019DE8E700216846DF
S31508015F50FFF7E6FBDAE700216846FFF71BFCD5E702
S31508015F6000216846FFF788FCD0E74FF0E02302914D
S31508015F701B695B0705D51CF08FFA0290029B0093FB
S31508015F80C4E703A902A8FFF735FBF7E7002168462E
S31508015F90FFF730FBBAE700216846FFF7CFFCB5E704
S31508015FA000216846FFF76EFBB0E700216846FFF758
S31508015FB0F7FCABE700216846FFF78CFDA6E76846C4
S31508015FC0FFF7F4FAA2E700BF247B030808B580208F
S31508015FD0FFF7B8FE034B98429EBF4FF48032024B3F
S31508015FE01A6708BD005A620200A000501FB5034691
S31508015FF00020B3F5807F019000F0FB8000F28B80D2
S31508016000662B7BD83C2B05D8243B092B5CD940F25F
S315080160108951DDE03D3B292BF9D801A252F823F03D
S3150801602015620108436201080F6001080F60010843
S315080160300F6001080F6001080F6001080F60010871
S315080160400F6001080F6001080F6001080F60010861
S315080160500F6001080F6001080F6001084D62010811
S31508016060E96101080F6001080F6001080F60010866
S315080160707F6101080F6001080F6001089961010835
S315080160805762010841610108396201080F60010878
S315080160900F6001080F6001080F6001080F60010811
S315080160A0B16101080F6001080F600108E961010883
S315080160B0E9610108E9610108E9610108E961010885
S315080160C03962010839620108092BA0D801A252F8E0
S315080160D023F000BFE9610108E9610108E9610108E6
S315080160E0E9610108E96101080F600108D961010840
S315080160F00F6001085F6101081F620108802B86D1C4
S31508016100574B1B6F03F00703013B032B5ED8DFE8F0
S3150801611003F05B545759B3F5F06F7BD024D8B3F528
S31508016120B06F59D011D8B3F5607F00F08180FFF4C4
S315080161306EAFB3F5806F57D0B3F5A06F7FF467AF35
S31508016140002001A9FFF75EFB4AE0B3F5D06F66D0E0
S31508016150B3F5E06F75D0B3F5C06F7FF458AF002083
S3150801616001A9FFF747FA3BE0B3F5186F6ED00BD8D4
S31508016170B3F5086F58D0B3F5106F7FF448AF002018
S3150801618001A9FFF7DBFB2BE0B3F5286F63D008D82D
S31508016190B3F5206F7FF43BAF002001A9FFF72AFC76
S315080161A01EE0B3F5406F47D0B3F5486F7FF42FAFC4
S315080161B0002001A9FFF756FC12E0052301930FE021
S315080161C00323FBE70823F9E70223F7E740F2D64161
S315080161D024481BF0E7FB03E0002001A9FFF74CFB6D
S315080161E0019805B05DF804FB002001A9FFF798FAAC
S315080161F0F6E74FF0E02302901B695B0705D51CF013
S315080162004BF90D230393039BD8E703A902A8FFF7CC
S31508016210F1F9F8E7002001A9FFF710FAE0E70020F5
S3150801622001A9FFF759FBDBE701A9FFF7BFF9D7E793
S3150801623001A9FFF74BFAD3E7002001A9FFF7AAFA4C
S31508016240CEE7002001A9FFF71DFAC9E7002001A939
S31508016250FFF7A6FBC4E7002001A9FFF73BFCBFE750
S3150801626000800050247B03084FF48032074B08490D
S31508016270586E03F580535A664B6A23F001034B6245
S31508016280C3035CBF034B5A66704700BF00800050CA
S315080162900000085000A0005038B5036804460F2BCB
S315080162A004D940F68A317C481BF07CFB63680F2BC6
S315080162B004D940F68D3178481BF074FBA3680F2B7F
S315080162C004D94FF4396174481BF06CFB237B0F2BFF
S315080162D004D940F6933170481BF064FB637B0F2B9E
S315080162E004D940F696316C481BF05CFBA37B3F2B27
S315080162F004D940F6993168481BF054FBE37B3F2BE0
S3150801630004D940F69C3164481BF04CFB2369032BE6
S3150801631004D940F69F3160481BF044FB6369032B9F
S3150801632004D940F6A2315C481BF03CFBE369032B18
S3150801633004D940F6A53158481BF034FB8020FFF7F5
S3150801634055FE032800F083804FF48012534B4FF01B
S31508016350A0615A6645F60E02514BC3F88020514A90
S3150801636091624FF4803102F5805291629A6DD2039F
S31508016370FCD4996D11F08041FBD1D4E900021205D4
S3150801638042EA0062E07B0243207B42EA0042607BEC
S3150801639042EA0032A07B42EA80121A619869D4E97E
S315080163A00452120642EA856200F000400243A07ECA
S315080163B0E57E0243207E42EA0042607E42EA0022EE
S315080163C09A611A6AE06922F00F0242EA8502364D9D
S315080163D000283DD11A6294F82420996A94F820007D
S315080163E0D200294042EA40120A4394F8211042EAAF
S315080163F0011242F480329A622C49294A936D31EA94
S315080164000303FBD14FF08071264881621369A568A1
S3150801641023F4700343EA055313614FF00043836184
S3150801642094F822300BB9224B996294F823303BB980
S315080164304FF480321E4B9A62194A936D5B00FCD465
S3150801644094F825301BB1164B1A4AC3F8802038BD7B
S31508016450024342F0080202281A6208D119614FF470
S315080164600852996114484FF47F411BF081FB0C498E
S3150801647094F822308A6A94F820001B062A4043EAD7
S315080164804013134394F8242043EAC20394F82320C3
S3150801649043EA02438B62D3E7247B0308009000504A
S315080164A00040005A0050005AC7FFFEFE03000100D3
S315080164B00060005AF1A7FFFF3440005A014B93F9D7
S315080164C000007047A924022010B543680446072B2B
S315080164D004D940F6E6512A481BF064FAA368032B4F
S315080164E004D940F6E85126481BF05CFA2378032BB9
S315080164F004D940F6EA5122481BF054FA94F90130BE
S31508016500002B04DA40F6EC511D481BF04BFA4FF408
S3150801651000011C4A637851664FF4D151022002F5F5
S31508016520B832516218494F2B48604FF0010028BF15
S315080165304F2301F5805148601169C903FCD42178BC
S3150801654043EA01235361D4E901131B0143EA0123F9
S31508016550617B0B43217B43EA41039360E37BA17B88
S315080165601B0143EA4113617C0B43217C43EA410346
S315080165705360A37C13B16FF4D153536210BD00BFAE
S31508016580247B03080090005000100250014B18802C
S31508016590704700BFA6240220014B1880704700BF30
S315080165A0A424022008B54FF48002184B5A66022328
S315080165B0174A5360936813F48033FBD1012822D11B
S315080165C01BF084FF134B984215D003F5122303F5EC
S315080165D0F863984213D0104B00EB8002400AB3FBD4
S315080165E0F0F3520A0A49CA620B6301234B6200227D
S315080165F0074B5A6008BD45F67A13084AF2E745F68D
S315080166001A03074AEEE75362F1E700BF009000500C
S315080166100040025000F0490264666666D8B8050073
S31508016620BBCF050038B5B0F5207F77D00ED8B0F5C9
S31508016630007F61D003D890B3B0F5C07F2FD04FF457
S315080166404671BDE838403D481BF0ACB9B0F5607FEE
S31508016650F5D13B4A4C1ED2F8FC5015F080751EBF89
S31508016660D2F8FC3023F08073C2F8FC30032C04D92D
S3150801667040F2F72131481BF095F9324AD2F88030B9
S3150801668023F0300343EA0413C2F8803035B12C4AAB
S31508016690D2F8FC3043F08073C2F8FC3038BD4C1E8A
S315080166A0012C0AD9102903D8274BCB40DB0704D480
S315080166B040F2CB2121481BF075F91BF068FA1BF053
S315080166C074FA4FF48031214B1E4A1967136F23F46C
S315080166D0704343EA043313671BF0DEFE0446FEF7F4
S315080166E059FFC0F1020120461BF059FA00F048F89B
S315080166F0BDE83840FFF76ABC4C1E1F2C04D94FF47D
S3150801670043710E481BF04EF90E4AD2F8903023F029
S31508016710F85343EA0463C2F89030BFE74C1E012CD4
S3150801672004D940F2123105481BF03CF9054A136FAA
S3150801673023F4806343EA84231367AFE7247B0308C2
S3150801674000ED00E0008000501001010000900050AB
S3150801675008B50121022000F04FFA4FF42070FFF727
S3150801676063FA054B18701BF012FA1BF01EFA4FF468
S315080167708032024B1A6708BD6B2302200090005035
S3150801678008B54FF4C070FFF7DDFABDE808400449C3
S31508016790884294BF012102214FF42070FFF742BFBE
S315080167A080F0FA0238B504461BF076FE0546FEF778
S315080167B0F1FEC0F1020128461BF0F1F90121002082
S315080167C000F06EFA2CB1FFF7DBFFBDE83840FFF7A2
S315080167D0FDBB034B4FF420701978FFF723FFF4E74D
S315080167E06B2302202DE9F0474FF4C022012104460C
S315080167F0944B5A66944A03F598335F6851605D680D
S3150801680015F00205FBD12268904B9A4204D840F64E
S315080168107D218F481BF0C6F822688E4B9A4204D90F
S3150801682040F67E218A481BF0BDF8A388B3F5967F0A
S3150801683004D840F6812186481BF0B4F8A388B3F53D
S31508016840805F04D340F6822181481BF0ABF8E388C8
S31508016850B3F5805F04D340F683217D481BF0A2F887
S31508016860FEF798FE012820680AD17B4B984207D982
S3150801687040F6882176481BF095F80020BDE8F08798
S31508016880764A002311461668B04202D35668B042CA
S3150801689005D90133192B02F11002F4D1002301EBBA
S315080168A00313D3E9029028B1FFF73AF900F07F0004
S315080168B049EA00098020FFF799FB052840F09880EE
S315080168C01BF065F91BF071F94FF480325D4B4FF4FB
S315080168D0C0701A67FFF7A8F90128054640F08480B9
S315080168E002214FF4C070FFF79DFE0126DFF878817B
S315080168F0D8F80C3013F0060FFAD1D8F808A0C8F862
S315080169000890D8F8083083EA090313F4F81F71D1FF
S31508016910A288E38843EA0243514AD360A368032B5A
S315080169207BD1504AD2F8003123F0030343F0010327
S31508016930C2F80031637D227D9B0143EA8203226905
S315080169404FF000081343227B43EA4203444A93600B
S315080169502068FDF7FFFD07223B4B1A610122A3F5CB
S3150801696080535A60A3F580531F6917F00707FBD0B8
S315080169708020FFF73BFB05282ED126B129464FF487
S31508016980C070FFF74FFE1BF087FD2368054683425B
S3150801699004D240F603312E481BF004F81BF056FDCD
S315080169A0A84204D240F6043129481AF0FBFF2468AC
S315080169B01BF04CFD844204D040F6053124481AF0F8
S315080169C0F1FFFEF7E7FDC0F1020128461BF0E7F8E3
S315080169D0FFF7D6FEFFF7FAFAB8F1000F7FF44DAFCD
S315080169E07B1E5842584149E7022801D1042178E71C
S315080169F000267BE740F6CF2115481AF0D3FF17F09A
S31508016A000107C8F808A01AD18020FFF7EFFA052870
S31508016A107FF433AF4FF00108AFE7092B07D1114ACD
S31508016A20D2F8003123F0030343F0020380E7082B71
S31508016A3080D10C4AD2F8003143F0030378E74FF0CE
S31508016A40010888E70090005000E001509FBB0D0047
S31508016A50247B030800B4C404005A62025C7B030861
S31508016A6000C00150008000500000015070B54E4B27
S31508016A700546984273D041D8A3F5B703A3F55863E1
S31508016A80984265D033D8494B494E984251D017D8C8
S31508016A90002877D041F2DE1146481AF083FF40F606
S31508016AA0867144481AF07EFF4FF40022404B5A661D
S31508016AB03E4B9D4276D000243F4A954236D05DE052
S31508016AC03D4B984227D03D4B9842E3D13C4BD3F8F6
S31508016AD0A040621E033224F040744CD940F68671F8
S31508016AE034481AF05FFF4FF400237366E4E7354B29
S31508016AF09842CFD1324BD3F8BC402CE0324B984266
S31508016B0031D0324B984232D0314B9842C2D12C4BBC
S31508016B10D3F8C8401FE02A4BD3F8A040621E0332BF
S31508016B2024F04074DAD84FF40023736644F0807475
S31508016B3024E0234BD3F8A040621E033224F04074AC
S31508016B402AD84FF400237366234643F0007415E0F0
S31508016B501B4BD3F8B840621E154E0332BBE7184BE0
S31508016B60D3F8C040F7E7164BD3F8CC40F3E7144BFC
S31508016B70D3F8D040EFE74FF4002373664FF0B442E1
S31508016B80946070BD40F686710A481AF00BFF4FF4FF
S31508016B9000232C467366F1E740F6867105481AF01C
S31508016BA001FFCEE70023D0E7C0EA210140420F00EA
S31508016BB000900050247B030880841E0000093D00D4
S31508016BC00080E00F0024F4000048E801005A620240
S31508016BD080BA8C01024A536B0342FCD1704700BF4D
S31508016BE000800950034A0179D36E23F030030B4321
S31508016BF0D366704700400050F8B50446244BD3F8D5
S31508016C008420D006FBD4D3F88430C3F381139C4285
S31508016C103CD01BF021FC012C05460BD11D4B98429B
S31508016C2004D940F29B711C481AF0BCFE0121284682
S31508016C301AF0B5FF1CF021F84FF00072174B074602
S31508016C405A6620461AF0B6FF4FF48063104E621E4C
S31508016C5093403367736E9A0103D4D6F884309B0642
S31508016C600AD538461CF004F8022C0FD12846BDE88F
S31508016C70F84000211AF093BFD6F884309906E9D571
S31508016C8040F2B37104481AF08DFEE3E7F8BD00BF80
S31508016C9000400050005A6202EC7C03080060005074
S31508016CA010B50C4608B91BF0D7FB074B21461B78D4
S31508016CB03BB1064B984204D80120BDE81040FFF7C6
S31508016CC09BBF0220F9E700BF6C230220005A62022B
S31508016CD038B54FF00042244B244C5A664AF6CD3358
S31508016CE0656C014605F00105236428BB0120FFF701
S31508016CF071FF6368DB0715D51D4B586008461D4BA8
S31508016D00226BD2070CD4984208D1072415B1174B28
S31508016D10194A1A641AF04FFF204638BD0130EFE7C9
S31508016D209842F2D00024F1E70132236B13F00803ED
S31508016D3005D08A42F8D1E8E700220E49F5E78A42EA
S31508016D40E3D020210A4A91620121A2F580525160BD
S31508016D500649084A886A800603D49342D5D0013386
S31508016D60F8E79342DDE700BF009000500080095024
S31508016D7000A0095040420F003254FFFF38B54FF0CA
S31508016D800042164B01465A664AF6CD33144C154A4B
S31508016D90656C236443780B205B0043F00103D363DE
S31508016DA0FFF718FF63688A7823F4F87343EA021336
S31508016DB06360CA784B7943EA0223A3600A798B791F
S31508016DC043EA022323610878FFF782FFEB0744BFF2
S31508016DD0054B23641AF0EFFE012038BD00900050E0
S31508016DE000800950004000503254FFFF70B50F284B
S31508016DF0044605D940F6746112481AF0D3FD0F24EA
S31508016E004FF00042104B11495D6E03F580535A66E7
S31508016E104AF6CD334E6C80200B64FFF7DBFE0B6A16
S31508016E2023F00F0323430B62F30744BF084B0B649C
S31508016E30002DA2BF4FF00042064B5A661AF0BBFE60
S31508016E4070BD00BFEC7C030800800050008009502B
S31508016E503254FFFF00A0005008B50E4B984211D0DE
S31508016E600D4B984210D003F5804398420ED003F596
S31508016E70804398420CD0094840F279311AF092FDC4
S31508016E80002008BD5620FCE75720FAE76520F8E7F9
S31508016E906620F6E70000015B00C00850237D030861
S31508016EA010B51AF08DFE042300F5805100F5005245
S31508016EB00B6113610B6113610B6113610B61136143
S31508016EC0202341F2020103610023C360836041610B
S31508016ED04FF4A0218361836541620549C361036259
S31508016EE08362C36243630365D164036310BD00BF54
S31508016EF0FF3F0D0338B51B4B044698420D460FD08C
S31508016F00194B98420CD003F58043984208D003F5F3
S31508016F108043984204D040F2691114481AF042FDA0
S31508016F2025B92046BDE838401AF04ABE012204F5C3
S31508016F3080535A6040F6FF71204605F00F021AF099
S31508016F403BFEA26378211AF037FE05F001036A07B2
S31508016F5048BF43F00203A26C02F003029A42FAD137
S31508016F6038BD00BF0000015B00C00850237D03083F
S31508016F70F8B505460C46164622B940F227216A4855
S31508016F801AF010FD694B9D420FD0694B9D420CD0FA
S31508016F9003F580439D4208D003F580439D4204D002
S31508016FA040F22A2160481AF0FDFC2CB92846FFF761
S31508016FB053FFFEF7C7FE0446AB68D80741D5B4426E
S31508016FC004D24FF40D7158481AF0ECFCB4FBF6F4F0
S31508016FD06F68013CFF2C07F0010704D94FF40F71C4
S31508016FE051481AF0DFFC24062FB92B6923F07F4399
S31508016FF023432B61F8BD282128461AF0DDFDAB6C29
S31508017000990718D1AB6CDA0717D4AE6C16F00206DD
S3150801701015D140F2492144481AF0C4FC28461AF011
S31508017020CFFD2B69314623F07F4323432B61BDE80E
S31508017030F840FFF75FBF0526F0E70926EEE70626C3
S31508017040ECE76B68012B04D04FF4177136481AF038
S31508017050A9FCAB6DDB07AB6848BF760003F0E0031C
S31508017060402B42D009D893B1202B1AD040F29E2149
S31508017070BDE8F8402C481AF095BC602B42D0802B0D
S31508017080F4D106EB4603A34247D801230DE0B6EB3C
S31508017090141F04D94FF4217123481AF083FC1023D5
S315080170A003E0B6EBD40F1AD8082373436401B4FB83
S315080170B0F3F4204F203CB7EBC40F4FEAC40604D2C1
S315080170C040F2A92118481AF06DFC28463E400121D4
S315080170D01AF072FD2E63BDE8F8401AF06DBD40F254
S315080170E0892111481AF05EFCDEE70623B4FBF3F3A7
S315080170F0B34201D30623D8E740F28E210A481AF093
S3150801710051FCF7E7B6EB940F01D80423CDE740F21B
S31508017110932105481AF046FCF7E74FF42671024811
S315080171201AF040FCB1E700BF237D03080000015BAC
S3150801713000C00850F8FF7F002DE9F04198464368E2
S3150801714004460E4617461BB140F6FF711AF034FD88
S315080171502046FFF7A5FEF189737B62690B43318AE5
S3150801716022F44C5222F00F020B4313436361A268C7
S3150801717096F818C0337B22F0804222F0E2024CEAEC
S315080171800303134372691343B268A3601AB9A36868
S3150801719043F00043A360F06904F58053002800F02A
S315080171A08F80857A017A6D04D4F808E045EA81551D
S315080171B08D490EEA01010D43818801F4C0410D4351
S315080171C0417845EA8105417B45EAC105817B45EA66
S315080171D00115817845EA8125A560D4F80CE0D0E946
S315080171E004152943814D0EEA05052943857941EAA6
S315080171F08521C57941EA4521E16001787C4D01295E
S315080172001ED1E16841F00401E160AC4200F0B580AD
S3150801721078498C4200F0B38001F580418C4200F038
S31508017220B08001F580418C420CBF03214FF0FF313C
S31508017230490101F1A04142F2944501F5703120E07E
S31508017240032940F08F80E16841F00401E160AC4216
S3150801725000F08D8067498C4200F08B8001F58041F2
S315080172608C4200F0888001F580418C420CBF0321D5
S315080172704FF0FF3141F29445490101F1A04101F571
S3150801728070314FF0020E41F805E0417A996219B161
S31508017290E16841F40061E160C17A59B1E16841F4FC
S315080172A00041E16052498C426DD1017B524D01F09A
S315080172B00F016967616AC07B21F0030101436162BD
S315080172C02FB197F8201000297BD001211962B8F156
S315080172D0000F35D0BCF1000F02D04FF4004199657B
S315080172E04349B8F822508C4298F8211076D0414883
S315080172F0844275D000F58040844273D000F5804001
S31508017300844213D10320112934BF4FF0010C4FF0E9
S31508017310020C3A4FB5F5006F07F800C094BF4FF05D
S31508017320010C4FF0020C364F07F800C0A06D294337
S3150801733020F4F95020F01E000143A1650121996549
S31508017340012159601AB120467168FFF711FE2046DE
S315080173503178FFF7CFFDA36CDB4313F4405FFAD115
S31508017360BDE8F081023901297FF671AF4DE70021A9
S3150801737080E701217EE702217CE7002158E7012108
S3150801738056E7022154E71B498C4206D1017B1A4D67
S3150801739001F00F01C5F880108CE71A498C4206D115
S315080173A0017B154D01F00F01C5F88C1082E71649CE
S315080173B08C4201BF017B104D01F00F01C5F89810F1
S315080173C078E7E06997F8221097F8215020F009002C
S315080173D02943014341F00101D96178E7002092E789
S315080173E0012090E702208EE7E39BBDFFFFF9F087B6
S315080173F00000015B00C00850009003507123022071
S315080174006D230220000009500040095070B5174B42
S31508017410044698420D460ED0154B98420BD003F5FB
S315080174208043984207D003F58043984203D07021E0
S3150801743010481AF0B7FA1DB972210E481AF0B2FAB5
S315080174402B7B802B03D176210A481AF0ABFA6B7B8A
S31508017450032B03D9792107481AF0A4FA00232946F0
S315080174602046BDE870401A46FFF766BE0000015B7C
S3150801747000C00850237D030870B52B4B054698427A
S315080174800C4643D119B98C2128481AF08BFA562093
S31508017490FEF7ACFD0C2807D0A0F10903012B03D98F
S315080174A0A0F11103012B3AD8637B032B03D9AD2134
S315080174B01E481AF077FA237B802B03D0AF211B488D
S315080174C01AF070FA6369B3F1804F03D0B1211748F6
S315080174D01AF068FA238A23F400539BB2B3F5805F46
S315080174E003D0B32111481AF05DFAA368013BB3F53D
S315080174F0165F03D3B5210D481AF054FA0023214625
S315080175002846BDE870401A46FFF716BE8A21074885
S315080175101AF048FA1CB98C2104481AF043FA9E213C
S3150801752002481AF03FFABFE70000015B237D030812
S31508017530F8B5934B044698420E460ED0914B9842A5
S315080175400BD003F58043984207D003F58043984250
S3150801755003D0E2218C481AF025FA1EB9E4218A489B
S315080175601AF020FA727BB3687AB1884A934203D932
S31508017570E62185481AF016FA3369D3B1DB7BC3B124
S31508017580E92181481AF00EFA13E0814A934203D998
S31508017590EC217D481AF006FA336953B11A7F42B1D4
S315080175A0B1687C4A5B7F914240F28280042B00F2EB
S315080175B082806368356923B140F6FF7120461AF067
S315080175C0FBFA2046FFF76CFC2269737BB17B22F03C
S315080175D087020B43134343F080032361002D6CD0CC
S315080175E02369297F23F0F80343EAC1132978EA7B43
S315080175F00B43297943EA4113697A43EA011343EABA
S3150801760082132361E068D5E9053720F0F0403B4352
S3150801761020F470200343287B697B43EA802343EAED
S31508017620C133E360A368F07B23F00303034343F00C
S315080176300103A3606B88A06803F4C0430343A360F6
S31508017640A368687943EA8023A360AB79EF79606A16
S315080176501B013F0203F0700307F4E06720F477206B
S3150801766020F4EE603B430343287A000300F4E0402C
S315080176700343687F000400F470200343636263696F
S31508017680307B23F00F03034363616B89A36189BBD5
S315080176900AB33B4B9C4237D03A4B9C4245D003F543
S315080176A080439C4252D003F580439C4260D012E04D
S315080176B0042B3FF67EAFF32163E7A368F27B23F041
S315080176C00303134343F00103A3606369327B23F089
S315080176D00F03134363612046D6E90112FFF748FCFD
S315080176E020463178FFF706FCA36CDB4313F4405FB1
S315080176F0FAD1F8BD224B9C420CD1AB7B264903F04B
S315080177000F034B67002AE6D02B7C234A03F00F03AD
S315080177101367E0E71B4B9C420DD1AB7B1E4903F077
S315080177200F03C1F88030002AD5D02B7C1A4A03F002
S315080177300F03D367CFE7194B9C420ED1AB7B164992
S3150801774003F00F03C1F88C30002AC4D02B7C124AEF
S3150801775003F00F03C2F88830BDE7114B9C42BAD13A
S31508017760AB7B0D4903F00F03C1F89830002AB2D05C
S315080177702B7C094A03F00F03C2F89430ABE700BF2C
S315080177800000015B00C00850237D0308002D31016C
S31508017790809698003F4B4C0000900350000009501A
S315080177A00040095070B51F2904460D46164603D9EF
S315080177B0912106481AF0F6F82EB104F580540123F2
S315080177C0AB40236070BD04F50054F8E75D7D0308FE
S315080177D038B5032804460D4605D8094B33F8103049
S315080177E0CB40DB0704D440F2854106481AF0DAF8A3
S315080177F0302301225C43044BAA401A5138BD00BF0D
S31508017800787E0308CE7D030840D0035038B5032897
S3150801781004460D4605D8094B33F81030CB40DB0733
S3150801782004D440F2564106481AF0BCF83023012226
S315080178305C43044BAA401A5138BD00BF787E030841
S31508017840CE7D030840E003502DE9F84F032807468B
S315080178500E46144698469DF828A09DF82C9005D802
S31508017860274B33F81030CB40DB0703D4BF2125481B
S315080178701AF098F886EA0403032B03D9C121214893
S315080178801AF090F8072C4FF0030506F0030625D8E1
S315080178904FEA840B05FA0BF529461B4807FA0BF242
S315080178A01AF0B7F92946194806FA0BF21AF0B1F98E
S315080178B0424621461648FFF775FF524621461548A6
S315080178C0FFF770FF0123144AA340C2F8203421466A
S315080178D04A46BDE8F84F1148FFF764BFA4F1080B03
S315080178E04FEA8B0B05FA0BF529460D4807FA0BF2F9
S315080178F01AF08FF929460B4806FA0BF2D6E700BFAC
S31508017900787E0308407E030800C4035008C4035068
S3150801791010C4035014C4035000E0035024C4035098
S3150801792004C403500CC403502DE9F041032804464E
S315080179300D461746984605D81D4B33F81030CB40EF
S31508017940DB0704D44FF4B0711A481AF02BF837B193
S3150801795029462046B8F1000F20D0FFF739FF0F213D
S31508017960072D04EB440688BFA5F108034FEA06165E
S31508017970114895BFAB009B0004360C3607FA03F293
S31508017980994030441AF045F97FB929462046B8F19D
S31508017990000F06D0BDE8F041FFF71ABFFFF736FF23
S315080179A0DDE7BDE8F041FFF731BFBDE8F08100BF73
S315080179B0787E0308407E030830C00350F8B50646B2
S315080179C00F461546002A6FD003F00304836823F493
S315080179D0407383601BF051F9B26882EA042303F409
S315080179E040735340B3601BF043F937B9B6F1B64F4C
S315080179F00DD12E20FEF7A6F90746B3689A071CD5BE
S31508017A00012C20D0022C2CD08CB9294B1CE0294BF7
S31508017A109E4201D12F20EDE7274B9E4201D16920D5
S31508017A20E8E740F22F11254819F0BCFFB3684FF477
S31508017A30B271224819F0B6FF08E0012C13D0022CC6
S31508017A40E2D11F4B00E01F4B9F42F0D91E4B1B5D35
S31508017A506B430AD140F27511BDE8F840174819F091
S31508017A60A1BF1A4BF0E71A4BEEE7A3EBC504013C9D
S31508017A703C44B4FBF3F4013C0CD540F27B110F48AE
S31508017A8019F090FF4FF4BE710C4819F08BFFB368DB
S31508017A90B461F8BDB4F5007FF4D2B3689B07F7D596
S31508017AA0002C08BF0124F3E740F21511D4E700BF03
S31508017AB080841E0000000B5000400B50807E030896
S31508017AC0002D3101404B4C00B77E0308809FD5003D
S31508017AD04054890038B5B0F1B64F04460D460FD06B
S31508017AE00C4B98420CD003F58043984208D003F515
S31508017AF08043984204D040F29511074819F052FF85
S31508017B00043425B104F580540123236038BD04F5F6
S31508017B100054F9E700000B50807E030838B5B0F130
S31508017B20B64F04460D460FD0164B98420CD003F5B6
S31508017B308043984208D003F58043984204D04FF415
S31508017B40D571114819F02EFF0023104A236404F554
S31508017B500053DA636A7804F108037AB903F58053A6
S31508017B6002221A602046D5E901122B7BFFF726FF70
S31508017B7020462978BDE83840FFF7ACBF03F5005326
S31508017B80EEE700BF00000B50807E0308FFFF1F00D1
S31508017B9070B5B0F1B64F12D0884B984225D003F58F
S31508017BA08043984223D003F58043984221D08448E4
S31508017BB040F2012119F0F6FE6FF0030070BD814B0A
S31508017BC09968C26B12F4C06F19D0910513D5FD22BD
S31508017BD05A7009221A700022026493F901100129C8
S31508017BE000D15A7093F90100E8E7774BE8E7774B3C
S31508017BF0E6E7774BE4E75605EBD5FE22E8E71C787E
S31508017C00082C00F2D680DFE814F009001F004500B1
S31508017C10530070007E009C00A700CB004C880A88A0
S31508017C20E5060AD5120A02F0060242F0F00201211F
S31508017C3019704263C1600120C0E702F0FE02A10784
S31508017C4048BF42F00102F2E7160608D5802100F581
S31508017C500052D1634FF608721A80022318E05506BE
S31508017C60E9D5402400F50052D4634A88D40604D5E0
S31508017C7002221A700B784363DDE796076AD5072255
S31508017C801A701B7901EBC3031B89012BD3D1082376
S31508017C90C360D0E71506D9D45406CCD5402400F5DF
S31508017CA00052D4634A88920754D503221A7088E78A
S31508017CB04C880A88E60643BF120A02F0060242F019
S31508017CC0F00202F0FE02650709D51C7942F00102AD
S31508017CD001EBC4010989012904BF0821C1600421F6
S31508017CE019700123C3604263A5E71406AED4520690
S31508017CF0A1D5402400F50052D4634A88560729D5F0
S31508017D0007221A7097E71A795D8801EBC20426895A
S31508017D10AE420FD800240132D2B21A715C804C8867
S31508017D206507C2D4E40702D4012A7FF64AAF0822BE
S31508017D301A7092E76268691C5980525D426306228D
S31508017D40DFE7160682D455067FF575AF402400F5A0
S31508017D500052D4630522A9E794067FF56CAF202665
S31508017D601A7900F5005401EBC2010A89456AE663EE
S31508017D705C88A24281BF4968661C5E800D55598898
S31508017D808A42D4D90424012AC46004D0013A914212
S31508017D9001D10822C2601A78092A3FF41CAF4AE7C2
S31508017DA0D2057FF548AF4FF4807100F50052D163D3
S31508017DB00FE74FF609321A800DE700BF00000B5096
S31508017DC0807E0308B4110220C0110220CC110220C2
S31508017DD0D811022038B5B0F1B64F04460D4630D158
S31508017DE021B940F26A31314819F0DCFD304B22697C
S31508017DF0D00744BF2022E2606A88910702D5298903
S31508017E00002934D0520701D52A8A82B34FF48072E9
S31508017E101A6000229D601A71C023E3606369DB055D
S31508017E2041D4202204F50053DA63224A2046DA6354
S31508017E304FF4FC6204F580531A64BDE83840FFF735
S31508017E40A7BE1D4B98421ED003F58043984211D018
S31508017E5003F5804398421ED040F26931134819F060
S31508017E60A1FD25B940F26A31104819F09BFD6FF062
S31508017E70030038BD09B1114BB9E740F26A310B4825
S31508017E8019F090FDF7E721B940F26A31074819F070
S31508017E9089FD0B4BABE721B940F26A31034819F06A
S31508017EA081FD084BA3E7636AB8E700BF807E030834
S31508017EB0B4110220FFFF1F0000000B50CC11022055
S31508017EC0C0110220D811022010B5232000F084FE2B
S31508017ED00024FF22064B21465C6520209A625C60DD
S31508017EE0FDF70AFF2146BDE810402120FDF704BF32
S31508017EF00000045038B5072804460D4603DD7721EE
S31508017F00084819F04FFD1F2C03D99121064819F08D
S31508017F1049FD064A064B002D08BF13460122A24019
S31508017F201A6038BDBB7E03085D7D03084010045006
S31508017F304020045010B5044618B991211F4819F07C
S31508017F4031FD23781B0613F0604F03D092211B489D
S31508017F5019F028FDE3780F2B03D99521174819F055
S31508017F6021FD01212020FDF7C7FE01212120FDF772
S31508017F70C3FE0122124B23205A60227812069A6008
S31508017F806178A27842EA01429A61FF229A62002246
S31508017F909A631A644FF000425A654FF0FF3203F5AF
S31508017FA000531A6500F09EFE2320E17800F0A8FE32
S31508017FB0BDE81040232000F02DBE00BFBB7E03089C
S31508017FC000000450F8B50126C3B2072805460C4639
S31508017FD0174606FA03F603DDDE21344819F0E2FCFA
S31508017FE01CB9DF21314819F0DDFC236823F47C1321
S31508017FF023F00F031BB1E2212C4819F0D3FCA37A15
S315080180001B0413F47C0F03D0E721284819F0CAFC96
S31508018010E37A1B0513F07E6F03D0E921234819F093
S31508018020C1FC237B5B0513F0FE5F03D0EB211F48E0
S3150801803019F0B8FC1E4B27F003071E65AB00226832
S3150801804003F1A04303F588235A60302202FB05F0A9
S31508018050637B00F1A04000F580200366E37AA27AEB
S315080180601B0543EA0243227B43EA4253C36507677A
S315080180701AF00CFE0F4B227A5E6502B11E64627A13
S3150801808002B19E632279A37943EA0243084A9361BE
S315080180906179E37943EA014306498B61064B5663E5
S315080180A09E64BDE8F8401AF0ECBD00BFBB7E03082C
S315080180B000200450001004500000045010B501249B
S315080180C0C3B2072804FA03F404DD40F27B1107481A
S315080180D019F068FC1AF0DAFD054B5A6D22EA04021A
S315080180E05A659C62BDE810401AF0CBBDBB7E0308F9
S315080180F00000045010B50124C3B2072804FA03F49A
S3150801810004DD40F299110A4819F04CFC1AF0BEFD3B
S31508018110084BDA6A224208D15B6B9C430CBF0124E7
S3150801812000241AF0AEFD204610BD0024F9E700BF71
S31508018130BB7E03080000045070B50125C3B20728A9
S31508018140044605FA03F504DD4FF4E071094819F010
S3150801815029FC1AF09BFD3022074B5E6B02FB0433A8
S315080181605C6E1AF08EFD35420ABFC4F30A10002070
S31508018170013070BDBB7E0308000004500D4B9842C8
S3150801818008D1A3F5D023C3F85812802300F58050EF
S31508018190C3657047084B984204D1A3F5D823C3F8A1
S315080181A07412F2E7054B984204BFA3F5E023C3F81E
S315080181B09012EAE700000A5000400A5000800A506F
S315080181C070B506460C46154622B940F2A6210C485A
S315080181D019F0E8FB24B94FF42070FDF7B3FD044606
S315080181E06D00013CB4FBF5F4064B250213EA0423A2
S315080181F004D040F2CB21024819F0D4FBF56170BDD9
S31508018200F37E0308070080FF10B51B4B044698420E
S315080182100CD003F58043984208D003F58043984271
S3150801822004D040F25E41154819F0BCFB012204F561
S3150801823080535A6040F6AA6341F20502636100233E
S315080182400F49A360E365E26004F500522361E36127
S31508018250E36491640849A3658C4203D1236500232D
S31508018260636506E007498C42F8D001F580418C42E6
S31508018270F4D00123536010BD00000A50F37E0308B1
S31508018280FFFF010000400A5038B5294B04469842C1
S315080182900D460CD003F58043984208D003F5804378
S315080182A0984204D040F28131224819F07BFB2046DE
S315080182B0FFF7AAFF012204F580535A602B8AA268A8
S315080182C043F001031343AA7B43EA8223A360A3680D
S315080182D02A7D43EA4273A360AB7C1BB12046E97C45
S315080182E0FFF74CFFD5E901122B7B204643F4805357
S315080182F0E360FFF765FF6B7B0BB1102363616B7D51
S315080183001BB1A36843F48033A360AB7D1BB1A3689B
S3150801831043F40043A360EB7D2A7E1B07120503F095
S31508018320E04302F4E0021343A3652B78636138BD89
S3150801833000000A50F37E030810B5044620B940F23E
S315080183403A21124819F02EFB23782BB1012B17D0AD
S31508018350022B18D0032B05D140F2FF736278D34064
S31508018360DB0704D440F23D21084819F01BFB012222
S31508018370637821789A4030235943054B5A5010BDEA
S3150801838040F2FF13EAE743F6FF73E7E72C7F03089A
S3150801839040E00350034BD3F82424D3F820041040BB
S315080183A0704700BF00C0035010B5044620B94FF40A
S315080183B049711C4819F0F6FA23782BB96078053803
S315080183C018BF4FF0FF3010BD012B08D16378012B80
S315080183D01CD0032B14BF4FF0FF300420F3E7022B08
S315080183E009D16378A3B1052B14D0072B14BF4FF01D
S315080183F0FF300820E7E7032B0ED16378022B0ED056
S31508018400052B14BF4FF0FF300A20DCE70320DAE71B
S315080184100620D8E70720D6E74FF0FF30D3E7092033
S31508018420D1E700BF2C7F0308064BDA6E02F0300253
S31508018430202A06D0DA6E22F0300208B142F0100284
S31508018440DA667047004000502DE9F041037804468A
S315080184500D4616462BB1012B21D0022B22D0032B18
S3150801846005D140F2FF736278D340DB0703D45D215F
S31508018470284819F097FA284BD3F810331BB1602115
S31508018480244819F08FFA0F2D0FD8DFE805F03A3591
S31508018490353535353535353535353535353540F2B5
S315080184A0FF13E0E743F6FF73DDE7B421194819F036
S315080184B079FA4FF00008204606B31AF0C3F80F21DF
S315080184C067782378072F03EB430388BF083F4FEAF2
S315080184D00313124895BFBF00BF0004330C3308FAD3
S315080184E007F2B940184419F0A3FB85B9204656B1DD
S315080184F0BDE8F0411AF0A6B8A846DCE7FFF71CFF6D
S31508018500DDE7A846DBE7BDE8F041FFF715BFBDE8A3
S31508018510F08100BFA77F030800C0035030C0035095
S315080185202DE9F047037806460C4615462BB1012B73
S315080185304FD0022B50D0032B05D140F2FF7372782E
S31508018540D340DA0704D44FF49C714C4819F02AFA3F
S31508018550022D06D9042D04D040F23911474819F0E5
S3150801856021FA474FD7F8103323B14FF49D71434889
S3150801857019F018FA002C32DB73786340032B04D9FF
S315080185804FF49F713D4819F00DFA0127072C05F0A4
S3150801859005094FF00308327805F0060507FA04F7CE
S315080185A029DC4FEA840A08FA0AF84146354802FAEC
S315080185B00AF219F03DFB7278414602F0030232488D
S315080185C002FA0AF219F034FBB9F1000F3AD12F4B2E
S315080185D039E040F2FF13B2E743F6FF73AFE7631CD6
S315080185E006D1D7F82414707819F031FB041ECCDAB9
S315080185F02046BDE8F087A4F1080A4FEA8A0A08FA74
S315080186000AF84146224802FA0AF219F011FB727871
S31508018610414602F003021F4802FA0AF219F008FB62
S31508018620B9F1000F14D01F2C0CDD74211A4819F06A
S31508018630B9F91A4BC3F8107495B97421164819F08B
S31508018640B1F903E0154BC3F810746DB90F4B0CE083
S315080186501F2CBCDD7421104819F0A4F90B4BE9E76E
S3150801866074210D4819F09EF90C4BC3F814740123B3
S31508018670064AA340C2F82034BAE700BFA77F030819
S3150801868000C0035000C4035008C4035000E003505F
S3150801869004C403500CC40350E87F030800D00350F8
S315080186A070B5154E054630420C4604D040F2891184
S315080186B0124819F077F9344204D04FF4C5710F48BE
S315080186C019F070F90E4B2C40D3F83024012022EA18
S315080186D00502C3F83024D3F830241443C3F83044D0
S315080186E0D3F82C242A43C3F82C24FFF79DFE054B07
S315080186F0C3F8205470BD00BFFFFF00F0A77F030831
S3150801870000C0035000E00350F8B5037805460F464C
S3150801871016462BB1012B21D0022B22D0032B05D1D2
S3150801872040F2FF736A78D340D80704D440F29B110C
S31508018730184819F037F9184BD3F8103323B14FF409
S31508018740CE71144819F02EF92846FFF72DFE791C2B
S31508018750044609D1421C0BD12046F8BD40F2FF134D
S31508018760E0E743F6FF73DDE7431CF5D0B8420ED1C7
S315080187702846032186F00102FFF766FE012004F16F
S31508018780100306FA03F19840FFF78AFFE4E74FF072
S31508018790FF34E1E7A77F030800C00350054B9A6839
S315080187A09107FCD45A689207F9D4DA69002AF6D1F6
S315080187B0704700BF00C00A5010B5074C6368DB0755
S315080187C004D44FF49F71054819F0ECF819F068FFC5
S315080187D00223236110BD00BF00C00A50628003084E
S315080187E008B5FFF7DBFF0122024B03F580514A600A
S315080187F01A6108BD00C00A5010B5044B5C68012C0B
S3150801880003D1FFF7D9FF024B5C6010BD00C00A50C7
S3150801881000E00A5038B5074DFFF7C0FF6B680446FC
S31508018820012B03D1FFF7E8FFFFF7B8FF2378EB60C9
S3150801883038BD00BF00C00A5038B505460C4619F0C8
S3150801884039FFBDB96268237812B1127843EAC203C7
S31508018850627843EA4203A26812B1127843EA8213A4
S31508018860E27843EA8203226912B1127843EA422383
S31508018870014A936438BD00BF00C00A5030B58BB0B9
S31508018880AA481AF013FA20B14FF44E71A84819F004
S3150801889089F86C46A74D0FCD0FC42B68A64A2360ED
S315080188A0FF238DF80130D2F84C3113F4802340F0C0
S315080188B03081D2F850218DF801309DF801306C468F
S315080188C0FF2B08BF3F2368469C4D8DF80130FDF705
S315080188D0FBFD3220FDF75AFE0FCD0FC40FCD0FC495
S315080188E095E8030084E80300934BD3F84C21100361
S315080188F040F1F380A3F5FE431C88B4F5807F28BFB9
S315080189008C248DF81940FDF7D9FD044484F3080435
S315080189108B488DF81840FBF723FE6846FDF7BCFC2B
S315080189203220FDF739FE874A874B0321CDE900231B
S315080189300023CDE9021301238020CDE90433FDF795
S3150801894055FB0528044606D1804A136F23F0070311
S3150801895043F0010313677E481AF0A8F920B14FF4D2
S31508018960CE71734819F01EF86846FDF73BFF052CD2
S3150801897006D1764A136F23F0070343F00203136700
S3150801898020B94FF4D3716A4819F00CF87148FEF70B
S315080189906DF871481AF08AF920B140F2CB11644892
S315080189A019F000F8694C0020FDF7FCFDFDF7D0FE33
S315080189B0236F002023F0070343F002032367FDF723
S315080189C0F1FE236F654923F4744343F480632367F7
S315080189D0634BD3F8FC2012F0807240F08280D4F801
S315080189E0803023F0030343F00103C4F88030C1F853
S315080189F08020564CD4F8203123F0070343F00103B5
S31508018A00C4F82031D4F8283123F0070343F00103D1
S31508018A10C4F82831D4F8803123F0030343F0010365
S31508018A20C4F88031D4F8403123F0030343F002033C
S31508018A30C4F84031D4F8603123F0030343F002034C
S31508018A40C4F86031D4F8403223F0030343F002033B
S31508018A50C4F84032D4F8003223F0070343F0020386
S31508018A60C4F80032D4F8083223F0070343F00203AE
S31508018A70C4F80832D4F8503223F0030343F0020352
S31508018A80C4F85032D4F8703223F0030343F00103DB
S31508018A90C4F87032D4F8203223F0070343F00103F7
S31508018AA0C4F82032FDF7E0FB4FF0E02200201369FD
S31508018AB043F004031361D4F8603223F0070343F04B
S31508018AC00103C4F86032D4F8943223F0070343F063
S31508018AD00103C4F894320BB030BDD3F85041E4B267
S31508018AE00FE7D3F8FC2022F08072C3F8FC20D4F8F3
S31508018AF0802022F0030242F00102C4F880200022FD
S31508018B00C1F88020D3F8FC2042F08072C3F8FC201B
S31508018B106FE74FF07E6393F89C2093F99C30002B06
S31508018B20FFF6CBAE8DF80120C7E600BF2882030801
S31508018B307A810308D88103080080E00FEC810308D5
S31508018B40C0175302802FA604FF0E7F07008000502E
S31508018B5050820308C0EA21012C82030800900050C4
S31508018B6000ED00E007B5094B18689A889B790090D3
S31508018B706846ADF804208DF80630FEF7FFF80C209C
S31508018B80FEF734F9002003B05DF804FB14820308EC
S31508018B9013B50024064A6846536F43F00103536729
S31508018BA000948DF80440FEF71DF8204602B010BD6A
S31508018BB0004000500028ABBF00F16040054B00F5AE
S31508018BC0614000F00F00ACBF90F80003185C000983
S31508018BD0704700BF14ED00E010B55D2804460DD8B6
S31508018BE001220A49630904F01F04A240203341F80F
S31508018BF02320BFF34F8FBFF36F8F10BD40F22511AE
S31508018C00034818F0CFFE002CF7DBE9E700E100E0A6
S31508018C10B482030810B55D28044608D80123610902
S31508018C20074A04F01F04A34042F8213010BD4FF44F
S31508018C309871044818F0B6FE002CF7DBEEE700BF82
S31508018C4000E100E0B482030810B55C28044604D9A3
S31508018C5040F23B11064818F0A5FE064B621153F87F
S31508018C60220004F01F04E040C04300F0010010BDDB
S31508018C70B482030800E100E010B500F10C03682B8B
S31508018C80044604D940F24B11144818F08BFEEFF351
S31508018C901083DB0702D50122104610BD2046FFF7D7
S31508018CA0D3FF02460028F6D160B2FFF783FF0146DB
S31508018CB0EFF3118313B1B0EB131FECD2084B5B68CA
S31508018CC0C3F30803002BE7D0103B58B2FFF772FF36
S31508018CD0814234BF00220122DEE700BFB4820308C5
S31508018CE000ED00E0002808DB01224309034900F0F2
S31508018CF01F008240603341F82320704700E100E0FD
S31508018D0038B500F110036D2B04460D4604D94FF40E
S31508018D10EF710E4818F046FE0F2D04D940F2DF1107
S31508018D200A4818F03FFE60B20028ACBF00F1604067
S31508018D30074B4FEA0515EDB2ABBF00F5614000F0F0
S31508018D400F0080F800531D5438BD00BFB4820308D4
S31508018D5014ED00E010B519F099FF0A4B1A786AB9B3
S31508018D6001226FF004041A7019F08BFF20460521C1
S31508018D700134FFF7C5FF5D2CF8D110BDBDE81040E1
S31508018D8019F07FBF7523022010B5044619F075FF47
S31508018D90024B1C6019F06CFF002010BDE411022083
S31508018DA010B519F06AFF034B1C6819F061FF2046DC
S31508018DB010BD00BFE41102202DE9F0438FB01D4616
S31508018DC0136881461F6891F831308846144606AE05
S31508018DD01BB3DFF828C2BCE80F000FC69CE80F00DA
S31508018DE086E80F0018220021684619F01FF9A368C2
S31508018DF00893237B012B13D0022B14D01BB1D92145
S31508018E00774818F0CFFD0023ADF82630637B032B96
S31508018E101FD8DFE803F00B25221BDFF8E4C1DAE7E8
S31508018E204FF40073F0E74FF44073EDE70023ADF814
S31508018E30283001238DF80630A37BCDF834D0042BD6
S31508018E4011D8DFE803F01415151514004FF4405333
S31508018E50EDE7EB21624818F0A5FD4FF48053E6E7EC
S31508018E604FF40053E3E7FE215D4818F09BFD00230C
S31508018E708DF800305B4AD8F8383029461A605A4AC4
S31508018E8048465A6000229A60584ADA60424600F01B
S31508018E9069FC0646002840F09B8023695448C5F8BA
S31508018EA0A430237E85F8AB30E37D85F8AA30A37D0F
S31508018EB085F8A930637D85F8A830A37E85F8AD309D
S31508018EC0637E85F8AC30237F85F8AF30E37E85F87D
S31508018ED0AE302368C5F8A03019F0E8FE0123042254
S31508018EE0A17D607DFEF720FD0123217E0222E07D22
S31508018EF0FEF71AFD85F8B060206919F0D7FE98F8D3
S31508018F003130384606A9002B66D0FEF77FFA95F868
S31508018F10B03043F0040385F8B0301421227D354B77
S31508018F2003EB4210C0F8941494F816C0617D2532FB
S31508018F3041EA0C41C0F8AC14207EE17D03EB4213F3
S31508018F4041EA00415960A37B03F0FD03012B0BD1D4
S31508018F5095F8B030022243F0010385F8B030A17EBE
S31508018F600023607EFEF7E0FCA37B023B012B0BD8B6
S31508018F7095F8B030042243F0020385F8B030217F1A
S31508018F800023E07EFEF7D0FC95F8B030DB0717D555
S31508018F90A17E627E237D42EA014241F29C415B0148
S31508018FA003F1A04303F570335A5041F2944202216A
S31508018FB09950217FE27E03F5A55342EA01421A60E0
S31508018FC00D4A07F5005305213846DA64FDF792FF85
S31508018FD030460FB0BDE8F083FEF74EFA9DE700BFB5
S31508018FE015830308E11C0308731D0308F71C03080E
S31508018FF03C82030800C00350FF3F0D036483030846
S315080190008483030840F24221014818F0CBBC00BF13
S315080190101583030810B50020144618F038FE0228F7
S3150801902004D018B1C321024818F0BCFC204610BD73
S31508019030A48303083021037D02464B4303F1A04371
S3150801904003F58023D86E07491B6F884208D113F0B0
S31508019050020006D0106A136D1B1A58425841704710
S31508019060002070477623022037B53023007D0DF1A5
S315080190700701434303F1A04303F58023DD6E1C6F0B
S3150801908019F09CFA20B140F2F931084818F08AFC27
S315080190909DF8070040B9064B9D4203D184F00204AE
S315080190A0C4F3400003B030BD0120FBE7FA8303088F
S315080190B07623022037B504460DF10701007D19F024
S315080190C07DFA20B140F24441114818F06BFC9DF835
S315080190D00730A3B1256DD4E9122313449D4201D863
S315080190E0AA4204D940F24F41094818F05BFCD4E979
S315080190F0120303449D4218BF284603B030BD3022EF
S31508019100237D534303F1A04303F58023DD6EE2E794
S31508019110FA8303082DE9F743D0E9043404F17C07FF
S31508019120D0F80C90013B06461022002138469DB224
S31508019130D4F8748018F07AFF104BC5F30A0543EA90
S315080191400513C4E91F39012394F8780084F88C3093
S31508019150C4F884803A460A4B009604F16401FBF789
S3150801916091FE38B140F28D31064803B0BDE8F043AF
S3150801917018F018BC03B0BDE8F08300BF000010303A
S31508019180FD920108FA8303082DE9F04385B000F141
S315080191903806044610220021304618F047FF4FF4DE
S315080191A04473534D207DC4E90F556387FBF790FE41
S315080191B020B140F2CA514F4818F0F4FB10220021A1
S315080191C0304618F033FF4FF4447363873023207D0C
S315080191D0C4E90F55434303F1A04303F58023DB6E2E
S315080191E0AB420BD1FBF794FE002876D040F2D3515F
S315080191F0404805B0BDE8F04318F0D4BB0DF10B01AA
S3150801920019F0DCF920B140F2D9513A4818F0CAFBF5
S315080192109DF80B30002B63D12046FFF74BFF03A9BE
S315080192200746207D19F0ECF920B140F2E1513148A9
S3150801923018F0B8FB039B002B04DC40F2E3512D48E0
S3150801924018F0B0FB039B04F11808013B102200211A
S3150801925040469DB2D4F8109018F0E8FE3022237DDE
S31508019260C5F30A0553432D0145F04075C4E906596E
S3150801927003F1A043276203F580231A6F94F824109B
S31508019280520862F3410184F82410196F94F82420D6
S3150801929028F0030861F3000284F824201B6F626A30
S315080192A09B0863F39F0248F00203626263640094B9
S315080192B032462146104B207DFBF7E4FD20B140F2F2
S315080192C004610C4818F06EFB207DFBF721FE20B1E6
S315080192D04FF4C161074818F065FB05B0BDE8F08396
S315080192E094F844306FF3410384F84430DFE700BF54
S315080192F076230220FA830308C31D030838B5556986
S31508019300144695F88C3023B940F26A310A4818F0A8
S3150801931049FB002305F1900085F88C30FBF742F9EB
S3150801932008B1FFF7F7FE63681BB100212046A26862
S315080193309847002038BD00BFFA83030838B50446AC
S31508019340007DFBF7C5FD20B140F22D41084818F014
S3150801935029FB2046FFF76EFE0546207DFBF7D8FD63
S3150801936020B140F23241024818F01CFB284638BDAC
S31508019370FA8303082DE9F04F8DB099460023044678
S3150801938008910692C9F80030D9F80060069B9D1B22
S3150801939000F0C580089B9E1900F0C1802046FFF7A2
S315080193A0CDFF8046002840F0BA802046FFF782FEAE
S315080193B0226D904240F2BC80801A854228BF05463C
S315080193C094F896A0BAF1000F00F0F28019F05EFC4D
S315080193D0236D079020460993FFF746FE2F46099B02
S315080193E0834658198342D4F8981040F0BC80D4E9D2
S315080193F0122313448B4208BFC4F89820D4F8981056
S315080194008A4201D88B4204D840F242518A4818F060
S31508019410C9FA079819F035FCDA46207DFBF758FD9D
S3150801942020B140F28241844818F0BCFA207D0DF142
S315080194302F0119F0C3F820B140F286417E4818F091
S31508019440B1FA2046FFF736FE236D834698429DF80A
S315080194502F3040F2BC8023B140F28E41764818F095
S31508019460A1FAA26C236DAEB2934240F0A88009938B
S3150801947004F128082369102200214046079318F0B1
S31508019480D5FD3021079B013EE362099BC6F30A0617
S315080194902363237D36014B4328F0030803F1A043D8
S315080194A046F0407648F0020203F58023A6621A6761
S315080194B0236DD4E912122B440A44934208BF0B4682
S315080194C09342236504D340F2DE415B4818F06AFAF9
S315080194D0236D9B4505D10123204684F85430FFF7B7
S315080194E053FE207DFBF714FD20B140F2F7415248A7
S315080194F018F058FA94F896303BB1BAF1000F04D037
S31508019500236E112120465B689847D9F8003037B198
S31508019510069A3B449342C9F80030FFF435AFD9F8AF
S315080195200030002B14BF00201B200DB0BDE8F08FC2
S31508019530D4E912310B449A4204D340F26A413E48B7
S3150801954018F030FAD4E912321344226D9B1A9D425F
S3150801955028BF1D46002D7FF433AF40F21651364819
S3150801956018F020FA2CE701335A1E914210D1C4F89B
S31508019570983013F8012C112A01D0132A14D1013F6E
S31508019580A2F111014A424A41D04684F89C2029E7B2
S3150801959013F8012C02F0FD01112906D1013FB8F19A
S315080195A0000F3FF41FAFEBE7D04606F8012B19E78A
S315080195B02A463046216D18F049FD2F462DE7238DA1
S315080195C0C3F30A12164466F30E13238570E7207D4A
S315080195D093B93023584300F1A04000F58020426E2C
S315080195E0436EC2F30A1223F4FF432A4423F070039D
S315080195F043EA021343665BE7104B04940393002383
S31508019600CDE90153012300935A462369216818F0CD
S31508019610FEF920B140F2CB41074818F0C3F93022D0
S31508019620237D534303F1A04303F580235A6E22F4A5
S3150801963080125A663CE700BFFA830308C31D030874
S315080196402DE9F84F90F8943004460D46002B40F06A
S31508019650858090F89580DFF808918E18B54223D059
S3150801966094F896306BB12046FFF768FEF8B1D4F846
S315080196709820236D9A4204D040F2CD21484618F02D
S3150801968091F994F89C30002BE8D0236E2F462A785E
S315080196905B68B8F1000F59D1236E20465B683978AB
S315080196A0013598470028D9D00020BDE8F88F19F070
S315080196B0EDFA0746207DFBF70BFC20B140F2D321DA
S315080196C0274818F06FF92046FFF7F4FCA26C00F161
S315080196D0FF3A924538BFE36C207D3CBF03F1FF3367
S315080196E002EB030A94F854B0FBF712FC20B140F2DE
S315080196F0DF211B4818F056F9D4F89810BBF1000F72
S3150801970022D0236D8B4204D04FF43971144818F0D6
S3150801971049F9384619F0B5FAB3E7A26C9A4202D963
S31508019720E36C013B134499420BD013F80129112A22
S3150801973001D0132AF1D1A2F111035A425A4184F8F0
S315080197409C20C4F898A0E4E75346ECE70A2AA3D17B
S315080197500D212046984700289ED0A5E70E20A4E7AC
S31508019760FA830308F0B589B00C4615460646A022C9
S315080197700021204618F05AFC2746AC46BCE80F00E3
S315080197800FC7DCF8003005F1140C3B6004F16407DF
S31508019790BCE80F000FC7DCF80030EA6A3B60AB6A29
S315080197A0C4E9132395F83020A36484F8952095F825
S315080197B03320C4F89830012384F8962084F89C3025
S315080197C084F85430AB6B2366324B34607360324B8A
S315080197D0B360324BF360324B7361324BB361324B38
S315080197E03361FBF71BFB10B1304B98420FD10021B7
S315080197F007A8FBF79BFA014648B9079B07A82375F3
S31508019800FBF794FA0346207D23B1FBF7E1FA102012
S3150801981009B0F0BD079B84F87830FBF759FB00289F
S31508019820F5D1234B0494CDE90203E36C019301239B
S3150801983000932369A26C2168207D18F0E8F80028B6
S31508019840E5D13022237D4FF48011534342F264025D
S3150801985003F1A04303F580239950AB6B93F91000EC
S31508019860FFF740FAAB6B93F91000FFF7D3F904F150
S31508019870900018F098F83046FFF786FA2046FFF769
S3150801988083FC207DFBF744FB003818BF012000014B
S31508019890BEE700BF41960108331E03087593010808
S315080198A0B71D0308BD1D0308B5980108038000F01C
S315080198B0C31D030870B50568044695F89460002E23
S315080198C03BD118F0D9FAFFF76BFA844202D1304638
S315080198D0FFF75AFA2B6E93F91000FFF703FA2B6E6E
S315080198E093F91000FFF778F9287D18F047FE20B1A3
S315080198F040F29721144818F055F8287DFBF768FAC5
S3150801990020B140F29B21104818F04CF8FBF73EFABB
S3150801991038B10E4B984204D040F29F210A4818F0FC
S3150801992041F80023C4E90033C4E90533E3602B6E2B
S315080199302846BDE87040DB68184740F266210248B0
S3150801994018F030F80F2070BDFA830308058000F07F
S315080199500346054A0549106803448B428CBF4FF0FC
S31508019960FF301360704700BF44240220000008201E
S3150801997070B519F08BF9144E05463478FCB9134BBA
S315080199801C60134B1C60134B1C6000F047F8012048
S3150801999019F022FA19F008F90F4B0246186020B996
S315080199A0284619F06EF9232070BD234640F2E731A7
S315080199B00A4800F001F90A4B18600123337028465A
S315080199C019F05FF90020EFE779230220F011022050
S315080199D0EC110220F8110220F411022018FCFFFFF5
S315080199E0E811022000B58DB001238DF80F3019F06A
S315080199F01DF800230146CDE90033074A0DF10F038F
S31508019A0004A819F0C1F918B99DF80F30002BFBD13C
S31508019A100DB05DF804FB00BF832D030810B586B0B1
S31508019A2000241422214601A88DF8004018F0FEFAF8
S31508019A30012313488DF8043019F038F9BFF34F8F15
S31508019A406846FEF7E7FE204601A98DF80440FEF7B1
S31508019A50F3FE20460F2118F04DFE0F21204618F07F
S31508019A6057FEFEF7BDFE18F01BFE064B53209C6100
S31508019A70FFF738F95320FFF7CDF806B010BD00BF40
S31508019A802882030800C00A5010B5044618F004FDE0
S31508019A904FF47A729042B0FBF2F105D23621BDE855
S31508019AA010400C4817F07EBF0B4BB3FBF1F30B4983
S31508019AB0884201D93C21F2E702FB04F0B0FBF3F03E
S31508019AC0022806D9BDE810400323B0FBF3F0E6F7F8
S31508019AD077BB10BD9184030840420F00E7CD9A3B3E
S31508019AE070B50024094D05F110063019103418F027
S31508019AF00FFAB4F5A07FF8D10023054AC5F850310D
S31508019B0004490248BDE8704018F09BBA00100020CD
S31508019B107C2302204D1F03087BB972B90029BEBFF9
S31508019B2000204FF0004106E008BF00281CBF6FF077
S31508019B3000414FF0FF3000F0CDB9ADF1080C6DE9E9
S31508019B4004CE002909DB002B1ADB00F04DF8DDF8FD
S31508019B5004E0DDE9022304B07047404261EB4101AC
S31508019B60002B1BDB00F040F8DDF804E0DDE90223F9
S31508019B7004B0404261EB4101524263EB4303704733
S31508019B80524263EB430300F02FF8DDF804E0DDE908
S31508019B90022304B0404261EB41017047524263EB34
S31508019BA0430300F021F8DDF804E0DDE9022304B0FF
S31508019BB0524263EB4303704753B94AB9002908BFB8
S31508019BC000281CBF4FF0FF314FF0FF3000F082B97B
S31508019BD0ADF1080C6DE904CE00F006F8DDF804E0F5
S31508019BE0DDE9022304B070472DE9F04F099D0C46C3
S31508019BF0002B4DD18A420F4684469646B2FA82F325
S31508019C0060D94BB102FA03FEC3F120029F4000FA64
S31508019C1003FC20FA02F217434FEA1E461FFA8EF496
S31508019C204FEA1C42B7FBF6F106FB117701FB04F07C
S31508019C3042EA0742904208D91EEB020201F1FF37B8
S31508019C4002D2904200F231813946121A1FFA8CFC6F
S31508019C50B2FBF6F006FB102200FB04F44CEA024CB8
S31508019C60644508D91EEB0C0C00F1FF3202D264459B
S31508019C7000F21E81104640EA0140ACEB040C0021BB
S31508019C8025B12CFA03F30022C5E90032BDE8F08FAD
S31508019C908B4205D90DB1C5E9000100210846F5E752
S31508019CA0B3FA83F100294DD1A342C0F0F380904263
S31508019CB080F0F080064623460846002DE6D0C5E921
S31508019CC00063E3E7002B40F0A3808A1A4FEA1E4798
S31508019CD01FFA8EF60121B2FBF7F407FB14204FEAAF
S31508019CE01C4242EA004206FB04F090420FD91EEBE1
S31508019CF0020204F1FF382CBF4FF001094FF00009A9
S31508019D00904203D9B9F1000F00F0CC804446121AEB
S31508019D101FFA8CFCB2FBF7F007FB102200FB06F6D4
S31508019D204CEA024C664508D91EEB0C0C00F1FF32D1
S31508019D3002D2664500F2B3801046ACEB060C40EA47
S31508019D4004409DE7C1F120068B4004FA01FE22FA80
S31508019D5006F720FA06FCF4408A401F434EEA0C0334
S31508019D6000FA01FE4FEA17484FEA13491FFA87FC22
S31508019D70B4FBF8F008FB104449EA044400FB0CF96B
S31508019D80A1450ED93C1900F1FF3A2CBF4FF0010B42
S31508019D904FF0000BA14503D9BBF1000F00F08B80F2
S31508019DA05046A4EB09041FFA83F9B4FBF8F308FB40
S31508019DB0134403FB0CFC49EA0444A44506D93C199F
S31508019DC003F1FF3801D2A4457BD8434643EA004054
S31508019DD0A4EB0C04A0FB02984445CC46434602D3A7
S31508019DE006D1CE4504D20138B9EB020C68EB07035C
S31508019DF0002D6CD0BEEB0C0264EB030422FA01F3CE
S31508019E0004FA06F6CC4000211E43C5E900643DE785
S31508019E1002FA03FEC3F1200104FA03F200FA03FC75
S31508019E20CC404FEA1E4720FA01F11FFA8EF6B4FB21
S31508019E30F7F00A4307FB1044110C41EA044100FB01
S31508019E4006F48C420ED91EEB010100F1FF382CBF36
S31508019E504FF001094FF000098C4202D9B9F1000F00
S31508019E602CD04046091B92B2B1FBF7F407FB14113B
S31508019E7042EA014204FB06F1914207D91EEB0202AE
S31508019E8004F1FF3801D291421ED84446521A44EAD7
S31508019E90004120E7861A64EB030301200DE7F44429
S31508019EA002384AE7023C724431E702397244CCE689
S31508019EB0F4440238DFE602383C4472E7023871445A
S31508019EC0D0E7023B3C4481E7023C7244DEE729467F
S31508019ED0DCE600BF704700BF08B5064B044613B160
S31508019EE00021AFF30080044B1B6803B19847204655
S31508019EF017F049FF000000003C13022070B50F4E11
S31508019F000C460546316811B900F088F930602146DA
S31508019F10284600F083F9431C03D14FF0FF3420464D
S31508019F2070BDC41C24F00304A042F8D0211A2846A7
S31508019F3000F074F90130F2D1EFE700BFFC110220FD
S31508019F402DE9F041CD1C064625F0030508350C2DF3
S31508019F5038BF0C25002D01DBA94204D90C23336037
S31508019F600020BDE8F081314F00F062F83B681C46DD
S31508019F7044BB29463046FFF7C1FF431C044650D16E
S31508019F803C682146002941D1002C44D0236830463B
S31508019F9004EB030800F042F980453CD121683046BC
S31508019FA06D1A2946FFF7AAFF013034D023682B44DE
S31508019FB023603B68002B36D05A68A24229D1002279
S31508019FC05A600EE02268521B1DD40B2A16D9611954
S31508019FD0A342256018BF5960636808BF396062519A
S31508019FE04B60304600F02AF804F10B00231D20F0DF
S31508019FF00700C21AB5D01B1AA350B2E7A34262687A
S3150801A000DED13A60EDE723466468B1E70C46496854
S3150801A010B8E71346CEE70C233046336000F00EF856
S3150801A0209EE70560DDE75B60FFDE00BF00120220E8
S3150801A030014818F004B800BF7A230220014817F036
S3150801A040FFBF00BF7A230220002310B504468360B0
S3150801A050818119464366C28108228361C0E90033BA
S3150801A060C0E904335C3017F0E1FF0D4B24626362EB
S3150801A0700C4BA3620C4BE3620C4B23630C4B9C42C7
S3150801A08006D003F16802944202D0D0339C4205D12E
S3150801A09004F15800BDE8104017F0D0BF10BD00BF4D
S3150801A0A0A71F0308C91F0308012003082520030861
S3150801A0B004120220024A0349034817F056BF00BF9B
S3150801A0C048240220A32203085824022041680C4B85
S3150801A0D0994210B5044601D018F0E3F8A168094B76
S3150801A0E0994202D0204618F0DCF8E168064B9942FD
S3150801A0F004D02046BDE8104018F0D3B810BD00BF03
S3150801A100041202206C120220D412022010B50B4B45
S3150801A11004210B4C0B4A20461A600022FFF794FFD4
S3150801A12004F1680001220921FFF78EFF04F1D0002E
S3150801A13002221221BDE81040FFF786BF3C13022018
S3150801A14004120220B5A00108014817F078BF00BF24
S3150801A1507B230220014817F073BF00BF7B2302202F
S3150801A16010B50446FFF7F0FF236A1BB1BDE810409E
S3150801A170FFF7F0BF044B2362044B1B68002BF5D194
S3150801A180FFF7C4FFF2E700BFCDA001083C13022088
S3150801A1900FB407B5064904AB086853F8042B816860
S3150801A1A0019300F0D9F803B05DF804EB04B07047E9
S3150801A1B05424022038B50023054D044608462B6071
S3150801A1C017F0DFFD431C02D12B6803B1236038BDAC
S3150801A1D04013022038B50446064D084611460022AA
S3150801A1E02A601A4617F0D7FD431C02D12B6803B122
S3150801A1F0236038BD4013022038B50446064D08468B
S3150801A200114600222A601A4617F0C7FD431C02D1DF
S3150801A2102B6803B1236038BD4013022038B50023EB
S3150801A220054D044608462B60FFF792FB431C02D1F5
S3150801A2302B6803B1236038BD4013022038B50446A4
S3150801A240064D0846114600222A601A46FEF7E2FE26
S3150801A250431C02D12B6803B1236038BD4013022089
S3150801A26070B50D4D00260D4C641BA410A64209D1EC
S3150801A2700B4D00260B4C18F0D3FD641BA410A64207
S3150801A28005D170BD55F8043B01369847EEE755F8F8
S3150801A290043B01369847F2E7AC240220AC2402209D
S3150801A2A0AC240220B424022038B50546002941D041
S3150801A2B051F8043C0C1F002BB8BFE418FFF7B8FE91
S3150801A2C01D4A136833B9636014602846BDE83840EF
S3150801A2D0FFF7B4BEA34208D9206821188B4201BFF3
S3150801A2E019685B6809182160EDE71A465B680BB1C6
S3150801A2F0A342FAD911685018A0420BD1206801442B
S3150801A300501811608342E0D118685B6808445360AD
S3150801A3101060DAE702D90C232B60D6E720682118EA
S3150801A3208B4202BF19685B680918636008BF216020
S3150801A3305460CAE738BD00BF0012022010B50446B2
S3150801A3400448134620B10A4602202146AFF300808D
S3150801A35010BD00BF000000002DE9F04F0D469DB06D
S3150801A36014469846064618B1036A0BB9FFF7F8FE74
S3150801A3706B6ED90705D4AB899A0502D4A86D17F077
S3150801A3805EFEAB891B0701D52B699BB92946304669
S3150801A39000F026FA70B16B6EDC0704D54FF0FF307A
S3150801A3A01DB0BDE8F08FAB899805F7D4A86D17F0F5
S3150801A3B047FEF3E70023CDF80C804FF00109DFF8DB
S3150801A3C0B481099320238DF8293030238DF82A305A
S3150801A3D023469A4613F8012B0AB1252AF9D1BAEB75
S3150801A3E0040B0BD05B4622462946304617F052FE2F
S3150801A3F0013000F0A780099A5A4409929AF8003068
S3150801A400002B00F09F8000234FF0FF320AF1010A6A
S3150801A410049307938DF853301A93CDE905235446CF
S3150801A4200522544814F8011B17F0A1FF049AD8B95C
S3150801A430D10644BF20238DF85330130744BF2B237D
S3150801A4408DF853309AF800302A2B15D0079A5446BE
S3150801A45000204FF00A0C214611F8013B303B092B2D
S3150801A4604BD9B0B1079214E0A0EB0803A24609FA4A
S3150801A47003F313430493D2E7039B191D1B68002BAF
S3150801A4800391BBBF5B4242F0020207930793B8BF31
S3150801A490049223782E2B0AD163782A2B32D1039B77
S3150801A4A002341A1D1B6843EAE37303920593DFF826
S3150801A4B0D4A003222178504617F059FF38B1A0EBF2
S3150801A4C00A004022049B013482401343049314F882
S3150801A4D0011B062228488DF8281017F048FF002886
S3150801A4E03FD0264B1BBB039B073323F007030833D7
S3150801A4F00393099B3B4409936AE70CFB02320C461A
S3150801A5000120A8E7002301344FF00A0C19460593E8
S3150801A510204610F8012B303A092A03D9002BC6D058
S3150801A5200591C4E70CFB012104460123F0E703ABBF
S3150801A5302A4604A930460093114BAFF3008007461B
S3150801A540781CD6D16B6ED90705D4AB899A0502D486
S3150801A550A86D17F075FDAB895B063FF51FAF099826
S3150801A5601EE703AB2A4604A930460093044B00F0C4
S3150801A5700BF8E4E7D4840308DE840308000000002E
S3150801A58095200308DA8403082DE9FF470F7E9146D3
S3150801A59080460C46782F9A460C9E01F1430207D84D
S3150801A5A0622F0AD8002F00F0DD80582F00F0C380F3
S3150801A5B004F1420684F842703AE0A7F16303152BC9
S3150801A5C0F6D801A151F823F021A6010835A60108FC
S3150801A5D0B1A50108B1A50108B1A50108B1A50108F0
S3150801A5E035A60108B1A50108B1A50108B1A501085B
S3150801A5F0B1A501084BA70108C3A6010803A70108CD
S3150801A600B1A50108B1A501086DA70108B1A5010801
S3150801A610C3A60108B1A50108B1A501080BA7010840
S3150801A62033681A1D1B68326004F1420684F8423009
S3150801A6300123A8E031682368081D30601E0601D58C
S3150801A6400D6803E05D06FBD5B1F90050002D616880
S3150801A65078DA2D200029A16084F843002DDA6D42AD
S3150801A6605D480A231646B5FBF3F103FB1157C75D8F
S3150801A67006F8017D2F460D46BB42F4D9082B0BD1AE
S3150801A6802368DF0708D5236961689942DEBF30234D
S3150801A69006F8013C06F1FF36921B22614B4603AAD6
S3150801A6A021464046CDF800A017F006FD01306FD1CE
S3150801A6B04FF0FF3004B0BDE8F08723F004032360B0
S3150801A6C0CDE721683368080653F8045B02D44906C6
S3150801A6D048BFADB26F2F33603F4814BF0A23082322
S3150801A6E0002184F843106668002EA660BADB21684B
S3150801A6F021F004012160002DB4D1002EB2D11646F5
S3150801A700BCE7236843F0200323607827334823688E
S3150801A71084F845701F06316851F8045B02D45F0658
S3150801A72048BFADB23160D90744BF43F02003236067
S3150801A7301DB11023D4E72848E9E7236823F020034D
S3150801A7402360F6E724480A23CDE733682568181DF0
S3150801A750616930602E061B6801D5196002E068063A
S3150801A760FBD5198000231646236197E73368002134
S3150801A7701A1D32601E686268304617F0F8FD08B186
S3150801A780801B606063682361002384F8433085E792
S3150801A7902369324649464046D047013088D0236866
S3150801A7A09B0714D4E068039B9842B8BF184681E713
S3150801A7B00123324649464046D04701303FF478AF37
S3150801A7C00135E36803995B1AAB42F1DCEAE7002538
S3150801A7D004F11906F5E700BFE5840308F6840308C2
S3150801A7E038B5294B05460C46186818B1036A0BB9E2
S3150801A7F0FFF7B6FCB4F90C30190722D4DA0607D4E8
S3150801A80009222A6043F040034FF0FF30A38133E069
S3150801A810580712D5616B41B104F14403994202D03C
S3150801A8202846FFF741FD00236363A38923F0240328
S3150801A830A3810023636023692360A38943F0080386
S3150801A840A38123694BB9A38903F42073B3F5007F68
S3150801A85003D02146284617F0BDFDB4F90C3013F094
S3150801A86001020AD00022A26062695242A2612269EB
S3150801A87042B913F08000C5D138BD990758BF62693E
S3150801A880A260F4E70020F7E75424022038B5002334
S3150801A890064D0446084611462B6017F075FA431C07
S3150801A8A002D12B6803B1236038BD00BF40130220D3
S3150801A8B038B50023054D044608462B6017F069FA9A
S3150801A8C0431C02D12B6803B1236038BD4013022013
S3150801A8D001F066BD0A4601F0CABD70B506460020FC
S3150801A8E0EBF744FC002504460CB9284670BD204602
S3150801A8F00DF056FF01280AD020460DF057FF864273
S3150801A90008BF25462046EBF731FC0446ECE7254609
S3150801A910EBE72DE9F047037F0546DC0788469246B3
S3150801A92002D50020BDE8F087C668BEB137464FF0AC
S3150801A930010931462846D047B8420446F1D03E4679
S3150801A940ACB92B7F1907ECD5B9F1000FE9D0284628
S3150801A950C047044636B14FF00009F1E71A07F6D4A5
S3150801A96088470446002CDCD026464FF000092068AB
S3150801A97000F073FC030638D4276837BBEB68A3429B
S3150801A980CFD073B128461E68FFF7A7FF11210246EB
S3150801A990304601F034FB0128C3D1EB68186801F091
S3150801A9A0A5FFEC6028462468FFF797FF10210246A9
S3150801A9B0204601F024FB0128B3D1EB68186801F0A1
S3150801A9C095FF2B69A3B90120ACE70121384600F0B0
S3150801A9D038FC20B9384603F0D4FB0746CDE70121F8
S3150801A9E0384600F02EFC0028C8D037462646A0E790
S3150801A9F028469847E7E770B5064600F036FC044650
S3150801AA00002838D0C368E3B11B68B34219D1037F64
S3150801AA10DA0744BF6FF3000303770FF073FFE368A8
S3150801AA20834229D120460FF070FFE368984223D16B
S3150801AA3005682046FFF751FF11210246284601F015
S3150801AA40DEFAE36823B11B68B34204BF0023E3605F
S3150801AA5020460FF057FF054668B12B682946B342D1
S3150801AA6020461CD10FF00EFF2846EFF773FFB36897
S3150801AA700BB100225A6070BD237F2046C3F3C0057F
S3150801AA8043F0080323775B0706D4E5F797FC237F92
S3150801AA9065F3C3032377D4E7E5F7A6FCF7E70FF0D9
S3150801AAA037FFD8E770B50D46044620B30846FFF7C9
S3150801AAB0A2FFAB6813B9284600F0FDFDAB68204636
S3150801AAC05C600FF0C3FE064600B9FEE70560204646
S3150801AAD00FF018FF86420ED1237F2046C3F3C00527
S3150801AAE043F0080323775B0706D4E5F767FC237F62
S3150801AAF065F3C303237770BDE5F776FCF7E710B175
S3150801AB00C06800B10068704713B5019100B9FEE746
S3150801AB10FFF7F5FF044610B9012002B010BD8021E8
S3150801AB2000F09DFB0028F7D10E21204601AA01F06D
S3150801AB3066FAF2E738B5034600B9FEE7027FC2F3C3
S3150801AB4040048C4217D061F341020277FFF7D7FF21
S3150801AB50044680B1DA6818461568FFF7BEFE10216B
S3150801AB600246284601F04BFA012804D12046BDE8E1
S3150801AB70384001F0BBBE38BDF8B5064670B100F0E5
S3150801AB8074FB044650B1017F11F0010106D1FFF7AC
S3150801AB90D1FF20460FF0B6FE054600B9F8BD2B6871
S3150801ABA09E4229D1E36883B11F68BE420DD0204673
S3150801ABB0FFF793FE11210246384601F020FA0128D3
S3150801ABC0ECD1E368186801F091FE2369E5600BB1E1
S3150801ABD020469847E36820461D68FFF77EFE102148
S3150801ABE00246284601F00BFA0128D7D1E36818680E
S3150801ABF0BDE8F84001F07ABE294620460FF088FEE6
S3150801AC00CAE710B1007FC0F34000704700B9FEE7FC
S3150801AC100FF085BE2DE9F3414E680C462EB330463A
S3150801AC20E6F734FB0746304602F09CF810228046C8
S3150801AC3000213046B56902F0E9FD2B18A3EB08039C
S3150801AC40A361013B019023621222002130467569F6
S3150801AC5002F0DCFD4BF676330544E81B60610138EA
S3150801AC60E061636202B0BDE8F08141F67603F8E778
S3150801AC702DE9F04F89B0B0F828A004468A458846E0
S3150801AC8007D00A46514602F01EFE814620B9A4F8AD
S3150801AC90288009B0BDE8F08F204601F027FE20463E
S3150801ACA0A4F8288002F04AFF4FF42070EFF740FE1F
S3150801ACB0638D0026C3F3051B6FEA08030746029650
S3150801ACC00793B34517D9029B202B14D0E268F100EC
S3150801ACD002EBC6035868C0F317051FFA80FE0798EA
S3150801ACE0049510EA0E0F3AD1DB7913F0020308D066
S3150801ACF00136B345EAD81423029A3E4603FB027588
S3150801AD0064E05258117A1268FF2924D002EB8100B7
S3150801AD10994224D910F801CBBCF1660F21D152F81A
S3150801AD20233004E0662B02F1080214D14B68049A19
S3150801AD3002F47F0206921A68013A0392039911F8FE
S3150801AD40012F0391059252B1029A202A07D039465A
S3150801AD504FF0000C17E013781146002BE2D10136AB
S3150801AD60AFE70133D4E7087A059DA84208D14868B8
S3150801AD70069A00F47F05954202D180B27045DDD26C
S3150801AD800CF1010C1431029A6245ECD11422029994
S3150801AD9002FB01F0DA6839183A521869039A4880B1
S3150801ADA09868C8601078049A087258684A60029AC6
S3150801ADB0086101320292C1E771684346009652461C
S3150801ADC0204601F47F01E6F7D7FE1436AE42F3D1E9
S3150801ADD03846EFF7BFFD09F0FD03012B08D1FF2225
S3150801ADE04FF47021204609B0BDE8F04FE6F78ABD59
S3150801ADF0B9F1020F7FF44DAF204601F077FD2046E9
S3150801AE0009B0BDE8F04F01F0BDB82DE9F041A6B093
S3150801AE1005460FF038FB064628460FF030FB172E7D
S3150801AE20044673D128460FF032FB03780546022BF8
S3150801AE3009D02D220021204602F0E8FC06460A9098
S3150801AE4020B102232B7026B0BDE8F08101460C2201
S3150801AE50204602F0DBFC6822074631460A90204666
S3150801AE6002F0D4FC6922804631460A90204602F057
S3150801AE70CDFC636902460A93A36941460B93E369CC
S3150801AE800AA80C93236A0D930EF095FC3A46686856
S3150801AE900AA90EF066FD08B90123D3E71D2231463A
S3150801AEA0204602F0B3FC0690C0B2FC28F4D95F2212
S3150801AEB03146204602F0AAFC0690C0B2FC28EBD91E
S3150801AEC020223146204602F0A1FC0690C0B240B1CC
S3150801AED025223146204602F099FC0690C0B2FC288C
S3150801AEE0DAD926220021204602F090FC069020B1EC
S3150801AEF00023827A03309A4201D80023A2E703EBA2
S3150801AF008301415CFC29C7D90133F4E71A2E37D1ED
S3150801AF10284601F00CF906460AA8E9F7BFF8002108
S3150801AF2020460AAA00F084FC35220021204602F0B8
S3150801AF306DFC069028B19DF8713043F020038DF819
S3150801AF40713068220021204602F060FC692205461C
S3150801AF5000210690204602F059FC294602466369FB
S3150801AF600693A3690793E3690893236A099306A8D5
S3150801AF700EF021FC304606AA0AA904F0FEF962E79A
S3150801AF801D2E7FF460AF284601F0D1F806AA0646C1
S3150801AF9002A9204601F0A7FF02A80EF002FC00282C
S3150801AFA000F0AF800AA8E9F779F81D224FF480313D
S3150801AFB0204602F02BFC0190C0B202288DF8480009
S3150801AFC010D91C224FF48031204602F01FFCC0F331
S3150801AFD00722C0F3074301908DF849008DF84A20EE
S3150801AFE08DF84B3032224FF48031204602F00EFCA8
S3150801AFF00190C0B202288DF8700017D930224FF49B
S3150801B0008031204602F002FC002801901B9040F393
S3150801B010AF8031224FF48031204602F0F7FBC0F3AE
S3150801B02007430190ADF866008DF868303E224FF46B
S3150801B0308031204602F0EAFBC3B2022B01908DF85B
S3150801B040943023D93C224FF48031204602F0DEFBAE
S3150801B05000280190219040F38F8042224FF48031DD
S3150801B060204602F0D3FB3D22019024904FF4803113
S3150801B070204602F0CBFBC0F30722C0F30743019039
S3150801B0808DF881008DF882208DF883304FF4803158
S3150801B090204602F023FDFC280BD89DF8483013FB07
S3150801B0A000F3C3F307238DF848308DF870308DF817
S3150801B0B094309DF870209DF8483013439DF89420EC
S3150801B0C0134324D00C224FF48031204602F09EFB14
S3150801B0D00190119002A80EF064FB30B100233046AE
S3150801B0E002AA0AA90C9304F048F906A80EF059FB1E
S3150801B0F068B10123304606AA0AA90C9304F03DF962
S3150801B10005E006A80EF04DFB00287FF44BAF35226B
S3150801B1100021204602F07AFB0A9000283FF493AEFC
S3150801B12000250AA8E8F7BAFF294620460AAA8DF893
S3150801B13048508DF863508DF880508DF8945000F082
S3150801B14077FB68222946204602F060FB69220746FA
S3150801B15029460690204602F059FB63690246069382
S3150801B160A36939460793E3690893236A0993FEE6B7
S3150801B17000238DF8703059E700238DF8943085E760
S3150801B18070B588B00D460446E5F7FCF9EA060646A9
S3150801B1900CD56946204604AA01F0A5FE6946204653
S3150801B1A001F079FB204604A901F075FB636A23EADD
S3150801B1B005036362EB070ED5204601F097FB20468F
S3150801B1C0E5F7E0F938B1204602F0DBFF01F05AF95C
S3150801B1D0204601F057F92046E5F7D4F9B04202D1E5
S3150801B1E015F0C07F07D0204602F0CBFF08B0BDE8B6
S3150801B1F0704001F047B908B070BD38B5038D0446F3
S3150801B20043EA010599430DD025EA03031B0603D535
S3150801B21001460020EBF74CFF29462046BDE8384099
S3150801B220FFF726BD38BD0A46038D1A4223EA0101F6
S3150801B23001D0FFF71DBD70470AB1FFF7DEBFFFF763
S3150801B240F2BF436A99430CBF012000207047436A45
S3150801B250194214BF012000207047008D7047038DE5
S3150801B260194214BF012000207047806800B1406868
S3150801B2707047F0B589B008460D460FF004F9064641
S3150801B28028460FF0FCF8012E044605D1202109B005
S3150801B290BDE8F040FFF7B1BF033E2C2E56D8DFE8D4
S3150801B2A016F0480055005500550055002D000F01B0
S3150801B2B055001101550055005F005500E9002801A8
S3150801B2C0550055008F019401960189017F015500AA
S3150801B2D0890155005500890155005500550055004D
S3150801B2E0550055005500550055004D01550078018A
S3150801B2F055005500550055002A014F002021FFF73A
S3150801B30092FF28460FF0C3F80DF071FAF0B9636A97
S3150801B3101E071BD5238D0121DD07204633D4FFF7F0
S3150801B3206CFF00222021204609B0BDE8F04000F05C
S3150801B33066BE2021204609B0BDE8F040FFF773BF7D
S3150801B34002F055FF00250646B54201D109B0F0BD08
S3150801B350A3681B6853F8250001F094F80135F3E753
S3150801B360436A180715D5284600F0EAFE132802D1C4
S3150801B37001212046D3E71128FAD0142801D0122832
S3150801B38004D101212046FFF74EFFCAE70A28DDD07E
S3150801B390C7E703F40163B3F5016FD7D1204600F07F
S3150801B3A0C0F90028D2D12046E5F770FF07462046A6
S3150801B3B0E5F7C4FF0646284600F0C2FE12280DD15D
S3150801B3C0204601F0CAFC0546204601F0D0F8011EC8
S3150801B3D0B8BF0331002205EBA1010EE0112812D1F5
S3150801B3E0204601F0BAFC0546204601F0C0F8011EC8
S3150801B3F000DA03310022A5EBA101204609B0BDE818
S3150801B400F040E6F7B5B813281BD1204601F08AFCAF
S3150801B4108107D5D0002F01DC002ED1DD204601F0B1
S3150801B42097FC0546204601F09FF80022011EB8BF89
S3150801B430033105EBA101204609B0BDE8F040E6F766
S3150801B44083B8142882D1204601F06CFC8207C7D044
S3150801B450002F01DC002EC3DD204601F079FC0546EC
S3150801B460204601F081F8011EB8BF03310022A5EB81
S3150801B470A101E0E7436A5B0502D5012101F017FD49
S3150801B4802046FFF7F2FEFFF7BCFB0646EAF778FE11
S3150801B49010B9284600F039FE0DF082F9022808D0C5
S3150801B4A0042814BF022106212EB141F008012046C5
S3150801B4B0EDE60621F8E72046FFF79FFE082139E762
S3150801B4C04021F4E74021FFF7AEFE204601F021FCBA
S3150801B4D002287FF43BAF6946204604AA01F003FD22
S3150801B4E06946204601F0D7F9204604A901F0D3F9A7
S3150801B4F02CE70E211EE70A22002102F087F91622FF
S3150801B500049005460021204602F080F9049080B295
S3150801B51008B9EDB215B1204600F0B4FF204602F095
S3150801B52066FE00250646B5423FF410AFA3681B68C0
S3150801B53053F8250000F0A6FF0135F4E701220021A2
S3150801B54002F064F90222002104900746204602F01F
S3150801B5505DF90A22002104900646204602F056F9B2
S3150801B5601622049005460021204602F04FF9049060
S3150801B57080B240B9EDB235B96FF040439F4202D06F
S3150801B5809E427FF4E3AE204609B0BDE8F04000F0E4
S3150801B59079BF90F82A3043F0020380F82A30F2E79F
S3150801B5A0002100F083FC0146284609B0BDE8F040B9
S3150801B5B000F0DEBD284609B0BDE8F040FFF725BC1E
S3150801B5C02021FFF730FE4021B4E610216FE7102154
S3150801B5D0B0E610B50C460846EEF736FA0020E6F74F
S3150801B5E08BF92046E6F750FA0120E6F785F900219E
S3150801B5F02046EEF775F92046FFF737FE10B12046CB
S3150801B600FFF7F9F9A3687BB1186820B1EFF7A2F93A
S3150801B6100022A3681A60A06808300EF017FFA06818
S3150801B620EFF798F90023A36010BDF0B589B00D4670
S3150801B6300446E4F7A7FFE907074623D4636A2B43C1
S3150801B64063622046E4F79EFFB84202D115F0C07F37
S3150801B65007D0204602F095FD00F014FF204600F0C1
S3150801B66011FFEB060CD56946204604AA01F03BFCFE
S3150801B6706946204601F00FF9204604A901F00BF9A5
S3150801B68009B0F0BD204601F031F9636A2B436362C4
S3150801B690238D9A07D5D52046FFF7E7FD06460028EC
S3150801B6A0CFD0E4F78BFE3046FFF729FA0028C8D039
S3150801B6B001F01CF9C5E710B5836804465BB92C206F
S3150801B6C0EFF736F9A06000B9FEE7438D43F47073CE
S3150801B6D043F00303438510BD18B10068431A584265
S3150801B6E05841704770B50E68054633680C461BB15C
S3150801B6F00B60FFF7F7FF2660736823B121462846DA
S3150801B700BDE87040184770BD10B5044620688368C7
S3150801B7100BB12146984723681B680BB12360F5E7EF
S3150801B72010BD006838B190F8203013F00303F8D043
S3150801B730013B584258417047006838B190F82030AB
S3150801B74013F00C03F8D0043B58425841704738B5FA
S3150801B7500446B0B300F096FE0020E6F7CDF8204681
S3150801B76010F0A3FF21462068FFF7BCFF0120E6F78A
S3150801B770C3F8FF224FF470212046E6F7C3F82046A6
S3150801B78000F03BFFE4F714FE024638B12046FFF706
S3150801B790D3FF18B121461046FFF784F9204602F077
S3150801B7A0F0FC054668B12246272100F028FC22460E
S3150801B7B02846282100F023FC2046BDE8384001F040
S3150801B7C095B838BD30B585B01C2204460D4602F041
S3150801B7D01DF829460246204602F04EF80346002087
S3150801B7E0DAB262F30700C3F3072262F30F20C3F349
S3150801B7F0074363F3174005B030BD30B585B058220D
S3150801B80004460D4602F002F829460246204602F091
S3150801B81033F803460020DAB262F30700C3F30722BE
S3150801B82062F30F20C3F3074363F3174005B030BD36
S3150801B830F0B587B0C2E9000106460D46144602F086
S3150801B8404DF9074675B102280CD8002384F8203033
S3150801B85084F83B3084F8483084F8583084F86C30E2
S3150801B86007B0F0BD0C222946304601F0CFFF94F807
S3150801B87020300590E0615BB31D222946304601F070
S3150801B880C5FF0590C0B2022884F8200020D92946B0
S3150801B8903046FFF797FFC0F3072384F82100C0F36A
S3150801B8A00740294684F823002622304684F82230A8
S3150801B8B001F0ACFF01460590002800F00781C37A24
S3150801B8C05A0700F003810C2204F1240010F091FAC2
S3150801B8D094F8483073B330222946304601F096FF72
S3150801B8E00590606430B332222946304601F08EFF56
S3150801B8F00590C0B2022884F848001BD9342229468B
S3150801B900304601F083FF94F84930312260F304038D
S3150801B91084F8493029460590304601F077FF2946D3
S3150801B9200246304601F0A8FFC0F307430590E087B9
S3150801B93084F8403094F8583053B3382229463046B3
S3150801B94001F064FF0590206510B33A222946304676
S3150801B95001F05CFF0590C0B2022884F8580017D997
S3150801B9603B222946304601F051FF392229460590E6
S3150801B9706065304601F04AFF29460246304601F025
S3150801B9807BFFC0F307430590A4F84A0084F84C30BE
S3150801B99094F83B306BB328222946304601F036FF2E
S3150801B9A00590206328B329222946304601F02EFF47
S3150801B9B00590C0B2022884F83B001AD9206B03F01F
S3150801B9C04AFA022840F0D5805A222946304601F023
S3150801B9D01DFF2946059060633046FFF70EFFC0F349
S3150801B9E0072384F83800C0F3074084F8393084F80F
S3150801B9F03A0094F86C30002B41D03C222946304657
S3150801BA0001F004FF0590E065002838D094F86C3001
S3150801BA10022B34D93E222946304601F0F7FE05901D
S3150801BA20C0B2022884F86C0029D94022294630463A
S3150801BA3001F0ECFE4122294605902066304601F0C8
S3150801BA40E5FE4222294605906066304601F0DEFE93
S3150801BA503D2229460590A066304601F0D7FE2946C3
S3150801BA6002460590304601F007FFC0F30722C0F3EE
S3150801BA70074384F8590084F85A2084F85B30FC2F70
S3150801BA803FF6EEAE94F8203013FB07F31B1284F849
S3150801BA90203094F83B3013FB07F31B1284F83B3034
S3150801BAA094F8483013FB07F31B1284F8483094F8CE
S3150801BAB06C3013FB07F31B1284F86C3094F858307A
S3150801BAC013FB07F31B1284F85830C9E620222946CE
S3150801BAD0304601F09BFE94F82F30059060F302037F
S3150801BAE084F82F305B073FF4F3AE29463046FFF75B
S3150801BAF069FEC0F3072384F82400C0F3074084F8DD
S3150801BB0025302322294684F82600304601F07EFE98
S3150801BB1029460246304601F0AFFEC0F30743C0F39B
S3150801BB20072284F82B302946059084F8290084F8E1
S3150801BB302A203046212201F069FE22222946059053
S3150801BB4084F82800304601F061FE24222946059032
S3150801BB5084F82D00304601F059FE2522059084F817
S3150801BB6027002946304601F051FE059084F82C003D
S3150801BB70AEE62A222946304601F048FE2946024603
S3150801BB80304601F079FEC0F307432B22294605907A
S3150801BB90208784F83A30304601F038FE2C22059089
S3150801BBA084F83C002946304601F030FE05900038FD
S3150801BBB018BF012084F83D001BE773B51446C2E996
S3150801BBC00001592206460D4601F020FE0190C0B239
S3150801BBD0022884F8480053D92946304601F07EFFE9
S3150801BBE0FC289FBF94F8483013FB00F0001284F834
S3150801BBF0480094F84830022B42D929463046FFF7C7
S3150801BC00FCFDC0F3072384F82C00C0F3074084F831
S3150801BC102D305B22294684F82E00304601F0F6FDC8
S3150801BC205C2229460190E063304601F0EFFD5D2272
S3150801BC300190A0632946304601F0E8FD94F84C309E
S3150801BC40019060F3020384F84C305DB167222946FE
S3150801BC50304601F0DBFD94F84C30019060F3C503E2
S3150801BC6084F84C305A222946304601F0CFFD5E222F
S3150801BC70019020622946304601F0C8FD84F84A0041
S3150801BC8002B070BDF7B51446C2E900014422054663
S3150801BC900E4601F0BBFD0190C0B2022884F84C00A3
S3150801BCA04BD93146284601F019FFFC289FBF94F865
S3150801BCB04C3013FB00F0001284F84C0094F84C3019
S3150801BCC0022B3AD94FF48073002205F11407C4E90F
S3150801BCD00B23636338460EF0CFF800EBD0704010A3
S3150801BCE0206438460EF0CDF800EBD070401046229D
S3150801BCF031466064284601F089FD452231460190A6
S3150801BD0084F84B00284601F081FD31460246284653
S3150801BD1001F0B2FDC0F307430190A4F8480084F886
S3150801BD204A3056B167223146284601F06FFD94F82C
S3150801BD304D3060F3030384F84D3003B0F0BD73B59D
S3150801BD401446C2E900014D2206460D4601F05EFD84
S3150801BD500190C0B2022884F83C0055D929463046DC
S3150801BD6001F0BCFEFC289FBF94F83C3013FB00F0A1
S3150801BD70001284F83C0094F83C30022B44D948223E
S3150801BD802946304601F042FD0190206300283BD048
S3150801BD904C222946304601F039FD294602463046ED
S3150801BDA001F06AFDC0F307430190A085492229469F
S3150801BDB0304684F82E3001F029FD0190606330B1D8
S3150801BDC04A222946304601F021FD0190A0634B2203
S3150801BDD02946304601F01AFD0190003818BF0120A6
S3150801BDE094F83D3060F3820360F3C30384F83D3071
S3150801BDF055B167222946304601F008FD94F83D30D1
S3150801BE0060F3010384F83D3002B070BD73B5144682
S3150801BE10C2E90001502205460E4601F0F7FC0190E1
S3150801BE202062002840D053223146284601F0EEFC14
S3150801BE300190C0B2022884F83C0035D9314628461B
S3150801BE4001F04CFEFC289FBF94F83C3013FB00F030
S3150801BE50001284F83C0094F83C30022B24D9522273
S3150801BE603146284601F0D2FC314602460190284661
S3150801BE7001F002FDC0F30743A3775422314600902F
S3150801BE80A083284601F0C2FC51220090A0633146E6
S3150801BE90284601F0BBFC003818BF012094F83D3054
S3150801BEA060F3000384F83D3002B070BDF7B53C225B
S3150801BEB005460E4601F0AAFC0446019080BB002403
S3150801BEC038223146284601F0A1FC0746019090B177
S3150801BED03A223146284601F099FC0190C0B202285F
S3150801BEE009D93B223146284601F090FC0744BC4259
S3150801BEF0B8BF3C46019031466822284601F086FCC7
S3150801BF006922074601903146284601F07FFCB8426E
S3150801BF10B8BF38460028C8BF2418204603B0F0BD6C
S3150801BF203E223146284601F071FC0190C0B2022832
S3150801BF30C5D942223146284601F068FC04EBD4747F
S3150801BF40641001344022314601900444284601F028
S3150801BF505DFC4122074601903146284601F056FC10
S3150801BF6000280190B8BF4042002FB8BF7F42B842AF
S3150801BF70ACBF2418E41924EAE474A1E7806800B187
S3150801BF80406A704737B50446FFF7F8FF002301AA50
S3150801BF90054618212046019300F031F8A268019B55
S3150801BFA042B15362019BAB4202D0204600F09EFC8F
S3150801BFB003B030BD002BF5D02046FFF77CFBA36804
S3150801BFC0019A5A62EEE7806818B190F82B00C0F31F
S3150801BFD08100704710B50C4668B90B68186860B1DE
S3150801BFE0C36843B100222146E2609847207EC043D8
S3150801BFF000F0010002E00068F1E7012010BD10B56C
S3150801C00088B0C8B10023CDE904329DF81C30CDE9CA
S3150801C010010023F0070301A8ADF80C108DF81C30B8
S3150801C020EDF704FD01A8E4F75FFA044601A8EDF768
S3150801C03005FD204608B010BD0124FAE72DE9F041B7
S3150801C04007460C4615461E46FFF735FBB8683346C4
S3150801C0502A462146BDE8F04108300EF0BCB900B9C0
S3150801C060FEE7806810B108300EF0D3B9704700B901
S3150801C070FEE7806810B108300EF0CFB9704700B9F5
S3150801C080FEE7806810B108300EF0CFB97047F8B5F1
S3150801C0900F46054600B9FEE7FFF7E1FF002406460D
S3150801C0A0B44201D100200BE021462846FFF7DFFF05
S3150801C0B00368BB4205D121462846FFF7E0FF012068
S3150801C0C0F8BD0134ECE72DE9F0410F4690460546E7
S3150801C0D000B9FEE7FFF7C3FF0026441E002C02DA6B
S3150801C0E03046BDE8F08121462846FFF7C0FF50B12A
S3150801C0F00368BB4207D14368434504D12146284614
S3150801C100FFF7BDFF0136013CE8E703895A1E082AF5
S3150801C11009D90B3B9BB20B2B07D840F6EF4222FA03
S3150801C12003F3DB0701D50EF0B2B900207047038986
S3150801C130193B9BB2052B01D80EF0A9B9002070470F
S3150801C14008B503890E2B01D0002008BD0EF09FF912
S3150801C1500028F9D00068F8E708B503890F2B01D044
S3150801C160002008BD0EF093F90028F9D00068F8E719
S3150801C17010B503890C46182B06D10EF088F9036809
S3150801C180A342ACBF0360046010BD07B52722002196
S3150801C19001F03CFBC0B203B05DF804FB73B5122293
S3150801C1A00021064601F032FB3022044601900021A7
S3150801C1B0304601F02BFB342205460190002130461A
S3150801C1C001F024FB430748BF6419204602B070BD3D
S3150801C1D02DE9F04F8BB00591924600216E22044657
S3150801C1E01D4601F013FB6C22002108900646834682
S3150801C1F0204601F00BFB6D2201280746089081466F
S3150801C2004FF000012046B8BF012701F0FFFA0128C7
S3150801C21080460890B8BF4FF001082EB9B9F5807F5E
S3150801C22002D1B0F5807F6AD06F220021204601F045
S3150801C230EDFA702208900021204601F0E7FA089BE2
S3150801C240099003F0C042B2F1005F19D16FF0604264
S3150801C25023F0C049914513D0B9F1805FA4BFC9F154
S3150801C2607F6909F57F2904F11400A8BF09F6FF794A
S3150801C2700DF002FE642309FB00F090FBF3F0089031
S3150801C280099B03F0C042B2F1005F19D16FF0604219
S3150801C29023F0C049914513D0B9F1805FA4BFC9F114
S3150801C2A07F6909F57F2904F11400A8BF09F6FF790A
S3150801C2B00DF0E7FD642309FB00F090FBF3F009900C
S3150801C2C06269089B13440893A269099B134409935D
S3150801C2D04DB14FF6FF73FA184344B2FBF7F7B3FBB8
S3150801C2E0F8F8C6F1000B08AB85F00105CDE9008326
S3150801C2F05A463B465146059802950DF0EBFC0BB0A4
S3150801C300BDE8F08F73B511220021064601F07EFAC9
S3150801C3103022044601900021304601F077FA342292
S3150801C320054601900021304601F070FAC30748BF5F
S3150801C3306419204602B070BD73B510220021064665
S3150801C34001F064FA3022044601900021304601F0DA
S3150801C3505DFA3422054601900021304601F056FA6D
S3150801C360830748BF6419204602B070BD73B513220E
S3150801C3700021064601F04AFA3022044601900021BE
S3150801C380304601F043FA3422054601900021304631
S3150801C39001F03CFA030748BF6419204602B070BD94
S3150801C3A037B500230C4601AA0821054601F044FACF
S3150801C3B0012804D1019BA34203D103B030BD002853
S3150801C3C0FBD100222146284601F028FEF5E737B5BC
S3150801C3D000230C4601AA0921054601F02DFA012878
S3150801C3E004D1019BA34203D103B030BD0028FBD180
S3150801C3F000222146284601F018FEF5E738B504461D
S3150801C4001546FFF7CDFF29462046BDE83840FFF718
S3150801C410DEBF37B500230C4601AA0121054601F006
S3150801C4200BFA012804D1019BA34203D103B030BD05
S3150801C4300028FBD100222146284601F0DAFDF5E75E
S3150801C44037B500230C4601AA0221054601F0F4F985
S3150801C450012804D1019BA34203D103B030BD0028B2
S3150801C460FBD100222146284601F0D1FDF5E738B572
S3150801C47004461546FFF7CDFF29462046BDE8384054
S3150801C480FFF7DEBF08B590F82A2042F0010280F8CE
S3150801C4902A2001F06EFE90F82A2042F0040280F864
S3150801C4A02A20E5F7C5FCBDE808400022352102F03F
S3150801C4B05DBA10B50446002289B201F01AFE20467B
S3150801C4C0BDE81040FFF7DEBF70B5044615461E46A7
S3150801C4D0002201F0B1FD324629462046BDE87040EA
S3150801C4E0FFF78CBF43690B6083694B60C3698B6037
S3150801C4F0036ACB60704738B5044601F042FE6469A9
S3150801C500054648B14269A41A00F022FC04442846AB
S3150801C510FFF744FE201A38BD2046FCE738B5044625
S3150801C52001F02FFEA469054648B18269A41A00F0F4
S3150801C53014FC04442846FFF7FFFE201A38BD20469E
S3150801C540FCE738B50546FFF7E9FF044605F114008F
S3150801C5500DF097FC204438BD07B50922002101F0EA
S3150801C56055F903B05DF804FB14300DF085BC1430A1
S3150801C5700DF087BC70B50446FFF710FE0646204647
S3150801C580FFF7F4FE054604F114000DF075FC801B57
S3150801C590401B70BD70B50446FFF7CEFE0646204621
S3150801C5A0FFF7B0FE054604F114000DF06AFC801B86
S3150801C5B0401B70BD38B543690C460B608369054657
S3150801C5C04B60C3698B60036ACB60FFF7E7FD23689D
S3150801C5D0034423602846FFF7C9FEA3681B1AA36014
S3150801C5E02846FFF7A9FE6368034463602846FFF7F8
S3150801C5F089FEE3681B1AE36038BD37B501220021BD
S3150801C600044601F003F9022205460190002120465D
S3150801C61001F0FCF86FF040439D42019001D0984229
S3150801C62005D12046FFF72EFF012003B030BD0020BB
S3150801C630FBE72DE9F04781460D4616469A4601F075
S3150801C640D6FD00278046474501D1BDE8F087D9F8D0
S3150801C65008301B6853F82740BAF1000F13D16369F4
S3150801C66032462B446361A36929463344A361E369CE
S3150801C67020462B44E361236A334423620023FFF7F0
S3150801C680D8FF0137DFE74FF480212046FEF7D9FDB1
S3150801C6900028E4D0F5E72DE9F04704460D4616468D
S3150801C6A01F4603F0010903F0020A6CB32046FFF79F
S3150801C6B08AFC0AF0FF038046BAF1000F15D0B9F1DA
S3150801C6C0000F07D0204601F05CFD3B46324629465D
S3150801C6D0FFF7E1FFB8F1020F16D132462946204687
S3150801C6E0BDE8F0470123FFF773BD022804D132469E
S3150801C6F029462046FFF76CFDB9F1000F04D0204604
S3150801C70001F03FFD0446D0E7BDE8F0871346012254
S3150801C710FFF7C1BF70B588B00C4609686668A56899
S3150801C720CDE901610091E16801350131CDE9065193
S3150801C7301346039104226946CDE90456FFF7ABFF78
S3150801C740069B049D1A46AB42A8BF2A460298009941
S3150801C7508242A8BF02468A42D4BF22602160AB4208
S3150801C760B8BF2B468342B8BF0346059D8B42ACBF73
S3150801C770A360A160079B0398AB421A46A8BF2A4645
S3150801C7808242A8BF024601998A42D4BF62606160AB
S3150801C790AB42B8BF2B468342B8BF03468B42ACBFF8
S3150801C7A0E360E16008B070BDF0B589B00D460121BE
S3150801C7B00446FEF746FD002869D1204601F0D9FC5A
S3150801C7C00646E5F735FB0746E6F726FA86424AD1D5
S3150801C7D02046FFF7D3FB636902460093A369014626
S3150801C7E00193E36968460293236A03930CF0E3FF16
S3150801C7F06A46294628460CF0F8FF0646002846D020
S3150801C800204601222946FFF785FF204601F0B9FC9B
S3150801C810044604AFE4B301212046FEF712FDB0BB7E
S3150801C82004F114030FCB87E80F004FF4801120465B
S3150801C830FEF707FD38B12046FFF7A0FB0246014681
S3150801C84038460CF0B8FF012239462046FFF762FF49
S3150801C8503A46294628460CF0C8FFC0B1204601F0E1
S3150801C86090FC0446D6E73846E6F7E0F98642AFD0AB
S3150801C8703846E6F7F9F98642AAD03846E6F7E0F9E6
S3150801C8808642A5D03846E6F7E5F98642A0D00026C5
S3150801C890304609B0F0BD30B585B00C460546E5F71A
S3150801C8A0C7FAE6F7F5FAF8B12368694600936368AB
S3150801C8B028460193A3680293E3680393FFF774FF7D
S3150801C8C090B1AB6853B193F82B3003F00C03082BE6
S3150801C8D004D10522684611460CF06DFF2846E5F796
S3150801C8E0A7FA694601F047FF05B030BD30B585B0F6
S3150801C8F00446FFF743FBD4E90623256A6169121A40
S3150801C9000344091A28440091039069462046019276
S3150801C9100293FFF7C0FF05B030BD2DE9F04389B09A
S3150801C920456804460E4617469DB14FF48021FEF729
S3150801C93088FCD5F81490002847D0AB69B1441F4448
S3150801C9402846FFF72BFC09EB00062846FFF7F4FCFF
S3150801C95007446369F61AA369FF1A56EA070331D031
S3150801C9602046FFF7C3FF63690093A3690193E3694F
S3150801C9700293236A03936DB1284604A9FFF71AFEA9
S3150801C9800022684604A90CF0ECFF804620B9284627
S3150801C99000F0B2FD4FF0000863693A46334463611B
S3150801C9A0A36931463B44A361E36920463344E36105
S3150801C9B0236A3B4423620023FFF73BFE9DB92046C9
S3150801C9C0FFF794FF09B0BDE8F083284600F0C0F9E7
S3150801C9D0A9EB00092846B144AE6900F0BEF9A6EBF9
S3150801C9E000084744ACE7224627212846FFF707FBFC
S3150801C9F02046FFF77BFF002204A904F114000CF07E
S3150801CA00B0FFB8F1000F01D10028DBD0284600F0AD
S3150801CA1073FDD7E730B585B00446FFF7AFFAD4E919
S3150801CA200623256A6169121A0344091A28440091E2
S3150801CA3003906946204601920293FFF7B5FE05B0B9
S3150801CA4030BD38B505460C46FEF735FEAB681C62A7
S3150801CA5038BD03465A6908460A609A694A60DA691E
S3150801CA608A601A6A9B68CA601BB11A6A11460CF079
S3150801CA70A2BE704770B586B00E4602210546FEF77E
S3150801CA80E0FB18B90024204606B070BD284602A965
S3150801CA90FFF7DFFF0022314602A80CF0E2FE04464A
S3150801CAA00028EFD04FF480312846FEF7CAFB00284C
S3150801CAB0E9D001236A461321284600968DF80430E9
S3150801CAC0FFF79DFA9DF80440DDE730B504460846B0
S3150801CAD001F0C041B1F1005F12D16FF0604520F05D
S3150801CAE0C041A9420CD06420B1F1805FA2BFC1F157
S3150801CAF07F6101F57F2101F6FF71594391FBF0F042
S3150801CB0002F0C041B1F1005F12D16FF0604522F029
S3150801CB10C041A9420CD06422B1F1805FA2BFC1F124
S3150801CB207F6101F57F2101F6FF71594391FBF2F20D
S3150801CB30A242A8BF22469042B8BF104630BD70B582
S3150801CB40044601F054FB00250646B5421FD194F868
S3150801CB502A30D9070DD56FF30003204684F82A3009
S3150801CB60E3F756FE2046E3F747FD15B12046ECF7F5
S3150801CB70D5F894F82A309A0711D56FF34103204660
S3150801CB8084F82A300021BDE8704000F0D6BCA368BD
S3150801CB901B6853F82500FFF7D2FF0135D5E770BDAD
S3150801CBA007B5272200F032FEC0B203B05DF804FBD8
S3150801CBB090F854305B0704D500220B210068FFF773
S3150801CBC01EBA704773B512220021064600F01EFEF2
S3150801CBD03022044601900021304600F017FE342227
S3150801CBE0054601900021304600F010FE430748BF74
S3150801CBF06419204602B070BD73B51122002106469C
S3150801CC0000F004FE3022044601900021304600F06F
S3150801CC10FDFD3422054601900021304600F0F6FD5F
S3150801CC20C30748BF6419204602B070BD73B5102208
S3150801CC300021064600F0EAFD302204460190002153
S3150801CC40304600F0E3FD34220546019000213046C6
S3150801CC5000F0DCFD830748BF6419204602B070BDA9
S3150801CC6073B513220021064600F0D0FD3022044692
S3150801CC7001900021304600F0C9FD34220546019095
S3150801CC800021304600F0C2FD030748BF641920465B
S3150801CC9002B070BD38B504460D46FEF70CFDA26814
S3150801CCA092F82A3003F00301A94208D065F301037B
S3150801CCB0204682F82A30BDE83840FFF717BE38BD4E
S3150801CCC038B505460C46FEF7F6FCAA68538DC3F33C
S3150801CCD08311A1421CBF64F38913538538BD38B546
S3150801CCE005460C46FEF7E7FCAB6893F82A2064F381
S3150801CCF0830283F82A2038BD38B505460C46FEF767
S3150801CD00DAFCAB6893F82A2064F3051283F82A2023
S3150801CD1038BD836823B193F82A0000F003007047F1
S3150801CD200320704783681BB1588DC0F38310704781
S3150801CD300F207047806818B190F82A00C0F3810067
S3150801CD407047806818B190F82A00C0F3011070473F
S3150801CD50806808B1806940427047806808B1C06937
S3150801CD6040427047FFF7F9BF70B551EA020304461E
S3150801CD700D46164618D0FEF79EFCA36829469A6901
S3150801CD8020462A449A61DA693244DA610123324635
S3150801CD90FFF74FFC00220C212046FFF730F9012846
S3150801CDA003D12046FFF7A2FD012070BD08B5034651
S3150801CDB0FFF7D3FF42181846BDE808400021FFF7E0
S3150801CDC0D3BF08B50346FFF7C3FF0022014418463F
S3150801CDD0BDE80840FFF7C8BF2DE9F047984651EA74
S3150801CDE0020305468946924651D0E3F7D5FF284600
S3150801CDF0FFF7AEFF00210746A9EB00092846FFF712
S3150801CE00CFFE01282ED0B9F1000F3CDA2846E4F707
S3150801CE103DFA04462846E4F791FA204420EAE070F0
S3150801CE2044424C45B8BF4C462846FFF796FFBAEB35
S3150801CE30000A814629D52846E4F7DCF909EB0006FC
S3150801CE4026EAE67676425645B8BF5646391909EBBB
S3150801CE50060251EA02031AD043462846BDE8F047BE
S3150801CE60E4F7E2BAB9F1000F0DDD2846E4F70EFA48
S3150801CE7004462846E4F762FA044424EAE4744C4575
S3150801CE80A8BF4C46D0E70024CEE70026DEE7BDE87A
S3150801CE90F08770B5054616461C461A46E4F754FB54
S3150801CEA0224631462846BDE87040E4F761BB73B5B2
S3150801CEB004460E46E3F770FF00232046CDE900330A
S3150801CEC001F05FF90546214614340DB902B070BD6B
S3150801CED033466A462046E4F75FFB284601F051F9D6
S3150801CEE029460546F1E72DE9F04F91B04FF0FF3697
S3150801CEF00D46174600220446114633462846009633
S3150801CF000CF03FFC002233461146384600960CF0D9
S3150801CF1038FC10212046FEF794F98046C0B3204616
S3150801CF20FFF7F7FE834698B30020E9F71FF9BBF12F
S3150801CF30020F824629D02046FFF70FFF8146204679
S3150801CF40E4F758F90B902046E4F7A0F90790204634
S3150801CF50E4F7F4F904902046FFF7E4FE10F00C0F0D
S3150801CF6000F003061FD19EB1BBF1010F40F0058108
S3150801CF7046464FF0000832E050460BF038FC844232
S3150801CF80D9D05046E9F7F2F88246BAF1000FF3D143
S3150801CF9011B0BDE8F08F002EFAD050460BF01AFCFE
S3150801CFA00328F5D1E4E7BBF1010FF6B200F0D8800A
S3150801CFB0BBF1030F40F0C080B9F1000F0BDC0B9BEE
S3150801CFC0002B08DC002EE3D0079B002BD0DC049B4A
S3150801CFD0002BCDDCDCE7002E40F0C68000264FF49E
S3150801CFE080312046FFF7DCFD10224FF4803108908E
S3150801CFF0204600F00BFC11224FF4803105900F906A
S3150801D000204600F003FC12224FF4803106900F905F
S3150801D010204600F0FBFB13224FF480310F90824625
S3150801D020204600F0F3FB01224FF480310F9083462E
S3150801D030204600F0EBFB03900F902046FFF797FA86
S3150801D04009902046FFF790FAB8F1000F039B08BF35
S3150801D0500023002E0293039B08BF00230A901D227A
S3150801D0604FF4803120460C9300F0D0FB0F90C0B2EC
S3150801D070012840F28D80B8F1000F40F09580002E0E
S3150801D08086D00A9B079E1E44049BF61880D0236A05
S3150801D090069A00209B1A039AEB609B1A01336B6070
S3150801D0A063694FF00A092B60E369AB600A9BA3EB3E
S3150801D0B00A07029BA7EB0B07FF1A0A9B07FB03F854
S3150801D0C0E5F77AFD09FB00F0EF2898FBF6F840F33F
S3150801D0D05B810020E5F770FDA02309FB00F05030C5
S3150801D0E090FBF3F0804513DC0020E5F765FD4FF072
S3150801D0F00A0808FB00F0EF2840F348810020E5F70D
S3150801D1005BFDA02308FB00F808F1500898FBF3F82B
S3150801D1100A9B6269F61A002E00F34281089B524463
S3150801D120012BE36940F035810299A3EB0B03114406
S3150801D1304A1E2A60AB602BE7BBF1020F7FF428AFCA
S3150801D14050460BF047FB0C287FF425AF002E3FF421
S3150801D15045AF50460BF03EFBC31E5E425E413EE7BD
S3150801D160003E18BF01263AE7079B002B0EDC049BFD
S3150801D170002BD4BF0026012631E7BBF1030F3FF48C
S3150801D18023AFBBF1020F7FF403AF06E7464626E756
S3150801D19032224FF48031204600F038FB0F90C0B29E
S3150801D1A001283FF668AFF3E6099B99440B9B19EBF7
S3150801D1B003093FF464AFA3697B60236AFB60089B9C
S3150801D1C0012B4CD16369039A53443B601344013BD9
S3150801D1D0BB60099B059A0020A3EB0208069BA8EBF6
S3150801D1E003080C9BA8EB0308099B08FB03F393FBB5
S3150801D1F0F9F30D93E5F7E0FC0A225043EF280D9B5E
S3150801D20036DD0020E5F7D8FC0A225043A02250302B
S3150801D21090FBF2F00D9B83420FDC0020E5F7CCFC76
S3150801D2200A235843EF2825DD0020E5F7C5FC0A2324
S3150801D230A0224343503393FBF2F3099AA169A9EB60
S3150801D2400209B9F1000F17DC059B069A0B447B60AE
S3150801D250236A9B1A0C9A9B1A013BFB600FE7E36949
S3150801D260039AA3EB0B03BB609B1A01333B60B0E740
S3150801D2700120D0E70123E0E70B9AA8EB030808FB96
S3150801D28002F292FBF9F9A8EB090808EB01020599E4
S3150801D29051180B44013B7960FB60A3699A422FDA66
S3150801D2A0059A00201A447A6090464FF00A09E5F774
S3150801D2B083FC09FB00F0EF285EDD0020E5F77CFC26
S3150801D2C0A02309FB00F0503090FBF3F0FB68804483
S3150801D2D0984515DD00204FF00A09D7F80480E5F7CF
S3150801D2E06BFC09FB00F0EF2848DD0020E5F764FC3C
S3150801D2F0A02309FB00F0503090FBF3F04044F8609E
S3150801D3000C9A236A9B1A069AA3EB0208FB68434503
S3150801D3107FF7B5AE0020C7F80C80E5F74DFC4FF056
S3150801D3200A0909FB00F0EF282ADD0020E5F744FC8D
S3150801D330A02309FB00F0503090FBF3F07B68A8EBC3
S3150801D34000089845BFF69BAE00204FF00A09D7F8AA
S3150801D3500C80E5F731FC09FB00F0EF2812DD00200F
S3150801D360E5F72AFCA02309FB00F0503090FBF3F007
S3150801D370A8EB0000786082E60120A7E70120BDE757
S3150801D3800120DBE70120F3E70120ABE64FF00108B6
S3150801D390BEE62A60029AA3EB0B039B1A013BC9E678
S3150801D3A0049BA7EB08077B4393FBF6F6BF1B1744C1
S3150801D3B0089A0AEB0703012A63D1029A13442B60E0
S3150801D3C066694344013BBE42AB6027DD56441644B9
S3150801D3D000202E60E5F7F0FB0A277843EF284CDD9D
S3150801D3E00020E5F7E9FBA0237843503090FBF3F0E2
S3150801D3F0AB6806449E4211DD00200A272E68E5F730
S3150801D400DBFB7843EF283ADD0020E5F7D5FBA023BF
S3150801D4107843503090FBF3F00644AE60E469AB689C
S3150801D420A4EB0B04A3427FF7B3AD0020AC60E5F78C
S3150801D430C3FB0A267043EF285ADD0020E5F7BCFB3B
S3150801D440A0237043503090FBF3F02B68241A9C42BA
S3150801D450BFF69EAD00200A26AC68E5F7ADFB704322
S3150801D460EF2847DD0020E5F7A7FBA02370435030DE
S3150801D47090FBF3F0241A2C608AE50898B8E7012096
S3150801D480CAE72B606669984408F1FF33BE42AB6070
S3150801D49026DD564400202E60E5F78EFB0A277843E1
S3150801D4A0EF2821DD0020E5F787FBA02378435030DC
S3150801D4B090FBF3F0AB6806449E4211DD00200A2773
S3150801D4C02E68E5F779FB7843EF280FDD0020E5F7AD
S3150801D4D073FBA0237843503090FBF3F00644AE600B
S3150801D4E0E469029BE41A9AE70120E3E70120F5E7DC
S3150801D4F00120AAE70120BDE710B588B0694604AA4C
S3150801D5000446FFF7F0FC68460CF04BF918B904A875
S3150801D5100CF047F978B168460CF043F918B1694639
S3150801D5202046FFF7B8F904A80CF03BF918B12046D4
S3150801D53004A9FFF7B0F908B010BD2DE9F04104467A
S3150801D540FFF7FFFB8846064698B92046FFF705FC14
S3150801D55007462046E3F74EFE051E0ADA002F08DDC8
S3150801D5606A42BA424346A8BF3A4631462046E3F7DD
S3150801D5705BFF2046FFF7DEFB074620BB2046E3F7A5
S3150801D58085FE06462046E3F7D9FE39460546204676
S3150801D590FFF706FB01280ED0002D14DA002E12DD46
S3150801D5A06942B14243463A46A8BF31462046BDE8DC
S3150801D5B0F041E3F739BF002E05DA002D03DD4346B6
S3150801D5C03A463146F2E7BDE8F08170B5047A036858
S3150801D5D0FF2C0ED0002003EB840584420ED80020D0
S3150801D5E00BE0884203F1080303D163680120136045
S3150801D5F003E018781C460028F3D170BD15F8016BB5
S3150801D6008E4202D153F82030F0E70130E5E72DE9E3
S3150801D610F74F0E4611461A468B081F2B28BF1F23A4
S3150801D6204FF001090746002490F82A5009FA03F930
S3150801D63006F47F0A05F008057B8DC3F3051BA34590
S3150801D64005D84FF0FF35681C18BF01201CE0F868A3
S3150801D6504FEAC40C00EBC40393F807E01EF0020F6F
S3150801D66015D00DB10134E7E75B6803F47F03534531
S3150801D670F8D150F80C00436819EA030FF2D0FFF706
S3150801D680A4FF0128EED1012003B0BDE8F08FB6B2A0
S3150801D690F3434FF0FF359BB20193A345D3D9FB68FA
S3150801D6A053F8340003EBC40C436819EA030F07D097
S3150801D6B0DCF80430C3F3170C03F47F039A4503D04F
S3150801D6C0A84645460134E8E7019B1FFA8CF81CEA8F
S3150801D6D0030FF5D1A845F3DDFFF777FF0128EFD151
S3150801D6E04645EED1CFE7F8B5074600F080FD0024A0
S3150801D6F00646B44200D1F8BDBB681B6853F82450EE
S3150801D70001342846FFF7F2F800222F212846FEF7B2
S3150801D71076FC2846FFF7EAF82846FFF7E4FFE8E72C
S3150801D720F8B5002204460D46438DC3F3051393420B
S3150801D7300BD815D1628D013303F03F0363F3091248
S3150801D740628502F47C728AB9FEE7E16801EBC201DF
S3150801D750C879800708D54968C1F31701A94203D1D9
S3150801D760E06800EBC200F8BD0132E0E7D900E068E5
S3150801D770EDF7FAF80646638DE060C3F30513A0F1E9
S3150801D7800807013B17D11946082230460EF026FC38
S3150801D7900C20E668EDF7C4F8E368306018680DF008
S3150801D7A0C9FBE068C37943F00203C371436865F3B3
S3150801D7B017034360D7E706EBC30207EBC30103C9A7
S3150801D7C082E80300DDE770B5037A0446FF2B056896
S3150801D7D01AD0002605EB8305237A9E4212D215F844
S3150801D7E0010BECF78BFA830605D40136F4E7ECF75F
S3150801D7F085FA820601D5012070BD013415F8340079
S3150801D8000028F4D10020F7E70024F7E737B51446D6
S3150801D81000B9FEE70023058D009329436B46E3F71C
S3150801D820D9FF012805D0204603B0BDE83040ECF702
S3150801D8300FBA009803B030BDF0B50024458DC5F385
S3150801D8400515A54201D80020F0BDC7684FEAC40CEA
S3150801D85007EBC40696F807E01EF0010F0AD07668B2
S3150801D860C6F317069E4205D157F80C00BDE8F040ED
S3150801D8700DF0F4BB0134E4E77FB50E460546019287
S3150801D880F0B16122FFF7C2FF04460390C0B10368F5
S3150801D890B3B1622231462846FFF7B8FF10F0FF02FE
S3150801D8A003900DD02368204601999847C0F30723B2
S3150801D8B08DF80400C0F307408DF805308DF8060091
S3150801D8C0019804B070BD2DE9F743002507462E4699
S3150801D8D06FEA01086FEA02097B8DC3F30513AB42B0
S3150801D8E040F28780FB68E90003EBC502D07984071B
S3150801D8F07CD4928818EA020F0CBF0120002019EA8D
S3150801D900020F0CBF0122002290426FD05C5801AA77
S3150801D910102120460DF0A2FB002869D111212046CD
S3150801D92001AA0DF09BFB002862D11221204601AA0B
S3150801D9300DF094FB00285BD11321204601AA0DF0B6
S3150801D9408DFB002854D11521204601AA0DF086FB2E
S3150801D95000284DD11421204601AA0DF07FFB00288D
S3150801D96046D11621204601AA0DF078FB00283FD1A1
S3150801D9706A21204601AA0DF071FB002838D16B21D6
S3150801D980204601AA0DF06AFB90BB0121204601AA97
S3150801D9900DF064FB60BB0221204601AA0DF05EFB77
S3150801D9A030BB0421204601AA0DF058FB00BB052116
S3150801D9B0204601AA0DF052FBD0B90621204601AA3C
S3150801D9C00DF04CFBA0B90721204601AA0DF046FB34
S3150801D9D070B93021204601AA0DF040FB40B96821F3
S3150801D9E0204601AA0DF03AFB38B10226013573E744
S3150801D9F00326304603B0BDE8F0836921204601AA13
S3150801DA000DF02CFB0028F0D16E21204601AA0DF05D
S3150801DA1025FB0028E9D16C21204601AA0DF01EFB41
S3150801DA200028E2D16D21204601AA0DF017FB002836
S3150801DA30DBD13A21204601AA0DF010FB0028D4D1EA
S3150801DA403B21204601AA0DF009FB0028CDD138213A
S3150801DA50204601AA0DF002FB0028C6D13C2120462A
S3150801DA6001AA0DF0FBFA0028BFD13E21204601AAE2
S3150801DA700DF0F4FA0028B8D14021204601AA0DF08C
S3150801DA80EDFA0028B1D14121204601AA0DF0E6FAA6
S3150801DA900028AAD14221204601AA0DF0DFFA002862
S3150801DAA0A3D14821204601AA0DF0D8FA00289CD115
S3150801DAB0012E38BF012699E773B55E2205460E4643
S3150801DAC0FFF7A4FE2722C4B231462846FFF79EFE79
S3150801DAD0012C204638BF012002B070BD73B55F2204
S3150801DAE005460E46FFF792FEC4B2022C019003D8F2
S3150801DAF00024204602B070BDFC2C96BFC4EB04245A
S3150801DB00FF24C4F307241EB9284600F03AFB05464C
S3150801DB102DB9022CECD9FD2C28BFFF24E9E75F2299
S3150801DB2000212846FFF772FE0190C0B20228DFD90C
S3150801DB30FC289CBF4443C4F30724E5E737B56E22A6
S3150801DB4000210446FFF762FE0546019020B1A3684D
S3150801DB50002B4ED102252EE001466C222046FFF706
S3150801DB6055FEB0F5807F0190F1D16D2229462046F8
S3150801DB70FFF74CFEB0F5807F0190E8D12946712266
S3150801DB802046FFF743FE014601900028DFD17222A5
S3150801DB902046FFF73BFE054601900028D7D10146EE
S3150801DBA060222046FFF732FE0190C0B2FF280BD053
S3150801DBB0A36833BB01252046FDF77DFDA36893F8CD
S3150801DBC02B2065F3830219E0294673222046FFF7C5
S3150801DBD01DFE014601900028EAD167222046FFF77B
S3150801DBE015FE019010F0FF00A368E2D113B903B046
S3150801DBF030BD022093F82B2060F3830283F82B2093
S3150801DC00F5E70120F6E72DE9F84F04460F461FFA16
S3150801DC1082F902F47F0511B30E7A1DB90846FFF79A
S3150801DC20D2FDC0B9003E18BF01267642F6B20022DF
S3150801DC304FF6FF7A9046638DC3F30513434510D813
S3150801DC40002A69D0002E67D029462046BDE8F84F3C
S3150801DC50FF22E3F757BE2046FEF748FEE2E7FF2616
S3150801DC60E5E7E068D14500EBC8014B684FEAC80B08
S3150801DC70C3F3170303D01FFA83FCCC450BD1B5F5C3
S3150801DC80702F03D003F47F039D4204D137B150F8B6
S3150801DC900B30BB4202D008F10108CCE7CB799907D2
S3150801DCA005D50023FF2229462046E3F7CFFDE36881
S3150801DCB003EB0B02D27992070DD053F80B0008B18A
S3150801DCC00DF03CF9E36853F80B00ECF743FE00222C
S3150801DCD0E36843F80B20638D4246C3F30513D4F872
S3150801DCE00CC003F1FF3B06E001320CEBC20E9EE8C5
S3150801DCF003000EE903009345F6D803F13F01638D4E
S3150801DD0001F03F0161F3091360466385C900ECF729
S3150801DD102BFE0122E0608EE7BDE8F88F2DE9F04180
S3150801DD20438D044603F47C73B3F57C7F0E46154692
S3150801DD3000D1FEE70023FF222946E3F787FD4EB10E
S3150801DD4015F47F0F06D13046FFF73DFD10B1204689
S3150801DD50FEF7CCFD00272A4631462046FFF753FF3A
S3150801DD60638DC3F30513BB4205D9E26802EBC7020B
S3150801DD70D27992070AD1628D013303F03F0363F327
S3150801DD800912628502F47C7212B9FEE70137EAE7E5
S3150801DD90E068D900ECF7E8FD8446E06000B9FEE7E3
S3150801DDA0638DA0F1080EC3F30513013B9F4217D3F8
S3150801DDB00CEBC700082200210EF010F9E2684FEAC1
S3150801DDC0C70802EB080342F837605A68294665F323
S3150801DDD017025A602046BDE8F041FF22E3F792BDDB
S3150801DDE00CEBC3020EEBC30103C9013B82E8030036
S3150801DDF0DCE7F8B54B8D054613F47C7F0C46C3F377
S3150801DE0005120CD028B10023E16851F83310A94254
S3150801DE100DD1FF224FF470212046E3F773FD20460A
S3150801DE2000F0E5F900260746BE4204D1F8BD0133E4
S3150801DE309A42E9D8F3E7A36828461B6853F82610DF
S3150801DE40FFF7D7FF0136EFE72DE9F7431E460446EC
S3150801DE50002301920F460A4606F47F01E3F7F6FC12
S3150801DE600023658DC5F30515AB420AD3638D0135CC
S3150801DE7005F03F0565F30913638503F47C733BBB22
S3150801DE80FEE7E168D80001EBC30292F807C01CF06F
S3150801DE90010F1BD05268C2F31702964216D10D58CC
S3150801DEA03EB93846EBF72AFF830602D52046FEF728
S3150801DEB01DFD39462846019A0DF08AF83A4631463B
S3150801DEC0204603B0BDE8F043E3F71CBD0133CBE7B9
S3150801DED0E068E900ECF748FD0346E06000B9FEE7B3
S3150801DEE0658DC5F3051505F1FF3905F10055023DA7
S3150801DEF000EBC5054FEAC908B9F1000F1ED1082282
S3150801DF00002103EB08000EF069F80C20E568ECF730
S3150801DF1007FDE36845F8390053F839000DF00AF8AA
S3150801DF20E16801EB0803DA7942F00102DA715A680D
S3150801DF3066F317025A6051F83950B1E7EA79083D94
S3150801DF409207DCD1D5E90201984488E8030009F172
S3150801DF50FF39CFE7F8B50023044616460F46418D2B
S3150801DF60C1F30511994203D80DD100252846F8BDFC
S3150801DF70E26802EBC302D079C00713D55268C2F32F
S3150801DF801702B2420ED1E268394652F833000CF054
S3150801DF90E4FF05460028E8D03A4631462046E3F72D
S3150801DFA0B1FCE3E70133DDE770B50468A5682279BA
S3150801DFB005F47F0529462068FFF728FC0023267902
S3150801DFC029463246E060237120682346E3F73EFC82
S3150801DFD0A16820682671FFF7A3FBE268217900682A
S3150801DFE00CF0F6FF2279A1682068BDE87040E3F7D6
S3150801DFF089BC82B013460A46012102B0FFF724BF45
S3150801E00082B013460A46042102B0FFF71DBF82B04B
S3150801E01013460A46022102B0FFF716BF82B013461D
S3150801E0200A46082102B0FFF70FBF82B013460A4617
S3150801E030092102B0FFF708BF82B013460A460A2132
S3150801E04002B0FFF701BF82B013460A46102102B09B
S3150801E050FFF7FABE82B013460A46112102B0FFF74E
S3150801E060F3BE82B013460A46122102B0FFF7ECBE90
S3150801E07082B013460A46132102B0FFF7E5BE84B003
S3150801E08013460022ADF80C10090C8DF80E101C2150
S3150801E0908DF80F20039A04B0FFF7D6BE82B0134657
S3150801E0A00A461D2102B0FFF7CFBE82B013460A46C3
S3150801E0B0282102B0FFF7C8BE84B013460022ADF886
S3150801E0C00C10090C8DF80E1058218DF80F20039AA3
S3150801E0D004B0FFF7B9BE82B013460A465E2102B004
S3150801E0E0FFF7B2BE82B013460A460C2102B0FFF70B
S3150801E0F0ABBE82B013460A46162102B0FFF7A4BE8C
S3150801E10082B013460A46272102B0FFF79DBE82B0A8
S3150801E11013460A467D2102B0FFF796BE82B0134622
S3150801E1200A467E2102B0FFF78FBE82B013460A4621
S3150801E1307F2102B0FFF788BE82B013460A468021C6
S3150801E14002B0FFF781BE82B013460A46812102B0AA
S3150801E150FFF77ABE38B504460D460AF024FB10B11E
S3150801E16020460AF05CFB29462046BDE83840E8F718
S3150801E1709FBF034620B118465B68002BFBD1704749
S3150801E180704700B140687047806858B10029038D0F
S3150801E19001DAC91805D48B4203D9036853F821005B
S3150801E1A070470020704770B58468F4B10029238D43
S3150801E1B019DA0131013B14D3206850F823000568A8
S3150801E1C09542F7D10029F4D170BD206850F8250091
S3150801E1D00668964202D10029F6D0013901359D42D9
S3150801E1E0F3DB0020F0E70025F9E72046ECE7806835
S3150801E1F000B1008D704730B5836873B100200246BF
S3150801E2001C8D944200D830BD1D6855F82250013244
S3150801E2102D688D4208BF0130F3E71846F3E710B5BC
S3150801E220034670B1426862B100209268118D81423D
S3150801E23000DCFEE7146854F820409C4203D0013004
S3150801E240F5E74FF0FF3010BD70B590F82B30044656
S3150801E250DB062BD4FEF74AFB65682046ADB1E3F72A
S3150801E26007FE95F82B4014F010041FD12846FFF736
S3150801E27043F9224627212846FDF7C1FE22462846AC
S3150801E280BDE870402921FDF7BABEE3F7D1FD064680
S3150801E29060B1D0F8C03220469C4203D0BDE8704038
S3150801E2A0E3F7E6BDE3F7E4FDC6F8C05270BDFFF734
S3150801E2B0CBBF2DE9F041436804460D46002B66D0D5
S3150801E2C0002964D08B4262D0FEF710FB2846FDF781
S3150801E2D0F2F92046FFF7A3FF03466768D7F80880D7
S3150801E2E0D8F800203846FFF782FF0138984241DC0A
S3150801E2F0B8F82860013EB6B2A8F82860002E40D0CA
S3150801E3001046B100ECF730FBC8F80000AE68318D55
S3150801E3103068013189B231858900ECF725FB306017
S3150801E3202846FFF764FFAB6800F180401B68013897
S3150801E33043F8204038466560FFF7DEF82246272174
S3150801E3403846FDF75CFE002229213846FDF757FEBF
S3150801E350224627212846FDF752FE00222821284673
S3150801E360FDF74DFE2046FEF78DF82046BDE8F04143
S3150801E370FEF7BCBA02EB8301496842F82310013360
S3150801E380B0E71046ECF7E6FABB681E60BEE7BDE8E3
S3150801E390F081F8B50E46074698B345688DB3FFF781
S3150801E3A03EFF031E00DAFEE72846FFF720FF002E90
S3150801E3B001DA361825D4B04223DDB34221D0AA6842
S3150801E3C0146808DC04EB8301496844F82310013317
S3150801E3D09E42F7D108E004EB830151F8041C44F886
S3150801E3E02310013B9E42F6D11368284643F826704E
S3150801E3F000222721FDF703FE2846BDE8F840FEF76F
S3150801E40075BAF8BD10B5044600223C2100F0AEFAF3
S3150801E410E36A6BB1226B0AB120469847002323634E
S3150801E4200022204662633D21BDE8104000F09EBAF5
S3150801E430236B002BFCD1F3E773B500220C4614318C
S3150801E44006460BF08EFA10B9002002B070BD012104
S3150801E4502046FCF7F6FE0028F6D12046FDF7B3FD67
S3150801E4600028F1D18DF800006A4617212046019649
S3150801E470FDF7C5FD9DF80030022BE5D02046FFF7D4
S3150801E480B6FE451E002D05DA9DF80030002BDBD1BE
S3150801E4902046DAE7A36830461B6853F82510FFF7CC
S3150801E4A0CBFF0028D1D1013DECE72DE9F341041D4D
S3150801E4B0076890F8148020460E460BF0DDFC0546E9
S3150801E4C020460BF0DEFC2A460346414638460096AE
S3150801E4D000F0B3FB00B9FEE702B0BDE8F081704772
S3150801E4E02DE9F04FC7B00C460DF10C0800F11805DF
S3150801E4F0074695E80F0088E80F000BA92046FDF7A7
S3150801E500F1FF2046FDF73AFD07AE024601460BA884
S3150801E5100BF051F9414630460BAA0BF066F9E8B300
S3150801E52096E80F0085E80F003A4619212046FDF7BF
S3150801E53066FD3A461A212046FDF761FD1B213A463A
S3150801E5402046FDF75CFD4FF480112046FCF779FE65
S3150801E55038BB04F114020DF13C09414648460BF05B
S3150801E56044F9B8B12046FFF742FE8346D8B996E882
S3150801E5700F0085E80F003A461C212046FDF73FFDAE
S3150801E5803A461D212046FDF73AFD3A461E21204608
S3150801E590FDF735FD98E80F0085E80F0047B0BDE89F
S3150801E5A0F08F0BAAD7E799E80F0085E80F002D220F
S3150801E5B000212046FFF72AF92B9068B94FF0000988
S3150801E5C0A36838461B6853F8291009F10109E3F7CE
S3150801E5D0F7FCCB45F4D1CAE70C2200212046FFF708
S3150801E5E015F981462B900028E8D01FA800F061FE96
S3150801E5F004F114060DF1980C96E80F008CE80F004B
S3150801E6002BA8CDF8A890E5F7EFF930460BF034FCC6
S3150801E610824630460BF035FC824503DB30460BF06B
S3150801E62030FC02E030460BF027FC40104845034613
S3150801E630A8BF4B460DF14C09009396E80F0089E8EF
S3150801E6400F00009A49469B1A0133424648461493DD
S3150801E6500BF0CBF860B34A461021384600F0DDF9D5
S3150801E66000238246A26850461268019352F8231085
S3150801E670E3F7A6FC019B01339B45F3D152461C21C6
S3150801E6802046FDF7BCFC52461D212046FDF7B7FC86
S3150801E69052461E212046FDF7B2FC50461FA900F03E
S3150801E6A00CFE4A4638462BA9CDF8C8A000F059FCFD
S3150801E6B096E80F000DF15C0989E80F000B46009AF0
S3150801E6C049461344013B424648461A930BF08DF8D6
S3150801E6D060B34A461021384600F09FF90023824666
S3150801E6E0A26850461268019352F82310E3F768FCB2
S3150801E6F0019B01339B45F3D152461C212046FDF768
S3150801E7007EFC52461D212046FDF779FC52461E2104
S3150801E7102046FDF774FC50461FA900F0CEFD4A4677
S3150801E72038462BA9CDF8C8A000F01BFC96E80F00C7
S3150801E7300DF16C0989E80F000B46009A4946134406
S3150801E7401C931E9B48469B1A42461E930BF04DF896
S3150801E75000283FF41FAF99E80F00002685E80F004F
S3150801E760A36838461B6853F826100136E3F728FCD8
S3150801E770B345F5D1FFE670B588B00E46044618B91B
S3150801E780E4F7EAF9044660B12046E4F781FB40B1B3
S3150801E79094F83A3013F0020300D0FEE71EB9C4F824
S3150801E7A05C6208B070BD2046CDE90033E4F7E4F9B0
S3150801E7B0013802902046E4F7EFF96D4601380390D7
S3150801E7C02A46314604A80BF010F80028E9D094F837
S3150801E7D03B30072B07D1049B23F007030493069BC1
S3150801E7E043F00703069394F83930022B0ED195E8C6
S3150801E7F00F0004F13C0686E80F00012300223521AB
S3150801E8002046C4F85C3200F0B1F8CAE73221204646
S3150801E81004AA00F0ABF80128C3D10026D4F85C326B
S3150801E820B1B28B4215D81F2B82BF00232A46C4F8E2
S3150801E8305C32D4F85C3298BF04AA106804EB031161
S3150801E840C86350680133086490684864D2688A646A
S3150801E850D4E704EB011100223C3104A80BF081F83E
S3150801E86001360028DAD09CE738B505460BF00BFED1
S3150801E870044628460BF005FE352C06D1D0F8F802D9
S3150801E88018B1BDE838400CF097BF38BD2DE9F04FF7
S3150801E89087B099469DF84030044615468B46059340
S3150801E8A001B9FEE7E4F768F9824620B12046E4F7A4
S3150801E8B073F9064600B9FEE72046E4F7A3F90146CF
S3150801E8C007465846E4F7CEFE834500D0FEE735B144
S3150801E8D039462846E4F7C6FE854200D0FEE73946A2
S3150801E8E05046E4F799FE059B804613B9484505D974
S3150801E8F0FEE700FB06F34B4502D9FEE7B9FBF0F646
S3150801E90004F51C73049332463B465146CDE901B9D9
S3150801E910049804F5237BCDF80080E4F7ABFE324674
S3150801E9203B4651465846CDE90159CDF80080E4F7F2
S3150801E930A1FE002D2046049914BF5A460022E4F789
S3150801E94045F92046059907B0BDE8F04FE4F748B9FF
S3150801E950002303637047006A003818BF0120704717
S3150801E96000B9FEE700F538700BF035BD70B588B013
S3150801E97004460E46154600211C2201A80DF02EFB61
S3150801E980CDE9014404F538740122204601A9ADF800
S3150801E9900C6005950BF0EDFC012804D100222046F8
S3150801E9A001A90BF0E6FC08B070BD08B5024650B1E6
S3150801E9B00020E4F701F94243EF2AC3BFA0235032EE
S3150801E9C0B2FBF3F20122104608BD7047F8B50646B8
S3150801E9D054200C46EBF7ACFF054600F1080794E80E
S3150801E9E00F0087E80F0005F1180794E80F0005F1F5
S3150801E9F0380487E80F0006F118030FCB84E80F00E7
S3150801EA000123AB64B36B13B9B5632846F8BD1A463F
S3150801EA101B68002BFBD11560F7E72DE9F041884605
S3150801EA2014460646E3F7A0FD07464C20EBF780FFA0
S3150801EA30054600B9FEE7C66300F1180694E80F001B
S3150801EA4086E80F002E1D94E80F0086E80F0005F1F1
S3150801EA50280694E80F0086E80F0085F81480D7F891
S3150801EA60A8323BB11A461B6C002BFBD1156428460C
S3150801EA70BDE8F081C7F8A852F9E70068E4F740BE97
S3150801EA8010B54022002104460DF0A8FA012323629D
S3150801EA90FF2384F83C300BF038FBC0F30723637778
S3150801EAA040232077C0F30740A077636110BD7FB587
S3150801EAB091F83C300546022B0C4624D90B6A13B350
S3150801EAC0D1E909239A421ED08B8ECA6AD11A0091BE
S3150801EAD0216B1A44CE1A0B44013B013A694603934A
S3150801EAE002920196FFF772FF06464020EBF718FFE0
S3150801EAF021464022F0640DF07CF908233146284668
S3150801EB003371E4F7ABFA04B070BD10B1033020F0ED
S3150801EB100300704710B504460846EAF75FFF6043ED
S3150801EB200730C00810BDEBF715BF0330EBF7F8BE89
S3150801EB3003465B690846114603B1184718467047EC
S3150801EB4003469B680846114603B11847184670479D
S3150801EB5030B587B00A46044600B9FEE7856905B9A6
S3150801EB60FEE72B696BB141B98388C088013B01383F
S3150801EB70009002A80AF005FE02AA114620462B6952
S3150801EB80984707B030BD2DE9F84F07461C2089463E
S3150801EB9093461D460A9EEBF7CBFE044600B9FEE7EF
S3150801EBA026B929464846E4F737FD064633462A4636
S3150801EBB059464846E4F738FD3B68804633B920464E
S3150801EBC0EBF7C8FE00242046BDE8F88F294698478A
S3150801EBD082460028F3D065702368294603F47F43EB
S3150801EBE043F4401343F01903A4F80490A4F806B0BB
S3150801EBF026812360E4F736FDC4F80C80C4E9040ACB
S3150801EC00A761E0E737B50B890C4600934B78CA88AC
S3150801EC108988FFF7B8FF054660B16388C26843F083
S3150801EC2030034380E36821699A4228BF1A4600697E
S3150801EC300DF0DFF8284603B030BD2DE9F0410D4649
S3150801EC40174698460446069E18B900242046BDE88C
S3150801EC50F08101B9457826B929463846E4F7DCFC3E
S3150801EC60064633462A4641463846E4F7DDFCE3685C
S3150801EC708342EAD36570A780A4F806802681E5E772
S3150801EC8010B5044600B9FEE74388DB060BD5836950
S3150801EC9003B9FEE75B680BB1406998472046BDE8B2
S3150801ECA01040EBF757BE10BDF0B589B00D460446C6
S3150801ECB000B9FEE7068951B90A46E4F721FD294656
S3150801ECC0E288724309B0BDE8F0400DF087B9002328
S3150801ECD0CDE9003383886A46013B0293C38804A8B9
S3150801ECE0013B03930AF081FDE8B104A80BF0C4F8CF
S3150801ECF0002818DD04A80BF0C4F8002813DDDDE9A7
S3150801ED0004122046E4F7FCFC05466078EAF766FE3D
S3150801ED10044604A80BF0B0F84443059F0734E410F1
S3150801ED20079BBB4201DA09B0F0BD284622460021FD
S3150801ED300DF054F935440137F2E72DE9F84F9046BD
S3150801ED401E465278437805469A420C4600D0FEE79D
S3150801ED5069B9DA1F032AB0F8049011D91EB33046EF
S3150801ED600BF08AF8484546D1D6E9001221E0084653
S3150801ED700BF082F88146CEBB6B78DA1F032A12D8CC
S3150801ED80072B2869D8F8101009D0082B09D0092BA8
S3150801ED9014BF4FF4806240220DF02BF8DEE70822FB
S3150801EDA0FAE71022F8E7B8F804304B4523D10022D8
S3150801EDB011464046E4F7A4FC0746ECB1D4E9001233
S3150801EDC02846E4F79DFC0646D4F804B0D4F80CA00E
S3150801EDD068782C89B8F80880EAF700FE09FB00F57F
S3150801EDE00735ED10D34513DDBDE8F88F30460BF036
S3150801EDF043F88145B8D0FEE7224621462846E4F77E
S3150801EE007FFCB5F806A00646A3460AF1FF3ADFE7F6
S3150801EE10394630462A460CF0ECFF264447440BF1A6
S3150801EE20010BDFE74388194214BF01200020704710
S3150801EE3030B585B0CB680C4602930B69054601933C
S3150801EE400B8900934B78CA888988E4F713FC638891
S3150801EE506B8005B030BD38B10078A0F120035F2B77
S3150801EE6004D9C00940007047032070470120704744
S3150801EE702DE9F0438BB005461E46BDF84870BDF82E
S3150801EE804C80DDF8509073B9B7F5807F0BD1B8F592
S3150801EE90807F08D1C0E9003301398160541EEC60D6
S3150801EEA00BB0BDE8F08301240023CDE90812CDE9B2
S3150801EEB00413CDE9063231463A46CDE90233CDE9A6
S3150801EEC00094434602A80AF0C9FF43463A4631462A
S3150801EED0CDE9009404A80AF0C1FF43463A463146F3
S3150801EEE0CDE9009406A80AF0B9FF43463A463146E9
S3150801EEF0CDE9009408A80AF0B1FF089B069C1A46BA
S3150801EF00A342A8BF2246049802998242A8BF024694
S3150801EF108A42D4BF2A602960A342B8BF23468342E6
S3150801EF20B8BF03468B42B8BF0B46099C0798013BFD
S3150801EF308442AB602346A8BF03460599039A8B42D0
S3150801EF40A8BF0B469342D4BF6B606A608442B8BFC0
S3150801EF5004468C42B8BF0C469442B8BF1446013CDD
S3150801EF609DE72DE9F04385B00B6B0746002B0C4650
S3150801EF70164638DD4B6B002B35DD1146FFF726FDAE
S3150801EF8005466C20EBF7CCFC21466C22E8640CF0B4
S3150801EF9030FF06232B7100233046AB640AF06CFF61
S3150801EFA0804630460AF06DFF04F140030293A38EB2
S3150801EFB005F118090193238E02460093E36A414637
S3150801EFC04846FFF755FFD6E9001248460AF000FC05
S3150801EFD0012229463846E36983F8442005B0BDE88D
S3150801EFE0F043E4F73BB805B0BDE8F0832DE9F043FB
S3150801EFF085B0CB6980460C461546002B48D091F85A
S3150801F0004C30022B44D90B6B002B41DD4B6B002B8B
S3150801F0103EDD6C20EBF784FC07466C2221460CF09A
S3150801F020E8FEF86907F1200100F0FBFB012805D08D
S3150801F030384605B0BDE8F043EBF78CBC2946404697
S3150801F040FFF7C4FC052300F1180903710646C764D6
S3150801F05028460AF011FF074628460AF012FF04F16E
S3150801F06040030293A38E02460193238E39460093E9
S3150801F0704846E36AFFF7FCFED5E9001248460AF05E
S3150801F080A7FB3146404605B0BDE8F043E3F7E6BFC6
S3150801F09005B0BDE8F0832DE9F041A0B006460C465F
S3150801F0A015461F46002B4ED01368059353680693E1
S3150801F0B093680793D3680893CB6A3BB90B6BB3F58F
S3150801F0C0807F03D14B6BB3F5807F21D028460AF0A8
S3150801F0D0D3FE804628460AF0D4FE04F14003029383
S3150801F0E0A38E02460193238E41460093E36A05A83F
S3150801F0F0FFF7BEFE2968059B6A680B440593069BC4
S3150801F10013440693079B0B440793089B13440893E0
S3150801F1100DF124084046B26805A90AF066FB90B1CC
S3150801F1200022E1690DA8E5F7DDF801280BD1304683
S3150801F13000232146CDE9018700950DAAE4F7F0FBE6
S3150801F1400DA800F094FB20B0BDE8F0811F2825D951
S3150801F15040F21C63984221D0A0F58A531F3B012B2C
S3150801F1601CD9A0F5C0530B3B032B17D9A0F50053A7
S3150801F170A3F10B02042A11D9283B072B0ED9A0F5B6
S3150801F18001531F3B102B09D94FF6FF63984205D04F
S3150801F1904FF6FF03C31A584258417047012070477A
S3150801F1A00379042B0CBFC06C002070471C22002178
S3150801F1B00CF014BFF8B50C4694F848300646022BF5
S3150801F1C0114621D9E369FBB11B78EBB1236ADBB19F
S3150801F1D0FFF7FCFB05465420EBF7A2FB5422214618
S3150801F1E0E8640CF006FE04232B7194F84C305B0698
S3150801F1F004D5E069EF6C0CF059FFF86129463046F1
S3150801F200BDE8F840E3F72ABFF8BD10B54022002152
S3150801F21004460CF0E3FE01232363FF2384F83C3004
S3150801F2200AF073FFC0F3072384F82D30402384F8CE
S3150801F2302C00C0F3074084F82E00636110BD7FB52A
S3150801F2400B6B06460C46002B31D091F83C20022A5E
S3150801F2502DD9496AE2699142D4BFC3EB0105C3EBD3
S3150801F260020500959142ACBF5D189D18226AA16AF4
S3150801F27002959142D4BFC3EB0105C3EB0205914246
S3150801F280ACBF5B189B18694603930195FFF79EFB74
S3150801F29005464020EBF744FB21464022E8640CF082
S3150801F2A0A8FD0723294630462B71E3F7D7FE04B09C
S3150801F2B070BD302200210CF091BEF8B50446007DE0
S3150801F2C00F460AF09FFE60B3211D2046FFF77EFB1D
S3150801F2D005463020EBF724FB30223946E8640CF06A
S3150801F2E088FD0A23EE6C2B713068346198B14FF4AE
S3150801F2F00021FBF7A6FF70B14FF400213068FBF738
S3150801F3003FFF1F212A463868FCF779FE4FF4002192
S3150801F3103068FCF78AF929462046BDE8F840E3F744
S3150801F3209DBEF8BD10B53022002104460CF056FEEC
S3150801F330FF2384F820303023636110BD0379012B44
S3150801F3400CBFC06C0020704710B504462C22002162
S3150801F3500CF044FE238D23F4FF5323F01F036FEAB9
S3150801F36013336FEA033323852C23636110BD0379B5
S3150801F370022B0CBFC06C002070472DE9F04F93B0EB
S3150801F380CD6D06460C46174685B191F86C30022BB1
S3150801F39040F28D80012D40F08C808B6E002B05DCB0
S3150801F3A00B6E1BB94D6E003D18BF012594F8203030
S3150801F3B0059394F83B30022B7DD9236B003B18BF8C
S3150801F3C00123079394F84830022B76D9636C002BF6
S3150801F3D073D094F8499019F0200F6ED119F01F09CE
S3150801F3E018BF4FF0010994F85830022B68D9236DDC
S3150801F3F0003B18BF01230693059BFF2B73D194F895
S3150801F4002F305B075ED1002D72D039463046FFF7A3
S3150801F410DDFA82463820EBF783FA8046A26E0AF1B6
S3150801F420180B1146CAF84C0058460AF0C4F9E26DA1
S3150801F430584611460AF0BFF9D4E9181258460AF097
S3150801F440C7F9C446A646BEE80F00ACE80F009EE819
S3150801F450070038238CE80700C8F81430E369B4F8C4
S3150801F4605920C8F81C3094F85B30A8F8202088F891
S3150801F4702230E36D5146C8F82430A36E3046C8F8E9
S3150801F480283094F86C3088F83430236EC8F82C305C
S3150801F490636EC8F8303098F8353065F3000388F89C
S3150801F4A0353003238AF80430E3F7D8FD1DE000253B
S3150801F4B07CE701257AE7002383E74FF0000992E705
S3150801F4C0002398E7002394F82E2004F127019A4295
S3150801F4D099D903EB8300085CFF2801D10133F6E7CC
S3150801F4E035B1002591E7002DFBD1059B022B58D993
S3150801F4F097E80F000EAD85E80F00636C012B1BDD45
S3150801F50094F84830FC2B17D9E369ABB1024694F855
S3150801F5104930C3F380010A440E920F9AC3F340019E
S3150801F5200A440F92109AC3F3C001521A1092119A03
S3150801F53003F00103D21A119229463046FFF746FA1B
S3150801F54080463020EBF7ECF90546FFF7EBFEAC46B3
S3150801F550A646C8F84C50BEE80F00ACE80F009EE876
S3150801F560070030238CE807006B61E36904F1240284
S3150801F570EB61B4F8213007CAA5F8213094F8233095
S3150801F58085F8233005F1240383E8070094F8203031
S3150801F590414685F820300123304688F80430E3F7E0
S3150801F5A05DFD079B002B6ED0206BFFF754FC0128ED
S3150801F5B01ED80DF12C0A5146206B00F032F90128AC
S3150801F5C061D194F83D30002B40F0F080BDF8302031
S3150801F5D00EA9013A1092BDF832203846013A119225
S3150801F5E000930922CDE90E330AF0A9FA0EA9DEE045
S3150801F5F0032848D00C2200210BA80CF0EFFC0025AB
S3150801F6006FF06043CDE9013500952B46D4E90C121C
S3150801F61009A80CF071F8099B0922013B10930A9B72
S3150801F6203846013B119300952B460EA9CDE90E5597
S3150801F6300AF085FA0EA93046FFF7C8F98046542024
S3150801F640EBF76EF90546E4F75DFAAC46A646C8F847
S3150801F6504C50BEE80F00ACE80F009EE807005423A3
S3150801F6608CE807006B61A36BAB851B0C85F82E3004
S3150801F670636B2B62236BEB6104234146304688F8A2
S3150801F6800430E3F7EBFCB9F1000F35D039463046C3
S3150801F690FFF79CF980462C20EBF742F9A6468446EB
S3150801F6A0C8F84C000546BEE80F00ACE80F009EE816
S3150801F6B007002C238CE807006B61E369E28FEB6195
S3150801F6C094F840302A8485F8223094F8483095F821
S3150801F6D0292085F82830636C41466B6294F84930D5
S3150801F6E03046C3F3040363F30402022385F8292091
S3150801F6F088F80430E3F7B2FC069B002B53D097E851
S3150801F7000F000EAD85E80F00D4E914231A441146FB
S3150801F71028460AF050F829463046FFF757F9804639
S3150801F7202C20EBF7FDF80546226D08F1180711465E
S3150801F730C8F84C0038460AF03EF8626D384611465C
S3150801F7400AF039F82F46A446BCE80F000FC79CE813
S3150801F75007002C2387E8070047F6FF726B61E36908
S3150801F7604146934218BF226D30461EBF9B18626DF3
S3150801F7709B18B4F84A20EB6194F84C302A840F227E
S3150801F78085F8223094F8583085F82830236D6B6255
S3150801F79095F8293062F3040385F82930022388F89D
S3150801F7A00430E3F75BFC13B0BDE8F08F3946304609
S3150801F7B0FFF70CF980466C20EBF7B2F80546E4F73B
S3150801F7C013F9AC46A646C8F84C50BEE80F00ACE89B
S3150801F7D00F009EE807006C238CE807006B61236B1A
S3150801F7E0EB6194F83B3085F84C30A36BA5F84830AB
S3150801F7F01B0C85F84A3094F83C3085F84B3094F860
S3150801F8003D2095F84D3062F3451385F84D3005F1E5
S3150801F81020039AE8070083E80700E3696B66052376
S3150801F8202BE730B595B004464C220D4601A80021B8
S3150801F8300CF0D4FB20460494FFF70DFB29468DF8FE
S3150801F840140001A8E4F78CFC003818BF012015B094
S3150801F85030BD30B4044600681346856825B10A46AA
S3150801F860AC46214630BC6047284630BC704710B5C7
S3150801F8700446006878B1C3680BB121469847E9F791
S3150801F8804FFE40B1206C30B1616C21B1BDE810402A
S3150801F890002209F031BC10BD016070474160704714
S3150801F8A081607047C1607047CB10C943C05C01F0E5
S3150801F8B00701084100F00100704737B5ADF80400AB
S3150801F8C0C0F30720FC2802D84C78022C03D8BDF8CF
S3150801F8D004300B800FE002280DD9FF2C0DD19DF8BD
S3150801F8E004300A7813FB00F3C0F1FF0505FB023368
S3150801F8F01B0A0B704C7003B030BDD378A34202D1FA
S3150801F900537883420DD0C0F1FF03C4F1FF0463436A
S3150801F9106FEA2323C0EB0020DBB2B0FBF3F093714F
S3150801F920D0710C885088BDF80430844202D1108801
S3150801F930984212D0BDF80430D07913800B88C0F1F3
S3150801F940FF0553809DF804300C7813FB00F305FB83
S3150801F95004331B0A1371937953719388B9E710B469
S3150801F96085B01446022CADF804101A46C9B216D051
S3150801F970032C19D0012C1CD104780C44FF2CA8BFE8
S3150801F980FF24E4B201469DF805308DF80C408DF848
S3150801F9900D30039805B05DF8044BFFF78EBF047868
S3150801F9A0641A24EAE474ECE7047814FB01F4240AE3
S3150801F9B0E8E705B05DF8044B704710B5022200214F
S3150801F9C004460CF00BFB02220021A0180CF006FBE2
S3150801F9D002220021201D0CF001FBFF23A371E37114
S3150801F9E010BD2DE9F04F8BB00746436890F821907A
S3150801F9F00093836806680193C36888460293D0E931
S3150801FA0006530393D0E9044308A80493FFF7D5FFE7
S3150801FA1097F82230002B40F0C08044BBB9F1FC0FA7
S3150801FA2022D8019B9C4280F2BB80AA46002739E076
S3150801FA3050460AF0F2FB09F1010907F8020C07F82A
S3150801FA4001BCC244009B02379945F1DB029B013494
S3150801FA501E44039B1D44019B9C4280F2A180AA4639
S3150801FA6037464FF00009EDE74FF0FF0BF3E7B9F121
S3150801FA70FC0F1F463BD8019B9F4280F29180AB4603
S3150801FA804FF0000A4FE050460AF0C7FB8DF81D906B
S3150801FA908DF81C0006EB4701079808AAFFF70DFF2A
S3150801FAA00137C244009B9F42EDDB029B01341E4491
S3150801FAB0039B1D44B5E750460AF0AFFB14F809301D
S3150801FAC08DF81C008DF81D3006EB4901079808AA28
S3150801FAD0FFF7F3FE09F10109C244009B9945EADBE8
S3150801FAE0029B01371E44039B1D44049B1C44019B36
S3150801FAF09F4255DAAA464FF00009EEE758460AF042
S3150801FB008CFB14F80A308DF81C0013FB09F31B1241
S3150801FB108DF81D3006EB4A01079808AAFFF7CDFEB6
S3150801FB200AF1010AC344009B9A45E7DB029B0137A8
S3150801FB301E44039B1D44049B1C449CE705980AF03C
S3150801FB406CFB8DF81C0034B314F80A3013FB09F367
S3150801FB501B0A8DF81D3006EB4A0008AB97F82220E0
S3150801FB600799FFF7FCFE059B0AF1010A4344059331
S3150801FB70009B9A45E2DB0CB1049B1C44029B0BF1EA
S3150801FB80010B1E44039B1D44019B9B4508DA4FF05C
S3150801FB90000A0595ECE74B46DBE74FF0000BF3E768
S3150801FBA00BB0BDE8F08F2DE9F04F87B00546D0E9D7
S3150801FBB00167D0E9044A90F81B90D0F80C8004A894
S3150801FBC0FFF7FBFEA869002C40F08780B9F1FC0F0E
S3150801FBD068D90AF0EEFA002E0246286806F1FF35C2
S3150801FBE025F00F054FF0FF01D8BF0025A6F1100E2D
S3150801FBF0BC4261DA03464FF0000C41E003F8202CC1
S3150801FC0003F81F1C03F81E2C03F81D1C03F81C2CF3
S3150801FC1003F81B1C03F81A2C03F8191C03F8182CF3
S3150801FC2003F8171C03F8162C03F8151C03F8142CF3
S3150801FC3003F8131C03F8122C03F8111C03F8102CF3
S3150801FC4003F80F1C03F80E2C03F80D1C03F80C2CF3
S3150801FC5003F80B1C03F80A2C03F8091C03F8082CF3
S3150801FC6003F8071C03F8062C03F8051C03F8042CF3
S3150801FC7003F8031C03F8022C03F8011C0CF1100C01
S3150801FC80E64503F12003B9DC2B4600F1010CB3422A
S3150801FC9002DB40440134ABE700F813200CF81310DB
S3150801FCA00133F4E70AF085FA8DF80D90D5F800903E
S3150801FCB08DF80C00BC420EDB07B0BDE8F08F09EBEE
S3150801FCC04501039804AAFFF7F8FD0135B542F6DBAD
S3150801FCD0C1440134EEE70025F8E7B9F1FC0F1CD958
S3150801FCE00AF067FA4FF00009D5F800B08DF80C0054
S3150801FCF0B945E1DA002509E0635D0BEB45018DF8AD
S3150801FD000D30039804AAFFF7D8FD0135B542F3DB98
S3150801FD10C344544409F10109EAE70AF04AFA4FF0E3
S3150801FD20000B2B688DF80C00BB45C5DA00250EE0E3
S3150801FD30625D03EB450112FB09F212128DF80D20E3
S3150801FD40039804AA0193FFF7B8FD019B0135B54253
S3150801FD50EEDB434454440BF1010BE5E72DE9F04F83
S3150801FD608BB090F820300446063B0F2B2FD8DFE8DE
S3150801FD7013F0E20170032E002E002E002E002E0035
S3150801FD802E002E00E400ED00EB0010002E002E00E0
S3150801FD909102436890F82180019383680668D0F838
S3150801FDA00CA00293D0E9067BD0E9045308A8039373
S3150801FDB0FFF703FE94F82230002B40F0BC80002D9B
S3150801FDC03CD1B8F1FC0F1CD8029BAB4234DC0BB01A
S3150801FDD0BDE8F08F37F814000AF006FA013408F87E
S3150801FDE0020C08F8019C019B08F10208A342F1DC08
S3150801FDF056445F440135029BAB42E8DDB046002418
S3150801FE00F1E74FF0FF09F6E737F814000AF0ECF9C5
S3150801FE104FEA44098DF81C008DF81D80079808AA39
S3150801FE2006EB0901FFF749FD0134019BA342EBDC0F
S3150801FE3056445F440135C7E70024F6E7B8F1FC0FDD
S3150801FE401C4621D8029BA342C1DD4FF0000939E0C7
S3150801FE5037F818000AF0C8F915F808304FEA4809C2
S3150801FE608DF81C008DF81D30079808AA06EB0901C4
S3150801FE70FFF723FD08F10108019B4345E8DC039BD5
S3150801FE8056445F441D440134029BA3429FDD4FF053
S3150801FE900008F1E74FEA490137F8190004910AF019
S3150801FEA0A3F915F80930049913FB08F31B128DF809
S3150801FEB01C008DF81D30079808AA3144FFF7FDFC90
S3150801FEC009F10109019B4B45E4DC039B56445F4458
S3150801FED01D440134B6E74FEA490337F8190005937B
S3150801FEE00AF082F98DF81C001DB315F8093013FBC9
S3150801FEF008F31B0A05988DF81D3094F822200799F6
S3150801FF0008AB3044FFF72BFD09F10109019B4B456D
S3150801FF10E1DC0DB1039B1D44049B56445F44013348
S3150801FF200493049A029B93427FF751AF4FF000095D
S3150801FF30ECE74346DEE70023F2E7032120460BB050
S3150801FF40BDE8F04FFFF74DBD0421F7E7436890F888
S3150801FF5021800193836807680293C368D0E9066A1A
S3150801FF600393D0E9045308A80493FFF726FD94F8F0
S3150801FF702230002B40F0DD80002D48D1B8F1FC0F6E
S3150801FF8020D8029BAB427FF722AFB146002436E068
S3150801FF90D8F800000AF058F998F803308DF81C00D3
S3150801FFA08DF81D3007EB4401079808AAFFF785FC71
S3150801FFB0013408F10408019BA342E9DC039B56447A
S3150801FFC01F440135029BAB427FF701AFB0460024BF
S3150801FFD0F1E7D9F800000AF037F999F803308DF8F6
S3150801FFE01C0013FB08F31B128DF81D3007EB4401A7
S3150801FFF0079808AAFFF761FC013409F10409019B76
S31508020000A342E6DC039B56441F440135B9E7B8F11F
S31508020010FC0F1C4629D8029BA3427FF7D8AEB346EB
S315080200204FF0000944E0D9F800000AF00DF915F876
S31508020030082099F803308DF81C0013FB02F31B12F3
S315080200408DF81D3007EB4801079808AAFFF735FC1B
S3150802005008F1010809F10409019B4345E3DC039B06
S3150802006056441F44049B01341D44029BA3427FF756
S31508020070AEAEB1464FF00008EEE7DBF800000AF034
S31508020080E3F815F809209BF803308DF81C0013FBDA
S3150802009002F308FB03F31B148DF81D3007EB490125
S315080200A0079808AAFFF709FC09F101090BF1040BE5
S315080200B0019B4B45E1DC039B56441F44049B0134D8
S315080200C01D44A8E7DBF800000AF0BEF89BF80320F7
S315080200D08DF81C002DBB12FB08F2130A8DF81D3091
S315080200E007EB490094F82220079908ABFFF737FC7B
S315080200F009F101090BF1040B019B4B45E2DC0DB139
S31508020100049B1D44039B56441F44059B01330593D8
S31508020110059A029B93427FF75AAEB3464FF00009FF
S31508020120EAE715F8093013FB02F308FB03F31B0C85
S31508020130D4E70023EBE7D0E9019390F8218006681B
S31508020140D0F80CA00193D0E9067BD0E9045308A89D
S315080201500293FFF732FC94F82220002A40F0988096
S3150802016075BBB8F1FC0F17D8019BAB427FF72FAED0
S3150802017000241FE0F85C06F8130001F81320013387
S315080201809945F7DC56445F440135019BAB427FF73C
S315080201901EAE0023711CF3E7FF22F6E73B5D8DF8DE
S315080201A01D808DF81C3006EB4401079808AAFFF754
S315080201B084FB0134A145F1DC56445F440135D3E79B
S315080201C0B8F1FC0F14461CD8019BA3427FF7FFAD7A
S315080201D000232FE017F8083006EB48018DF81C308B
S315080201E015F8083008AA8DF81D300798FFF765FB41
S315080201F008F10108C145EDDC029B56445F441D44E3
S315080202000134019BA3427FF7E2AD4FF00008F1E704
S31508020210FA5C06EB43018DF81C20EA5C039312FB99
S3150802022008F212128DF81D20079808AAFFF745FB57
S31508020230039B01339945EBDC029B56445F441D44FC
S315080202400134C1E73B5D8DF81C30FDB12B5D13FB14
S3150802025008F31B0A8DF81D3006EB4400079908AB14
S315080202600492FFF77CFB049A0134A145EADC0DB13E
S31508020270029B1D44039B56445F440133039303992F
S31508020280019B8B427FF7A3AD0024EEE74346E1E7E5
S315080202900023F3E7436890F821800193836807688F
S315080202A0D0F80C900293D0E9066AD0E9045308A85C
S315080202B00393FFF782FB94F82220002A40F0C780B6
S315080202C0002D3DD1B8F1FC0F19D8029BAB427FF73E
S315080202D07EADB34600242AE006EB440216F8143033
S315080202E0507807EB440108AA43EA0020FFF7E5FA2B
S315080202F00134019BA342EFDC4F4456440135029B6D
S31508020300AB427FF764AD0024F3E73BF8023C07EB08
S315080203104401ADF81C301BF8013C08AA13FB08F38C
S315080203201B128DF81D300798FFF7C7FA0134019B97
S315080203300BF1020BA342E8DC4F4456440135C4E7ED
S31508020340B8F1FC0F144626D8029BA3427FF73FADAD
S3150802035033464FF0000B3FE03BF8023C15F8082005
S31508020360ADF81C301BF8013C07EB480113FB02F3FE
S315080203701B128DF81D30079808AAFFF79EFA08F196
S315080203800108019B0BF1020B4345E5DC039B4F4435
S3150802039056441D440134029BA3427FF718ADB34667
S315080203A04FF00008EDE733F8022C15F80B10ADF8FC
S315080203B01C2013F8012C049312FB01F208FB02F22B
S315080203C012148DF81D2007EB4B01079808AAFFF7B0
S315080203D074FA049B0BF1010B019A02335A45E2DCCB
S315080203E0039B4F4456441D440134ADE736F81B308F
S315080203F0ADF81C30049B13F81B1005BB11FB08F162
S315080204000B0A8DF81D3007EB4B00079908AB0592CE
S31508020410FFF7A5FA059A0BF1010B019B5B45E5DC93
S315080204200DB1039B1D444F4456440134029BA3421B
S315080204307FF7CDAC731C4FF0000B0493EDE715F86C
S315080204400B3013FB01F308FB03F31B0CD9E700245B
S31508020450ECE7D0E9018390F821900668D0F80CA061
S315080204600193D0E9067BD0E9045308A80293FFF763
S31508020470A4FA94F82240002C7FF4A9ACCDBBB9F1BA
S31508020480FC0F1DD8019BAB427FF7A1AC00242AE0E2
S3150802049011463846FFF708FA404204F8020C04F8F7
S315080204A0019C0132904504F10204F1DC56445F4492
S315080204B00135019BAB427FF78AAC34460022F1E74D
S315080204C04FF0FF09F5E721463846FFF7EDF94042B6
S315080204D08DF81C008DF81D9006EB4401079808AAB2
S315080204E0FFF7EBF90134A045EDDC56445F440135CC
S315080204F0C8E7B9F1FC0F1FD8019BA3427FF767AC87
S31508020500002337E049463846FFF7CEF915F8093091
S3150802051040428DF81C008DF81D3006EB49010798FC
S3150802052008AAFFF7CAF909F10109C845EADC029BDC
S3150802053056445F441D440134019BA3427FF747ACEE
S315080205404FF00009F1E7194638460393FFF7ACF96D
S31508020550039B4042EA5C8DF81C0012FB09F2121258
S315080205608DF81D2006EB4301079808AAFFF7A5F99F
S31508020570039B01339845E6DC029B56445F441D44BF
S315080205800134B9E7CB10C943C05C01F00701084141
S3150802059000F00100704730B585B0B0F17D4F1446C2
S315080205A0CDE900104FEA10634FEA116501D2022D18
S315080205B014D8019B039300209DF80C3063F30700BF
S315080205C09DF80D3063F30F209DF80E3063F3174044
S315080205D09DF80F3063F31F6005B030BD022B01D8BA
S315080205E00391E8E7FF2D04D105B0BDE8304009F0D4
S315080205F074BED279AA4202D1E2789A420DD0C3F1E8
S31508020600FF02C5F1FF056A436FEA2222C3EB032301
S31508020610D2B2B3FBF2F3227363736168009809F0EE
S3150802062045FDB0B90198637B206000988DF80730C4
S3150802063001466060019809F050FEC0F30723637211
S31508020640237B2072C0F30740A072E372A06803906E
S31508020650B1E72168019809F029FD0028E2D0F5E7FB
S31508020660F0B585B01746022F04461A460191CDB257
S31508020670C1F30726C1F307402DD0032F3CD0012F23
S3150802068027D1A37821780344FF2BA8BFFF238DF82F
S315080206900E30637829443344FF2BA8BFFF23FF2972
S315080206A0A8BFFF218DF80D30C9B29DF807308DF825
S315080206B00C108DF80F3021680398FFF76CFFC0F312
S315080206C0072320706370C0F30743C0F30760A37063
S315080206D0E07005B0F0BDA37821781B1A23EAE3730C
S315080206E08DF80E306378491B9B1B23EAE3738DF85A
S315080206F00D3021EAE171D7E76178A37811FB06F19B
S3150802070009128DF80D10217813FB00F311FB05F180
S315080207101B128DF80E30090AC7E732B1FF23FC2AED
S31508020720CB7003D98870487008707047D34310FBA2
S3150802073002F08A78DBB202FB0302120A8A704A784E
S3150802074002FB0302120A4A700A7802FB0300000A35
S31508020750EAE710B50422002104460BF03FFC042206
S315080207600021A0180BF03AFC0422002104F108002B
S315080207700BF034FCFF232373637310BD2DE9F04F8E
S315080207808DB00746436890F8218000938368056810
S315080207900193C36804910293D0E906630393D0E9EF
S315080207A0044308A80593FFF7D4FF97F82230002BD5
S315080207B040F02981002C43D1B8F1FC0F38D9049BAB
S315080207C0042B33D1009B9F00019B9C4202DB0DB098
S315080207D0BDE8F08F314628463A460BF00AFB029BE3
S315080207E001341D44039B1E44EEE712F8017C0131D5
S315080207F003F8027C12F8027C03F8037C12F8037CE5
S3150802080003F8010C03F8047C009F0332B94203F192
S315080208100403EADB029B01341D44039B1E44019B2D
S315080208209C42D4DA32462B460021EDE7FF20F6E752
S315080208308DF81F80019B9C42C9DAB04600272FE03B
S31508020840B8F1FC0F1F4668D8019B9F42BFDAB24631
S315080208504FF0000996E098F8023055F827108DF8FF
S315080208601E3098F8013008AA8DF81D3098F8003025
S3150802087005EB87098DF81C300798FFF78CFEC0F345
S31508020880072305F8270089F80130C0F3074389F8DA
S315080208900230049BC0F3076089F8030001379844C5
S315080208A0009B9F42D7DB029B01341D44039B1E44D7
S315080208B0C0E714F8083055F828108DF81F3099F853
S315080208C0023008AA8DF81E3099F8013005EB880A1D
S315080208D08DF81D3099F800308DF81C300798FFF70F
S315080208E05AFEC0F3072305F828008AF80130C0F338
S315080208F007438AF80230049BC0F307608AF80300AC
S3150802090008F101089944009B9845D2DB029B0137FE
S315080209101D44039B1E44059B1C44019B9F42BFF634
S3150802092056AFB1464FF00008EDE714F8093055F80E
S31508020930291013FB08F31B128DF81F309AF80230A0
S3150802094008AA8DF81E309AF8013005EB890B8DF846
S315080209501D309AF800308DF81C300798FFF71BFEF9
S31508020960C0F3072305F829008BF80130C0F30743C3
S315080209708BF80230049BC0F307608BF8030009F179
S3150802098001099A44009B9945CFDB029B01371D4416
S31508020990039B1E44059B1C4456E79AF802308DF8C1
S315080209A01E309AF801308DF81D309AF800308DF80D
S315080209B01C3034B314F8093013FB08F31B0A8DF8FC
S315080209C01F3005EB890008AB97F822200799FFF735
S315080209D047FE049B09F101099A44009B9945DCDB11
S315080209E00CB1059B1C44029B0BF1010B1D44039B96
S315080209F01E44019B9B45BFF6EAAEB2464FF000097C
S31508020A00EBE74346DBE74FF0000BF2E72DE9F04F41
S31508020A1089B0D0E904430646D0E9015990F81B800B
S31508020A20D0F80CA004A80093FFF793FE002C5CD123
S31508020A30B8F1FC0F30D9B06909F010FB691E002D18
S31508020A4021F00F01D8BF002103463068A5F110072F
S31508020A504C4529DA0246002610E042E9103342E9FB
S31508020A600E3342E90C3342E90A3342E9083342E9D2
S31508020A70063342E9043342E902331036B74202F139
S31508020A804002EADC0A46AA4202DB50440134DFE7A6
S31508020A9040F822300132F6E74146B06909F0BDFA5C
S31508020AA0376803904C451EDB09B0BDE8F08F57F84E
S31508020AB02610039804AAFFF76EFD07EB8608C0F313
S31508020AC0072307F8260088F80130C0F30743C0F366
S31508020AD0076088F8023088F803000136AE42E6DB82
S31508020AE057440134DEE70026F8E7B8F1FC0F2DD9A2
S31508020AF0FF21B06909F091FA4FF0000837680390B0
S31508020B00C845D1DA002619E0A35D57F826108DF8F4
S31508020B100F30039804AAFFF73EFD07EB860BC0F3D6
S31508020B20072307F826008BF80130C0F30743C0F302
S31508020B3007608BF802308BF803000136AE42E3DB1E
S31508020B40009B57441C4408F10108D9E74146B0699D
S31508020B5009F063FA4FF0000B37680390CB45A3DA26
S31508020B6000261BE0A35D57F8261013FB08F31B1299
S31508020B708DF80F3004AA07EB860303980193FFF753
S31508020B800AFD019BC0F3072207F826005A70C0F334
S31508020B900742C0F307609A70D8700136AE42E1DBAD
S31508020BA0009B57441C440BF1010BD7E72DE9F04F84
S31508020BB08DB090F820308346063B0F2B33D8DFE8FA
S31508020BC013F07602F40332003200320032003200A9
S31508020BD032003200570160015E0110003200320015
S31508020BE02603436890F82190019383680568029367
S31508020BF0C3680393D0E906430493D0E9046308A8BB
S31508020C000593FFF7A6FD9BF82270002F40F02B8173
S31508020C10002E48D18DF81F9040F20D4A40F63A0947
S31508020C20029BB3423DDC0DB0BDE8F08F04EB4703EF
S31508020C305B7855F82710DB0809FB03F31B128DF8BE
S31508020C401E3034F8173008AAC3F345130AFB03F318
S31508020C501B128DF81D3014F8173005EB870803F0C0
S31508020C601F0309FB03F31B128DF81C300798FFF7C5
S31508020C7092FCC0F3072305F8270088F80130C0F371
S31508020C800743C0F3076088F8023088F80300013783
S31508020C90019BBB42CADC039B01361D44049B1C44D0
S31508020CA0BEE70027F4E7B9F1FC0F51D840F63A0B34
S31508020CB040F20D43029ABA42B5DD4FF0000887E0CA
S31508020CC016F8083055F828108DF81F3004EB48033B
S31508020CD05B7808AADB080AFB03F31B128DF81E30A1
S31508020CE034F8183005EB8809C3F345130BFB03F3F5
S31508020CF01B128DF81D3014F8183003F01F030AFB77
S31508020D0003F31B128DF81C300798FFF744FCC0F357
S31508020D10072305F8280089F80130C0F30743C0F312
S31508020D20076089F8023089F8030008F10108019B77
S31508020D304345C5DC039B01371D44049B1C44059BA4
S31508020D401E44029BBB427FF76EAF4FF00008EEE7E8
S31508020D5040F63A0A40F20D4BF3E716F8082055F822
S31508020D60281012FB09F212128DF81F2004EB480212
S31508020D70527805EB880AD2080BFB02F212128DF89A
S31508020D801E2034F81820C2F345125A4312128DF85F
S31508020D901D2014F8182002F01F020BFB02F2121291
S31508020DA08DF81C20079808AAFFF7F5FB40F20D43B9
S31508020DB0C0F3072205F828008AF80120C0F3074283
S31508020DC0C0F307608AF802208AF8030008F10108CE
S31508020DD0019A4245C1DC039A01371544049A144420
S31508020DE0059A164466E740F20D4204EB47035B7820
S31508020DF0DB080AFB03F31B128DF81E3034F8173092
S31508020E00C3F3451353431B128DF81D3014F81730DC
S31508020E1003F01F030AFB03F31B128DF81C3006B3FB
S31508020E20F35D13FB09F31B0A8DF81F3005EB8700E8
S31508020E309BF82220079908ABFFF712FC0137019BA2
S31508020E40BB42D0DC0EB1059B1E44039B08F1010888
S31508020E501D44049B1C44029B43457FF7E4AE0027CE
S31508020E60EDE74B46E0E74FF0000840F63A0AF2E7AC
S31508020E70032158460DB0BDE8F04FFFF77FBC0421A9
S31508020E80F7E7436890F82180019383680468029320
S31508020E90C368D0E906690393D0E9045308A8049302
S31508020EA0FFF757FC9BF82270002F40F0FD80002DBB
S31508020EB059D1B8F1FC0F25D8029BAB427FF7B3AEE6
S31508020EC0B246002745E054F8271056F8270008AA24
S31508020ED0FFF761FB04EB8708C0F3072304F8270032
S31508020EE088F80130C0F30743C0F3076088F8023078
S31508020EF088F803000137019BBB42E4DC039B4E449E
S31508020F001C440135029BAB427FF78DAE0027F2E700
S31508020F101AF8013C5AF8040C13FB08F31B12079043
S31508020F208DF81F3054F82710079808AAFFF733FBE5
S31508020F3004EB870BC0F3072304F827008BF801306C
S31508020F40C0F30743C0F307608BF802308BF803003F
S31508020F500137019B0AF1040ABB42D9DC039B4E44C2
S31508020F601C440135A8E7B8F1FC0F36D8029BBB42F0
S31508020F707FF759AEB3464FF0000A5AE015F8082033
S31508020F801AF8013C5AF8040C13FB02F31B120790D9
S31508020F908DF81F3054F82810079808AAFFF7FBFAAD
S31508020FA004EB880BC0F3072304F828008BF80130FA
S31508020FB0C0F30743C0F307608BF802308BF80300CF
S31508020FC008F10108019B0AF1040A4345D6DC039B92
S31508020FD04E441C44049B01371D44029BBB427FF7C7
S31508020FE022AEB2464FF00008ECE71BF8012C15F8C2
S31508020FF00A1012FB08F24A435BF8040C1214079013
S315080210008DF81F2004EB8A0354F82A1008AA0798B9
S315080210100593FFF7C0FA059BC0F3072204F82A00D6
S315080210205A70C0F30742C0F307609A70D8700AF183
S31508021030010A019B0BF1040B5345D6DC039B4E4474
S315080210401C44049B01371D4490E756F82700059B6C
S31508021050079013F8272005BB18FB02F2130A8DF82E
S315080210601F3004EB87009BF82220079908ABFFF78D
S31508021070F7FA0137019BBB42E7DC0DB1049B1D441D
S31508021080039B4E441C440AF1010A029B53457FF70F
S31508021090CAADF31C00270593ECE7EB5D13FB02F3DD
S315080210A008FB03F31B0CDAE74FF0000AEDE790F8AA
S315080210B02270D0E9019390F8218001930668D0E95D
S315080210C00653D0F80CA00293D0E904430393002FE9
S315080210D06DD19CBBB8F1FC0F19D8019BA3427FF7CF
S315080210E0A2AD002723E012F8011F03F8011C03F83A
S315080210F0021C117803F8031C03F8041C81184945DD
S3150802110003F10403EFDB029B56441D440134019BA1
S31508021110A3427FF788AD33466A1EC5F10100EDE7A3
S31508021120E85D06EB87014246FFF7F7FA0137B9454C
S31508021130F6DC029B56441D440134CEE7B8F1FC0F97
S3150802114018D8019BBB427FF76EAD4FF0000B25E026
S3150802115014F8082015F8080006EB8801FFF7DDFAEF
S3150802116008F10108C145F3DC029B56441D44039B62
S3150802117001371C44019BBB427FF755AD4FF000086F
S31508021180F0E714F80B2015F80B0012FB08F206EB31
S315080211908B01120AFFF7C1FA0BF1010BD945F0DCF4
S315080211A0029B56441D44039B01371C44C9E708A801
S315080211B0FFF7CFFA00230493049A019B93427FF721
S315080211C032AD002716E0EB5D8DF81E308DF81D3026
S315080211D08DF81C30CCB1E35D13FB08F31B0A8DF8BE
S315080211E01F3006EB87009BF82220079908ABFFF70A
S315080211F037FA0137B945E6DC0CB1039B1C44029B5E
S3150802120056441D44049B0133D5E74346E7E7436842
S3150802121090F822700193836890F8218002930668F9
S31508021220D0E90443D0F80C900393D0E9065A002F6C
S3150802123040F08180B4BBB8F1FC0F17D8029BA342D9
S315080212407FF7F1ACAB46002723E006EB870118F8D7
S31508021250012C18F8020CFFF760FA0137019B08F116
S315080212600208BB42F1DC4E4455440134029BA342B8
S315080212707FF7D9ACA8460027F0E71BF8012C06EB46
S31508021280870112FB08F21BF8020C120AFFF745FA4D
S315080212900137019B0BF1020BBB42EEDC4E4455446F
S315080212A00134CBE7B8F1FC0F20D8029BBB427FF78B
S315080212B0BAAC2B464FF0000B33E014F808301BF893
S315080212C0012C06EB880112FB03F21BF8020C120A28
S315080212D0FFF723FA08F10108019B0BF1020B4345BC
S315080212E0EBDC039B4E4455441C440137029BBB422C
S315080212F07FF799ACAB464FF00008EDE714F80B10F0
S3150802130013F8012C13F8020C12FB01F208FB02F285
S3150802131006EB8B01120C0493FFF7FFF9049B0BF102
S31508021320010B019A02335A45E8DC039B4E445544A5
S315080213301C440137B9E708A8FFF70BFA0023049300
S31508021340049A029B93427FF76EAC6B1C00270593A7
S3150802135019E015F817308DF81E308DF81D308DF806
S315080213601C30059B13F81720C4B912FB08F2130A9E
S315080213708DF81F3006EB87009BF82220079908ABE9
S31508021380FFF76EF90137019BBB42E2DC0CB1039B06
S315080213901C44049B4E4455440133D0E7E35D13FBDA
S315080213A002F308FB03F31B0CE2E7436890F822807A
S315080213B00193836890F8217002930568D0E9044383
S315080213C0D0F80C900393D0E9066AB8F1000F79D1E8
S315080213D0CCBBFC2F1CD8029BA3427FF724AC4FF050
S315080213E0000829E039463046FFF7CCF84042C0B239
S315080213F002F8010C02F8020C02F8030C02F8040CBB
S315080214000137019B0432BB42ECDC4D44564401349D
S31508021410029BA3427FF707AC2A460027F1E741461B
S315080214203046FFF7AFF8404205EB88013A46C0B2AC
S31508021430FFF773F908F10108019B4345EFDC4D44B8
S3150802144056440134C7E7FC2F1BD8029B43457FF756
S31508021450EAAB4FF0000B2BE039463046FFF792F81D
S315080214604042E25D05EB8701C0B2FFF756F9013744
S31508021470019BBB42F0DC039B4D4456441C4408F1D5
S315080214800108029B43457FF7CEAB0027F0E7594692
S315080214903046FFF777F814F80B20404212FB07F2A2
S315080214A005EB8B01120AC0B2FFF737F90BF1010BF4
S315080214B0019B5B45EBDC039B4D4456441C4408F1F7
S315080214C00108C2E708A8FFF744F900230493049A1F
S315080214D0029B93427FF7A7AB4FF000081DE04146F7
S315080214E03046FFF74FF84042C0B28DF81D008DF81E
S315080214F01C00ECB114F8083013FB07F31B0A8DF82D
S315080215001F308DF81E009BF8222005EB88000799EC
S3150802151008ABFFF7A5F808F10108019B4345DEDC95
S315080215200CB1039B1C44049B4D4456440133CDE73E
S315080215303B46E4E700290B46B8BFCB1D4A4202F0F8
S31508021540070201F0070158BF51420122DB10C1F11F
S3150802155007018A40C15C0A43C254704700290B46F8
S31508021560B8BFCB1D4A4202F0070201F0070158BF75
S3150802157051420122DB10C1F1070102FA01F1C25CF4
S3150802158022EA0102C25470470B460029B8BFCB1D96
S31508021590DB10C05C4B4203F0070301F0070158BF9A
S315080215A05942C1F10701084100F00100704710B520
S315080215B05AB1FC2A9FBFD34310FB02F00C78DBB268
S315080215C09CBF04FB0300000A087010BDF0B585B085
S315080215D0044610461F460D46019208F035FE294676
S315080215E006462046FFF7D0FF4242D2B2022F8DF8B6
S315080215F00F2019D0032F1BD0012F23D13244FF2AE3
S31508021600A8BFFF22D0B20DF10F019DF80720FFF700
S31508021610CEFF9DF90F302946002B20460DDA05B07C
S31508021620BDE8F040FFF786BF921B22EAE272E9E7BD
S3150802163012FB06F2C2F30720E5E705B0BDE8F04063
S31508021640FFF78CBF05B0F0BD2DE9F04F8BB090F8CF
S3150802165022700591002F40F0DE804368426A0093AB
S31508021660836802F00708019390F821300468029310
S31508021670C3680393D0E906630493D0E90453069337
S31508021680534203F0070358BFC3F10008029B002D1B
S3150802169052D1FC2B1CD8019B9D4280F2BC80B146DC
S315080216A000273DE0484608F0B8FD10F0800F08EB29
S315080216B00701204613D0FFF73DFF059B01379944E2
S315080216C0009B9F42EEDB039B01351C44049B1E4490
S315080216D0019B9D4280F29F80B1460027F0E7FFF703
S315080216E03DFFEAE7484608F098FD07EB080B8246F5
S315080216F059462046FFF748FF40428DF827000DF16C
S3150802170027015046029AFFF752FF9DF9273059469C
S31508021710002B20460DDAFFF70DFF059B013799448A
S31508021720009B9F42DEDB039B01351C44049B1E443F
S31508021730B1E7FFF713FFF0E7FC2B30D8019B9F4276
S3150802174069DAB2464FF0000957E0504608F065FDDF
S3150802175008EB090B594602902046FFF715FF40424F
S3150802176015F809208DF827000DF127010298FFF7D1
S315080217701EFF9DF927205946002A204616DAFFF74A
S31508021780D9FE059B09F101099A44009B9945DCDBC0
S31508021790039B01371C44049B1E44069B1D44019B64
S315080217A09F4238DAB2464FF00009EEE7FFF7D6FE57
S315080217B0E7E7504608F031FD08EB090B5946079052
S315080217C02046FFF7E1FE15F80920029B404212FB6C
S315080217D003F28DF82700120A07980DF12701FFF781
S315080217E0E6FE9DF927205946002A204610DAFFF719
S315080217F0A1FE059B09F101099A44009B9945D8DB8C
S31508021800039B01371C44049B1E44069B1D4495E713
S31508021810FFF7A4FEEDE70BB0BDE8F08F2DE9F74F11
S31508021820D0E904430546D0E90198C77ED0F80CA052
S315080218308069019308F0BDFCC0F3C7130646286801
S31508021840ED6900936B4203F0070305F0070558BFDD
S315080218505D42002C4BD1FC2F1ED8009B13FB07F6CA
S31508021860C7F1FF0744450FDA4FF0000B37E0002EA9
S3150802187005EB07010BDAFFF75DFE01374F45F6DB8D
S3150802188050440134444505DB03B0BDE8F08FFFF749
S3150802189065FEF2E70027F1E776B2F3E70BEB0501FF
S315080218A00B460029B8BFCB1DD1F1000C4FEAE30362
S315080218B00CF0070C01F00702C35C58BFCCF100021A
S315080218C0C2F10702134103F0010307FB0363FE3368
S315080218D0B3F5FE7F08D9FFF72DFE0BF1010BCB45B9
S315080218E0DCDB50440134BDE7FFF738FEF5E7FC2F91
S315080218F04FF0000B3DD8C345C6DA002666E0E35D25
S315080219003BB1FF2B05EB07010FD1002E2EDAFFF7AD
S3150802191011FE01374F45F2DB019B50441C440BF183
S31508021920010BC345B0DA0027F4E70A460029B8BF17
S31508021930CA1DD1F1000E0EF0070E4FEAE20201F0BF
S31508021940070C825C58BFCEF1000CCCF1070C42FAA8
S315080219500CF202F0010E009AC3F1FF0C13FB02F31C
S315080219600CFB0E33FE33B3F5FE7FD0D8FFF7F6FD38
S31508021970CFE776B2D5E7A35D3BB3FF2213FB07F3A6
S31508021980A919B3FBF2F30A460029B8BFCA1DD1F159
S31508021990000E0EF0070E4FEAE20201F0070C825C17
S315080219A058BFCEF1000CCCF1070C42FA0CF202F049
S315080219B0010E009AC3F1FF0C53430CFB0E33FE33A0
S315080219C0B3F5FE7F0AD9FFF7B5FD01364E45D2DBE0
S315080219D0019B50441C440BF1010B8CE7FFF7BEFD3B
S315080219E0F3E72DE9F04F8BB090F820300446063B1A
S315080219F00F2B50D8DFE813F07502A0044F004F00F2
S31508021A004F004F004F004F004F002F01380136019B
S31508021A1010004F004F0073034368426A01938368BC
S31508021A2002F007080293C36890F821A00393D0E94D
S31508021A3006730493D0E904630593534203F007033C
S31508021A4058BFC3F1000890F822300568002B40F011
S31508021A50FF80002E4FD1BAF1FC0F19D8029BB34270
S31508021A6019DD00243BE037F8140008F0BDFB10F03E
S31508021A70800F08EB0401284610D0FFF75BFD0134FE
S31508021A80019BA342EFDC039B01361D44049B1F44C2
S31508021A90029BB34205DC0BB0BDE8F08FFFF75EFD93
S31508021AA0EDE70024ECE737F8140008F09DFB08EB95
S31508021AB0040B814659462846FFF766FD40428DF8D3
S31508021AC0240009A948465246FFF771FD9DF92430BC
S31508021AD05946002B28460BDAFFF72CFD0134019BE9
S31508021AE0A342E0DC039B01361D44049B1F44B5E771
S31508021AF0FFF734FDF2E7BAF1FC0F1C462DD8029B1C
S31508021B00A342C8DD4FF0000951E037F8190008F082
S31508021B106BFB08EB090B824659462846FFF734FD4C
S31508021B2040428DF8240009A9504616F80920FFF705
S31508021B303EFD9DF924305946002B284613DAFFF755
S31508021B40F9FC09F10109019B4B45DEDC039B0134D3
S31508021B501D44049B1F44059B1E44029BA3429ADD17
S31508021B604FF00009EFE7FFF7F9FCEAE737F8190043
S31508021B7008F03AFB08EB090B594606902846FFF788
S31508021B8003FD16F80920404212FB0AF28DF82400DA
S31508021B90120A069809A9FFF70AFD9DF92420594653
S31508021BA0002A28460EDAFFF7C5FC09F10109019B4E
S31508021BB04B45DBDC039B01341D44049B1F44059BF8
S31508021BC01E449CE7FFF7CAFCEFE740F63A0240F2EA
S31508021BD00D4107EB49035B78DB0853431B128DF86B
S31508021BE0263037F81930C3F345134B431B128DF8C9
S31508021BF0253017F8193003F01F0353431B128DF8CB
S31508021C0024301EB316F8093013FB0AF31B0A8DF8A3
S31508021C10273008EB0901284694F82230099AFFF77B
S31508021C20D5FC09F10109019B4B45CEDC0EB1059B9A
S31508021C301E44039B0BF1010B1D44049B1F44029B8C
S31508021C405B457FF728AF4FF00009ECE75346DEE71E
S31508021C504FF0000BF3E7032120460BB0BDE8F04F27
S31508021C60FFF7F2BC0421F7E74368426A02938368E6
S31508021C7090F821800393C36805680493D0E9067334
S31508021C800593D0E904630693534203F0070302F06F
S31508021C90070258BF5A4290F822300192002B40F0B0
S31508021CA01D81002E6AD1B8F1FC0F2ED8039BB342D0
S31508021CB07FF7F1AEB946002454E0D8F8000008F0E0
S31508021CC0C3FA019B814604EB030A51462846FFF7ED
S31508021CD05BFC40428DF8240009A9484698F803207F
S31508021CE0FFF765FC9DF924305146002B284613DA86
S31508021CF0FFF720FC013408F10408029BA342DCDC4E
S31508021D00049B01361D44059B1F44039BB3427FF780
S31508021D10C2AEB8460024F0E7FFF720FCEAE7D9F896
S31508021D20000008F091FA019B824604EB030B594620
S31508021D302846FFF729FC99F80320404212FB08F2CD
S31508021D408DF8240009A95046120AFFF730FC9DF9BE
S31508021D5024305946002B28460DDAFFF7EBFB0134EF
S31508021D6009F10409029BA342D9DC049B01361D44EE
S31508021D70059B1F449AE7FFF7F1FBF0E7B8F1FC0F62
S31508021D801C4637D8039BA3427FF785AEBA464FF067
S31508021D90000961E0D9F8000008F056FA019B82466C
S31508021DA003EB080B59462846FFF7EEFB99F8033072
S31508021DB016F80820404212FB03F28DF8240009A9FE
S31508021DC05046120AFFF7F3FB9DF924305946002BB9
S31508021DD0284617DAFFF7AEFB08F1010809F10409EC
S31508021DE0029B4345D6DC049B01341D44059B1F44D4
S31508021DF0069B1E44039BA3427FF74DAEB9464FF09E
S31508021E000008EDE7FFF7AAFBE6E7DAF8000008F0B4
S31508021E101BFA019B079003EB090B59462846FFF765
S31508021E20B3FB16F809209AF8031012FB08F24A4384
S31508021E3040428DF82400120C079809A9FFF7B7FB50
S31508021E409DF924205946002A284610DAFFF772FB24
S31508021E5009F101090AF1040A029B4B45D5DC049BE8
S31508021E6001341D44059B1F44069B1E448AE7FFF75F
S31508021E7075FBEDE75AF8030C9AF8002009902EBB79
S31508021E8012FB08F2130A01998DF8273049442846AD
S31508021E9094F82230099AFFF799FB09F101090AF128
S31508021EA0040A029B4B45E5DC0EB1069B1E44049BC5
S31508021EB00BF1010B1D44059B1F44039B5B457FF7F2
S31508021EC0EAAD4FF0000907F1030AEAE716F8093006
S31508021ED013FB02F308FB03F31B0CD4E74FF0000BCA
S31508021EE0EBE74368426A0193836802F007080293A4
S31508021EF0C36890F821900393D0E906730493D0E956
S31508021F0004630593534203F0070358BFC3F100085D
S31508021F1090F822300568002B40F0DE80002E45D16D
S31508021F20B9F1FC0F16D8029BB3427FF7B4AD002471
S31508021F3030E03B572846002B08EB040110DAFFF77E
S31508021F40F9FA0134019BA342F3DC039B01361D44D3
S31508021F50049B1F44029BB3427FF79DAD0024F1E721
S31508021F60FFF7FCFAEDE708EB040A51462846FFF7A5
S31508021F700BFB40428DF8240009A9385D4A46FFF753
S31508021F8016FB9DF924305146002B28460BDAFFF73B
S31508021F90D1FA0134019BA342E5DC039B01361D44B9
S31508021FA0049B1F44BFE7FFF7D9FAF2E7B9F1FC0F22
S31508021FB01C462BD8029BA3427FF76DAD4FF0000A51
S31508021FC04DE008EB090B59462846FFF7DDFA17F8E4
S31508021FD009A040428DF8240009A9504616F809209E
S31508021FE0FFF7E5FA9DF924305946002B284614DAFC
S31508021FF0FFF7A0FA09F10109019B4B45E1DC039BB6
S3150802200001341D44049B1F44059B1E44029BA342A4
S315080220107FF741AD4FF00009EEE7FFF79FFAE9E7D0
S3150802202017F80A3008EB0A0B594628460693FFF7B3
S31508022030ABFA16F80A20404212FB09F28DF8240080
S31508022040120A069809A9FFF7B2FA9DF924205946F9
S31508022050002A28460EDAFFF76DFA0AF1010A019BF1
S315080220605345DDDC039B01341D44049B1F44059B39
S315080220701E449FE7FFF772FAEFE717F80A308DF862
S3150802208026308DF825308DF824301EB316F80A301E
S3150802209013FB09F31B0A8DF8273008EB0A012846B9
S315080220A094F82230099AFFF791FA0AF1010A019B7C
S315080220B05345E2DC0EB1059B1E44039B0BF1010B53
S315080220C01D44049B1F44029B5B457FF7E4AC4FF01B
S315080220D0000AECE74B46DEE74FF0000BF3E74368EE
S315080220E0426A0193836802F0070B0293C36890F869
S315080220F021800393D0E906730493D0E90463059318
S31508022100534203F0070358BFC3F1000B90F822307D
S315080221100568002B40F00E81002E5ED1B8F1FC0F47
S3150802212028D8029BB3427FF7B6AC002407F101090F
S3150802213047E00BEB040949462846FFF725FA4042D1
S315080221408DF8240009A917F8140018F81420FFF7C7
S315080221502EFA9DF924304946002B284612DAFFF753
S31508022160E9F90134019BA342E3DC039B01361D44D2
S31508022170049B1F44029BB3427FF78DAC002407F1F0
S315080221800108EFE7FFF7EAF9EBE70BEB040A51461A
S315080221902846FFF7F9F919F81420404212FB08F20B
S315080221A08DF8240009A917F81400120AFFF7FFF997
S315080221B09DF924305146002B28460BDAFFF7BAF967
S315080221C00134019BA342E0DC039B01361D44049BB8
S315080221D01F44A6E7FFF7C2F9F2E7B8F1FC0F1C465F
S315080221E031D8029BA3427FF756AC7B1C4FF00009FD
S315080221F0069356E00BEB080A51462846FFF7C4F940
S3150802220016F8083019F81820404212FB03F28DF826
S31508022210240009A917F81800120AFFF7C8F99DF948
S3150802222024305146002B284616DAFFF783F908F1BF
S315080222300108019B4345DDDC039B01341D44049BD5
S315080222401F44059B1E44029BA3427FF724AC4FF012
S31508022250000807F10109ECE7FFF780F9E7E70BEB5E
S31508022260090A51462846FFF78FF9069B404213F89A
S31508022270192016F809308DF8240012FB03F208FB20
S3150802228002F217F8190009A9120CFFF790F99DF93D
S3150802229024305146002B28460EDAFFF74BF909F18E
S315080222A00109019B4B45DADC039B01341D44049B5F
S315080222B01F44059B1E4494E7FFF750F9EFE71AF807
S315080222C0013C9AF800208DF826308DF825308DF8D5
S315080222D024303EBB12FB08F2130A8DF827300BEBAB
S315080222E00901284694F82230099AFFF76FF909F18D
S315080222F001090AF1020A019B4B45E0DC0EB1059B76
S315080223001E44039B1D44049B1F44069B01330693EC
S31508022310069A029B93427FF7BEAB4FF0000907F17C
S31508022320010AE8E716F8093013FB02F308FB03F380
S315080223301B0CD2E70023EAE74368426A01938368E3
S3150802234002F007080293C36890F821900393D0E934
S3150802235006730493D0E904630593534203F0070313
S3150802236058BFC3F1000890F822300568002B40F0E8
S31508022370E780002E49D1B9F1FC0F1AD8C9F1FF0A34
S31508022380029BB3427FF787AB002432E021463846E8
S31508022390FFF7FAF804EB080188B12846FFF7CAF8EE
S315080223A00134019BA342F1DC039B01361D44049BC5
S315080223B01F44029BB3427FF76EAB0024F1E728461F
S315080223C0FFF7CCF8ECE721463846FFF7DDF8024678
S315080223D004EB080B59462846FFF7D6F819FB02F212
S315080223E000FB0A221206594628460BD5FFF7A2F821
S315080223F00134019BA342E6DC039B01361D44049B80
S315080224001F44BDE7FFF7AAF8F2E7B9F1FC0F1C462D
S315080224102BD8029BA3427FF73EAB4FF0000A4EE051
S3150802242049463846FFF7B0F8824608EB090B594683
S315080224302846FFF7A9F816F809205946C2F1FF03FC
S3150802244012FB0AF200FB03221306284614D5FFF7ED
S3150802245071F809F10109019B4B45E1DC039B013443
S315080224601D44049B1F44059B1E44029BA3427FF7FF
S3150802247012AB4FF00009EEE7FFF770F8E9E716F836
S315080224800A20D2B151463846FFF77EF8834608EB52
S315080224900A0128460691FFF777F812FB09F212128B
S315080224A0C2F1FF0312FB0BF200FB032212F0800FAC
S315080224B0284606990ED0FFF73DF80AF1010A019B54
S315080224C05345DCDC039B01341D44049B1F44059BD6
S315080224D01E449EE7FFF742F8EFE751463846FFF7F4
S315080224E053F84042C0B28DF825008DF824002EB369
S315080224F016F80A3013FB09F31B0A8DF827308DF8F4
S3150802250026000AEB0801284694F82230099AFFF7B2
S315080225105DF80AF1010A019B5345DEDC0EB1059B03
S315080225201E44039B0BF1010B1D44049B1F44029B93
S315080225305B457FF7B0AA4FF0000AECE74B46DCE7AB
S315080225404FF0000BF3E7CB10C943C05C01F007015B
S31508022550084100F00100704710B55AB1FC2A9FBF26
S31508022560D34310FB02F00C78DBB29CBF04FB0300DA
S31508022570000A087010BD37B515460446084601918B
S3150802258007F062FE022D11D0032D14D0012D18D1A9
S3150802259023780344FF2BA8BFFF23D8B221469DF810
S315080225A0072003B0BDE83040FFF7D6BF23781B1AD1
S315080225B023EAE373F1E7237813FB00F3C3F3072057
S315080225C0ECE703B030BD2DE9F04F89B04368074602
S315080225D00093836888460193C36890F82190029312
S315080225E0D0E906530393D0E90443049390F82230C2
S315080225F00668002B40F0A980F4B9B9F1FC0F14D88B
S31508022600019B9C4280F2A380AA46002729E04846FD
S3150802261007F003FEC144F0550137009B9F42F6DBE3
S31508022620029B01341E44039B1D44019B9C4280F27B
S315080226308E80A9460027F0E7B9F1FC0F1F462FD86E
S31508022640019B9F4280F28380AB464FF0000A3DE031
S31508022650504607F0E2FDF1194A46FFF77DFF0137BA
S31508022660C244009B9F42F3DB029B01341E44039B38
S315080226701D44C5E7504607F0D0FD14F8092006EBBD
S315080226800901FFF769FF09F10109C244009B99454F
S31508022690F0DB029B01371E44039B1D44049B1C442A
S315080226A0019B9F4253DAAA464FF00009EEE75846C5
S315080226B007F0B3FD14F80A2006EB0A0112FB09F229
S315080226C0120AFFF749FF0AF1010AC344009B9A4519
S315080226D0EDDB029B01371E44039B1D44049B1C44ED
S315080226E0AEE79BF802208DF81E209BF801208DF894
S315080226F01D209BF800208DF81C2024B314F80A200C
S3150802270012FB09F2120A8DF81F2006EB0A0097F847
S31508022710222007990593FFF72EFF059B0AF1010A66
S31508022720C344009A9245DCDB0CB1049A1444029A1B
S3150802273001331644039A1544019A934207DAAB46C3
S315080227404FF0000AEDE74A46DDE70023F4E709B051
S31508022750BDE8F08F2DE9F74F0546D0E90167D0E9C4
S31508022760044990F81BA0D0F80C808069002C5AD135
S31508022770BAF1FC0F3FD907F01CFD002E0346286864
S3150802278006F1FF3525F00F05D8BF0025A6F1100C76
S31508022790BC4237DA014620E0114602F8103C02F83C
S315080227A00F3C02F80E3C02F80D3C02F80C3C02F80B
S315080227B00B3C02F80A3C02F8093C02F8083C02F80B
S315080227C0073C02F8063C02F8053C02F8043C02F80B
S315080227D0033C02F8023C02F8013C01F11002091A14
S315080227E08C45D9DC2A46B24202DB40440134CFE7A3
S315080227F083540132F7E707F0DCFC8346D5F80090EC
S31508022800BC420EDB03B0BDE8F08F09EB0501524668
S315080228105846FFF7A1FE0135B542F6DBC14401343D
S31508022820EEE70025F8E7BAF1FC0F18D94FF0000ACF
S3150802283007F0BFFCD5F800B0BA45E3DA002507E091
S31508022840625D0BEB05010090FFF786FE00980135E5
S31508022850B542F5DBC3444C440AF1010AECE74FF0F2
S31508022860000B07F0A6FC2B68BB45CBDA00250BE06C
S31508022870625D591912FB0AF20135120ACDE9000303
S31508022880FFF76AFEDDE90003B542F1DB43444C4437
S315080228900BF1010BE8E72DE9F04F89B090F82030EB
S315080228A08146063B0F2B3CD8DFE813F0A301FD0255
S315080228B03B003B003B003B003B003B003B00CD009E
S315080228C0D600D40010003B003B003C02D0E901834D
S315080228D090F822B00193C36890F8217002930668B3
S315080228E0D0E90443D0E9065A0393BBF1000F40F03E
S315080228F0A8806CBBFC2F11D8019BA34211DD4FF0B7
S31508022900000B1EE035F8170007F06EFCF05501378C
S31508022910B845F7DC029B55441E440134019BA34289
S3150802292002DC09B0BDE8F08F0027F1E735F81B0095
S3150802293007F05AFC06EB0B013A46FFF70DFE0BF1C0
S31508022940010BD845F2DC029B55441E440134D3E7F9
S31508022950FC2F17D8019B5B45E3DD4FF0000925E004
S3150802296035F8170007F040FCE25DF119FFF7F4FDB0
S315080229700137B845F4DC029B55441E44039B0BF110
S31508022980010B1C44019B5B45CBDD0027F1E735F8BB
S31508022990190007F029FC14F8092006EB090112FBB5
S315080229A007F2120AFFF7D8FD09F10109C845EEDC5C
S315080229B0029B55441E44039B0BF1010B1C44C9E7B9
S315080229C040F63A0140F20D4005EB4B025278D20826
S315080229D04A4312128DF81E2035F81B20C2F34512FF
S315080229E0424312128DF81D2015F81B2002F01F0211
S315080229F04A4312128DF81C200CB314F80B2012FB52
S31508022A0007F2120A8DF81F2006EB0B0099F822200E
S31508022A1007990493FFF7AFFD049B0BF1010BD84509
S31508022A20CEDC0CB1039A1444029A55441644013377
S31508022A30019A9A427FF775AF4FF0000BEFE73A46D5
S31508022A40E0E70023F4E70321484609B0BDE8F04F62
S31508022A50FFF7B9BD0421F7E7436890F8227001939E
S31508022A60836890F821800293C36806680393D0E9C5
S31508022A70065AD0E904430493002F40F0B780002C8D
S31508022A803AD1B8F1FC0F19D8029BA3427FF749AF96
S31508022A90AB46002728E0D8F8000007F0D5FB98F8DF
S31508022AA00320F119FFF758FD013708F10408019BC5
S31508022AB0BB42F0DC039B55441E440134029BA342ED
S31508022AC07FF72FAFA8460027F1E7DBF8000007F0EB
S31508022AD0BBFB9BF80320F11912FB08F2120AFFF757
S31508022AE03BFD01370BF1040B019BBB42EDDC039B5B
S31508022AF055441E440134C7E7B8F1FC0F23D8029B9C
S31508022B00BB427FF70EAFA9464FF0000B37E0DBF862
S31508022B10000007F099FB9BF8032014F8083006EB2F
S31508022B20080112FB03F2120AFFF716FD08F1010863
S31508022B300BF1040B019B4345E9DC039B55441E44F8
S31508022B40049B01371C44029BBB427FF7EAAEAB46A5
S31508022B504FF00008EEE7D9F8000007F075FB99F880
S31508022B60032014F80B1012FB08F24A4306EB0B017A
S31508022B70120CFFF7F1FC0BF1010B09F10409019B99
S31508022B805B45E8DC039B55441E44049B01371C4401
S31508022B90B5E755F8270013F827100790FCB918FB74
S31508022BA001F10A0A8DF81F20F01999F822200799CF
S31508022BB00593FFF7E0FC059B0137019ABA42E8DC68
S31508022BC00CB1049B1C44039B55441E440BF1010B98
S31508022BD0029B5B457FF7A5AE0027EB1CEDE7E25D9E
S31508022BE012FB01F208FB02F2120CDBE74FF0000BB4
S31508022BF0EEE7436890F822700193836890F8218083
S31508022C0002930568D0E90443D0F80CA00393D0E9EF
S31508022C10066B002F40F084800CBBB8F1FC0F0DD870
S31508022C20029BA3427FF77DAE002711E03146284674
S31508022C30019A09F0DEF855445E440134029BA34228
S31508022C40F4DC6EE6F05DE9194246FFF785FC0137CA
S31508022C50019BBB42F6DC55445E440134E0E7B8F119
S31508022C60FC0F18D8029BBB427FF75BAE4FF00009F8
S31508022C7025E014F8082016F8080005EB0801FFF706
S31508022C806BFC08F10108019B4345F2DC039B5544A2
S31508022C905E441C440137029BBB427FF742AE4FF0AB
S31508022CA00008F0E714F8092016F8090012FB08F2E2
S31508022CB005EB0901120AFFF74FFC09F10109019B0D
S31508022CC04B45EFDC039B55445E441C440137C9E778
S31508022CD0F25D8DF81E208DF81D208DF81C20ECB1B2
S31508022CE0E25D12FB08F2120A8DF81F20E81999F81C
S31508022CF0222007990493FFF73EFC049B0137019AA9
S31508022D00BA42E5DC0CB1039A144455445E440133D5
S31508022D10029A9A427FF705AE0027F0E74246E3E7B2
S31508022D200023F5E7436890F822700193836890F8C8
S31508022D3021800293C36805680393D0E9066AD0E93D
S31508022D4004430493002F40F0AB80B4BBB8F1FC0FE8
S31508022D5017D8029BA3427FF7E4ADB346002722E0C9
S31508022D60E91918F8012C18F8020CFFF7F5FB0137D8
S31508022D70019B08F10208BB42F2DC039B56441D4440
S31508022D800134029BA3427FF7CCADB0460027EFE79A
S31508022D901BF8012CE91912FB08F21BF8020C120A9D
S31508022DA0FFF7DAFB0137019B0BF1020BBB42EFDCA3
S31508022DB0039B56441D440134CBE7B8F1FC0F21D8D6
S31508022DC0029BBB427FF7ADADB1464FF0000B32E036
S31508022DD014F808301BF8012C05EB080112FB03F264
S31508022DE01BF8020C120AFFF7B7FB08F10108019B50
S31508022DF00BF1020B4345EBDC039B56441D44049B33
S31508022E0001371C44029BBB427FF78BADB3464FF09A
S31508022E100008ECE714F80B1019F8012C19F8020C43
S31508022E2012FB01F208FB02F205EB0B01120CFFF78B
S31508022E3093FB0BF1010B019B09F102095B45E9DCE6
S31508022E40039B56441D44049B01371C44B8E716F8F5
S31508022E5017308DF81E308DF81D308DF81C30ECB108
S31508022E60E35D13FB08F31B0A8DF81F30E81999F87E
S31508022E7022200799FFF77FFB0137019BBB42E6DC5D
S31508022E800CB1049B1C44039B56441D440BF1010BD5
S31508022E90029B5B457FF745AD0027EEE74346E3E72E
S31508022EA04FF0000BF4E7436890F822800193836899
S31508022EB090F821700293C36805680393D0E9066AFD
S31508022EC0D0E904430493B8F1000F40F0AC80002C1B
S31508022ED038D1FC2F1AD8029BA3427FF722AD4FF0B6
S31508022EE0000827E041463046FFF72DFB404205EB36
S31508022EF008013A46C0B2FFF72FFB08F10108019B09
S31508022F004345EFDC039B56441D440134029BA3420E
S31508022F107FF707AD4FF00008F1E741463046FFF765
S31508022F2012FB404205EB08013A46C0B2FFF714FB12
S31508022F3008F10108019B4345EFDC039B56441D44F7
S31508022F400134C8E7FC2F1BD8029B43457FF7E9AC3F
S31508022F504FF0000B2BE039463046FFF7F4FA4042B1
S31508022F60E25DE919C0B2FFF7F7FA0137019BBB42E6
S31508022F70F1DC039B56441D44049B08F101081C44DA
S31508022F80029B43457FF7CDAC0027EFE7594630460B
S31508022F90FFF7D9FA14F80B20404212FB07F205EBA9
S31508022FA00B01120AC0B2FFF7D7FA0BF1010B019B0C
S31508022FB05B45EBDC039B56441D44049B08F1010860
S31508022FC01C44C1E741463046FFF7BDFA4042C0B24B
S31508022FD08DF81D008DF81C001CB314F8083013FB7D
S31508022FE007F31B0A8DF81E008DF81F3005EB080043
S31508022FF099F822200799FFF7BEFA08F10108019B02
S315080230004345DFDC0CB1049B1C44039B56441D4418
S315080230100BF1010B029B5B457FF783AC4FF000086F
S31508023020EDE73B46DEE74FF0000BF3E7CB10C9436B
S31508023030C05C01F00701084100F0010070472DE964
S31508023040F04F87B08046D0E901738069019306F094
S31508023050F7FFD8E904530393D8F80C30064698F8D4
S315080230601B90D8F800400293002D40F0B180B9F1C8
S31508023070FC0F42D9791E21F00F017800490006EBB0
S315080230800642A3EB4707019B9D4202DB07B0BDE858
S31508023090F08FA30704EB000C04EB010E18BF24F80B
S315080230A0026B234673451BD30EF11F031B1BA4F1A8
S315080230B01F0823F01F03C64538BF002323441C46B6
S315080230C0644517D30CF10104E41A24F0010403F150
S315080230D0FF3EF44538BF00243C441C440135D2E780
S315080230E0C3E90022C3E90222C3E90422C3E906228C
S315080230F02033D7E724F8026BE2E723880133CDE9C8
S315080231000353BB1E0593039B019A9342BEDA14F03E
S31508023110030A07D04A4630462188E6F769FC4FF08B
S31508023120010A2080D34604EB4A08059B5B4514DC5A
S3150802313007F1FF38A8EB0A0828F001085745D8BF57
S315080231404FF00008D04404EB480AB84535DB029B29
S315080231501C44039B01330393D5E734F81B00B8F8E4
S315080231600210814213D001464A463046E6F740FC31
S3150802317024F81B004A463046B8F80210E6F738FC2F
S31508023180A8F802000BF1020B08F10408CDE7D8F8FB
S315080231900020049B9A4202D1C8F80050F2E7D8F8F8
S315080231A000304A4630460493E6F722FC24F81B0010
S315080231B0A8F80200D8F80050E4E7BAF800104A4620
S315080231C03046E6F715FC08F101082AF8020BBCE7B7
S315080231D0B9F1FC0F4FF0000B2FD8019B9B45BFF6A8
S315080231E055AF4FF00008A4F1020A69E015F001088C
S315080231F007D030462A782188E6F7FAFB4FF001080D
S315080232002080C1467A1E04EB480A05EB080304929D
S31508023210049A4A4515DCA7EB080323F00103B845CF
S31508023220C8BF0023984404EB4809B8452EDB029B25
S315080232300BF1010B1C44039B1D44019B9B45D5DBEB
S3150802324024E74FF6FF711A888A4209D124F81960D1
S31508023250AAF8026009F102090AF1040A0233D7E759
S31508023260002AF7D01A7834F8191030460593E6F78B
S31508023270BFFB059B24F819005A783046BAF80210A3
S31508023280E6F7B6FB059BAAF80200E3E715F808205D
S31508023290B9F800103046E6F7ABFB08F1010829F841
S315080232A0020BC2E715F808203AF8021F12FB09F2C8
S315080232B03046120AE6F79CFB08F10108AAF8000054
S315080232C0B845EFDB029B0BF1010B1C44039B1D4423
S315080232D083E72DE9F04F87B090F820208146063A19
S315080232E00F2A2DD8DFE812F09302EC042C002C00EA
S315080232F02C002C002C002C002C003B01440142011E
S3150802330010002C002C00A203436890F82250009368
S31508023310836890F821800193C36806680293D0E90E
S31508023320067AD0E904430493002D40F0168164BB63
S31508023330B8F1FC0F22D9009B5D00019BA34202DC77
S3150802334007B0BDE8F08F394630462A4608F051FDE7
S31508023350029B57441E440134EFE73BF8021F37F835
S3150802336015004246E6F744FB0135ABF80000009B20
S31508023370AB42F2DC029B57441E440134019BA34232
S31508023380DEDD0025A6F1020BF1E7B8F1FC0F1CD829
S31508023390019BAB42D4DD4FF0000BA6F102092BE0EC
S315080233A014F808203BF8021F37F81800E6F720FB46
S315080233B008F10108ABF80000009B4345F0DC029BCC
S315080233C057441E44049B01351C44019BAB42B7DD9E
S315080233D04FF00008A6F1020BEEE714F80B2039F8B5
S315080233E0021F12FB08F237F81B00120AE6F700FB67
S315080233F00BF1010BA9F80000009B5B45EDDC029B73
S3150802340057441E44049B01351C44C1E799F82220FF
S31508023410022A4ED0032A71D0012A91D1BBF8001094
S3150802342051B39BF801206878D20802EBD0022888AB
S315080234301F2AC1F34511C0F345100844A8BF1F222D
S315080234403F28A8BF3F20D20292B202EB401290B2A6
S3150802345029789BF8002001F01F0102F01F0211448F
S315080234601F29D4BF40181F30298880B2002C6BD17F
S315080234704246E6F7BDFA2880039B0BF1020B01339D
S3150802348003930235009B039A9342BFDC029B57447F
S315080234901E440CB1049B1C44059B01330593059AF3
S315080234A0019B93427FF74CAF0023BB4635460393F5
S315080234B0E8E7BBF800100029DED09BF801206878FF
S315080234C0D208C2EBD0022888C1F3451122EAE27279
S315080234D0C0F34510401AD20220EAE07092B202EB1B
S315080234E0401290B229789BF8002001F01F0102F0E1
S315080234F01F02891A0029A8BF4018B5E74FF6FF72BE
S31508023500BBF800109142B7D06A789BF80100D2083E
S31508023510C00812FB00F22888C1F34511C0F3451012
S3150802352010FB01F080115211400100EBC2209BF8FA
S3150802353000102A7801F01F0102F01F0212FB01F2A5
S3150802354080B200EB52108FE7039BB8F1FC0FE25CE6
S315080235509CBF12FB08F2120A8BE700239EE703219F
S31508023560484607B0BDE8F04FE1F74CB90421F7E742
S31508023570436890F822700093836890F8218001933B
S31508023580C36806680293D0E906530393D0E9044355
S315080235900493002F40F03981002C40D1B8F1FC0F7A
S315080235A01CD8019BA3427FF7CBAE2F464FF0000AE9
S315080235B0A6F1020B2AE0FA7838463AF8021FE1F732
S315080235C0EBF808F10108AAF800000437009B434506
S315080235D0F1DC029B01341E44039B1D44019BA3425A
S315080235E07FF7AEAE2F464FF00008A6F1020AEDE7C6
S315080235F0FA78384612FB08F23BF8021F120AE1F77C
S31508023600CBF80AF1010AABF800000437009B5345D0
S31508023610EEDC029B01341E44039B1D44C1E7B8F14C
S31508023620FC0F25D8019BBB427FF78AAEAB464FF00B
S31508023630000AA6F1020939E014F808309AF80320BC
S31508023640504612FB03F23BF8021F120AE1F7A4F8EE
S3150802365008F10108ABF800000AF1040A009B434589
S31508023660EADC029B01371E44039B1D44049B1C444F
S31508023670019BBB427FF764AEAA464FF00008A6F14B
S31508023680020BEBE714F80A109BF80320584612FBC4
S3150802369001F208FB02F239F8021F120CE1F77CF874
S315080236A00AF1010AA9F800000BF1040B009B534525
S315080236B0E8DC029B01371E44039B1D44049B1C4401
S315080236C0B0E799F82220022A51D0032A70D0012A9B
S315080236D07FF436AE9AF80120B978D20802EBD10205
S315080236E01F2AA8BF1F22D002BAF800207978C2F38F
S315080236F0451202EB91023F2AA8BF3F2280B200EB95
S3150802370042109AF80020397802F01F0280B202EBC2
S31508023710D1021F2AD4BF80181F30BAF8001080B20F
S31508023720002C65D1FA78B8F1FC0F9CBF18FB02F29F
S31508023730120AE6F75DF90BF1010B2AF8020B0437B8
S31508023740009B5B45BDDC029B1E44039B1D440CB1DA
S31508023750049B1C44059B01330593059A019B9342DE
S315080237607FF7EEADB2462F464FF0000BE8E7BA7880
S315080237709AF80110D208C2EBD10222EAE272D0020A
S31508023780BAF800207978C2F34512A2EB910222EA2E
S31508023790E27280B200EB42109AF80020397802F001
S315080237A01F0280B2A2EBD102002AA8BF8018B4E792
S315080237B0BA789AF80110D208C90812FB01F2787889
S315080237C0BAF800108008C1F3451110FB01F0801108
S315080237D05211400100EBC2209AF800103A7801F023
S315080237E01F01D20812FB01F280B200EB521094E7D5
S315080237F014F80B20B8F1FC0F9FBF12FB08F297F8DA
S3150802380003C00CFB02F2120C93E70023A4E74368F9
S3150802381090F822700093836890F821800193C36818
S3150802382005680293D0E9066AD0E904430393002F98
S3150802383040F0FA8074BBB8F1FC0F14D8019BA3427E
S315080238407FF77EAD0027A5F1020B1BE0705CE0F75F
S3150802385065FF25F811000131009B8B42F6DC029BBD
S3150802386056441D440134019BA3427FF769AD0021EA
S31508023870F2E7F05D3BF8021F4246E0F75BFF0137CD
S31508023880ABF80000009BBB42F3DC029B56441D4486
S315080238900134D3E7B8F1FC0F1DD8019BBB427FF771
S315080238A04FAD4FF0000BA5F102092CE014F80820E1
S315080238B016F808003BF8021FE0F73CFF08F101087A
S315080238C0ABF80000009B4345F0DC029B56441D44BE
S315080238D0039B01371C44019BBB427FF731AD4FF076
S315080238E00008A5F1020BEDE714F80B2016F80B00F9
S315080238F012FB08F239F8021F120AE0F71BFF0BF156
S31508023900010BA9F80000009B5B45EDDC029B5644BF
S315080239101D44039B01371C44BFE799F8221016F889
S315080239202BC002294FEADC024FEA9C0C41D003293C
S3150802393058D001297FF404AD7878398802EBD00093
S315080239401F28C1F345116144A8BF1F203F29A8BFFC
S315080239503F21C00280B200EB4110397880B201F0F3
S315080239601F010A441F2AD4BF80181F3080B2002CB8
S315080239704FD1B8F1FC0F03D842463988E6F738F832
S3150802398027F8020B0BF1010B009B5B45C5DC029B7A
S3150802399056441D440CB1039B1C44049B01330493F7
S315080239A0049A019B93427FF7CBAC2F464FF0000B4C
S315080239B0EAE778783988C2EBD00020EAE070C1F3EA
S315080239C04511C002A1EB0C0121EAE17180B200EBBC
S315080239D04110397880B201F01F018A1A002AA8BF5D
S315080239E08018C3E738887978C0F3451010FB0CF0C5
S315080239F0C90811FB02F180114911400100EBC120EF
S31508023A00397880B201F01F0111FB02F200EB521065
S31508023A10ACE714F80B20B8F1FC0F98BF12FB08F2BA
S31508023A20398898BF120AA9E70023B8E7436890F8CD
S31508023A3022700093836890F821800193C368066810
S31508023A400293D0E906530393D0E904430493002F63
S31508023A5040F03481002C44D1B8F1FC0F1ED8019BEA
S31508023A60A3427FF76DAC2F464FF0000AA6F1020B70
S31508023A702DE017F8012C3AF8021F17F8020CE0F7A6
S31508023A8059FE08F10108AAF80000009B02374345CF
S31508023A90EFDC029B01341E44039B1D44019BA34297
S31508023AA07FF74EAC2F464FF00008A6F1020AECE764
S31508023AB017F8012C3BF8021F12FB08F217F8020C42
S31508023AC0120AE0F737FE0AF1010AABF80000009B7A
S31508023AD002375345ECDC029B01341E44039B1D440A
S31508023AE0BDE7B8F1FC0F26D8019BBB427FF728AC8D
S31508023AF0AB464FF0000AA6F1020939E014F808307D
S31508023B001AF8012C3BF8021F12FB03F21AF8020CF0
S31508023B10120AE0F70FFE08F10108ABF80000009B55
S31508023B200AF1020A4345E9DC029B01371E44039B5C
S31508023B301D44049B1C44019BBB427FF701ACAA4669
S31508023B404FF00008A6F1020BE9E714F80A101BF871
S31508023B50012C1BF8020C12FB01F208FB02F239F8DF
S31508023B60021F120CE0F7E6FD0AF1010AA9F80000A5
S31508023B70009B0BF1020B5345E7DC029B01371E44FF
S31508023B80039B1D44049B1C44AEE799F8221097F840
S31508023B9000C002294FEADC024FEA9C0C4BD00329EB
S31508023BA065D001297FF4CCAB9AF80100BAF8001067
S31508023BB002EBD0001F28C1F345116144A8BF1F209C
S31508023BC03F29A8BF3F21C00280B200EB41109AF8F4
S31508023BD0001080B201F01F010A441F2AD4BF8018C0
S31508023BE01F30BAF8001080B2002C5AD17A78B8F190
S31508023BF0FC0F9CBF18FB02F2120AE5F7F9FE0BF15D
S31508023C00010B2AF8020B0837009B5B45BDDC029BB9
S31508023C101E44039B1D440CB1049B1C44059B0133A3
S31508023C200593059A019B93427FF78AABB2462F46C4
S31508023C304FF0000BE8E79AF80100BAF80010C2EB59
S31508023C40D00020EAE070C1F34511C002A1EB0C01D5
S31508023C5021EAE17180B200EB41109AF8001080B2B5
S31508023C6001F01F018A1A002AA8BF8018B9E7BAF814
S31508023C7000009AF80110C0F3451010FB0CF0C908B1
S31508023C8011FB02F180114911400100EBC1209AF89B
S31508023C90001080B201F01F0111FB02F200EB521074
S31508023CA09FE714F80B20B8F1FC0F9FBF12FB08F22E
S31508023CB097F801C00CFB02F2120C9EE70023AFE74D
S31508023CC0436890F822700093836890F821800193E4
S31508023CD0C36805680293D0E9066AD0E904430393E8
S31508023CE0002F40F0F380002C38D1B8F1FC0F19D818
S31508023CF0019BA3427FF724AB0027A5F1020B25E01F
S31508023D0039463046FFF792F94042C0B2E0F706FD5F
S31508023D1025F817000137009BBB42F1DC029B56448B
S31508023D201D440134019BA3427FF70AAB0027F2E741
S31508023D3039463046FFF77AF940423BF8021F4246B7
S31508023D40C0B2E0F7F7FC0137ABF80000009BBB42B4
S31508023D50EEDC029B56441D440134C9E7B8F1FC0F58
S31508023D6021D8019BBB427FF7EBAA4FF0000BA5F1C6
S31508023D70020934E041463046FFF758F9404214F842
S31508023D8008203BF8021FC0B2E0F7D4FC08F101088C
S31508023D90ABF80000009B4345ECDC029B56441D44ED
S31508023DA0039B01371C44019BBB427FF7C9AA4FF00C
S31508023DB00008A5F1020BEDE759463046FFF736F93A
S31508023DC014F80B20404212FB08F239F8021F120AB5
S31508023DD0C0B2E0F7AFFC0BF1010BA9F80000009B9B
S31508023DE05B45E9DC029B56441D44039B01371C4490
S31508023DF0B7E73046FFF71AF999F822204042022A15
S31508023E00C0B231D0032A36D0012A7FF499AAE0F744
S31508023E1085FC4FF6FE7279880844904246DC80B2E9
S31508023E20002C48D1B8F1FC0F03D842467988E5F749
S31508023E30DFFD27F8020F0BF1010B009B4FEA8B01FE
S31508023E405B45D6DC029B56441D440CB1039B1C44BD
S31508023E50049B01330493049A019B93427FF770AA49
S31508023E604FF0000BAF1EE8E7E0F758FC798881426D
S31508023E701FDD081AD3E7E0F751FC7988C0F3CF0CA7
S31508023E80CA0A0CFB02F200F01F0E01F01F0C0EFB11
S31508023E900CFC4FEA6C1C4CEAC22CC0F38500C1F339
S31508023EA04512504380114CEA4010B8E74FF6FF70AE
S31508023EB0B6E70020B4E714F80B20B8F1FC0F98BF58
S31508023EC012FB08F2798898BF120AB0E70023C1E705
S31508023ED0CB10C943C05C01F00701084100F001009C
S31508023EE0704722B1FC2A03D9087048708870704757
S31508023EF0D34310FB02F00A78DBB202FB0302120A72
S31508023F000A704A7802FB0302120A4A708A7802FB8E
S31508023F100300000AEAE730B53AB1FC2A037805D964
S31508023F200B7043784B7083788B7030BDD44313FB88
S31508023F3002F30D78E4B205FB04331B0A0B704B78C7
S31508023F40457813FB04F305FB02331B0A4B708B7887
S31508023F50807813FB04F300FB02331B0AE4E730B54F
S31508023F6085B0022A0191CCB2C1F30725C1F30741F4
S31508023F7021D0032A30D0012A1BD103782344FF2BF0
S31508023F80A8BFFF238DF80C3043782B44FF2BA8BF1C
S31508023F90FF238DF80D3083780B44FF2BA8BFFF2330
S31508023FA0DBB201469DF8072003A88DF80E30FFF70D
S31508023FB0B2FF05B030BD03781B1B23EAE3738DF805
S31508023FC00C3043785B1B23EAE3738DF80D30837854
S31508023FD05B1A23EAE373E3E7037813FB04F31B1282
S31508023FE08DF80C30437813FB05F31B128DF80D3050
S31508023FF0837813FB01F31B0AD3E72DE9F04F8BB045
S31508024000436807464B430193836888460293C3680D
S3150802401091460393D0E906630493D0E904430693D1
S3150802402090F8223090F821A00568002B40F0BA805B
S3150802403064BBBAF1FC0F44D991420FD0029B9C4251
S315080240400FDA32462B4617E031462846019A07F020
S31508024050D0FE039B01341D44049B1E44029B9C42D2
S31508024060F2DB0BB0BDE8F08F1178197051785970F0
S3150802407091784A44997043440198591B8142F3DB6B
S31508024080039B01341D44049B1E44D7E7BAF1FC0F77
S315080240901F4630D8029B9F42E3DA30464FF0000BA8
S315080240A0631E40E05846E9195246FFF734FF474473
S315080240B0CB44019B9F42F5DB039B01341D44049BC1
S315080240C01E44029B9C42CCDAB3460027F1E705EB75
S315080240D00A011BF8012F0590FFF71DFF0598C24438
S315080240E04844019B9A45F2DB039B01371D44049B16
S315080240F01E44069B1C44029B9F42B2DA30464FF08E
S31508024100000A04F1FF3BECE713F8012F05EB0B015C
S3150802411012FB0AF2120A07930590FFF7FCFE0598AE
S31508024120079BC3444844019A9345EDDB039B013739
S315080241301D44049B1E44069B1C44ABE79A788DF8E3
S3150802414026205A788DF825201A788DF824203CB333
S3150802415014F80B2012FB0AF2120A8DF8272005EB37
S315080241600B0097F8222009990793FFF7F8FE079B99
S31508024170C3444B44019A9345E0DB0CB1069B1C44AD
S31508024180039B1D44049B1E44059B01330593059B13
S31508024190029A9342BFF665AF33464FF0000BE9E742
S315080241A05246DAE70023F1E72DE9F04F87B0D0E966
S315080241B004438046D0E901A70D4690F81B90C668CD
S315080241C00193002C76D1B9F1FC0F5AD9032925D1CE
S315080241D004680AEB4A0A2346D91C1B1B9A4507DCC4
S315080241E0012504EB0608BD4210DB07B0BDE8F08FD7
S315080241F098F8183001F8033C98F8193001F8023C8F
S3150802420098F81A3001F8013C0B46E5E74046524653
S31508024210214607F0EEFDB0440135E4E70429E4D16E
S31508024220806905F01BFFBAF1000F2AF00F02B8BF2A
S315080242300022D8F80010AAF10F0CBC42D5DA0B46B8
S31508024240002510E043E9100043E90E0043E90C009B
S3150802425043E90A0043E9080043E9060043E9040082
S3150802426043E902001035AC4503F14003EADC134684
S31508024270534502DB31440134DFE741F823000133B9
S31508024280F6E7806905F0EAFE05FB0AFAD8F800B0F7
S315080242900590BC42A9DA4FF0000806E00BEB0801CC
S315080242A04A4605A8FFF737FEA844D045F6DBB344CD
S315080242B00134EEE701FB0AF3B9F1FC0F80690293B8
S315080242C01ED905F0CBFE4FF00009D8F800A00590DC
S315080242D0B9458ADA4FF0000804F1FF3B07E00AEB1A
S315080242E008011BF8012F05A8FFF715FEA844029B33
S315080242F09845F4DB019BB2441C4409F10109E7E73E
S3150802430005F0ACFE4FF0000AD8F800B00590BA45A1
S31508024310BFF66BAF4FF00008631E0CE013F8012FCF
S315080243200BEB080112FB09F205A8120A0393FFF721
S31508024330F2FD039BA844029A9045EFDB019BB34426
S315080243401C440AF1010AE2E72DE9F04F8BB090F816
S3150802435020300446063B01910F2B00F2D082DFE89B
S3150802436013F02702B203CE02CE02CE02CE02CE024C
S31508024370CE02CE024B01560154011000CE02CE02E5
S31508024380D902D0E901B30293C36890F82190039346
S31508024390D0E906530493D0E90463059390F82230D2
S315080243A00768002B40F02381002E62D1B9F1FC0F79
S315080243B030D840F63A0840F20D4A029BB34240F31F
S315080243C09E82394600244CE005EB42035B78DB0803
S315080243D043431B128B7035F81230C3F345136343FC
S315080243E01B124B7015F81230013203F01F034343B8
S315080243F01B120B70019B19449345E5DC039B01369E
S315080244001F44049B1D44029BB34240F378823946FB
S315080244100022F1E740F63A0040F20D44F3E705EBD5
S3150802442044035B784A46DB0808FB03F31B128DF844
S31508024430263035F8143009A8C3F345130AFB03F3EB
S315080244401B128DF8253015F81430013403F01F03BA
S3150802445008FB03F31B128DF82430FFF75CFD019B62
S315080244601944A345DBDC039B01361F44049B1D4408
S31508024470A3E7B9F1FC0F1C463ED840F63A0A029B5E
S31508024480A34240F33C8239464FF0000861E005EB4F
S3150802449048035B7816F80820DB0809FB03F31B12AE
S315080244A08DF8263035F8183009A8C3F345130AFBE8
S315080244B003F31B128DF8253015F8183008F1010898
S315080244C003F01F0309FB03F31B128DF82430FFF7D1
S315080244D022FD019B1944C345D9DC039B01341F44C1
S315080244E0049B1D44059B1E44029BA34240F307827C
S315080244F039464FF00008EEE740F63A0940F20D4A0F
S31508024500F2E740F20D4205EB48035B7809A8DB089F
S315080245100AFB03F31B128DF8263035F81830C3F35D
S31508024520451353431B128DF8253015F8183016F823
S31508024530082003F01F030AFB03F312FB09F21B12FE
S31508024540120A8DF82430FFF7E6FC019B08F10108F0
S315080245501944C345D5DC039B01341F44049B1D44FF
S31508024560059B1E448BE740F20D4105EB4802527843
S31508024570D2085A4312128DF8262035F81820C2F3AB
S3150802458045124A4312128DF8252015F8182002F012
S315080245901F025A4312128DF8242036B316F8082041
S315080245A012FB09F2120A8DF82720099994F822209B
S315080245B00690FFF7D4FC019B069808F101081844F7
S315080245C040F63A03C345CEDC0EB1059A1644039A61
S315080245D00AF1010A1744049A1544029A524540F30D
S315080245E08E8138464FF00008ECE74A46DBE74FF083
S315080245F0000A40F63A03F0E7032220469DF8041023
S315080246000BB0BDE8F04FFFF7F8BC0422F5E74368A4
S3150802461090F821800293836807680393C368D0E9F8
S3150802462006690493D0E90453059390F82230002BC7
S3150802463040F0BC80002D38D1B8F1FC0F18D8039B86
S31508024640AB4240F35C81B2463946002425E0404637
S3150802465098F80320FFF75FFC019B013408F1040870
S315080246601944029BA342F2DC049B4E441F440135C3
S31508024670039BAB4240F34381B04639460024F0E738
S315080246809AF80320504612FB08F2120AFFF743FC77
S31508024690019B01340AF1040A1944029BA342EFDC86
S315080246A0049B4E441F440135C9E7B8F1FC0F1C466A
S315080246B021D8039BA34240F32281B34639464FF0E1
S315080246C0000A33E015F808309AF80320504612FB20
S315080246D003F2120AFFF71FFC019B08F101080AF10F
S315080246E0040A1944029B4345ECDC049B4E441F44CE
S315080246F0059B01341D44039BA34240F30081B24645
S3150802470039464FF00008EDE715F80A309BF8032002
S31508024710584612FB03F208FB02F2120CFFF7FBFBE8
S31508024720019B0AF1010A0BF1040B1944029B53453A
S31508024730EADC049B4E441F44059B01341D44B8E73A
S3150802474053F8030C1978099045BB18FB01F10A0ABC
S315080247508DF8272007EB0A0094F822200999079377
S31508024760FFF7FDFB019B0BF1010B9A44079B0433F0
S31508024770029A5A45E4DC0DB1059B1D44049B4E443E
S315080247801F44069B01330693069A039B934240F302
S31508024790B6804FF0000BF31CDA46E9E715F80A2053
S315080247A012FB01F208FB02F2120CD1E70023EAE738
S315080247B0436890F821800293836807680393D0E9D7
S315080247C00453049390F82230D0F80C90D0E9066A84
S315080247D0002B40F09D8075BBB8F1FC0F15D8039BE2
S315080247E0AB4240F38C80394600241DE012F8011FC3
S315080247F0997059701178197001990B44029C8118A5
S315080248008C42F3DC4F4456440135039BAB4276DDBA
S315080248103B46721EC6F10100F0E7305D4246FFF7DD
S3150802482060FB019B01341944029BA342F5DC4F4409
S3150802483056440135D3E7B8F1FC0F1C4618D8039B3A
S31508024840A3425CDD39464FF0000B25E015F8082037
S3150802485016F80800FFF745FB019B08F10108194401
S31508024860029B4345F2DC049B4F4456441D440134E3
S31508024870039BA34243DD39464FF00008F0E715F8DB
S315080248800B2016F80B0012FB08F2120AFFF729FB97
S31508024890019B0BF1010B1944029B5B45EFDC049B60
S315080248A04F4456441D440134C9E716F80B208DF8C7
S315080248B026208DF825208DF824201DB3EA5C12FBEC
S315080248C008F2120A8DF82720F81894F82220099976
S315080248D00693FFF744FB019A069B0BF1010B13445F
S315080248E0029A5A45E1DC0DB1049B1D44059B4F44CF
S315080248F0564401330593059A039B934204DC0BB095
S31508024900BDE8F08F4246DDE74FF0000B5B46E7E76E
S315080249100023EFE7436890F82180029383680768CB
S315080249200393C368D0E906690493D0E9045305934F
S3150802493090F82230002B40F0C480002D3AD1B8F10D
S31508024940FC0F19D8039BAB42D9DD344639464FF0E2
S31508024950000A26E014F8012C14F8020CFFF7C1FA33
S31508024960019B08F101081944029B02344345F1DC14
S31508024970049B4E441F440135039BAB42BFDD3446BC
S3150802498039464FF00008EFE714F8012C14F8020C28
S3150802499012FB08F2120AFFF7A4FA019B0AF1010AAE
S315080249A01944029B02345345EEDC049B4E441F44D1
S315080249B00135C7E7B8F1FC0F1C4621D8039BA34271
S315080249C09DDDB34639464FF0000A33E015F8083044
S315080249D01AF8012C1AF8020C12FB03F2120AFFF754
S315080249E080FA019B08F101081944029B0AF1020A9E
S315080249F04345EBDC049B4E441F44059B01341D448E
S31508024A00039BA3427FF77BAFB24639464FF00008B5
S31508024A10EBE715F80A301BF8012C1BF8020C12FBFF
S31508024A2003F208FB02F2120CFFF75BFA019B0AF18A
S31508024A30010A1944029B0BF1020B5345E9DC049B5C
S31508024A404E441F44059B01341D44B7E713F8011C65
S31508024A5018788DF8261065BB10FB08F0020A8DF847
S31508024A6027208DF824108DF8251007EB0A0094F8F4
S31508024A70222009990793FFF772FA019B0BF1010BA2
S31508024A809A44079B0233029A5A45DFDC0DB1059B0D
S31508024A901D44049B4E441F44069B01330693069A03
S31508024AA0039B93427FF72BAF4FF0000B731CDA463A
S31508024AB0E9E715F80A2012FB00F208FB02F2120CCB
S31508024AC0CDE70023EAE7436890F8218002938368DA
S31508024AD006680393C368D0E9067A0493D0E90453B7
S31508024AE0059390F82230002B40F0B880002D38D17B
S31508024AF0B8F1FC0F19D8039BAB427FF700AFB1465A
S31508024B00002426E021463846FFF7E2F9019B404297
S31508024B10C0B290705070107001341A44029BA342BE
S31508024B20F0DC049B57441E440135039BAB427FF7D6
S31508024B30E6AE32460024F1E721463846FFF7C8F9C1
S31508024B40404249464246C0B2FFF7CBF9019B0134BF
S31508024B509944029BA342EFDC049B57441E44013549
S31508024B60C9E7B8F1FC0F1C461FD8039BA3427FF77F
S31508024B70C6AEB1464FF0000B31E049463846FFF75C
S31508024B80A7F94042414615F80920C0B2FFF7A9F92C
S31508024B90019B09F101099844029B4B45EDDC049BF4
S31508024BA057441E44059B01341D44039BA3427FF7C9
S31508024BB0A6AEB0464FF00009EEE759463846FFF76B
S31508024BC087F915F80B20404212FB08F24946120AE9
S31508024BD0C0B2FFF786F9019B0BF1010B9944029BC0
S31508024BE05B45EADC049B57441E44059B01341D447D
S31508024BF0BBE749463846FFF76BF94042C0B28DF823
S31508024C0025008DF824003DB315F8092012FB08F299
S31508024C10120A8DF827208DF8260094F82220099981
S31508024C200698FFF79CF9069B019A09F101091344B4
S31508024C300693029B4B45DCDC0DB1059B1D44049B88
S31508024C4057441E440BF1010B039B5B457FF757AE96
S31508024C504FF000090696ECE74246DAE74FF0000BFA
S31508024C60F2E70B79053B012B0CD8CB6C9A6BF2B9A0
S31508024C70DA6BE2B9D86A9A6E18B9186BB0F5807F02
S31508024C8009D0A2B991F85130632B84BF46F2014389
S31508024C90A1F850300BE0586BB0F5807FF1D1002AAD
S31508024CA0F0D093F821300E2B01D0142BEAD1002034
S31508024CB0704770B50E46C1690546002969D10122B9
S31508024CC03046DEF71BFA044610B94FF0FF3070BDC6
S31508024CD03046DEF775FA0028F7D00223A36404F1FA
S31508024CE038036E60AB60EC612379013B092B0CD863
S31508024CF0DFE803F005141B22294137303C482846D1
S31508024D00E16C04F1080201F052FB0322EB699A6492
S31508024D100023EB61DEF7EAF90120D8E72846E16CC1
S31508024D2004F1080200F089FAEFE72846E16C04F17B
S31508024D30080200F0C2FDE8E72846E16C04F1080221
S31508024D40E0F7C0F9E1E72846E16C04F10802E0F76A
S31508024D50ADF9DAE72846E16C04F1080200F083F8B7
S31508024D60D3E72846E16CE0F7B7F9CEE72846E16CC7
S31508024D7003F0AAFAC9E72846E16C04F1080201F031
S31508024D80A1FDC2E72846E16C04F1080202F0FBFA2B
S31508024D90BBE700209BE7F0B585B0154606460F46E9
S31508024DA00A46684629461C4604F01FFD90B1696802
S31508024DB0019A009B2D68521A3F680A995D1B68463C
S31508024DC001FB0255DF1B05F057F8E3197119184460
S31508024DD0834201D105B0F0BD1A7811F8014B22447D
S31508024DE0FF2A28BFFF2203F8012BF1E72DE9F84332
S31508024DF056081F46A1EB52059046814605F0E5FE88
S31508024E0000FB05F44846E4F763FE6FEA08026843C6
S31508024E10E411002CD3BF8034803CC6EB2423C6EBB6
S31508024E2024234FEAE010D8BF06EB242402F001023D
S31508024E30C6BF9B1806EB2424A41A0028CCBF8038C8
S31508024E4080303B60CDBFC6EB2023C6EB202306EBA2
S31508024E5020269B18CCBF06EB2026B61ABC607B60C0
S31508024E60FE60BDE8F8832DE9F04FADF50B7D91F8AC
S31508024E703C300C46022B059041D90D6A002D3ED0D6
S31508024E80D1E9091399423AD00FCA0AAF87E80F0047
S31508024E90059B0EAE394630469A68B4F8348004F05B
S31508024EA0A4FC039058B3D4E909A9A36B4545A8BF46
S31508024EB0454643BB0AF5B4734B4503D009F5B473AB
S31508024EC0534520D167A8FAF73FFA94F83C300F22E7
S31508024ED08DF8C431E3690598ADF8BC311B0C8DF821
S31508024EE0BE3147F6FF736E939DF8C53167A962F323
S31508024EF004033A4670958DF8C53100F09EF90DF512
S31508024F000B7DBDE8F08F236AD7E90112D21A3868F9
S31508024F101492FA6818441944D31A129013911593E5
S31508024F20BAF5B47F80F2B380B9F5B47F80F2B28065
S31508024F301022002116A80DF079F80DF5CE78CDF8D5
S31508024F4000904046D4E90B125346E0F789FCCDF8A7
S31508024F5058800DF1B808002347F6FF7239464046D5
S31508024F60E0F7CCFC12A8CDF85C8004F085FF002897
S31508024F7000F3938000230393304604F082FF0690E1
S31508024F80304604F079FF8046E5F7CAFC074696E8FC
S31508024F900F000DF1680B8BE80F00002128224AA8A2
S31508024FA00DF044F894F83C30A16B4F978DF83831E0
S31508024FB0CDF824B1CDF844B100297ED1A28BA37FC6
S31508024FC0ADF839218DF83B31002394F83D600493FE
S31508024FD016F001063AD005FB05FB5846E5F7A0FC94
S31508024FE05A46FF21064606F0F9FF00236A1E0DF50A
S31508024FF0807BCDE92C2205EBD572584652102AA998
S31508025000CDE92A33E0F77AFC0023CDF820B0B3467F
S315080250100993AB42C0F288805FFA85FB22AB5A46F7
S31508025020A18E0FFA8AF0FFF7E1FED4E90B1222A845
S3150802503004F0CEFB5A46A18E0FFA89F026ABFFF78B
S31508025040D5FED4E90B1226A804F0C2FB4FF00009DC
S315080250501B9B1D93069B994578DB67A8E0F732FBF5
S315080250602EA8E0F72FFB039B13B137A8E0F72AFB1C
S315080250703846E5F76FFCA36B13B154A8FAF7F7FBAA
S31508025080002E3FF43CAF3046E5F764FC37E7AAF555
S31508025090B47A45E7A9F5B47946E712A804F0F1FE11
S315080250A000287FF767AF37AF012347F6FF72384606
S315080250B012A9E0F723FC18975EE7002254A8DFF747
S315080250C011F900283FF47AAF5F9A002A3FF476AFC7
S315080250D000231EAEC6E900339388D288591E013AC8
S315080250E0B160F2603046D4E90B12A2EB5302A1EB8F
S315080250F0530104F06DFB5F9A4D96D2F810B01389EE
S315080251005278CDF828B1142A4B9302D08DF8302163
S315080251105AE71222304604938DF8302104F0B1FE84
S31508025120049B03FB00B350E759460022009508A8E2
S31508025130079302F0E8F8079B014620B92A46584623
S3150802514006F04CFF079BAB44013362E74246FF2158
S31508025150384606F043FFDDE91A233946CDF80080C2
S3150802516016A802F0D0F894F83D300146DB078DF810
S3150802517040012DD51B9B239A934211DB259A934214
S315080251800EDC30B94246384606F028FF02238DF86F
S3150802519040313B463046009522AA1AA9FFF7FBFD85
S315080251A01B9B279A934213DB299A934210DC9DF89C
S315080251B0401131B94246384606F010FF02238DF8EF
S315080251C040313B463046009526AA1AA9FFF7E3FD69
S315080251D0049BEBB19DF84031D3B14D9B1B9A58689D
S315080251E01B68A2EB000C1A9A4B98D31A400800FBCC
S315080251F00C33049A791E1344C7F1010042189045EC
S3150802520012DC9DF84031012B04BF02238DF8403190
S31508025210059849A9DFF742F91B9B09F101090133F0
S315080252201B931D9B013314E713F801CB11F8012FC9
S3150802523012FB0CF212120A70E0E72DE9F04FB9B030
S3150802524091F828300546022B0F46144640F2AE80E6
S315080252504B6A002B00F0AA8091F82930DA0600F092
S31508025260A580204604F008FE0646204604F009FEFC
S31508025270D4E902C28642A8BF0646FB697010984264
S31508025280A8BF184697F829307E6A8346D4E900E013
S3150802529013F0040F03F01F0112BF33460BEB06038C
S315080252A05B4273440B930B074EBF33460BEB060365
S315080252B05B42ACEB03030D938B074EBF33460BEBF6
S315080252C006035B4203440C93CB074EBF33460BEBF4
S315080252D006035B42D21A97F8203097F82880039380
S315080252E097F8213097F822900E92ABEB06060293B6
S315080252F0BBF1000F5DD1002E5BDC59462C222DA88E
S3150802530006F06CFE24AB2D93039BD4F804B08DF8FB
S31508025310C930029B8DF8CB908DF8CA300B9BDDF80D
S3150802532030902768A66802930D9B09F1FF31CB4599
S315080253308DF8C880CDE925B6D4F80CA0DDF83880FA
S3150802534003932497279103DC28462DA9DFF7A6F8AD
S315080253500E99C24501F101012591E168279103DB06
S3150802536028462DA9DFF79AF8CB45D4BF0C9B63686C
S31508025370C24525932168ACBF0E9BE3682491279307
S315080253800B99029B01399F42269103DC28462DA9D7
S31508025390DFF784F80D9B01332493A3682693039BB6
S315080253A09E4203DB28462DA9DFF778F839B0BDE817
S315080253B0F08F2146AA680FA804F017FA069000286B
S315080253C0F4D00FA804F058FD2C22002107902DA82E
S315080253D006F004FE0798E5F7A3FA002733908246FB
S315080253E001231BA826EAE6720BA9CDE908770A97D4
S315080253F0E0F784FA1BA8BB45089007DD24AE3B46B6
S315080254005A4621463046E0F779FA099613AB2D93A8
S315080254103593039B0B9A8DF8C930029B17A88DF812
S31508025420CA3023688DF8CB905B449342ACBF17937E
S315080254301792A3680D9AA3EB0B039342D4BF199351
S31508025440199263680C9A5B449342ACBF18931892FC
S31508025450E3680E9AA3EB0B039342D4BF1A931A92EC
S315080254608DF8C88004F008FD6368D4F800900293AA
S315080254700C9BDDF82C800393A368C14504930D9B0E
S31508025480E6680E9F059362DCDDE9043293425EDB31
S31508025490DDE9023293424FF001038DF8D03041DD47
S315080254A0BE420CDB179B28461393199B2DA915930D
S315080254B00E9B01331493E3681693DEF7EFFF0B9BFB
S315080254C00D9A93424BDBC14557DCDDE904218A423A
S315080254D047DB23681393A36828461593189B2DA9BF
S315080254E014931A9B1693DEF7D9FF0F9B0699119A06
S315080254F0139300297AD163680C9F8846FF1A5F4581
S31508025500B8BF5F46159247453EDC1BA8E0F7DAF8B6
S31508025510BBF1000F02DD24A8E0F7D4F85046E5F700
S3150802552019FA43E7BE4201DB31280DDD179B2846EF
S315080255301393199B2DA91593029B1493039B013B65
S315080255401693DEF7ABFFABE700230693B7E7012313
S315080255508DF8D030DDE902329342E7DDA0E7C14596
S315080255600BDC013B1593189B226814931A9B284659
S315080255702DA913921693DEF791FFDDE904329342C1
S31508025580B3DB0D9B0133A5E76368E66808EB0309FD
S31508025590109BA6EB0806994502DA129B9E4222DC6C
S315080255A0FF215046079A06F019FD079B51460093BC
S315080255B0139A4B4608A801F0A6FE109B8DF8D00058
S315080255C0994507DB28462DA9CDF85090CDF8589075
S315080255D0DEF764FF129B9E4205DC28462DA9149627
S315080255E01696DEF75BFF08F101088CE7179B13A8EE
S315080255F0013B9342D4BF1593159204F03DFC041E59
S3150802560034DC199B0F9A01339342ACBF139313925E
S31508025610119B13A8159304F02FFC041E7FF775AF90
S31508025620DDE90432934267DADDE90232934263DD49
S31508025630BE42FFF66AAF1A9E129B01369E423FF79A
S3150802564064AF22465046FF211496169606F0C6FC0B
S3150802565051463346139A009408A801F054FE2DA920
S315080256608DF8D0002846DEF719FFE5E7C14524DDA7
S31508025670DDE90232934220DDBE42C2DB1A9B03F108
S315080256800108129B9845BCDC2246FF215046CDF8FC
S315080256905080CDF8588006F0A1FC43465146139A2D
S315080256A0009408A801F02FFE2DA98DF8D0002846EF
S315080256B0DEF7F4FE08F10108E3E7109B189A934215
S315080256C002DBC145DADDD7E72246FF2150461493AD
S315080256D01693069306F082FC069B5146139A00948B
S315080256E008A801F010FE2DA98DF8D0002846DEF78D
S315080256F0D5FE069B0133E1E7DDF84080189B984505
S3150802570004DBDDE90432934295DA91E72246FF216A
S315080257105046CDF85080CDF8588006F05FFC4346D7
S315080257205146139A009408A801F0EDFD2DA98DF8AB
S31508025730D0002846DEF7B2FE08F10108DEE72DE9B9
S31508025740F04F89B045004FEA610ACB07044628465E
S3150802575090464CBFD3460AF1FF3B0F46E5F7E0F801
S315080257606FF00102AB1E01934FEA4A030293064603
S31508025770C14600230BFB02220392A34225DB4FF408
S315080257807F5C4246BCFBF7FC434604FB04F008EB8D
S315080257904000834245D14FF0000C6B420AFB03F3EB
S315080257A00793631E05FB038306930BF1010302931A
S315080257B00BFB05530593AB190393A4453DDB304612
S315080257C009B0BDE8F04FE5F7C5B8019A029839F86D
S315080257D0021000EB090C79430398621E484402EB57
S315080257E00A0E7445D8BF4FF0000E26F81210C8BF2D
S315080257F03CF812E0A1EB0E0EA2EB0B010029D4BF76
S31508025800B9F8001030F81210013A7144E7D2484646
S315080258102A463146049306F0ECFA049BA94401335E
S31508025820ABE7198839B1B1F57F5F16BF91FBF7F17E
S31508025830A3F800C019800233ABE700200799964601
S31508025840511804910599904602EB010901461388FD
S315080258507B430193019B002BB4BF4FF0000BC3F3AC
S315080258608F1B26F811B0A1EB0A0BBBF1000FCABFBA
S31508025870049BB8F800B033F800B0019BA844A3EB28
S315080258800B0B029B0B449C42D6BF069B39F8003091
S3150802589033F81C3001315B448C4201932844D9D138
S315080258A0334633F8021BAEF800100399AE448B4216
S315080258B0F7D10CF1010C02327FE72DE9F04FB9B0AE
S315080258C00D46D1E90A3114460290106892680844D6
S315080258D066681144E7682A6B194416443A44C01AA2
S315080258E0F61A1A446B6A0C9003EBD3735B105B428D
S315080258F0184401380E910F921090D21AC81AF1184C
S3150802590095F834300130FE2B28BFFF230793029BFC
S315080259100139013212901191139210A99A6814A8AA
S315080259200D9603F062FF002800F031834FF0FF3234
S31508025930236811461893636818A81993A3681A93DB
S31508025940E3681B9303F037FF18A8EC6904F094FA8E
S31508025950064618A804F095FA864218A866DA04F0EC
S315080259608BFA4010A0420346A8BF23460CA803930D
S31508025970EC6904F081FA06460CA804F082FA86421B
S315080259800CA856DA04F078FA4710A742A8BF2746A9
S315080259906C6A4FF0000B3C4404FB04F04000E4F749
S315080259A0BFFF0C9B6E6A24930F9B66F0010927932F
S315080259B006EBD6735A1007EB6303994406F0010106
S315080259C0013204900CA806912592CDF8989004F01D
S315080259D053FAA9EB000024900CA8DDF8949004F081
S315080259E050FA4844002306EB07083A46279024A9AA
S315080259F02DA8DFF783FF012E404618BF7610E4F77D
S31508025A008FFF81464FEA4803DDF810A00593D84573
S31508025A1012DC4846E4F79EFF2DA8DFF753FE012E57
S31508025A2008FB08F740F0B682002341E004F029FAA1
S31508025A3097E704F026FAA7E74246FF21484606F00A
S31508025A40CDFA2DAB002100935A46434648462D9F70
S31508025A50B847014640B95046059A06F0BFFA059B73
S31508025A600BF1010B9A44D2E799F8003052469B0192
S31508025A7093FBF6F3494622F8023B059B03EB0A0021
S31508025A809042ECD00F4611F8013F3F789F421BBF68
S31508025A909B0193FBF6F332F8023C9BB222F8023BD7
S31508025AA0EEE7049A049932F813209209CA5401338C
S31508025AB0BB42F6D1002395F83570CDE90A3317F0C3
S31508025AC0010707D124AE01233046039A18A9DFF746
S31508025AD015FF0A9610A804F0CFF9E4F721FF064647
S31508025AE02C2200212DA806F079FA95F822302A8C64
S31508025AF08DF8CB3095F834301CA910A8DDF8408013
S31508025B002D913591ADF8C9208DF8C830339604F039
S31508025B10B3F900EBD07008EB600310A8DDF84480F7
S31508025B20089304F0AEF9129A00EBD07008EB600302
S31508025B30089905931E92119B121B01328A42ACBF29
S31508025B401C921C911D93059A2344013B9342D4BF90
S31508025B501F931F92029B1CA99A6820A803F045FE70
S31508025B60002840F04682129A08991E92121B139B2D
S31508025B7001328A42ACBF1C921C91059A1F931B1BC9
S31508025B80013201339342ACBF1D931D92029B0692CA
S31508025B901CA99A6820A803F028FE002835D0039A83
S31508025BA018A920A803F0DDFE78BB20A804F064F942
S31508025BB0DDF87CB08246239BDDF88080DDF84890CC
S31508025BC037B1039A18A920A8099303F079FF099B0C
S31508025BD0BAF1000F19DDA9EB040909F10109A8EBCD
S31508025BE00908ABEB030B04FB0B88049BDDF88C90CE
S31508025BF09844209B33961C93229B1E9302238DF86E
S31508025C00D030219B4B4540F35182109B059A234481
S31508025C101C93129B1CA91B1B1E93119B20A81D9348
S31508025C202344013B9342D4BF1F931F92029B9A6857
S31508025C3003F0DBFDF8B1039A18A920A803F091FE38
S31508025C408046C0B920A804F017F9DDF88490824688
S31508025C501D9B002F00F08682039A18A920A8099393
S31508025C6003F02EFF099B8346002800F04382BAF10F
S31508025C70000F00F3448295F83430069A8DF8C8303E
S31508025C80109B1CA923441C93129B20A81B1B1E9322
S31508025C90139B1F931B1B01339342ACBF1D931D928B
S31508025CA0029B9A6803F0A1FD48B3039A18A920A893
S31508025CB003F057FE814610BB20A804F0DDF8B0F1C8
S31508025CC0000B1CDDDDF87C80DDF88CA0002F00F0CF
S31508025CD05982039A18A920A803F0F2FE4B46049AA1
S31508025CE0A8EB0A083393209B04FB08281C93229BE3
S31508025CF0DDF88C901E93219B4B4540F3458295F81F
S31508025D003430DDE905508DF8C830129B13991A1BF9
S31508025D101E93119B01322344AB42C8BF03461D930F
S31508025D20089B091B9A42ACBF1C921C93029BA94270
S31508025D30ACBF1F911F959A681CA920A803F055FDB0
S31508025D4068B3039A18A920A803F00BFE38BB20A84B
S31508025D5004F092F8129B209D1B1B0133ED1A631E59
S31508025D6004FB0355049B80461D44002F00F03F8226
S31508025D70039A18A920A803F0A3FE2B46B8F1000F30
S31508025D8033930CDD209BDDF884901C93229B1E9393
S31508025D9002238DF8D030239B4B4580F22A820021BC
S31508025DA0049B6510013BA142C0F24382DDE905501E
S31508025DB0119A109B2244AA42C8BF02461D92089A0B
S31508025DC01C932344013B02F1FF3913994B45D4BF77
S31508025DD01E93CDF87890029B091BA942ACBF1F916E
S31508025DE01F959A681CA920A803F0FFFC002840F01A
S31508025DF03282109A119B1C922244013A1D934A45FB
S31508025E00D4BF1E92CDF878902344059A013B93425B
S31508025E10D4BF1F931F92029B1CA99A6820A803F05D
S31508025E20E4FC002830D0039A18A920A803F099FDAB
S31508025E3050BB20A804F020F8DDF884A080461D9BFC
S31508025E40209DDDF870B037B1039A18A920A80793E8
S31508025E5003F036FE079BB8F1000F339614DDAAEB62
S31508025E60030AA5EB0B0504FB0A55049BDDF884A07F
S31508025E701D44209B1C93229B1E9302238DF8D0302F
S31508025E80239B534580F23782109B139A1C93234413
S31508025E90013B06991F924B45D4BF1E93CDF87890C5
S31508025EA0121B029B01328A42ACBF1D921D9120A889
S31508025EB09A681CA903F099FC78B3039A18A920A832
S31508025EC003F04FFD48BB20A803F0D6FFDDF87C900F
S31508025ED08046DDF88CB0209DDDF870A027B1039AC4
S31508025EE018A920A803F0ECFDB8F1000F339614DDCB
S31508025EF0A9EB0B09A5EB0A0504FB0955049BDDF87A
S31508025F008C901D44209B1C93229B1E9302238DF882
S31508025F10D030219B4B4540F31182DDE90501109BE8
S31508025F20139A23441C93129B121B1B1B1E93119B31
S31508025F308242ACBF1F921F9023448342C8BF0B46BE
S31508025F401D93029B1CA99A6820A8339603F04DFC60
S31508025F5098B1039A18A920A803F003FD68B920A8E6
S31508025F6003F08AFF051E08DD209B219C1C93229BB9
S31508025F701E93239BA34280F2048217B924A8DFF753
S31508025F80A1FB0498E4F7E6FC3046E4F7E3FC39B0F3
S31508025F90BDE8F08F31464046049AFFF7D0FB0699D2
S31508025FA0314401290CDD4FF47F5090FBF1F0049A3D
S31508025FB002EB4706B2420ED14046049AFFF7BFFBF0
S31508025FC00023BB423FF476AD049A049932F81320B3
S31508025FD0CA540133F5E732F8023B002BEAD0FF2B0D
S31508025FE01BBF9B0193FBF1F322F8020C22F8023C39
S31508025FF0E0E7039A18A920A803F0B3FC00287FF467
S31508026000B2AD20A803F038FFDDF884B08246119BB2
S31508026010DDF88080DDF8489037B1039A18A920A8E0
S31508026020069303F04DFD069BBAF1000F7FF79BAD71
S31508026030A9EB040909F10109A8EB0908ABEB030B63
S3150802604004FB0B88049BDDF884909844209B3396C6
S315080260501C93229B1E9302238DF8D030239B4B451B
S31508026060FFF681ADCDF87490CDF87C90DFB9224663
S315080260704146304605F0BDFE4B463146209ACDF8DC
S3150802608000A00AA801F03FF901280ABF02238DF8E9
S31508026090D0008DF8D03002982DA9DEF7FFF9A0447A
S315080260A009F10109DAE7CDF8CC80F4E7CDF8749066
S315080260B0CDF87C90DFB922464146304605F099FE76
S315080260C04B463146209ACDF800A00AA801F01BF9E2
S315080260D001280ABF02238DF8D0008DF8D030029825
S315080260E02DA9DEF7DBF9A04409F1FF3989E5CDF8D8
S315080260F0CC80F4E7BAF1000F7FF7BDADBB46A9EB3A
S315080261000309049BCDF8CC8004FB0939209BDDF8F2
S3150802611084801C93229B1E93239B4345FFF6ABADBB
S31508026120CDF87480CDF87C8099F80010BBF1000F89
S315080261301DD15246304605F051FF43463146209A54
S31508026140CDF800A00AA801F0DEF8012808BF02204F
S315080261508DF8D00002982DA9DEF7A0F9A14408F11E
S315080261600108D9E700287FF786ADB046C6E7079B40
S31508026170FF2B1EBF95F8343013FB01F1090A8DF87F
S31508026180C810E7E73346AAE5CDF87490CDF87C90B7
S31508026190D7B95A46304698F8001005F01FFF4B4605
S315080261A03146209ACDF800B00AA801F0ACF80128C9
S315080261B008BF02208DF8D00002982DA9DEF76EF9E5
S315080261C0A04409F1FF3996E5039A18A920A803F015
S315080261D077FC079BFF2B18BF95F8342098F80030F8
S315080261E01CBF13FB02F31B0A8DF8C830E4E73346DB
S315080261F0C4E5CDF87490CDF87C909FB942462946FD
S31508026200304605F0F6FD4B463146209ACDF8008019
S315080262100AA801F078F801280ABF02238DF8D000EF
S315080262208DF8D03002982DA9DEF738F909F101095F
S31508026230B1E518190246A0EB020C654502DC0346D5
S315080262400131B0E513F801CF92F800E083F800E0D7
S3150802625002F801C9EFE7039A18A920A803F081FBFF
S3150802626000287FF4C6AD20A803F006FE1C9B209DDD
S315080262708046ED1A631E04FB0355049B1D44002F3A
S3150802628037D0039A18A920A803F01AFC2B46B8F1AE
S31508026290000F33937FF7ADAD209BDDF884A01C93E6
S315080262A0229B1E9302238DF8D030239B5345FFF67B
S315080262B0A0ADCDF874A0CDF87CA09FB94246294678
S315080262C0304605F096FD53463146209ACDF80080B1
S315080262D00AA801F018F801280ABF02238DF8D0008F
S315080262E08DF8D03002982DA9DEF7D8F80AF1010AFE
S315080262F0DBE73346CBE7CDF874A0CDF87CA0DFB94F
S3150802630022462946304605F074FD53463146209A00
S31508026310CDF800800AA800F0F6FF01280ABF02237A
S315080263208DF8D0008DF8D03002982DA9DEF7B6F890
S3150802633025440AF1010AA3E53395F5E7CDF87490E9
S31508026340CDF87C90DFB922462946304605F051FD44
S315080263504B463146209ACDF800800AA800F0D3FFB2
S3150802636001280ABF02238DF8D0008DF8D030029892
S315080263702DA9DEF793F8254409F1FF39C9E53395C6
S31508026380F5E72A46FF2130461D941F9405F026FE9E
S3150802639023463146209A00950AA800F0B4FF2DA993
S315080263A08DF8D0000298DEF779F80134E1E52DE997
S315080263B0F04FADB091F820300C46022B04903BD931
S315080263C013680CAE0C93536831460D9393680E937B
S315080263D0D368826810A80F9303F007FA029058B39D
S315080263E094F82F502C22C5F30203002115F0070555
S315080263F021A803BF94F8219094F8228094F8237078
S3150802640094F824901CBF94F8258094F82670079374
S315080264100BF00CFEE36994F820A08DF899908DF89C
S315080264209A808DF89B7053B94DB9049821A9219683
S315080264308DF898A0DEF732F82DB0BDE8F08FBAF1E4
S31508026440FD0F304628BF4FF0FF0A03F015FD8046C0
S31508026450304603F016FD80454346A8BF0346E26967
S315080264605B109342A8BF13464FF0000B814610A853
S31508026470059303F001FD059BCDE90ABB5B45039035
S3150802648038DDE4F74DFA5B460746314618A8059A01
S31508026490DFF734FA18A80A90109B0DF1500B1493E3
S315080264A0129B4A461693FF23414604F12400279776
S315080264B0CDF884B0CDF8A4B08DF8983000F0C5F9BF
S315080264C0064600284BD0012D4CD90C9A109BCDF8C4
S315080264D094B09B1A026803EB43010A4422920022F3
S315080264E094F82E102734914206D84FF0000B4FF03D
S315080264F000080EE05F46CFE702EB8200205CFF2829
S3150802650040F02C810132EEE77268DDF808B002EB42
S3150802651003080F238DF890304FF00009059A0D9C59
S3150802652091450F9B22DB14449B1A002D40F0D08024
S31508026530049821A9159417938DF898A02795DDF745
S31508026540ADFF2FB13846E4F705FA18A8DFF7BAF80F
S31508026550002E3FF471AF304600F0B2F96CE7804680
S315080265608346D9E74FF0000BD846D5E7A3EB0903D4
S315080265700693119B4C44A34204DD139B069A93424D
S31508026580C0F2928051463846039A05F027FD039BCE
S3150802659039460093149A23460AA800F0B4FE012845
S315080265A008BF0220119B8DF8A000A3425DDC012DD5
S315080265B01594179404D0022D13D000231A4615E019
S315080265C00D9B3168E31A03EB430288188A5AADF821
S315080265D0992082788DF89B207268D35C8DF8983062
S315080265E0EBE7B8F1000F3ED14246029B049821A977
S315080265F0CDE90823DDF752FFDDE90823139906984A
S31508026600814251DB012D1590179031D0022D43D0CE
S31508026610002A45D0022D3DD951463846039A05F03F
S31508026620DDFC039B39460093149A23460AA800F018
S315080266306AFE01280ABF02238DF8A0008DF8A03051
S3150802664028E018F80310FC299FBFFA5C12FB01F236
S315080266501212FA540133039A9342F2DB02238DF89B
S31508026660A030029BAAE70023F5E700231A46C5E7EE
S3150802667006990D9B3068CB1A03EB43014418415A1D
S31508026680ADF89910A1788DF89B107168CB5C8DF8DE
S3150802669098302AB1002314E013B9B8F1000FF9D1E2
S315080266A0049821A9DDF7FAFE09F1010936E718F877
S315080266B00310FC299FBFFA5C12FB01F21212FA546C
S315080266C00133039A9342F2DB02238DF8A030E7E7FF
S315080266D0022D8DF898A035D030D96A1D02F007022E
S315080266E0022A36D9119A9442B8BF1446139A93428B
S315080266F0A8BF134699464C453FF723AF012D15947B
S31508026700179415D10D9B3168E31A03EB43028818D7
S315080267108A5ABAF1FC0FADF8992082788DF89B2037
S315080267207268D35C9CBF13FB0AF31B128DF8983070
S31508026730049821A9DDF7B2FE0134DCE701228DF8BF
S31508026740A020CFE79DF81C208DF8A020CDF89C80CC
S31508026750C8E70BF1010B8DF8A0B0F7E7022D3FF45D
S31508026760D3AEDDF808B0C2E62DE9F0411E4603793C
S3150802677005464B43B2EB232F4FEA23200ADCAB78BC
S3150802678029786A7831707270B370EB78069A13704A
S31508026790BDE8F081AF7A07EB87032B4413F8014C67
S315080267A04C43B2EB242F09DA012F06D96B7A4B43F5
S315080267B0B2EB232F4FEA23210CDDFEE713F8050C73
S315080267C013F8041C13F8032C30707170B27013F8A6
S315080267D0023CDBE7121A0B1AC2EB0222B2FBF3F4F3
S315080267E06FEA040848F281072A785FFA88F8697816
S315080267F012FB08F26B79A87811FB08F1E4B204FBE4
S31508026800032210FB08F0AB797A4304FB0311EB79F8
S31508026810794304FB03007843C2F3C752C1F3C75155
S31508026820C0F3C75003F058FC3070C0F30723C0F317
S3150802683007407370B070EB782A7A13FB08F304FBEF
S3150802684002337B43C3F3C753A0E7F7B5C37A0646B9
S3150802685013F00704174623D0012C234606D0063325
S3150802686003F00703032B94BF0F4640277D1CF81C31
S3150802687005EB450520F0030025F003050C302844F6
S31508026880E4F74EF8044600B9FEE70C350544C0E9BC
S315080268900157002500F10C030360A168A94202D83A
S315080268A0204603B0F0BDD4E9000205EB45032A44AD
S315080268B0009203442A463046FFF756FF0135ECE7B5
S315080268C0E4F748B870B59CB0CB6904461E6815460D
S315080268D04EB16C2201A80BF0B9FB2A46204601A943
S315080268E00896DEF7E3FB1CB070BD2DE9F04391B0C4
S315080268F00646904699460C46E1B10B79082B19D8FB
S31508026900DFE803F00526261826181818260005A813
S31508026910F8F71AFDE37D30468DF83C306369E26884
S31508026920ADF834301B0C8DF83630012305A90E93C9
S31508026930FEF783FCB8F1000F37D0B9F1000F34D057
S315080269404A464146304611B0BDE8F043FFF72FBD2F
S315080269508B6801AD0FCB85E80F000746284603F082
S315080269608BFA0E21DCF758FE013F07442C2205A8B4
S315080269700021039705F032FBA37DA28A8DF82B30FE
S31508026980E37DADF829208DF82830236830461A6948
S315080269901B8905A90E93A3680B92059302230D95ED
S315080269A08DF83030DDF77AFDC4E711B0BDE8F08323
S315080269B00A46002105F012BBFC290AD8022907D982
S315080269C048F2810310FB01F05843C0F3C7507047E1
S315080269D0002070472DE9F843089F1D463B6A064684
S315080269E0D41AF86997F834C0FB6AA1EB00080CF0D0
S315080269F00102B3BB3B7E03F0020782B1BFB103F0CB
S31508026A000303022B02D1E00FBDE8F883032B01D062
S31508026A100020F9E7002CD4BF00200120F4E737B99B
S31508026A2003F00303012B04D1B8F1000F0FDD012097
S31508026A30EAE763B918EB050FF9D4401AE8D4854298
S31508026A4003DD291A3044FFF7B3FF0220DCE718EB0F
S31508026A50050FDDD4411A21EAE171A942D8DA304696
S31508026A60F1E70CF00200002A00F09E80BB6AC0B271
S31508026A7003FB08F2002B4FEAA22205DD94420FDA45
S31508026A80003818BF0120BFE79442F9DC08EB05027B
S31508026A905343B4EBA32F09DB7A6A04FB02220CE008
S31508026AA008EB05025343B4EBA32F03DDB0FA80F0DB
S31508026AB04009A9E77B6A03FB04F242F3950212F046
S31508026AC0FF01C8EB222865D03B6BC1F1FF014B439E
S31508026AD0B8F1000F4FEA2323C3F1FF020DDB454548
S31508026AE00BDD5943C1F3472108B9C943C9B216F8A0
S31508026AF00800FFF761FF06F8080008F10104396B80
S31508026B008A4227DCA5423DDD002C3BDB796ABB6A5B
S31508026B10514389125143002BC1F34721B8BFC943D8
S31508026B2097F83430B8BFC9B29A0748BFC943305D2F
S31508026B3048BFC9B2FFF740FF305597F834309B0774
S31508026B402BD54545FFF664AFB8F1000FFFF67DAFCA
S31508026B50414684E7002C0FDBA5420DDD97F8343059
S31508026B60A2EB61019807C9B248BFC943305D48BF65
S31508026B70C9B2FFF721FF30553B6B0134A542A2EBA0
S31508026B800302BCDC97F834309F07DAD401343FF5A8
S31508026B903FAF03E04446FF22B1E70134A542FFF6C0
S31508026BA054AF291B30194EE77B6AC0B25C43002BEF
S31508026BB04FEAA422D4BF1146511C88453FF760AF5D
S31508026BC008EB05018A423FF771AF44F38D2EC4F3F1
S31508026BD087021C4444F38D29CE454FEA0421AEEBC5
S31508026BE0080406D0002B80F29480002A39D1FF22AD
S31508026BF0013C002C1FDBA54227DDC1F38721114486
S31508026C00C1F3470108B1C943C9B2305DFFF7D4FEE3
S31508026C10305597F83430980708D5A9EB08018D4204
S31508026C207FF7F6AE0029FFF610AF18E70134AC423B
S31508026C30A8BF2C46B5E70028EFD10134AC42A8BF5D
S31508026C402C46002C3FF4E4AEFFE60028E5D10134D9
S31508026C50AC42A8BF2C46002C3FF4DAAE7FF7F5AE5D
S31508026C609FE7002CBB6A49DBC3F1000802FB08F860
S31508026C70A5424FEAA8280ADD08FB02F1C1F347211B
S31508026C8008B1C943C9B2305DFFF796FE305597F889
S31508026C903430796A621E03F002033CB3954221DD61
S31508026CA0C8F1FF08494208FB01F1891208FB01F104
S31508026CB0C1F347210BB9C943C9B2B05CFFF77CFEE1
S31508026CC0B05497F83430990707D59542FFF6BDAE0A
S31508026CD0002A3FF4BAAE1146C1E60134A542BFF610
S31508026CE060AFA4E6002B3FF4A2AEEEE7002B7FF4DA
S31508026CF0ACAE002D7FF79BAE012452E700287FF445
S31508026D00A4AE0134A542FFF692AE002C7FF49DAEE6
S31508026D1047E7C2F1FF01BA6A002C01FB02F24FEA09
S31508026D20A22ECEF1FF0804F101022DDBA5420BDDEE
S31508026D300EFB01F1C1F3472108B9C943C9B2305D57
S31508026D40FFF73AFE30557B6A08FB03F39B1297F866
S31508026D503400954200F002002ADD08FB03F3C3F370
S31508026D60472108B1C943C9B2B05CFFF725FEB05442
S31508026D7097F834309B070ED5A542FFF649AE002C8C
S31508026D80FFF663AE21466AE6621C0AD108FB03F3E4
S31508026D9000229B12DBE70234AC42A8BF2C46002C29
S31508026DA05CE71CF0020F05D0A542BFF64EAE2FE6F1
S31508026DB00028E1D10234AC42A8BF2C46002C3FF48D
S31508026DC027AEECE72DE9F74F0C9D0746AC68D5F8D8
S31508026DD00CC0A1EB040BD5E904E4BEF1B30F894656
S31508026DE016469846A2EB0C0A00F39380B32C00F3DE
S31508026DF0FD80BEF1000F07D1944500F36481002C93
S31508026E0000F0828001244CE1002C00F01A81A6458C
S31508026E1019DC944500F3598105F1180332460093AB
S31508026E20494643463846FFF7D5FD6A690446B42AF9
S31508026E30EB6840F01481B34240F31581002C40F010
S31508026E400A81002402E0944504DD0124204603B0A9
S31508026E50BDE8F08F6A6FEB6B02FB0AF20AFB03339B
S31508026E600EF1FF3059284FEAA2224FEAA32304F172
S31508026E70FF310BD8002B10DA59294FF0000310D92D
S31508026E805B3CB22C98BF03EAE3730AE0AEF15B0EF1
S31508026E90BEF1B20F98BF03EAE3735929F0D823EA81
S31508026EA0E373D21A03EB6201A1EB0B014145A8BFBA
S31508026EB0414600290C4629DD05F11803009332469E
S31508026EC00B4638464946FFF785FD824618B92146DC
S31508026ED03846FFF76DFD4445A8BF444624EAE474E4
S31508026EE02744A8EB0408503504EB09014346324609
S31508026EF038460095FFF76EFD044618B941463846EE
S31508026F00FFF756FDA245A1D002249FE74FF0010ADA
S31508026F10E1E7BEF1B40F73D0B42C40F39580A645D1
S31508026F2012DC94453FF778AF66454FF003047FDAE3
S31508026F30503543463246494638460095FFF74AFDDC
S31508026F40002C3FF47EAFB4E09445FFF67EAF6FF4B3
S31508026F5087706FF487716A6FEB6B02FB0AF20AFBA2
S31508026F600333704458284FEAA2224FEAA323214446
S31508026F700AD8002BB8BF0023582910D95B3CB22C7B
S31508026F8098BF03EAE3730AE0AEF15B0EBEF1B20FF5
S31508026F9098BF03EAE3735829F0D823EAE373D21AAF
S31508026FA003EB6201A1EB0B014145A8BF414600294B
S31508026FB00C4618DD05F15003009332460B46384657
S31508026FC04946FFF707FD824618B921463846FFF7B4
S31508026FD0EFFC4445A8BF444624EAE4742744A8EBD8
S31508026FE00408183580E74FF0010AF2E7BEF1000FF0
S31508026FF023D1944518DDB42C96D10320033818E022
S3150802700094450DDDB42C3FF47FAF002C3FF41DAF41
S31508027010B32C0CDD50350095FFF7DCFC012448E063
S31508027020B42C36D10120E9E7B42C3FF40EAF012483
S31508027030E01E18BF0120440008E794457FF7ECAE2E
S31508027040D9E79445EEDCE7E694453FF7E5AEB42C7E
S31508027050E8D014BBD1E7032C7FF456AFCDE75AB973
S315080270609E42BFF6EBAE002C3FF4EBAE032CD9D012
S31508027070012C3FF4EAAE47E7B32A06DC9E42BFF686
S3150802708057AF002C3FF4DDAED2E79E42FFF650AF73
S31508027090F7E7002CB1D0B32C17DCB4454FF0030444
S315080270A0C6DC503543463246494638460095FFF710
S315080270B091FC00283FF4C5AE032C9FD0012C7FF427
S315080270C023AF0128D5E7002CACD00324B0E72DE97D
S315080270D0F04F87B0DDF84090054699F81C800F46B8
S315080270E092461C46D9F80810D9F80C00D9F810208F
S315080270F0D9F8143018F00108D9F8186002910390EB
S315080271000492059328D1824503DA002007B0BDE828
S31508027110F08F9A45F9DC06EB010CBC4500F3838037
S3150802712007EB040CA2EB060EF44505DD3044504588
S3150802713039DC9B1B534536DBCE1BB442E5DB002EFE
S3150802714075DAD11B481C0028DFDD84427EDD211A50
S315080271502844FFF72DFC79E0824501DA0120D5E7BC
S315080271609A45FBDC06EB010CBC4513DD3044504561
S3150802717019DC9B1B9A4516DCC81B20EAE070844280
S3150802718064DBD11B091A01314318A342DFDC00294B
S315080271905CDBDDE7A2EB060C07EB040EF445EBDA43
S315080271A030448245E5DA02A8CF1B02F065FE834623
S315080271B002A802F066FE039BD9F82010AAEB030286
S315080271C09642CCBFB21A801BCB68CCBF02F1FF3203
S315080271D0121A501C33F8129033F810008B68BB440D
S315080271E033F81220ABEB060B4B68F11993448A1A53
S315080271F0A0EB0909561E1F18B8F1000F28D0B04691
S31508027200DA46A6EB08034B4559DBA242A8BF22463B
S315080272105C4522EAE272CCBFABEB0201A11A21EA73
S31508027220E171A81895E73044824582DABBE7284619
S315080272303146FFF7BDFB0498C01B013000287FF7D3
S3150802724064AF844283DC0EB9844287D002205DE7AC
S315080272503246D846B31A994516DCB9F1000FA8BFCB
S31508027260CB44A345A8BFA3462BEAEB70211A2844B0
S31508027270FFF79EFBA6EB09010131A142A8BF2146F1
S31508027280284621EAE17164E7B8F1000F17F801AD63
S3150802729008DB444506DD15F808105046FFF78CFB57
S315080272A005F80800002A06DB944204DDA95C50466C
S315080272B0FFF782FBA854013A08F10108CAE717F852
S315080272C0013DBAF1000F6FEA0303DBB20ADBA245FE
S315080272D008DA184615F80A100193FFF76DFB019BA9
S315080272E005F80A00B8F1000F08DBA04506DA15F81A
S315080272F008101846FFF760FB05F8080008F1FF3882
S315080273000AF1010A7DE72DE9F74300240F46904664
S315080273109946061F56F8045F25B90134E0B203B050
S31508027320BDE8F08300954A46414638462D680A9BD1
S31508027330A8470028F3D0022808BF0124EAE72DE966
S31508027340F3411C46B42BC4BFA3F1B40424B20746C6
S3150802735004F15A0000B20D461646E2F7B9FB05EBF0
S3150802736060182046E2F7B4FB9DF8203006EB601061
S31508027370019300904346324629463846DEF7D6F947
S3150802738002B0BDE8F0812DE9F04796B001F11C097B
S3150802739006460D468268494605A802F026FA0028DE
S315080273A073D02B6A7468B168013B27680093D1E9E8
S315080273B0012309A8096802F0E4F9D4E9011209A827
S315080273C05242494202F004FA384609A9F7F76CFC18
S315080273D0B168AA6ACB68013200938B6809A8096862
S315080273E002F0CFF9D4E9011209A85242494202F041
S315080273F0EFF9384609A9F7F757FCAA6AEB69B168A3
S315080274000092013B2A6A096809A802F0BAF9D4E986
S31508027410011209A85242494202F0DAF9384609A984
S31508027420F7F742FCD5E90912B36800929B682A6A03
S31508027430013109A802F0A5F9D4E9011209A85242B4
S31508027440494202F0C5F90DF13408384609A9F7F799
S315080274502BFC4946EA6A00234046DEF74FFA002328
S3150802746005A8CDE9038302F007FD0646E3F758FAB5
S315080274700546069F4FEA8609089BBB4208DA284654
S31508027480E3F768FA4046DEF71DF916B0BDE8F0875D
S315080274903246FF21284604F0A1FD3B462946059AB5
S315080274A0009603A8FFF72FFF0128824621D0D4E9C8
S315080274B0013205992046C91ABA1AF7F7DEFA0346BF
S315080274C0BAF1000F11D0294605EB060C614510D01A
S315080274D011F8010B0433FF281FBF13F8012C12FB06
S315080274E000F2121203F8012CF0E74A46514604F05C
S315080274F075FD0137C0E7F0B51C46036A856963B9AD
S31508027500B5F5807F28D1C369B3F5807F24D10902F6
S3150802751021601202059B1A60F0BDC36A0669C91A80
S31508027520036BB5F5807FA2EB0303426901FB02F206
S3150802753006FB1322466A20D1C769B7F5807F1CD19C
S3150802754006EBA2062660D0E904425A4304FB01234D
S31508027550826A02EBA302DDE7036BD21AC36A12043C
S31508027560C91A090491FBF5F1436A19442160C369F2
S3150802757092FBF3F2836A1A44CCE7120292FBF5F203
S3150802758006EBA2062660D0E90424634302FB013314
S31508027590C2691B0293FBF2F3DAE72DE9F04F89B0D1
S315080275A000268A469046374604939DF86030179D12
S315080275B0039005930196169B019A9A4202DB09B03B
S315080275C0BDE8F08F129B03EB2623191209D4514505
S315080275D007DA139A02EB27225FEA222C01D4C44562
S315080275E003DB4FF00003EB708DE01C06D8B254BFE4
S315080275F0C0F17F03A0F180031998039C00FB01FEEA
S3150802760004985FFA82F900FB0CEE039858BF0293BE
S31508027610704490F802B048BF029385F802B090F819
S3150802762001B058BF4FF0FF3385F801B014F80EE0E9
S315080276304FF0FF34EC70059C48BF0123120655BF74
S315080276404FF0FF320122C9F17F09A9F1800985F8B5
S3150802765000E0002C73D003EB010EBEF1FF3F61D0B0
S31508027660D6456CDA02EB0C0EBEF1FF3F54D0C64586
S3150802767065DA4FF0FF3419998DF81F404B43C1184C
S31508027680C35C91F802C08DF81830049B49785A43B6
S3150802769083188DF8191099785B788DF81E108DF875
S315080276A01D30835C28688DF81C3007998DF81AC03E
S315080276B08DF81B4002F0FAFC78B98DF81F902968FC
S315080276C0079802F00AFEC0F3072328706B70C0F30E
S315080276D00743C0F30760AB70E8700699286802F0A2
S315080276E0E5FC80B9029B29688DF81B30069802F0E2
S315080276F0F4FDC0F3072328706B70C0F30743C0F389
S315080277000760AB70E870019B043501330193159B42
S315080277101F44149B1E444EE759B9013302D0BAF1ED
S31508027720010F1AD1029BC3F1FF03C3EB03231B12FA
S3150802773059E70AF1FF3291420FD1012BF1E7A9B9B4
S315080277400133EFD0BAF1010FECD0BCF1000F13D11F
S31508027750013202D0B8F1010FD5D1C9F1FF09C9EB3F
S3150802776009294FEA292985F80390CCE70AF1FF305F
S315080277708842EAD1012BE7E708F1FF336345C2D114
S31508027780012AE9E72DE9F04F89B01E46DDE91749D6
S315080277909DF86430154606939DF868300590079360
S315080277A002FB0603009306EBD6735B1001930023D4
S315080277B0039102930493189B169AA9EB03039A4220
S315080277C002DC09B0BDE8F08F129B029A03EB222C69
S315080277D05FEA2C210AD4039B994207DA139B049A7F
S315080277E003EB2220031201D49D420FDC4FF0000363
S315080277F089F80030049B159A09F101091344049388
S31508027800029A149B02341A440292D4E74FEA410AB6
S315080278101CF0800F5FFA8CF803FB06AA0CBFC8F1AE
S315080278207F08A8F18008C2B2059F0BBF4FF0FF3E42
S315080278304FF0010E4FEA48084FEA48080006059835
S3150802784058BFC2F17F02504437F80AA0079F4BBFC0
S31508027850803A4FF0FF3C4FF0010C520048BF5200ED
S31508027860A4F800A0002F6BD00EEB010ABAF1FF3F75
S3150802787057D0039FBA4563DA0CEB030ABAF1FF3F06
S315080278805ED0AA455CDA06FB0CFB069F30F81EA002
S3150802789030F80B00002F40D0019F03FB0711009B15
S315080278A007FB0CFC03EB010B5B5C89F800301BF849
S315080278B00CC01BF80E1063451FBF02FB0CFCC2F579
S315080278C0807E03FB0ECCCCF3072C8B421FBF08FB32
S315080278D001F1C8F5807E03FB0E11C1F307218C4422
S315080278E04FEA6C0389F80030002B83D02188814245
S315080278F002D150453FF47EAF02F0FE02E2F778F875
S315080279008346218808F0FE025046E2F771F87F2284
S315080279105946E2F76DF820806CE7FF2389F80030B4
S31508027920E4E7069A8AB3019A5343009AD05CC8F1EF
S31508027930FF0800FB08F84FEA282889F8008059E76B
S315080279400698C0B1DDE9000703FB0700405CA1B950
S31508027950BEF1FF3FEBD003990129E8D0BBB9BCF1D0
S31508027960FF3F01D0012D18D1C2F1FF024243121284
S3150802797089F800203EE7FF20E9E7039F07F1FF3A6F
S315080279808A45EBD1BEF1010FE7E7FF20CFE7691E73
S31508027990994202D1BCF1010FE5E789F8000029E70F
S315080279A02DE9F04FB3B04FF00A080B939DF800315A
S315080279B06FF0090714933E9B0D92DB6A3E9A5E426C
S315080279C02D9696FBF8F6126B77432B923E9A1291F6
S315080279D0526BFF1A2C923E9ADDF8F0B0D2E91001EA
S315080279E032AA02E9030030B2E2F772F8751C82463F
S315080279F028B2E2F76DF8054606F15A0000B2E2F738
S31508027A0067F8814606F15B0000B2E2F761F807FB08
S31508027A1000F3A8EB070209FB02337D4393FBF8F355
S31508027A200AFB025595FBF8F55B112A93309B1298CF
S31508027A301B022E93319B6D111B022F93299502F07F
S31508027A401BFA0C90129802F01CFA149B1990062B3A
S31508027A500BD13E9B0C9A93F84B30022B34BF022370
S31508027A60042353431593002313E0149B0F2B05D1CC
S31508027A70102002F000FB0C9B4343F3E7149B142BE4
S31508027A8076D10C9B5B001593419B199A159901FBBC
S31508027A90023313933E9B93F84D3003F01002C3F35F
S31508027AA000131A933E9B1692DB6A1793002B69D131
S31508027AB03E9B3E9A196C0B9B126B013B5B1A534316
S31508027AC001EB23213E9B3E985A6C406B0BF1FF3328
S31508027AD09B1A434302EB2322129B9B688B42A8BF45
S31508027AE00B461D46129BDB689342A8BF13461E46E9
S31508027AF0129BD3E90007BA42A8BF3A4622AB814293
S31508027B00A8BF0146009325A821ABFFF7F4FC24ABD6
S31508027B1029463246009323ABFFF7EDFC0C9D21A8BC
S31508027B20012D0FC8C1BF121A120205F1FF3592FBC9
S31508027B30F5F2D8BF179A0E92199A012AC1BF5B1A93
S31508027B401B0202F1FF3293FBF2F3D8BF00231D9307
S31508027B5000F180030F9301F180031F9300231C9306
S31508027B601893DDE91832934212DB33B0BDE8F08F81
S31508027B70149802F080FA0C9B43431593149B122B1C
S31508027B8082D070E700230E931D931F930F93E5E7A8
S31508027B90179BE3B91F9B1C9A03EB22231193179B8E
S31508027BA01093149B063B0E2B00F29E80DFE813F01F
S31508027BB012029C009C009C009C009C009C009C005D
S31508027BC06900AD0040008600F5019C000E02129B7A
S31508027BD012995D68189B25A81D4422AB00932A4674
S31508027BE0096821ABFFF787FC129924AB00932A4652
S31508027BF0896823ABFFF77FFC0C98239D01282199FE
S31508027C00249B229A11DD6D1A01382D029B1A95FBC7
S31508027C10F0F51B0293FBF0F30E95109301F1800326
S31508027C200F9302F180031193BBE700230E93F4E747
S31508027C304FF00008419DCDF87880CDF86C800C9BFA
S31508027C401B9A934250DD0F9B03EB282211120BD489
S31508027C500B9B8B4208DD1E98119B03EB20231812FF
S31508027C6002D4834500F3D88000232B601B9B109A0D
S31508027C7001331B931E9B043513441E930E9B984493
S31508027C80DDE74FF0000EF0464199419B0C9ACB1A5C
S31508027C909A4229DD0F9B03EB2E252F120AD40B9B42
S31508027CA0BB4207DD119B03EB28205FEA202C01D497
S31508027CB0E3452CDC4FF000030B7078E004230793AE
S31508027CC01A9B5A460693419B0B9905930C9B0D9852
S31508027CD00493109B03930E9B0293119B01930F9B94
S31508027CE000933D9BFFF759FC419B159A1344419318
S31508027CF0139B13B10C9A13441393189B01331893CD
S31508027D00DDE91C3213441C932BE70323D7E72C0621
S31508027D10EAB254BFC2F17F02803AC3B255BF4FF0EE
S31508027D20FF3601265200520000063D980D9C0CFBB8
S31508027D30007004EB0009205C169C55BFC3F17F0353
S31508027D40803B4FF0FF35012554BF5B005B0008708E
S31508027D50002C41D007EB060ABAF1FF3F33D00B9C41
S31508027D60544539DD0CEB050ABAF1FF3F25D0D34558
S31508027D7032DD19F806603D9CB04218BF5E4304FB2B
S31508027D8005F51CBFC3F5807700FB076619F8055091
S31508027D9018BFC6F30726A8421FBF5543C2F580730C
S31508027DA000FB0355C5F307252E4476100E70109B6B
S31508027DB0013198440E9B9E4467E70B9C4FB9012CF0
S31508027DC018D1012E16D1C2F1FF02424312120A70CD
S31508027DD0EDE7651EAF42F3E78FB90136F3D00B9C88
S31508027DE0012CF0D0BCF1000F10D1013502D0BBF145
S31508027DF0010FDCD1C3F1FF0343431B125CE70B9C63
S31508027E0004F1FF394F45EDD1012EEAE70BF1FF32B6
S31508027E109445CCD1012DECE75FFA82F93D9C120616
S31508027E2055BF4FF0FF320122C9F17F09A9F1800936
S31508027E301F064FEA810700FB04770D9CDEB204EBAE
S31508027E40070CE759169C55BF4FF0FF330123C6F1BD
S31508027E507F06803E2F60002C00F081808F187C1CE4
S31508027E6073D00B9CBC427ADDC7187C1C67D0BB4515
S31508027E7075DD5CF822000CEB82013D9A2390534390
S31508027E800CEB03025CF8030092F803A0CF78249067
S31508027E90BAF1000F0ED1EB78C6F1FF0673431B1237
S31508027EA0EB7057BBEB78C9F1FF0909FB03F31B1209
S31508027EB0EB70DBE62499286802F0F8F80028F0D17E
S31508027EC0EA784AB106FB0AFAC6F1FF0302FB03AADD
S31508027ED04FEA2A2A85F803A08DF893602968249820
S31508027EE002F0FBF9C0F3072328706B70C0F307434F
S31508027EF0C0F30760AB70E870D3E72399286802F0ED
S31508027F00D5F800287FF4B2AEEA783AB109FB07F74A
S31508027F10C9F1FF0302FB03773F12EF708DF88F90CA
S31508027F202968239802F0D9F9C0F3072328706B70E1
S31508027F30C0F30743C0F30760AB70E87096E60B9B85
S31508027F4051B9012B1DD1012A1BD1EB78C9F17F0941
S31508027F5009FB03F3DB11ABE7013B9942F2E729B9C7
S31508027F600132F2D00B9A012A04D1EEE70B9C671E66
S31508027F70B942F8D050B9013303D0BBF1010F7FF4EF
S31508027F8075AEEB78C6F17F067343E3E70BF1FF3272
S31508027F9090427FF46BAE012BF1E71A9B08930023FC
S31508027FA00793139B5A460693419B0B9905930C9B81
S31508027FB00D980493109B03930E9B0293119B0193B6
S31508027FC00F9B00933D9BFFF7DDFB8DE61A9B0893FB
S31508027FD00123E5E73E9B93F84B30012B21D8002776
S31508027FE0BA463E46DDF804C10C9BB3427FF77CAE27
S31508027FF00F9B03EB272005120BD40B9BAB4208DD24
S31508028000119B03EB2A215FEA212E02D4F34500F3E2
S31508028010C3804FF00002419B03F816208CF801201A
S3150802802014E10027B946B84641990C9B43457FF7A8
S315080280305BAE0F9B03EB27252E120AD40B9BB3428A
S3150802804007DD119B03EB29205FEA202E01D4F345B5
S3150802805009DC00230B60109B08F1010899440E9B6A
S3150802806004311F44E1E7EAB22D0655BFC2F17F0289
S31508028070803A4FF0FF35012554BF520052000406DC
S315080280803D9CC3B20EFB046C0D9C58BFC3F17F0323
S3150802809064441B940D9C48BF803B14F80CA04FF017
S315080280A0FF34CC70169C55BF4FF0FF3001205B00A1
S315080280B05B0081F800A081F801A081F802A0002CDB
S315080280C044D006EB050ABAF1FF3F33D00B9C544560
S315080280D03CDD0EEB000ABAF1FF3F25D0D34535DD6C
S315080280E01B9C655D3D9C60431B9C265C0D9810F8A5
S315080280F00C0085420FBF05465D43C3F5807C00FB35
S315080281000C5518BFC5F3072586421FBF5643C2F54D
S31508028110807300FB0366C6F307200544C5F34705CB
S315080281200D704D708D7096E70B9866B901281CD1B3
S31508028130012D1AD10D9BC2F1FF0213F80C305343DD
S315080281401B12CB7087E701388642F0E7B6B90135CC
S31508028150F0D00B9C012CEDD0BEF1000F15D10130E9
S3150802816003D0BBF1010F7FF476AF0D9AC3F1FF037B
S3150802817012F80C205A431212CA706CE70B9C04F1CF
S31508028180FF3A5645E8D1012DE5E70BF1FF32964550
S315080281907FF461AF0128E6E73D9CC2B20EFB0459A3
S315080281A00D9C00064C441E940D9C58BFC2F17F02DA
S315080281B014F80980419C48BF803A04F816804FF0AB
S315080281C0FF34CBB255BF4FF0FF30012052005200A8
S315080281D0090654BFC3F17F03803B8CF80140169C05
S315080281E055BF5B005B004FF0FF31012154BF1B9363
S315080281F01B93002C45D02C18631C35D00B9BA3422D
S315080282003FDD0EEB0104631C28D0A34539DD1E9C15
S31508028210205C3D9C804504FB01F11E9C615C07D0F5
S315080282201B9B5843C3F5807508FB0500C0F307205E
S3150802823088451FBF5143C2F5807308FB0311C1F37A
S315080282400721419B0844401003F81600109B01368B
S315080282509A440E9B0CF1020C1F44C5E60B996DB9A4
S31508028260012922D1012820D10D9BC2F1FF0213F860
S31508028270093053431B128CF80130E7E70139A9424A
S31508028280EFE72DB90130EFD00B98012805D1EBE7BE
S315080282900B9C04F1FF384545F7D0BEF1000F0DD10E
S315080282A0013102D0BBF1010FD0D10D9A1B9B12F8F6
S315080282B00920C3F1FF035A431212AFE60BF1FF324C
S315080282C09645C3D10129EFE72DE9F04FD3B0CA6B22
S315080282D04E6B1346B242A8BF3346CC6A0290A342FB
S315080282E0D4BF07930794886B0B6C0D4683421F46CF
S315080282F0A8BF0746096B0DF12C088F42D4BF089711
S315080283000891B242B8BF3246A242ACBF099209945A
S315080283108342B8BF03468B42ACBF0A930A91029BBB
S3150802832040469A6807A901F060FA002800F0CA8058
S31508028330E86A696B05F12C03884205F1340B05F1ED
S315080283403C0A04AC17AE19AF0DF16C0940F0BD80BA
S315080283501946204601F09AFD94E8030086E80300D0
S315080283605946204601F092FD94E8030087E8030087
S315080283705146204601F08AFD94E8030089E8030085
S31508028380189A1A9B9A4203DD3946304601F08BFD4C
S315080283901C9C17AE96E8C00CAAEB0603E41B5C43CA
S315080283A01B9BABEB07029B1B02FB1344002110220B
S315080283B00FA809F03BFEE30FE4430DF1A0093A4684
S315080283C031464846CDE900B35346DDF7AFF9DDE954
S315080283D017121C9BE40F36AE3046019400931B9B82
S315080283E0DDF7A4F91A9A1C9B19999A420ABF022325
S315080283F0CDE90034CDE9002344A81B9BDDF796F9A5
S3150802840044AB4046CDE90F96119301F035FD8246FD
S31508028410E2F786FA4FF0000B074698E80F0013AC0E
S3150802842084E80F00B5F81D3007A8ADF88930EB7F50
S3150802843016918DF88B302B7F95F82B908DF8883016
S3150802844023971D9425948DF89CB0CDF878B001F049
S3150802845013FD064607A801F014FD3146024605F14A
S315080284602000FEF7F2F909F007090646002800F08F
S315080284708980B9F1020F40F08780079AD8F8003050
S31508028480219444689B1A03EB43011C440F23026898
S315080284908DF880300A441E92D8F804B0D8F80C3009
S315080284A05B4573DA3846E2F755FA44A8DDF70AF966
S315080284B028A8DDF707F936A8DDF704F916B130461C
S315080284C0FEF7FEF953B0BDE8F08FEA6B904211D180
S315080284D01946204601F0DAFC94E8030086E8030010
S315080284E05146204601F0D2FC94E8030087E80300CF
S315080284F059463EE7914213D159462046039301F065
S31508028500C5FC94E8030086E803005146204601F0BC
S31508028510BDFC94E80300039B87E80300194628E795
S315080285201946204601F0B2FC94E8030086E80300E7
S315080285305946204601F0AAFC94E8030087E803009E
S315080285405146204601F0A2FC94E80300189A1A9BA9
S3150802855089E803009A4203DD3946304601F0A3FC56
S31508028560189A1C9B9A4203DD4946304601F09BFC49
S315080285701A9A1C9B9A42BFF603AF4946384601F03F
S3150802858092FCFDE6044687E75C4685E75246FF21EC
S315080285903846CDF850B0CDF858B003F01FFDCDF8E7
S315080285A000A05B463946D8F800200FA8FEF7ABFEB6
S315080285B0B9F1010F8DF890001DD1089B3168ABEB1C
S315080285C0030303EB430288188A5AADF88920827896
S315080285D08DF88B207268D35C2A7F8DF88830FC2A46
S315080285E004D813FB02F31B128DF8883002981DA9D2
S315080285F0DBF754FF1CE0B9F1020FF7D1002CF5D0D6
S3150802860002280DD1002323975345EFDAE15CFC29B2
S315080286109FBFFA5C12FB01F21212FA540133F3E716
S31508028620012803D123948DF89090DFE70028DDD145
S315080286300BF1010B32E7036803B9FEE75B681847DB
S315080286400146006810B1836803B1184770472DE9DF
S31508028650F0470D4691469A46804600B9FEE741B371
S31508028660002406460C60337D4A4613F0040F0CBFFD
S3150802867053460023294630463768B84728B1EB7B6C
S31508028680DB0712D5002C08BF3446F669002EEAD15C
S3150802869084B1237D266813F0040F0CBF53460023CA
S315080286A04A4629462046B047264601202E60BDE89E
S315080286B0F087FEE7D8F80C20204602EBD273C3F304
S315080286C04F03EB800233AB80EB682C6003F07E43EA
S315080286D043F0807343F480332A816C81EB60E6E7CA
S315080286E010B586B0134600B9FEE71F292BD940F20A
S315080286F01C62914227D0A1F58A521F3A012A22D931
S31508028700A1F5C0520B3A032A1DD9A1F50054A4F1CA
S315080287100B02042A17D9283C072C14D9A1F50152B1
S315080287201F3A102A0FD94FF6FF6291420BD04FF625
S31508028730FF02914207D00A466946FFF788FFBDF84D
S31508028740040006B010BD0020FBE7C0687047036846
S315080287500A78934209BF4B78981A4068C01A70473C
S3150802876003680A88934209BF4B88981A4068C01A58
S31508028770704700880B88C01A704730B1036823B166
S315080287800022C3E91622C3F8C020704720B1837AB3
S31508028790017043F002038372704700B1416070476B
S315080287A000B10078704700B1007A704708B1D0F876
S315080287B0A800704710B9086048607047037803F04C
S315080287C0FD03012B02D04FF0FF30F4E7036B406B39
S315080287D00B60F1E750B1037803F0FD03012B04D1D6
S315080287E090F8980000F00F0070470020704738B1E3
S315080287F0037803F0FD03012B01D1006F70470020B7
S3150802880070470023C1E9003340B1037803F0FD0342
S31508028810012B01BF836C0B60C36C4B60704718B1A8
S31508028820837A43F0080383727047F0B587B00D4622
S3150802883001210446F2F705FD10B1002007B0F0BD8C
S315080288406E4695E80300022286E803003146204672
S31508028850F3F75CFF31462046F4F70CF902AD04F152
S31508028860140307460FCB85E80F004FF48011204604
S31508028870F2F7E7FC38B12046F3F780FB02460146D9
S31508028880284600F098FF00223146284600F0E9FF04
S3150802889018B9002FD1D02046D0E72046F5F7A7FC15
S315080288A0451E002DF5DBA36831461B6853F82500E3
S315080288B0FFF7BBFF0028C1D1013DF2E770B588B0CA
S315080288C004460E46154600211C2201A803F086FB23
S315080288D0CDE90144B0340122204601A9ADF80C6065
S315080288E0059501F046FD012804D10022204601A97A
S315080288F001F03FFD08B070BDC068DDF7D3BFA0B177
S3150802890003290AD00C290FD1436E90F82520642139
S315080289100020C2F1640213B97047036EF5E71844E2
S31508028920534393FBF1F3F6E7002070472DE9F04F26
S315080289308FB0036D826C054613440365C26C436DA2
S3150802894090F82460134443650023CDE90433846E0A
S3150802895002930393002C00F07D8100234FF4807963
S315080289602746CA469B46CDE90A336E220021384677
S31508028970F4F74CFF0C90584483B26C2200210FFA8C
S3150802898080FB38460693F4F741FF6D2280460021A4
S315080289900C903846F4F73AFFB8F1010FB8BF4FF01A
S315080289A0010801280C90B8BF012009FB00F04FEA24
S315080289B020293846F5F7E5FB0AFB08F80746069B21
S315080289C04FEA282A0028D0D1D5E914010CAF87E846
S315080289D00300BBF1000F05D1BAF5807F02D1B9F5C4
S315080289E0807F0ED0594200234FF4803201930AAB9E
S315080289F00093384692FBF9F309B292FBFAF201F0B8
S31508028A002DFA0C9B102183EAE372A2EBE3720D9B0B
S31508028A102046002BB8BF5B429A42059BC8BF01237A
S31508028A200593029BD8BF01230293F2F70AFCC0B949
S31508028A304FF480712046F2F704FC18B9059B002B07
S31508028A4040F008814FF400712046F2F7FAFB18B994
S31508028A50029B002B40F0FE802046F5F792FB044667
S31508028A6078E72046F4F75EF910F0010F059B08BF78
S31508028A70002310F0020F0893059B08BF00230693F4
S31508028A80029B10F0040F14BF9A464FF0000A10F02A
S31508028A90080F204614BF99464FF00009F4F74AF921
S31508028AA068BB2046D8F7F2FB07902046D8F746FC63
S31508028AB007462046F4F745F9002839D12046F4F747
S31508028AC051F983462046D8F795FBBBF1000F80463D
S31508028AD04BDC002849DC079B002B6EDC002F6CDC84
S31508028AE0BBF1000F59DCB8F1000F00F39080002F9C
S31508028AF09EDD069B002B9BD04FF00009EEE0204638
S31508028B00F5F775FB4FF0000883464746D845C8D0A7
S31508028B1041462046F5F738FB4FF48051F2F791FBB0
S31508028B2008B11FB9012708F10108EFE70797C0E75F
S31508028B302046F5F75CFB4FF0000B0346D8469B45EB
S31508028B40BCD0594620460993F5F71EFB4FF48051CF
S31508028B50F2F777FB099B20B1B8F1000F04D14FF069
S31508028B6001080BF1010BEAE7C346BAF1000F02D07E
S31508028B700D9BB3420EDAB9F1000FACD00D9B7242CF
S31508028B809342039BD8BF23460393049BD8BF0C2367
S31508028B900493A0E70C230394FAE7B8F1000F76DCF6
S31508028BA0002F69DD069B002B40F09280BAF1000F78
S31508028BB03FF43EAFDDF818906EE0089B13B10C9BAC
S31508028BC0B3421FDA069B53B10C9B72429342039B34
S31508028BD0D8BF23460393049BD8BF03230493BBF150
S31508028BE0000F079B1DDCB8F1000F0EDC002B7FF788
S31508028BF07EAF002F5CDC089B002B3FF419AF4FF0C9
S31508028C00000952E003230394E8E7002B48DC002F0F
S31508028C1061DCB9F1000F3FF40BAF0D9A73429A4229
S31508028C2030E0B8F1000F30DC002BB9DD4FF0000957
S31508028C30002F41DC089B63B30C9B9E4229DC059BF3
S31508028C40002B0CBF0C22032295F8983062F303031B
S31508028C5085F89830039B5BB195F89830049A62F3CD
S31508028C60030385F89830039B2B670023C5E9143361
S31508028C7003980FB0BDE8F08FBAF1000F3FF4D8AEF3
S31508028C800D9B9E423FF7D4AED9E7002BD0DC002FCE
S31508028C9017DCBAF1000FBCD00D9BB342B9DBCEE7A5
S31508028CA0002F07DC089B002BB3D04FF0000AC3E75E
S31508028CB04FF000094FF0000A089B13B10C9BB34210
S31508028CC0BDDA069B002BE4D00C9A73429A42B5E7AA
S31508028CD04FF00009F8E7069B002B9AD00C9A7342CC
S31508028CE09A4296DCABE770B5012BDDE9044502DC56
S31508028CF0C61E012E07D9013804282BD8DFE800F052
S31508028D000C03221B130000238A1A2B60236802EB2A
S31508028D10D27203EB620304E000232B6023688A1AEB
S31508028D201344236006E0012B04DD8A1A013B92FBF9
S31508028D30F3F22A6070BD8A1A92FBF3F22B681A4480
S31508028D402A60E3E70133891A91FBF3F12960236864
S31508028D500B44E6E700232B60ECE7136851B1013BAD
S31508028D60002B136001DA002070478268126852F8F5
S31508028D7023007047013313608268118D8B42F5DB3D
S31508028D80F1E707B51822F4F741FD03B05DF804FBD5
S31508028D9007B51922F4F73AFD03B05DF804FB07B5E7
S31508028DA01A22F4F733FD03B05DF804FB07B51B225C
S31508028DB0F4F72CFD03B05DF804FB38B5002105462F
S31508028DC0FFF7DFFF04462846F3F7D1FB00210444E8
S31508028DD02846FFF7DDFF204438BD38B50021054691
S31508028DE0FFF7DDFF04462846F3F7BEFB00210444DD
S31508028DF02846FFF7DBFF204438BD10B5044600229B
S31508028E00F5F785F92046BDE8104000220121F5F75D
S31508028E1070B970B5044616461D460022F5F77EF966
S31508028E20314620460022F5F780F9294620460022D7
S31508028E30F5F782F92046BDE8704000220121F5F7D0
S31508028E4058B910B504460022F5F77DF92046F5F71C
S31508028E5098F9BDE81040F3F715BB2DE9F041054630
S31508028E60DDE906671846089C9DF8243011B10022F0
S31508028E70226022E0A2F1040C5FFA8CFCBCF1020F1C
S31508028E8003D8012E084608BF0122BC46002107EB7B
S31508028E908608E0450AD14FF0000C091A062A0CD8B2
S31508028EA0DFE802F0092B310B413A33005CF804EB98
S31508028EB086447144EDE7C4F800C0A6464FF0000C9C
S31508028EC006F1FF38E04534D806F18042013A54F8F3
S31508028ED0220057F8222010442268801A5BB1002229
S31508028EE0043C54F8043F57F82210EB1A01325B1A75
S31508028EF096422360F5D1BDE8F081691A01EBD1717A
S31508028F0049102160D9E7691AFBE7691A701E91FBB5
S31508028F10F0F0C4F800C0D0E7691A91FBF6F000EB4E
S31508028F20D0725210A4E7691A701C91FBF0F0206007
S31508028F30C3E757F82C10DEF800200CF1010C0A449E
S31508028F4002444EF8042FBDE72DE9F041069F044678
S31508028F5015461E460FB100233B600022204601F04B
S31508028F6097FB38B93B46324629462046BDE8F041CA
S31508028F7001F0B2BABDE8F08138B5846C0546B4B1E1
S31508028F80206820B101F087FA2068E1F7E3FCE0697E
S31508028F9008B1F5F775FE206A08B1F5F771FE606843
S31508028FA0E1F7D8FC2046E1F7D5FC0023AB6438BDCF
S31508028FB038B58D6C0C462DB1286C18B1F5F760FEE4
S31508028FC000232B642046BDE83840FFF7D5BF10B50D
S31508028FD00446806C28B94420E1F7AAFC00B9FEE7EA
S31508028FE0A06410BD70B5036805461B6A0E4698470D
S31508028FF0044678B12B68324601465B69284698478B
S315080290002046AD6900F0DCF83146A847204600F054
S31508029010FCF8012070BD2DE9F041036815465F6A28
S315080290201346002204460E46B84701280FD10020EF
S31508029030BDE8F08129462046FFF7D4FF0028F6D07E
S31508029040236800225F6A31462B462046B847022823
S31508029050F0D023682A4631462046BDE8F0411B690E
S31508029060184782B0F8B50793036805460F461646B1
S315080290709847044600B9FEE7002307AAC36000F131
S315080290801003C0E90057866007CA83E807006B68C1
S3150802909020469847054640B92046E1F75BFC2C4630
S315080290A02046BDE8F84002B0704704F11C0002F001
S315080290B0BFFBF5E72DE9F0410E469046054600B995
S315080290C0FEE701B9FEE700F11C07384602F0B2FBDB
S315080290D0EC682CB9384602F0AFFB2046BDE8F081B1
S315080290E02B68424631462846DB68984704460028DC
S315080290F0F0D000F06AF8EDE7F8B5064615460C46D4
S3150802910001B9FEE700F11C07384602F093FB204638
S31508029110294600F063F8204600F04AF860B920466E
S3150802912000F04AF840B12046B66900F049F82946E7
S31508029130B047204600F069F83846BDE8F84002F024
S315080291407BBB2DE9F0410E469046054600B9FEE77F
S3150802915001B9FEE700F11C07384602F06BFBAC6862
S315080291602CB9384602F068FB2046BDE8F081424633
S3150802917031462846FFF74FFF04460028F1D000F093
S3150802918024F8EEE78068003818BF0120704700B15E
S315080291900162704700B9FEE74368013343607047CE
S315080291A000B9FEE74368013B23EAE373436070476D
S315080291B000B9FEE74068704700B9FEE7007B7047D2
S315080291C000B9FEE78368C01A704708B500B9FEE71A
S315080291D0FFF7E0FFBDE80840FFF7F2BF00B9FEE778
S315080291E043680BB1FFF7DCBF704700B9FEE70844D6
S315080291F070471030704700B9FEE701B9FEE7002351
S315080292000160826043600373704708B500B9FEE7E0
S31508029210FFF7D6FFBDE80840E1F79CBB00B9FEE7B9
S315080292200368DB69184738B51446054600B9FEE7F0
S3150802923049B98368EA6814446018984294BF0020C2
S315080292400120400038BDC36B08469847AB68014603
S315080292508342EFD20120F5E7012070470068704784
S31508029260F8B5054600B9FEE700F13007384601F0C1
S315080292704CFB044610B906463046F8BD23686968B1
S315080292801869FFF7B2FF0646FFF792FF0028F3D0E8
S315080292902146384601F040FBEBE72DE9F0410F463F
S315080292A0054600B9FEE700F13006304601F02AFB12
S315080292B0044648B905F1240001F01DFE304601F0C6
S315080292C06DFBEC60BDE8F08123686968D3F810800D
S315080292D04046FFF78AFFFFF76BFF18B93946404643
S315080292E0AB6998472146304601F012FBE0E72DE9C3
S315080292F0F0419046044600B9FEE701B9FEE700F1DF
S315080293002407384601F00DFD054628B3066941468D
S315080293103046A3699847E36B30469847E368616825
S315080293201B1AE3603046FFF760FF0646E26A2B69BE
S315080293302946134453F8048C384601F08EFD30460C
S31508029340FFF763FF04F13000414601F09BFA4046FD
S31508029350BDE8F041E1F7FEBABDE8F081F8B504468A
S3150802936000B9FEE701B9FEE70846FFF729FF04F14F
S31508029370240701460546384601F0D3FC0146A8B142
S31508029380E26A03693846134453F8046C01F065FD32
S31508029390314604F1300001F075FA3046E1F7DAFA9F
S315080293A0E36B28469847E3681B1AE360F8BD2DE984
S315080293B0F0410E46054600B9FEE701B9FEE700F19F
S315080293C03007384601F09EFA48B9314605F12400BD
S315080293D001F0A7FC044688B92046BDE8F081036877
S315080293E06968D3F810804046FFF7FFFE3146044607
S315080293F02B69404698470028E7D1EDE7EA6A0369F0
S315080294003846134453F8046C01F07CFA3146024696
S31508029410384601F090FA69682069BDE8F041FFF71D
S31508029420E4BE10B54020E1F77BFA044600B9FEE730
S315080294304022002102F0D2FD204610BD2DE9F3415B
S315080294400E46044600B9FEE701B9FEE700F1240814
S31508029450404601F07BFC0090B0B105696168284678
S31508029460FFF7C3FE314662680746284602F0C1FC8A
S3150802947004F1300001F0A6F905460190A8B9404664
S31508029480009901F02EFD0095009D55B16168286985
S31508029490FFF7ABFEE36B054630469847E36803449D
S315080294A0E360284602B0BDE8F0816946042202F06C
S315080294B0A0FC0422009BE06A1B6904380DEB02013A
S315080294C0184402F096FC214638466268FFF793FE76
S315080294D0DAE708B502460B46127A1B7A40689A42C0
S315080294E049680ED1012A08D102F0D5FD002801D11A
S315080294F0002008BD06DD0120FBE7002AF8D18842D4
S31508029500F6D0F8D84FF0FF30F3E738B5C568044609
S3150802951010212846F5F786FC10B12846F5F7B0FB68
S31508029520237A012B04D16068BDE83840E1F712BA04
S3150802953038BD08B502460B4612791B7900689A426D
S3150802954009680ED1012A08D102F0A5FD002801D129
S31508029550002008BD06DD0120FBE7002AF8D1884273
S31508029560F6D0F8D84FF0FF30F3E70379012B02D192
S315080295700068E1F7EFB9704713B54FF480630093BB
S31508029580002304461946026B406B01F005FB626A2A
S31508029590E36A9B1A584302EBA02002B010BDF7B546
S315080295A01F464FF48063009300230D461646044671
S315080295B01946026B406B01F0EFFA089B324600939C
S315080295C029463B4601F0EDF9626AE36A9B1A58435B
S315080295D002EBA02003B0F0BD002816DA6423891A2C
S315080295E00029B8BF49420A225943C0F30903B1FB0D
S315080295F0F3F1C0F309535343994228BF1946C0F3FE
S3150802960089205043884238BF0846704770B5456A74
S31508029610C66A04463246006B2946FFF7DDFF324624
S3150802962029462063E06BFFF7D7FF32462946E063F7
S31508029630A06BFFF7D1FF3246A0632946206CFFF7DD
S31508029640CBFF206470BD30B542F2107542F2F67453
S31508029650A84294BF03462346A94294BF0846204619
S31508029660AA4298BF14460A220533B3FBF2F3053021
S31508029670B0FBF2F0053403F1004303EB8023B4FB9D
S31508029680F2F003EB005030BD07B500224FF48063B9
S315080296901146009340F25123FFF781FF03B05DF8AC
S315080296A004FB07B54FF48063002200934FF4D77189
S315080296B040F25123FFF773FF03B05DF804FBD0E9CC
S315080296C00C329A42ACBFC06A406A704707B5B0F915
S315080296D04E300093B0F94C30B0F94A20B0F9481030
S315080296E0FFF75DFF03B05DF804FB01607047416058
S315080296F07047016370474942416370474FF0004320
S315080297004162C0E90A32704701627047C160704718
S315080297100161704741617047C16370478163704751
S31508029720416470470164704790F8543061F3C3038B
S3150802973080F854307047C1617047A0F84C30BDF9C3
S315080297400030A0F84810A0F84A20A0F84E3070471A
S3150802975030B50568836840685B1B03EBD37300EB7F
S31508029760630005EB63055C104B680A681B1A5B43CA
S31508029770521B644302FB0232944234BF002001208A
S3150802978030BD8360009BC0E90012C360704703685E
S315080297901944013981607047436819440139C16027
S315080297A07047836802689A1AC3684068181A0130B3
S315080297B002FB0000704703685B1A036083680B4468
S315080297C0836043689B1A4360C3681344C360704747
S315080297D003680B44036083680B448360436813443D
S315080297E04360C3681344C360704770B515680B6855
S315080297F04C689D42B8BF1D4653688E68A342B8BFDF
S3150802980023469468C968D268B442A8BF34468A42D5
S31508029810A8BF0A46A542056043608460C26004DCAC
S315080298209342CCBF0020012070BD0020FCE710B592
S3150802983014680B689C42D4BF0460036054684B6882
S315080298409C42D4BF4460436094688B68D2689C4249
S31508029850ACBF84608360CB689A42ACBFC260C36007
S3150802986010BD2DE9F04F85B00C6805680E46AC426E
S3150802987060DBD0F8088044455CDC4C684768BC422B
S3150802988058DBD0F80C904C4554DC002A03DC012046
S3150802989005B0BDE8F08FA8EB0504A9EB0700013473
S315080298A00130641040108442A8BF04469442A8BFFF
S315080298B01446009500226846254407EB040ACDE9BA
S315080298C00175CDF80CA0FFF7CCFF024630B12C4447
S315080298D0029431466846FFF73BFFD9E731466846A8
S315080298E0A9EB040BCDF804B0CDF80C90FFF7B9FF3D
S315080298F0024628B125440295ABEB04040194E8E735
S3150802990031466846A8EB04050095CDF80880FFF7AE
S31508029910A8FF024610B12D1B0095EDE731466846B1
S315080299200197CDF80CA0FFF79CFF0028AFD02D1B9E
S315080299300095CEE70020ABE702688B689A420EDCF8
S3150802994082680B689A420ADB4268CB689A4206DC4E
S31508029950C0684B689842B4BF0020012070470020B7
S3150802996070472DE9F34107680B680C469F42154676
S3150802997003DA002002B0BDE8F081436849688B42E9
S31508029980F7DB8668A1688E42F3DCD0F80C80E168C2
S315080299908845EEDCFAB169462046CDE90073FFF741
S315080299A060FF0028E5D02A46694620460096FFF75A
S315080299B058FF0028DDD02A4669462046CDE90078B8
S315080299C0FFF74FFF0028D4D02A466946204600965C
S315080299D0FFF747FFCEE70120CCE72DE9F0410C4619
S315080299E00546114620461646FFF7A6FF002862D00E
S315080299F000222046FFF7B5FF00285FD16368716829
S31508029A00D4F808C0D4F800E09942E268C4BFC5E9B0
S31508029A1000E3C5E902C1A2EB03026168F368C8BFA5
S31508029A200120591A521A002AACEB0E0713DDE16817
S31508029A308B4210DAD4F808E0216800F1010C4FEAEB
S31508029A40001805EB001045F80810C0E9013E13445A
S31508029A50C3604FFA8CF073686168F2689942B8BFBE
S31508029A601946E368D4F800C09342A8BF1346326881
S31508029A7062450EDD8B420CDD00F1010E4FEA00183D
S31508029A8005EB001045F808C0C0E90112C3604FFA99
S31508029A908EF0B2682468141B3C1B002C09DD0701F2
S31508029AA0EA51461C224405EB0010C0E90223416034
S31508029AB070B2BDE8F0814FF0FF30FAE70020F8E710
S31508029AC02DE9F34186680B680C469E42154634DB3F
S31508029AD0D0F80C804B6898452FDB07688B689F4245
S31508029AE02BDC4368C9688B4227DC1AB9002002B00E
S31508029AF0BDE8F08169462046CDE90073FFF7B1FE5D
S31508029B000028F3D12A46694620460096FFF7A9FEA1
S31508029B100028EBD12A4669462046CDE90078FFF7A8
S31508029B20A0FE0028E2D12A46694620460096FFF79B
S31508029B3098FE80F00100C0B2D9E70120D7E72DE9E7
S31508029B40F74FD1F80090D1F80C80D1F804A0019310
S31508029B508B68A8EB0A04A3EB090E023A0EF1010C74
S31508029B60671CD0E90065132A00F2B180DFE802F02B
S31508029B701F3B40455358630A686C7A8387959A9DBA
S31508029B80A0A3A7AB83689B1B013303EBD3720CEB31
S31508029B90DC735B10C3EB6203C26807EBD774521B14
S31508029BA0013202EBD2726410C4EB62040AE08368E3
S31508029BB09B1B013303EBD3720CEBDC735B10C3EB19
S31508029BC062030024019A334413440C9A2C44144425
S31508029BD00B604C6063443C44013B013C8B60CC60A7
S31508029BE003B0BDE8F08F83689B1BA3EB0E03E8E77F
S31508029BF0C3685B1B1C1B0023E4E783689B1B0133BA
S31508029C0003EBD3720CEBDC735B10C3EB6203C26823
S31508029C10521B141BD6E783689B1BA3EB0E03F6E7BE
S31508029C20C36807EBD7745B1B013303EBD37364106A
S31508029C30C4EB6304DFE783689B1BA3EB0E03ABE766
S31508029C406FEA08045444D6E76FEA08048368544462
S31508029C509B1B013303EBD3720CEBDC735B10C3EB78
S31508029C606203AFE76FEA0808836808EB0A049B1BDE
S31508029C70A3EB0E03A6E7C468641B0134BBE783683B
S31508029C809B1B013303EBD3720CEBDC735B10C3EB48
S31508029C906203C468641B013494E783689B1BA3EBC5
S31508029CA00E03F6E7DB434B448BE7DB434B4473E790
S31508029CB0DB434B44ABE783689B1B013381E783682D
S31508029CC09B1B013368E783689B1B01339FE70024CC
S31508029CD0234677E72DE9F04F85B01F469DF84030B9
S31508029CE081468B46DDF83CA0019312B9B7F5807F11
S31508029CF009D04E46484600245C4500F1080009D1C1
S31508029D0092BB14462BE00E9BB3F5807FF1D105B0CA
S31508029D10BDE8F08FDAF8001050F8083C01345B1AF7
S31508029D2040F8083CDAF8041050F8043C5B1A40F88C
S31508029D30043CE1E756F8083C013403FB07F2DAF87B
S31508029D40003003EB222346F8083C0E9A56F8043CE8
S31508029D505A43DAF8043003EB222346F8043C5C45FE
S31508029D6006F10806E6D1D2E7B2F5616F52DDA2F531
S31508029D7061620A2392FBF3F86FF009010FFA88F081
S31508029D8001FB0824DFF7A4FE08F10105039028B2B7
S31508029D90DFF79EFE054608F15A0000B2DFF798FE85
S31508029DA0029008F15B0000B2DFF792FE0A23C4F1C3
S31508029DB00A0C654344430399029A01FB0C5502FBBC
S31508029DC00C4495FBF3F594FBF3F44FF0000C6D117C
S31508029DD06411DC459BD0DAE90008B7F5807F59F8AB
S31508029DE03C2073681BD10E99B1F5807F17D102FB0F
S31508029DF004FE03FB15EE634302FB053300EBAE20BC
S31508029E0008EBA32149F83C00083646F8041C0CF175
S31508029E10010CDEE7002AB8BF02F56162A9E70199DB
S31508029E2071B17A430E9902FB04FE4B4303FB15EE0E
S31508029E30634302FB053300EBAE4008EBA341E1E7BF
S31508029E4002FB04FE03FB15EE634307FB0EFE02FB51
S31508029E5005330E9A00EBAE405343EEE71FB59DF865
S31508029E601C400294069CCDE9003413460A46012199
S31508029E70FFF730FF04B010BD83680068181A013076
S31508029E807047C3684068181A01307047D1E9001252
S31508029E90C0E900127047D1E90012C0E90012704702
S31508029EA0C0E90012704730B50246D0E900540B46A5
S31508029EB0D1E9000182E80300C3E9005430BD00F08D
S31508029EC0C043B3F1005F12D16FF0604220F0C04385
S31508029ED093420CD06420B3F1805FA2BFC3F17F63C3
S31508029EE003F57F2303F6FF734B4393FBF0F07047AA
S31508029EF010B500230446C0E90131C26002FB01F035
S31508029F00E0F70EFD206000B9FEE710BD10B5044665
S31508029F10006818B1E0F71EFD002323600023C4E998
S31508029F20013310BD38B50D46C16804466943006859
S31508029F30E0F71AFD00B9FEE763682060AB42A56048
S31508029F4088BF656038BDD0E90113B1EB530F01D85C
S31508029F50FFF7E8BF704738B5036804460D4603B9EC
S31508029F60FEE7D0E90113994202D10431FFF7DAFF7D
S31508029F70D4E90030E268294600FB023001F039FFD5
S31508029F80636801200133636038BD43688B4206D992
S31508029F90036803B9FEE7C06800FB0130704700207A
S31508029FA0704738B5426804468A420D4615D9531E8B
S31508029FB08B4204D14360FFF7C6FF012038BDFFF785
S31508029FC0E4FF521BE168013A4A43014402F032F8BF
S31508029FD063682046013B6360EDE70020EEE74068D0
S31508029FE070470021FFF7D1BF70B5C468D4E900569F
S31508029FF0DFF7D8FF2046E0F7ADFC30462B46BDE832
S3150802A00070401847C31FDBB20E2B9DBF47F2FF20D5
S3150802A010D84000F00100002070471FB50023024611
S3150802A020C0B2C2F3072460F3070364F30F23C2F333
S3150802A030074262F3174361F31F63184604B010BD63
S3150802A04082B0030A420902F4FC6203F4784313431A
S3150802A050C0F3C400184480B202B0704782B0034607
S3150802A06000F47F02C0B200F17F40104403F47F433C
S3150802A070184402B0704708B5DFF7B0FC0730C0F3E2
S3150802A080C70008BD82B000F47F0313FA80F002B05D
S3150802A090704707B5FFF7F6FF02460846FFF7F2FFD5
S3150802A0A0131A5842584103B05DF804FB82B0431AAA
S3150802A0B05842584102B0704782B003460020DAB2CD
S3150802A0C062F30700C3F3072262F30F20C3F30743C1
S3150802A0D063F3174002B0704782B0002362F30703A6
S3150802A0E061F30F2360F31743184602B0704782B034
S3150802A0F04FF6FF730020DAB262F307001B0A63F316
S3150802A1000F2040F47F0002B0704782B0002002B0F0
S3150802A11070471FB50446FFF7F8FF0A462146C0F303
S3150802A12007238DF80D30C0F307438DF80C008DF820
S3150802A1300E30039804B0BDE8104000F0A0B8C1780C
S3150802A140FF2912D011B9042201F048BF827812FB06
S3150802A15001F212128270427812FB01F21212427056
S3150802A160027812FB01F212120270704710B4FF292C
S3150802A1700A461BD021B902225DF8044B01F02EBF14
S3150802A18001880378C1F3451103F01F0311FB02F19D
S3150802A19013FB02F309121B1243EA41134178C90859
S3150802A1A011FB02F1091243EAC12101805DF8044B51
S3150802A1B0704782B0C0F30743C0F3072203EB83015B
S3150802A1C003EB410302EB8201C1EB011102EB4102EF
S3150802A1D0C3EBC303C0B21344C0EBC00003EB800059
S3150802A1E0C0F3072002B07047C0F34512C0F3C42378
S3150802A1F002EBC20101EB011103EB830300F01F001E
S3150802A20002EB8102C3EBC313C0EBC000134400EB9D
S3150802A21040101844C0F307207047837803EB830283
S3150802A22003EB42034278C3EBC30302EB8201C1EBA1
S3150802A230011102EB410213440278C2EBC20203EB9C
S3150802A2408200C0F30720704782B0C0F30743C0F309
S3150802A250072203EB830103EB410302EB8201C1EB05
S3150802A260011102EB4102C3EBC303C0B21344C0EBB4
S3150802A270C00003EB8000C0F3072002B07047F0B5B8
S3150802A28085B015460746844648F28106C2F1FF02A2
S3150802A290C1F307445443C0F3074000FB05440020BA
S3150802A2A0C1F30723C9B253434A43FFB207FB052248
S3150802A2B0CCF3072C0CFB0533724373437443C2F386
S3150802A2C0C75262F30700C3F3C75363F30F20C4F3FD
S3150802A2D0C75464F3174005B0F0BDF0B585B0B0F1C8
S3150802A2E07D4F0091C2B2C0F30726C0F307454FEA75
S3150802A2F010674FEA11611BD2022F9DF800309DF8B4
S3150802A30001009DF802401ED9C7F1FF0C0CFB04F4AC
S3150802A3100CFB00F00CFB03F305FB074407FB0600E6
S3150802A32007FB0233C4F30725C0F30726C3F3072244
S3150802A330002062F3070066F30F2065F3174061F306
S3150802A3401F6005B0F0BD1A4606462546F0E782B0FC
S3150802A3500346C0F3074202EB4202C0B202EB800296
S3150802A360C3F307201044C0F3C70002B07047016068
S3150802A37070472DE9F0410D461746064610B90120E9
S3150802A380BDE8F081FFF72DFE04463046FFF727FEAB
S3150802A39000268046043C4645F1D054F8042F13683B
S3150802A3A00BB90136F7E79368C3F3C031B942F8D15E
S3150802A3B0C3F30E0313B129899942F2D15368284689
S3150802A3C0EB6023681B6898472B7E13F00200D6D1F0
S3150802A3D0DB07E6D5D4E7F7B504460C200F46164642
S3150802A3E01D46E0F79DFA019000B9FEE7C0E901565D
S3150802A3F007602046FFF7F3FD20B904220121204613
S3150802A400FFF776FD204601A9FFF7A5FD019803B0DF
S3150802A410F0BD00B9FEE7FFF7E2BD08B500B9FEE7F1
S3150802A420FFF7B3FD00B1006808BD38B50D4604460E
S3150802A43000B9FEE7FFF7F1FFE0F78CFA2946204656
S3150802A440FFF7AFFD003818BF012038BDF8B504463E
S3150802A45000B9FEE7FFF7C3FD06462046FFF7C1FD32
S3150802A46000250746B54204DB2046BDE8F840FFF75B
S3150802A4704DBD57F82500E0F76DFA0135F2E7006899
S3150802A4807047406870470089C0F30E00704700693C
S3150802A4907047C068704738B504464068C0B103695A
S3150802A4A0C3B121689847636805465A6852B1A368DA
S3150802A4B043B1013203D0D86808B1E0F74BFAA06875
S3150802A4C0E0F748FA0023C4E90033A360284638BDFA
S3150802A4D00B25FBE70925F9E72DE9F04F87B0044676
S3150802A4E08B461546994613B10023C9F800306068B1
S3150802A4F0002800F0C780D0F804804669B8F1000F3A
S3150802A50022D0002E00F0C180D0F81CA0BAF1000FAC
S3150802A51000F0BB800023A26804939668D2E900C1C2
S3150802A5206645D76826D2002332462168D047A84511
S3150802A53080F08280606804AB00935A462B464669CF
S3150802A5402168B04780465AE0002E00F09E8004AB90
S3150802A5500093CDF810802B465A462168B0478046AC
S3150802A560B9F1000F02D0049BC9F80030404607B083
S3150802A570BDE8F08F8E42D6D88A1B0131531CA1EB57
S3150802A5800C01C91AB8F1FF3F0393394402D19D421F
S3150802A59003D91546039BAB420CD32A46584601F00B
S3150802A5A028FC0495A268049993684FF000080B44A6
S3150802A5B09360D5E75846039A01F01BFCD4E90103D8
S3150802A5C05A68D0F81CA0002321680132D04700231C
S3150802A5D00593039B6068A5EB030A9B44D04505AB2C
S3150802A5E0009310D253465A4647692168B8478046AF
S3150802A5F0059B039E1E44AE4294BF04960495B8F189
S3150802A600000FADD1CEE743693A461E462168434656
S3150802A610B047A2688046536801331360059882459D
S3150802A62028BF8246411E0B445360394658461FFAD4
S3150802A6308AF201F0DEFBDBE747B94046A768E0F796
S3150802A6406FF9A368F860DF6807B9FEE70023606858
S3150802A650059305AB00933A4643462168D0F814A001
S3150802A660D047A16880460E60059A5846AA4202F16A
S3150802A670FF3328BF2A4633444B603946049201F019
S3150802A680B8FBBCE74FF00B0870E74FF009086DE717
S3150802A69037B5044640681346002830D04268C56973
S3150802A6A022B10DB1026A52B909200EE0002DFBD083
S3150802A6B00A46AC46216803B0BDE830406047012B24
S3150802A6C008D0022B0BD013B1002003B030BDA3680B
S3150802A6D09960F9E7A26893680B449360F4E70A461F
S3150802A6E02168A8470028F0D160682168036A01AA90
S3150802A6F098470028E9D1A368019A9A60E5E70B20F2
S3150802A700E3E72DE9F041064690460C46002942D079
S3150802A710087878B14B783A2B14BF4F1C8F1CDFF799
S3150802A720ABF90546002838D083682BB9EB684BB9D4
S3150802A730092005E00F46F2E798470028F6D10120DE
S3150802A740BDE8F0816A687560013206D1366010206C
S3150802A750E0F7EEF8B06068B9FEE7424639462846A1
S3150802A7609847431E03331AD86B683060002BEED124
S3150802A7700020E5E76B68013307D16368C3600023ED
S3150802A78003608360A3684360F2E74FF0FF33036018
S3150802A7906FF00103F7E70B20D2E70320D0E70C207E
S3150802A7A0CEE709B10368CA50704711B10368194464
S3150802A7B04A6070470023033121F00301C0E90133DF
S3150802A7C00160704738B5044600680830E0F7A8F813
S3150802A7D0054680B1014600222046FFF7E2FF62687D
S3150802A7E0FFF7E3FF616811B12A46FFF7DAFFA368AC
S3150802A7F0656003B9A560284638BDF8B50E46054614
S3150802A80068B161B14368994203D1BDE8F840FFF7E0
S3150802A810D9BF00680830E0F783F8044610B9002467
S3150802A8202046F8BD2B680246F75828463946FFF7F0
S3150802A830BCFF3A462146FFF7B4FF22463146FFF7E8
S3150802A840B0FF32462146FFF7B0FFE9E738B50546BD
S3150802A85000680830E0F764F8044688B10146002229
S3150802A8602846FFF7A2FF2146AA68FFF79AFFA968BA
S3150802A87011B12246FFF799FF6B68AC6003B96C60A9
S3150802A880204638BD38B50B4640B1D0E90014A3427C
S3150802A8900AD10B445968416009B9816038BD002262
S3150802A8A0BDE83840FFF77DBF85685C58AB4209D1E1
S3150802A8B084600CB94460F1E72146BDE838400022BD
S3150802A8C0FFF773BF0B445D6821462A46FFF76DFF03
S3150802A8D022462946E4E7F8B50E46054608B1446815
S3150802A8E004B9F8BD2B6823445F6846B92846214651
S3150802A8F0FFF7C8FF2046E0F72DF83C46F0E720466A
S3150802A900B047FAE700B14068704700B180687047FF
S3150802A91003681944486870470368C858704703466D
S3150802A92040B14268002002B97047196801300A44EA
S3150802A9305268F8E7704770B591420C4615461BD027
S3150802A940DAB10368D658A64216D02146FFF79AFF0F
S3150802A95022463146FFF729FF32462146FFF721FFF5
S3150802A96022462946FFF71DFF2A462146FFF71DFF05
S3150802A97005B9846006B9446070BD08B18668E2E725
S3150802A9800646E0E730B1436833B98068B0FA80F02A
S3150802A9904009704701207047002070470021FFF7E1
S3150802A9A09ABF2DE9F74F0546002800F08680B0F5D4
S3150802A9B0806F00F082805E1A0C9B01EB41089B1A9D
S3150802A9C006EB460603EB430302EB4207DA1BA6EB4A
S3150802A9D00809C6F58066009206FB00F209EBA22C6E
S3150802A9E000FB0CFC08EBAC2C00FB0CFCC3F58063EB
S3150802A9F0C0EBAC2C01930CF10103022B61D904467E
S3150802AA004FF0080A4FEA490B02EB42020BEBA2226D
S3150802AA10624308EBA222531C022B0FD94FEAEC71B0
S3150802AA208902D3174FEA8C2041EA9C51EFF774F852
S3150802AA3020B1BAF1010AA4EB000424D1002D42DBAD
S3150802AA40B5F5806F41DC2C464FF48061002204FB89
S3150802AA5006F309EBA323634308EBA3236343981284
S3150802AA60C5EBA3230133022B1DD98542CCBF22464F
S3150802AA7021468C1A04EBD47402EB6404A24212D067
S3150802AA809142E4DC0FE004FB06F209EBA22C04FB7C
S3150802AA900CFC08EBAC2C04FB0CFCC5EBAC2C0CF147
S3150802AAA00103022BB0D8019B009A634302EBA3234E
S3150802AAB0634307EBA3276743BD12284603B0BDE8E5
S3150802AAC0F08F0446EFE70024EDE74FF48064EAE7E7
S3150802AAD00028B8BF01234FF02D02B4BF404200231D
S3150802AAE00029BEBF49420233DBB288428BBF5143BB
S3150802AAF05043B1FBF0F1B0FBF1F188BF1033CAB293
S3150802AB0088BFDBB2162A16D92C2A1FD8292A1FD89B
S3150802AB10252A1FD8202A8CBF03200420DA060844D7
S3150802AB2048BFC0F15A0003F001029B0717D59AB134
S3150802AB30B43080B27047012A08D9052A08D9092AE9
S3150802AB4008D90F2A34BF03200420E7E70020E5E7E7
S3150802AB500120E3E70220E1E7C0F1B400E9E7002AB1
S3150802AB60E7D0C0F5B470E4E730B503460C460120D9
S3150802AB70002102B930BDD50741BF00FB04F503FB2E
S3150802AB800155A0FB0301491903FB04F5A3FB033492
S3150802AB90521004EB4504ECE710B58A4204461846FF
S3150802ABA0029B04DBA2420EDDA14204DB10BDA242D7
S3150802ABB009DAA142FADD1B1A641A5C43521A94FB9B
S3150802ABC0F2F42044F2E71846F0E75A3000B2DEF70C
S3150802ABD07FBF4B689A684A6002B111600A681A60B8
S3150802ABE01AB9036099600B607047906888420CBF77
S3150802ABF093605360F6E78B685A688A6002B11160FF
S3150802AC000A681A601AB9036059600B60704750687F
S3150802AC1088420CBF53609360F6E738B5054614467A
S3150802AC2011B10B7B012B39D10B4629688B4234D0E3
S3150802AC306168994235D1A1680B7B3BB90122284646
S3150802AC400A7321462373FFF7D6FFA168D1E90123C8
S3150802AC5012B1107B012809D113B1187B012805D13D
S3150802AC6000230B73236821461C46DAE713B11B7BC4
S3150802AC70012B07D101231373002328460B73FFF711
S3150802AC80A8FFA168237B28460B73012323738A68CE
S3150802AC9021461373FFF7AFFF296809B101230B7326
S3150802ACA038BD0B7B3BB9012228460A73214623731A
S3150802ACB0FFF78FFF61684B6813B11A7B012A11D11E
S3150802ACC08A68002ACCD0107B0128C9D013B11B7B15
S3150802ACD0012B07D101231373002328460B73FFF7B1
S3150802ACE08AFF6168237B28460B73012323734A680C
S3150802ACF021461373FFF76DFFCEE770B50E4615466C
S3150802AD00044600B9FEE701B9FEE702B9FEE70C22DE
S3150802AD10002101F063F900230120C4E90036A56089
S3150802AD2070BD70B50E46054600B9FEE704680CB953
S3150802AD30204670BD30466B68216998470028F7D0CF
S3150802AD40D4E90132A8BF13461C46F0E72DE9F84FAD
S3150802AD500F46054600B9FEE7FFF7E3FF0446B0B91A
S3150802AD601420DFF7E5FD044600B9FEE7A868DFF719
S3150802AD70DFFD8046206100B9FEE7002323732E68B3
S3150802AD80C4E9013336B901232C60266023732046B1
S3150802AD90BDE8F88F27616B68316920699847D6E95B
S3150802ADA0013213EA200338BF1346BBB92373384668
S3150802ADB06B68316926609847002811DA746027465D
S3150802ADC04FF001094FF0000A396809B10B7B4BB104
S3150802ADD001222B681A73C4F81080D8E71E46DAE7F0
S3150802ADE0B460ECE70E68736899421ED1B3684BB13A
S3150802ADF01A7B3AB901221A7381F80C9086F80CA0CC
S3150802AE003746E1E7D1F808B0BB4504D12846FFF733
S3150802AE10F2FE0F46594681F80C902846314686F8C6
S3150802AE200CA0FFF7D6FE3E46EAE723B11A7B12B913
S3150802AE3083F80C90E0E7D1F804B05F4504D12846C0
S3150802AE40FFF7C7FE0F46594681F80C902846314649
S3150802AE5086F80CA0FFF7CFFEE5E7F8B50C46D1E970
S3150802AE6001312268257B1BB321B30B4649680029A9
S3150802AE70FBD1CAB15168A1420CBF536093601A68EC
S3150802AE80996894421F7B11D001B10A60A668516085
S3150802AE909E60336026681D736568012F1E605D60BB
S3150802AEA02B6018D1A8B9FEE70360E8E71A46F1E76E
S3150802AEB011B10B4619461A6042B15368A3420CBF38
S3150802AEC051609160012D06D118B9FEE7012D016086
S3150802AED001D1FFF7A2FE25692046DFF73BFD28468A
S3150802AEE0F8BD08B500B9FEE7FFF7B7FF10B1DFF7FF
S3150802AEF031FD012008BD70B5054600B9FEE70468B4
S3150802AF000CB92C6070BD26466468002CFBD1B46867
S3150802AF10002CF8D1346834B16368B3424FF00003A9
S3150802AF200CBF6360A3603069DFF714FD3046DFF7B4
S3150802AF3011FDE5E70C22002101F050B810B5037A9D
S3150802AF400446FF2B02D00068DFF704FD2046BDE861
S3150802AF5010400C22002101F041B8F8B5037A0446E4
S3150802AF60581EC2B2FD2A0E4630D8276807EB83055B
S3150802AF702A462B4412F8011BB14225D100EB800068
S3150802AF80DFF7CEFC10B300221146237A2060013B7C
S3150802AF90DBB22372013D00EB830E15F801CFB445EF
S3150802AFA008D057F8223040F8213095F800C00EF83C
S3150802AFB001C0013194F808C001329445EDD23846F1
S3150802AFC0DFF7C8FC0120F8BD9A42D3D10020FAE780
S3150802AFD073B50D46017A0446FF29019237D005B9A1
S3150802AFE0FEE7006828B101EB81024B1E02445E1C93
S3150802AFF026D10131C9B201EB8101DFF7B5FC30B3C5
S3150802B000237A206000EB8302111D013B23D2237AA7
S3150802B0100133DBB25A1E237202EB8303C554237A29
S3150802B020AD08019A03F18043013B1F2D40F8232006
S3150802B03028BF1F2501226368AA401343636006E0FE
S3150802B04012F8016DAE4204D1019A40F8232002B0EB
S3150802B05070BD013BCBE7D65CCE54D6E770B5047A11
S3150802B0600368FF2C0ED0002003EB840584420ED819
S3150802B07000200BE0814203F1080303D16368012033
S3150802B080136003E018781C460028F3D170BD15F842
S3150802B090016BB14202D153F82030F0E70130E5E7FF
S3150802B0A0007AB0FA80F04009704782B00A46012158
S3150802B0B002B0FFF78DBF82B00A46022102B0FFF73F
S3150802B0C087BF82B00A46072102B0FFF781BF82B066
S3150802B0D00A46032102B0FFF77BBF82B00A466821FF
S3150802B0E002B0FFF775BF82B00A46692102B0FFF7C0
S3150802B0F06FBF82B00A46102102B0FFF769BF82B05D
S3150802B1000A46112102B0FFF763BF82B00A4612212E
S3150802B11002B0FFF75DBF82B00A46132102B0FFF7FD
S3150802B12057BF82B00A46142102B0FFF751BF82B058
S3150802B1300A46152102B0FFF74BBF84B00023ADF8CB
S3150802B1400C10090C8DF80E101C218DF80F30039A7D
S3150802B15004B0FFF73DBF82B00A461D2102B0FFF7D1
S3150802B16037BF84B00023ADF80C10090C8DF80E1009
S3150802B17023218DF80F30039A04B0FFF729BF82B056
S3150802B1800A46282102B0FFF723BF84B00023ADF890
S3150802B1900C10090C8DF80E1031218DF80F30039A18
S3150802B1A004B0FFF715BF82B00A46322102B0FFF794
S3150802B1B00FBF82B00A46302102B0FFF709BF82B03C
S3150802B1C00A46342102B0FFF703BF82B00A46352188
S3150802B1D002B0FFF7FDBE82B00A46382102B0FFF779
S3150802B1E0F7BE84B00023ADF80C10090C8DF80E10CA
S3150802B1F039218DF80F30039A04B0FFF7E9BE82B001
S3150802B2000A463A2102B0FFF7E3BE82B00A463B215C
S3150802B21002B0FFF7DDBE82B00A463C2102B0FFF754
S3150802B220D7BE82B00A46412102B0FFF7D1BE82B02C
S3150802B2300A46422102B0FFF7CBBE84B00023ADF81E
S3150802B2400C10090C8DF80E103D218DF80F30039A5B
S3150802B25004B0FFF7BDBE82B00A463E2102B0FFF730
S3150802B260B7BE82B00A46482102B0FFF7B1BE84B023
S3150802B2700023ADF80C10090C8DF80E104C218DF830
S3150802B2800F30039A04B0FFF7A3BE82B00A465021D4
S3150802B29002B0FFF79DBE82B00A46512102B0FFF7FF
S3150802B2A097BE84B00023ADF80C10090C8DF80E1069
S3150802B2B052218DF80F30039A04B0FFF789BE84B085
S3150802B2C00023ADF80C10090C8DF80E1058218DF8D4
S3150802B2D00F30039A04B0FFF77BBE82B00A465A21A2
S3150802B2E002B0FFF775BE82B00A465C2102B0FFF7CC
S3150802B2F06FBE82B00A465E2102B0FFF769BE82B00F
S3150802B3000A460C2102B0FFF763BE82B00A462D2117
S3150802B31002B0FFF75DBE82B00A46612102B0FFF7AE
S3150802B32057BE82B00A46622102B0FFF751BE82B00A
S3150802B3300A46642102B0FFF74BBE82B00A4666216E
S3150802B34002B0FFF745BE82B00A46742102B0FFF783
S3150802B3503FBE90F900200378002A0FDA03F0E002D4
S3150802B360C02A0DD003F0F002E02A0BD003F0F80051
S3150802B370A0F1F003584258418000704701207047F7
S3150802B380022070470320704773B5002302460193D3
S3150802B39001B901A90B68D556D05C002D03F1010449
S3150802B3A002DB0C6002B070BD00F0E005C02D0ED1C4
S3150802B3B00C60125D02F0C004802C4CD1800100F4AE
S3150802B3C0F86002F03F02104402330B60EAE700F02D
S3150802B3D0F005E02D17D10C60145D04F0C005802D30
S3150802B3E039D19D1C0D60525D02F0C005802D32D107
S3150802B3F0000380B202F03F02A401104404F47C6404
S3150802B40020440333E1E700F0F805F02D0C6022D161
S3150802B410145D04F0C005802D1DD19D1C0D60555D7F
S3150802B42005F0C006802E16D1DE1C0E60925D02F073
S3150802B430C006802E0FD180042403AD0100F4E0106B
S3150802B44004F47C3405F47C6502F03F020443154497
S3150802B45028190433B9E70020A4E770B50024054685
S3150802B46026468E4202D02B5D28190BB9204670BD9E
S3150802B470FFF76FFF012838BF0120013654FA80F41E
S3150802B480EFE773B5002406460D460194019BAB42CD
S3150802B49002D3204602B070BD304601A9FFF774FFF9
S3150802B4A00134F3E737B5002405460194019BEB5CAA
S3150802B4B013B9204603B030BD284601A9FFF764FF39
S3150802B4C00134F3E718B3A0F59C43B3F5A44F1DD393
S3150802B4D000F17F4303F1FF135D2B17D9A0F5405303
S3150802B4E0FF2B13D9A0F53A537F2B0FD9A0F5475353
S3150802B4F02F2B0BD9A0F57E40A0F110030F2B05D9EF
S3150802B50030381F288CBF0020012070470120704761
S3150802B51082B07F2815D9B0F5006F14D20021C0F386
S3150802B520871300F03F0043F0C00340F0800200207A
S3150802B5308DF804308DF805208DF806108DF8070071
S3150802B540019802B07047B0F5803F0CD2C0F30733BA
S3150802B550C0F3851200F03F0043F0E00342F0800298
S3150802B56040F08001E3E7B0F5881F10D2C0F38743A5
S3150802B570C0F30532C0F3851100F03F0043F0F00333
S3150802B58042F0800241F0800140F08000D0E70020BE
S3150802B590D7E773B5042506460B68013B0B600C68B2
S3150802B5A03019FFF7D6FE30B1304601A90194FFF7EC
S3150802B5B0EBFE02B070BD2CB1013D013C15F0FF0552
S3150802B5C00C60ECD10020F4E72DE9F04188461746D5
S3150802B5D00546F0B1EAB100F04FFD0446384600F0E0
S3150802B5E04BFD0646A8B1044441462846FFF735FFF7
S3150802B5F02B19311874425A1B914206D932463946DA
S3150802B6002844BDE8F04100F0F4BB1A5D03F80129AD
S3150802B610F1E7BDE8F081F8B50C461746054680B154
S3150802B62000F02AFD214606462846FFF716FF2C1883
S3150802B63039462046FFF711FF2346361A5A1B964209
S3150802B64000D2F8BD1A5C03F8012BF7E7F7B50B46EB
S3150802B65001910C460021024607460846DFF752F9D1
S3150802B660461C3046DFF75CF9054600B9FEE7234675
S3150802B6703A463146DFF746F9284603B0F0BDF8B533
S3150802B6800F461946064615461C46FFF77DFE3860E4
S3150802B69020B1206800213044FFF776FE2860F8BD05
S3150802B6A02DE9FF410F4690461E46054620B900245D
S3150802B6B0204604B0BDE8F081002AF8D00378002BB2
S3150802B6C0F5D0002401940029F1D0019BBB4203D393
S3150802B6D0002CC8BFA41BEBE7284603AA02A901ABA4
S3150802B6E0FFF7CDFFDDE902124046FCF7F9FF002815
S3150802B6F0EBD004443444E8E72DE9F04F85B0002541
S3150802B700044617468846C0E900559DF840A00393AB
S3150802B71019B312B31AF0010F0F9B18BF6FF06043EB
S3150802B72010460F93FDF711F806461FFA80FB18F824
S3150802B730053008EB05099BB95DB119F8013C0A2BDE
S3150802B74001D00D2B05D10E9B13FA86F263681344BA
S3150802B750636063682BBBB6B2666005B0BDE8F08F5E
S3150802B76000233946039A009348460F9BCDF804A056
S3150802B770DEF7DCFA63680E9A01469A1812EB0B0F8B
S3150802B7800544EAD40E9A5B44134463603A46039B23
S3150802B7904846FFF785FF23688342ACBF23602060D3
S3150802B7A0C5E70E9A9B1A6360D7E700B9FEE7037DE1
S3150802B7B043F001030375704700B9FEE7037D6FF393
S3150802B7C000030375DEF7AABB10B5044600B9FEE707
S3150802B7D0E1F738FC2368C01A0138606010BDC068FA
S3150802B7E07047007D00F0010070472DE9F04780465A
S3150802B7F00F4614469946089D0CB9264612E04FEAAA
S3150802B800540A09FB0A7640463146A847002808DD4D
S3150802B810E44304F00104AAEB040A06EB09075446BA
S3150802B820EAE7FCD13046BDE8F087704770477047B3
S3150802B83001207047012070470120704738B5044639
S3150802B8400D462022002100F0C9FB0322237B204655
S3150802B85062F30303C4E9045523731421BDE838408F
S3150802B860FEF7A8BF037B03F00F03032B0CBF006987
S3150802B8700020704710B5044600B9FEE70068214665
S3150802B880037E43F001030376FEF7FCFF237CDB0706
S3150802B89002D5E068DFF75EF82046BDE81040DFF71C
S3150802B8A059B808B5FEF7F5FDBDE80840FFF7E2BF4F
S3150802B8B000B9FEE78068704738B5054600B9FEE765
S3150802B8C0FFF720F8014660B92B7E28466FF300037E
S3150802B8D02B76FFF717F8044658B92B7EDB07F3D405
S3150802B8E038BD0B7C28466FF341030B74FFF710F83B
S3150802B8F0E8E7636863B1227C910709D429462046A2
S3150802B90098472B7EDA07DFD4237C43F0020323749D
S3150802B91021462846FEF7FCFFDDE7027B02F00F020E
S3150802B920032A04D10269C0E90412FFF7C5BF7047AA
S3150802B93038B50546FEF7A5FD04462846FEF7A3FDDB
S3150802B940263817281AD8DFE800F06F1919191919B5
S3150802B950191919191919191919190C1A29344957BA
S3150802B9604957D4F83C0300F0D0FED4F840330344D8
S3150802B970C4F84033E1F766FBC4F83C0338BDD4F893
S3150802B9803C0300F0C2FED4F844330344C4F84433FB
S3150802B990D4F848330133C4F84833EFE794F86C33E4
S3150802B9A043F0010384F86C33E1F74CFBC4F84C030B
S3150802B9B0E4E794F86C33D4F84C036FF3000384F885
S3150802B9C06C3300F0A2FED4F850330344C4F8503363
S3150802B9D0D4F854330133C4F85433CFE794F86C33AC
S3150802B9E0DA0704D5E1F72EFBC4F85803C6E7E1F7F0
S3150802B9F029FBC4F86003C1E794F86C33DB0709D561
S3150802BA00D4F8580300F081FED4F85C330344C4F832
S3150802BA105C33B3E7D4F8600300F077FED4F86433F6
S3150802BA200344C4F86433A9E7D4F83403DEF7BAFA50
S3150802BA3004F54570BDE83840DEF7C2BB2DE9F84388
S3150802BA40FFF7CDFED0F88C3304460133C0F88C33A9
S3150802BA5000F54E75D0F8680300F057FE064600203A
S3150802BA60D7F724FAD4F84033016833B14FF47A721F
S3150802BA70D4F848335343B3FBF6F34FF47A72B2FB66
S3150802BA80F1F29A4294BFC4F87023C4F87033DEF711
S3150802BA9059FBD4F84833C0F16400C4F874031BB1E7
S3150802BAA0D4F84423B2FBF3F3C4F87833D4F8543306
S3150802BAB0002B40D0D4F85C13D4F864230A44B2FBB2
S3150802BAC0F3F2C4F88023D4F85023521AB2FBF3F3E4
S3150802BAD0D4F88C23C4F87C33D4F88433511E03FB80
S3150802BAE00100B0FBF2F0D4F87033C4F88403D4F83A
S3150802BAF0880300FB0133B3FBF2F32946C4F8883303
S3150802BB0004F54570FFF709FFD4E9E187D4F83C93B9
S3150802BB10D4F88C6358220021284600F05FFAC4E95B
S3150802BB20E187C4F83C93C4F88C63E1F78BFAC4F84E
S3150802BB306803BDE8F883C4F88033C9E770479A42B8
S3150802BB4038BF8854704770472DE9F74F1746DDE925
S3150802BB500C549946DDE9116313F0020280468B46BE
S3150802BB60DDE90F1A9DF8380000921DD103F0010C89
S3150802BB703EB1BCF1000F04D010B913F00C0F00D07F
S3150802BB80013E4FF0300E02E005F804E00134544558
S3150802BB9001D2202CF8D1BCF1000F05D04FF0300CA1
S3150802BBA0A64201D9202C18D1DA0613D55A052ED465
S3150802BBB0BCB1544501D0B44229D1621E11D0102914
S3150802BBC043D19906A4F102047ED47821295530215D
S3150802BBD0541CA954202C25D00CE005F804C00134C5
S3150802BBE0DEE710290DD1990635D478222A7030223B
S3150802BBF002246A70C8B32D222A55013413E0622240
S3150802BC00F4E70229FBD0302201242A70F2E7102930
S3150802BC1023D19A0656D4202C04D07821621C2955A1
S3150802BC20202AD4D120249B0738D03A4625441444E6
S3150802BC30A24237D1009B23B1D51BAE4207EB0504BE
S3150802BC4039D8204603B0BDE8F08F0229BFD1622158
S3150802BC50A9540132E4E75822C8E7022903D1202C65
S3150802BC60E0D02246F3E72246DAE7590701D52B2226
S3150802BC70C2E71A07D7D52022BEE74B4659462020E7
S3150802BC80C0470AF1010A019B564503EB0A02F4D89A
S3150802BC90321BB44288BF00223A44C7E73B1BA2467E
S3150802BCA00193F0E702F1010A4B46594615F8010DD0
S3150802BCB0C0475246BCE74B46224659462020C04753
S3150802BCC00135BAE7202CADD05821621CA7E72DE929
S3150802BCD0F04391B0189D1A9F1D9E2DB926F01004A7
S3150802BCE016F4806F264622D116F0200F14BF4FF0A5
S3150802BCF0410E4FF0610EAC4600250DF12008AEF15B
S3150802BD000A0EBCFBF7F907FB19C95FFA89F4B9F100
S3150802BD10090F94BF30347444E4B2BC4508F8014BA9
S3150802BD2005F10105BCFBF7F401D3202D10D11C9CAB
S3150802BD30069605941B9CCDE903749DF86440CDE9EB
S3150802BD40015408AC0094FFF7FFFE11B0BDE8F0837A
S3150802BD50A446D6E72DE9F04F95B0CDE90A23DDE9E9
S3150802BD601E76DDE9229B57EA0603CDE90801269CE1
S3150802BD7005D124F0100314F4806F1C4637D114F051
S3150802BD80200F14BF4123612300250DF1300AA3F1C8
S3150802BD900A0831464A465B463846EDF70DFFD2B2E7
S3150802BDA0092A94BF303242444F45D2B276EB0B068B
S3150802BDB005F101050AF8012B01D3202D14D1259B83
S3150802BDC006940593249BDDE90801CDE903939DF8C2
S3150802BDD08030CDE901530CAB0093DDE90A23FFF766
S3150802BDE0B3FE15B0BDE8F08F07460E46D1E700252B
S3150802BDF0E5E770B50F2A0AD8034601390244934289
S3150802BE0000D170BD11F8014F03F8014BF7E700F0B6
S3150802BE10030301F00306B34204460D4600F0998077
S3150802BE20154601F12003202D13F8206C04F1200495
S3150802BE3003F120030DD8531E23F01F03C418013B38
S3150802BE400B44024413F8011F04F8011B9442F9D16A
S3150802BE50D7E704F8206C13F83F6C203D04F81F6CF2
S3150802BE6013F83E6C04F81E6C13F83D6C04F81D6C4E
S3150802BE7013F83C6C04F81C6C13F83B6C04F81B6C46
S3150802BE8013F83A6C04F81A6C13F8396C04F8196C3E
S3150802BE9013F8386C04F8186C13F8376C04F8176C36
S3150802BEA013F8366C04F8166C13F8356C04F8156C2E
S3150802BEB013F8346C04F8146C13F8336C04F8136C26
S3150802BEC013F8326C04F8126C13F8316C04F8116C1E
S3150802BED013F8306C04F8106C13F82F6C04F80F6C16
S3150802BEE013F82E6C04F80E6C13F82D6C04F80D6C0E
S3150802BEF013F82C6C04F80C6C13F82B6C04F80B6C06
S3150802BF0013F82A6C04F80A6C13F8296C04F8096CFD
S3150802BF1013F8286C04F8086C13F8276C04F8076CF5
S3150802BF2013F8266C04F8066C13F8256C04F8056CED
S3150802BF3013F8246C04F8046C13F8236C04F8036CE5
S3150802BF4013F8226C04F8026C13F8216C04F8016CDD
S3150802BF5069E7EBB1C3F10403C418034615F8011BDC
S3150802BF60013A03F8011BA342294601D0002AF5D15A
S3150802BF70202A01F1200503F120040BD801391A44BD
S3150802BF8093423FF43EAF11F8014F03F8014BF7E72E
S3150802BF900346EDE755F8203C294644F8203C55F877
S3150802BFA01C3C203A44F81C3C55F8183C44F8183C0A
S3150802BFB055F8143C44F8143C55F8103C44F8103C27
S3150802BFC055F80C3C44F80C3C55F8083C44F8083C37
S3150802BFD055F8043C44F8043C2346C9E710B510F06A
S3150802BFE003030BD0C3F1040342B1034400F8011B57
S3150802BFF0984202F1FF3201D0002AF7D101EB012360
S3150802C00003EB014303EB0163202A00F1200403D862
S3150802C010024490420BD110BD204644E9083344E954
S3150802C020063344E9043344E90233203AECE700F8DC
S3150802C030011BEEE710B4884202D38B18834203D25F
S3150802C0405DF8044BFFF7D5BE884207D8421E8B42DD
S3150802C0500AD011F8014B02F8014FF8E7531E1944AA
S3150802C06003449A1A934202D15DF8044B704711F8B9
S3150802C070014903F80149F5E7034600201A5C02B9AB
S3150802C08070470130FAE7421E11F8013B02F8013FF8
S3150802C090002BF9D17047431E013913F8012F11F805
S3150802C0A0010F0AB18242F8D0101A704770B50646D7
S3150802C0B0FFF7E2FF451C2846DEF732FC044618B1B4
S3150802C0C02A463146FFF795FE204670BD4368032B84
S3150802C0D000D8FEE723F0030318440430704708B576
S3150802C0E00246FFF7F3FF026008BD38B5431803F1AD
S3150802C0F00C021C1D0F3323F003039A4200D0FEE7FD
S3150802C100436823F003035A1A151F0A449A4200D0B9
S3150802C110FEE7636803F003032B43636023F003031C
S3150802C1200B2B00D8FEE7436803F003030B43436077
S3150802C1302046FFF7D4FF436843F00203436063686F
S3150802C140204643F00103636038BD034668B14A1EC0
S3150802C15011EA020000D0FEE7134449420B40B3F548
S3150802C160803F03D20C2B38BF0C231846704770B594
S3150802C170CD6805B9FEE78C6804B9FEE7E560AC60F0
S3150802C18003EB421500EB8505EE6B8E4211D1A042F8
S3150802C190EC630ED1012100EB82056C6901FA03F307
S3150802C1A024EA03036B6123B90369914023EA010375
S3150802C1B0036170BD10B57F2889BFB0FA80F30023EA
S3150802C1C0C3F11A04E04092BF801080F02000C3F148
S3150802C1D019030B60106010BD73B50446486801AABE
S3150802C1E00D4620F003006946FFF7E4FFDDE9002665
S3150802C1F006EB421304EB8303D96B01B9FEE7C5E9E3
S3150802C2000214CD6005F10B0105F1080021F00301C6
S3150802C210884200D0FEE7DD630123216903FA02F0B2
S3150802C2200143216104EB82046269B3401A436261E5
S3150802C23002B070BD38B505460C4641B302B9FEE7F1
S3150802C2404B68D90700D4FEE723F0030302F1100175
S3150802C2508B420ED311462046FFF747FF014620467A
S3150802C260FFF73DFF4B68284643F002034B60FFF792
S3150802C270B3FF2046FFF72AFF4368083423F0020378
S3150802C280436054F8043C23F0010344F8043C204676
S3150802C29038BD37B505460C46486801AA694620F0F6
S3150802C2A00300FFF787FFDDE900232146284603B08E
S3150802C2B0BDE83040FFF75BBF73B5002304460D4661
S3150802C2C0CDE9003319B90026304602B070BD7F2980
S3150802C2D081BFB1FA81F30120C3F11A0398408ABFDC
S3150802C2E000F1FF300846401801AA6946FFF762FFC7
S3150802C2F0009A092AE7DC4FF0FF31019B04EB820022
S3150802C300406901FA03F303400FD1013201FA02F33D
S3150802C31022691A40D7D092FAA2F2B2FA82F204EB52
S3150802C32082035B69009203B9FEE793FAA3F3B3FAB1
S3150802C33083F303EB421204EB8202D66B0193002EBF
S3150802C340C1D0726822F00302954200D9FEE731464F
S3150802C3502046009AFFF70BFFB6E738B502460846AD
S3150802C360FFF7B4FE0C46054600B9FEE74368DB074D
S3150802C37014D54B68032B00D8FEE701461046FFF793
S3150802C38088FF6268032A00D8FEE76B68043223F046
S3150802C3900303134420466360FFF7A1FE204638BD17
S3150802C3A018B150F8040C20F00300704738B5083A63
S3150802C3B011F003030C4622F0030215D14FF6F4716D
S3150802C3C0A2F10C058D4211D8254655F8043942F0DA
S3150802C3D001026A602946FFF7FFFE2846FFF77FFE3D
S3150802C3E002234360204638BD0024FBE71C46F9E7D2
S3150802C3F030B510F0030113D10246C0E9020000F17C
S3150802C400380342F8101F00F5A76442F8041F03F127
S3150802C410800543F8040FAB42FBD19C42F5D130BDEF
S3150802C4200020FCE770B50E460546FFF7E1FF044615
S3150802C430A6F23C5205F23C51FFF7B8FF204670BD02
S3150802C44000F23C50704738B5044608460421FFF707
S3150802C4507CFE054601462046FFF72EFF2A46014680
S3150802C4602046BDE83840FFF7E5BEF8B506460C4655
S3150802C470002939D051F8047CF90700D5FEE7A4F162
S3150802C48008052846FFF72BFE436843F0020343607C
S3150802C49054F8043C43F0010244F8042C9A0719D5CF
S3150802C4A054F8085C05B9FEE76B68DB0700D4FEE7BB
S3150802C4B029463046FFF7EDFE6A68032A00D8FEE7EA
S3150802C4C054F8043C284623F00303134404336B60F0
S3150802C4D0FFF705FE29463046FFF73FFF014630467D
S3150802C4E0FFF77AFE3846F8BD0F46FBE72DE9F84F07
S3150802C4F0064615460C4631B152B9FFF7B6FF002774
S3150802C5003846BDE8F88F1146BDE8F84FFFF79BBFDE
S3150802C510A1F108094846FFF7D9FD51F804BCD0F83D
S3150802C520048004211046FFF710FE2BF0030A554536
S3150802C530074601D90028E2D01BF0010F00D0FEE71A
S3150802C540BA452DD218F0010F06D028F003080AF1D1
S3150802C55004039844B84512D229463046FFF773FFBA
S3150802C56007460028CCD055452A46214628BF5246BA
S3150802C570FFF73FFC21463046FFF777FFC0E74946FB
S3150802C5803046FFF7EAFE4846FFF7A0FD436823F068
S3150802C5900203436054F8043C23F0010344F8043CC4
S3150802C5A054F8043CDA0700D5FEE723F0030307F143
S3150802C5B0100293420FD339464846FFF796FD436861
S3150802C5C0014623F0020343603046FFF7C6FE0146E2
S3150802C5D03046FFF701FE274692E738B504460D4670
S3150802C5E0FEF79FFD29462046BDE83840FEF79FBD67
S3150802C5F038B504460D46FEF77CFD29462046BDE8B9
S3150802C6003840FEF77CBD84B00846114604B0FDF7F3
S3150802C61080BD38B504460D46FEF777FD2946204605
S3150802C620BDE83840FEF777BD38B504460D46FEF735
S3150802C6306CFD29462046FEF76EFD29462046FEF782
S3150802C64058FD29462046BDE83840FEF758BD70B564
S3150802C650044640680D4608B1FFF7F9FF236823B17F
S3150802C66029462046BDE87040184770BD70B50E6869
S3150802C670054633680C4633B196F82220D20602D50F
S3150802C6800B60FFF7F3FF214628462660BDE8704097
S3150802C690FFF7DDBF08B528B1D5F7CAFBBDE80840E4
S3150802C6A0D6F7DCBBD6F758FAF8E738B50546FFF7EA
S3150802C6B0F1FF044640B12846D5F7E6F92946204651
S3150802C6C0BDE83840FFF7D2BF38BD07B5FFF7E2FF2E
S3150802C6D028B9112003B05DF804EBDDF73BBA03690C
S3150802C6E00020ADF804301B0C8DF806309DF8043096
S3150802C6F063F307009DF8053063F30F209DF80630B3
S3150802C70063F3174003B05DF804FB10B50446E0F77F
S3150802C71099FC001B10BD70B5034693F84C20C06AFD
S3150802C72012F0060202D15B6B184470BD042A01D1CD
S3150802C7301B6BF9E7022AF8D1D3E90E24D3E90C5187
S3150802C740A242C8BF04F5B47413198D4203EBD3731E
S3150802C750D4BF0E4601F5B476B5EB630F4FEA630212
S3150802C76001DA2844E1E79642CCBF40188018DCE794
S3150802C77010B5D0E90E431B1B002B16DBB3F5B47FAD
S3150802C78016DA8B4217DBB1EB630FB4BF0123002322
S3150802C7900122DB0043EA021390F84C2022F0180229
S3150802C7A0134380F84C30012010BD03F5B473E3E758
S3150802C7B0A3F5B473E2E7C3F5B474944207DC012324
S3150802C7C0E6E701230022E4E700231A46E1E7C1F57A
S3150802C7D0B4749442F5DD13448B42F5DA0020E3E79C
S3150802C7E007B55022F1F712F803B05DF804FB07B556
S3150802C7F01222F1F70BF803B05DF804FB07B5132212
S3150802C800F1F704F803B05DF804FB07B51022F0F758
S3150802C810FDFF03B05DF804FB07B51122F0F7F6FF3A
S3150802C82003B05DF804FB2DE9F84F0F4600210446D4
S3150802C8309046FFF7DCFF002106462046FFF7DEFF9B
S3150802C840002182462046FFF7E0FF002105462046E2
S3150802C850FFF7E2FF81462046EFF786FEA0EB060BBE
S3150802C8602046EFF784FE401BA0EB0900ABEB0A0B50
S3150802C8708345204613DAEFF777FE831BA3EB0A03F9
S3150802C880626903EBD3735B101A4432443A60A269B5
S3150802C8901A442A447A60C8F80030BDE8F88FEFF7E0
S3150802C8A066FE431BA3EB0903EAE72DE9F74F8B461E
S3150802C8B04FF40031914605469846FFF791FF00EB83
S3150802C8C0D0704FEA600AA9EB60092846FFF723FFF2
S3150802C8D0B5F85C30C618B6B206F15A0000B2DDF7F2
S3150802C8E0F7F8044630B2DDF7F3F84FF44031019019
S3150802C8F02846FFF77CFF4FF4403107462846FFF7E4
S3150802C9007DFF4FF4403100902846FFF77EFF4FF433
S3150802C910403106462846FFF77FFF09FB04F1019BD3
S3150802C920DBF80040009A09FB03F304EBE134E71B4A
S3150802C9301444DBF80420A7EB0A0702EBE332961B42
S3150802C94002445444A6EB0A065244C8F80070C8F8D2
S3150802C9500840C8F80460C8F80C2003B0BDE8F08F98
S3150802C9602DE9F0418CB007460E4615469846F0F773
S3150802C97051F800283CD0AE423AD0FC6AB6F5B47FEC
S3150802C980C8BFA6F5B476B5F5B47F2644C8BFA5F5E3
S3150802C990B4752C44B6F5B47F05AA3846C8BFA6F5C1
S3150802C9A0B47606A9B4F5B47FC8BFA4F5B474FFF784
S3150802C9B03AFF41463846FFF713FF414605465122DC
S3150802C9C03846F0F723FF0890003818BF01200DF10A
S3150802C9D02008CDE90208DDE906013346CDE900451E
S3150802C9E0BDF81420D6F72AFC41463846EFF753FF1E
S3150802C9F00CB0BDE8F08173B53C224FF440310546D0
S3150802CA00F0F704FF422204464FF4403101902846CB
S3150802CA10F0F7FCFE40224FF44031019004442846C8
S3150802CA20F0F7F4FE002801904FF040024FF440312F
S3150802CA3028462BDDF0F7EAFE0346019041224FF421
S3150802CA40403128461C44F0F7E1FE002801904FF0D9
S3150802CA5041024FF4403128461DDDF0F7D7FE034662
S3150802CA60019038224FF4403128461C44F0F7CEFE96
S3150802CA703B22064601904FF440312846F0F7C6FE9F
S3150802CA803044A042B8BF204602B070BDF0F7BEFEE1
S3150802CA9001904342D2E7F0F7B9FE01904342E0E73C
S3150802CAA010B588B0044601AA02A9FFF7BCFE019A8E
S3150802CAB0204604AB02A9FFF7F8FE2046FFF79BFFC4
S3150802CAC0021E03DD114604A8FCF775FE204604A9DA
S3150802CAD0EFF7E1FE08B010BD38B50D46B1F5B47FE3
S3150802CAE0C8BFA1F5B475D0E90C135A1B5B1A48BF27
S3150802CAF003F5B473002AB8BF02F5B4720446D01A15
S3150802CB000028B8BF4042B4280BDD2046EFF7EEFEF8
S3150802CB102046FFF7C5FF20462563BDE83840FFF7E4
S3150802CB20BFBF934206DD4FF400332A462046FFF77D
S3150802CB3017FFEDE7ECDA0A464FF400332946F5E724
S3150802CB4038B50D46B1F5B47FC8BFA1F5B475D0E9BD
S3150802CB500C31EA1ACB1A48BF03F5B473002AB8BFD8
S3150802CB6002F5B4720446D01A0028B8BF4042B42867
S3150802CB700BDD2046EFF7BAFE2046FFF791FF204667
S3150802CB806563BDE83840FFF78BBF934207DD0A4667
S3150802CB904FF4003329462046FFF7E2FEECE7EBDACC
S3150802CBA04FF400332A46F6E738B504460D461146D1
S3150802CBB0FFF7C6FF29462046BDE83840FFF78CBF77
S3150802CBC0F7B50446006C10F5004F36D0D4E90E3599
S3150802CBD094F84C20AB42C2F34102C8BF05F5B475BE
S3150802CBE0012A0BD0022A35D03ABB0095D4E9111294
S3150802CBF0FDF7D2FFA16B0546024634E0D4E911C21D
S3150802CC000CEB020707EBD7775E1906EBD676B0EB85
S3150802CC10670F4FEA66064FEA670110DA0A46009678
S3150802CC206146FDF7B9FF014605462046FFF754FF60
S3150802CC3031462046FFF784FFA56503B0F0BD3346AB
S3150802CC400095FDF7A9FF054631462046FFF744FF42
S3150802CC502946EEE70093D4E911122B46FDF79CFF0D
S3150802CC6005460146E26B2046FFF79EFFE4E738B524
S3150802CC700D46B1F5B47FC8BFA1F5B475D0E90E1358
S3150802CC805A1B5B1A48BF03F5B473002AB8BF02F5EC
S3150802CC90B4720446D01A0028B8BF4042B42808DD48
S3150802CCA02046EFF723FE2046A563BDE83840FFF786
S3150802CCB087BF934205DD00232A462046FFF750FE2A
S3150802CCC0F1E7F0DA0A4600232946F6E738B50D46B3
S3150802CCD0B1F5B47FC8BFA1F5B475D0E90E31EA1A29
S3150802CCE0CB1A48BF03F5B473002AB8BF02F5B4726B
S3150802CCF00446D01A0028B8BF4042B42808DD2046A8
S3150802CD00EFF7F4FD2046E563BDE83840FFF758BF64
S3150802CD10934206DD0A46002329462046FFF720FEEF
S3150802CD20F0E7EFDA00232A46F7E738B504460D4658
S3150802CD301146FFF7CBFF29462046BDE83840FFF7E4
S3150802CD4096BF002905DBB1F5B47F05DAC162EFF7B4
S3150802CD50CDBD01F5B471F4E7A1F5B471F3E710B4EA
S3150802CD60026C8A420ED0846CA142A8BF2146446C4A
S3150802CD70A142B8BF21468A4204D05DF8044B016439
S3150802CD80FFF71EBF5DF8044B704710B50C4600212D
S3150802CD9004F15000DCF7A4FD04F160000021BDE8AF
S3150802CDA01040DCF79DBD4FF0FF3203681868DA6061
S3150802CDB000F15002934203D19B68C362EFF796BD16
S3150802CDC000F16002934204BF9B688363F6E7C16081
S3150802CDD00068EFF78BBD73B5C66A8E4215D0436BF2
S3150802CDE09942A8BF1946036B0D46816B9942B8BF93
S3150802CDF01946A942B8BF29468E4206D0009200F1CA
S3150802CE00500300F12C02E0F741FC02B070BD38B5C0
S3150802CE1000256423C1E90C534FF0FF330C46C1E9E0
S3150802CE201731CB6691F87030204623F03F0381F81C
S3150802CE307030C1E91055C1E91415C1E919558D6358
S3150802CE40CD62CD638D6481F84C508D650821EEF76D
S3150802CE5097F920461021EEF793F92A4629462046E5
S3150802CE60BDE83840FFF7B7BF13B590F8703003F046
S3150802CE700703022B15D1436B9942A8BF1946036BC8
S3150802CE809942B8BF1946C36A9942A8BF1946836B25
S3150802CE908B4206D0009200F1600300F13802E0F7F7
S3150802CEA0F5FB02B010BDC36D013314BF806DC06AB5
S3150802CEB0704790F8703003F00703022B01D0006B1D
S3150802CEC07047C36E013314BF806E806B704790F84B
S3150802CED0700000F00700704790F8703003F00703FF
S3150802CEE0012B0AD1036B002B07DA426B002A04DDF9
S3150802CEF0806BC31A5842584170470020704710B5D4
S3150802CF000C4610212046EEF73BF92046BDE81040B4
S3150802CF104FF48061EEF789BB10B50C46086BDDF756
S3150802CF2019FD606BDDF716FD0023C4E90C3310BD4D
S3150802CF3007B515220021F0F769FC03B05DF804FB7A
S3150802CF402DE9F04F8FB00446039106A9EFF7CAFA06
S3150802CF502046EFF709FB05902046EFF708FB122259
S3150802CF60002102902046F0F751FC13228346002145
S3150802CF700A902046F0F74AFC1022804600210A90C1
S3150802CF802046F0F743FC1122814600210A902046EA
S3150802CF90F0F73CFC1422824600210A902046F0F75C
S3150802CFA035FC07460A902046FFF7C2FF5B4607EBA9
S3150802CFB0D77500EBD0766D1007F0010701357610AC
S3150802CFC03D44013600F0010006440D2DA8BF0D258B
S3150802CFD00D2EA8BF0D26B8F10D0FA8BF4FF00D08EC
S3150802CFE0B9F10D0FA8BF4FF00D09BAF10D0FA8BF81
S3150802CFF04FF00D0A0D2BA8BF0D2300270493059B9E
S3150802D0000195A3EB0803023B0593A36BBB4209D820
S3150802D0104FF6FF73A26BBA4208BF1F4638460FB0D7
S3150802D020BDE8F08F216B3B01CB5801EB07129B45FC
S3150802D030D2E901C0D168A8BF049D069AACBFA2EB8B
S3150802D040050EA2EB060E7344E145B8BF019D0A938D
S3150802D050079BB8BFA3EB050E059DA8BFA3EB090E58
S3150802D0608542D4BF424492191044029AF444A2EB70
S3150802D0700A02023A8A42CABF019A53449B181944C1
S3150802D0800C900D91002203990AA8CDF82CC0FCF742
S3150802D090E8FB0028BCD10137B7E7F0B58BB04FF6ED
S3150802D0A0FF73994204460D4650D0836B8B424DD985
S3150802D0B00A01016B8A5801EB051302925A6806A9FE
S3150802D0C003929A68DB6804920593EFF70BFA142227
S3150802D0D000212046F0F79AFB064601902046FFF704
S3150802D0E027FF07462046D4F7A3FED5F765FD0A2390
S3150802D0F090FBF3F296423346B8BF13469742384638
S3150802D100B8BF1046069E029AF11A0A440799029275
S3150802D110039A0F1A3A440392049A33441A44059B13
S3150802D120084403440593236C04929D420AD1636B17
S3150802D13033F815305B0505D502A8FCF7A2FE039B5A
S3150802D1401B1A0393204602A9EFF7A5FB0BB0F0BD05
S3150802D15009B1E0F7B5BD704710B50446826B406B5E
S3150802D1605200FEF746FE2046E16ABDE81040FFF788
S3150802D170EFBF38B5836B04468B420D4603D84FF68C
S3150802D180FF7399420AD12046216CFFF786FF29468A
S3150802D19020462564BDE83840FFF77FBF38BD70B525
S3150802D1A01546826B04468A420FD9466B36F8112019
S3150802D1B022EA050226F81120FFF76FFF6B0504D550
S3150802D1C02046BDE87040EEF7DDBE70BD70B500249E
S3150802D1D005460E46AB6BA34200D870BD21463246C1
S3150802D1E02846FFF7DCFF0134F4E770B5836B044683
S3150802D1F08B420D4616461AD990F84430D90705D5FA
S3150802D200F20503D54FF48071FFF7E0FF626B2946FA
S3150802D21032F815302046334322F81530FFF73DFF22
S3150802D220730504D52046BDE87040EEF7ABBE70BD67
S3150802D23070B5002405460E46AB6BA34200D870BDF6
S3150802D240214632462846FFF7D0FF0134F4E7006C40
S3150802D2507047836B8B4207D9436B33F811309A4375
S3150802D2600CBF0120002070470020704770B54FF4AC
S3150802D27080720446FFF7EDFF06460D4620464FF438
S3150802D2808071FFF7A3FF3EB129462046BDE87040EC
S3150802D2904FF48072FFF7A9BF70BD4B1E19D501382E
S3150802D2A001F10B03012B1CD1820718D16421B0FBB3
S3150802D2B0F1F201FB120242B94FF4C873B0FBF3F262
S3150802D2C003FB1200B0FA80F35B0903F11C00C0B23B
S3150802D2D070470B2BC4BF0130A1F10D03E2E700230F
S3150802D2E0F3E7072293FBF2F2C2EBC2029B1A03F0A0
S3150802D2F0010048BF4042C0F11F00E8E7F8B50446FE
S3150802D300FDF7BDF805462046FDF7C1F8C36C07468A
S3150802D3105B68B3F5A02F40F08180F2F70FF8064656
S3150802D3203846F2F724F8044696B3FB6C9F68062F34
S3150802D3304CDD402239462846FFF78BFF00286ED07F
S3150802D34016B1002386F8203044BB4FF40042394612
S3150802D3502846FFF77EFF002845D0002E6AD06623AE
S3150802D360284686F82030FFF7B0F9C0F3072386F877
S3150802D3702100C0F3074086F8230086F822302846A3
S3150802D380FFF765FFB8422ED1B22386F820302AE08D
S3150802D390002843D0FB6C9F68062FCADC00234FF493
S3150802D3A000423946284684F82830FFF752FFD0B1A2
S3150802D3B02846FFF78AF9C0F3072384F82000C0F34A
S3150802D3C0074084F8213084F82200C6E7002386F84D
S3150802D3D020300028E2D14FF4004239462846FFF7AA
S3150802D3E038FF0028BBD14FF4804239462846FFF75A
S3150802D3F030FF98B194B1FF23284684F82830FFF706
S3150802D40064F9C0F3072384F82130636A84F820009C
S3150802D4100133C0F3074084F822006362F8BD4FF473
S3150802D420004239462846FFF714FF0028DBD0002CB5
S3150802D43093D0BDE72846FFF70AFFD4E7022994BF2F
S3150802D440012300234FF4C872A0EB0303B3FBF2F2E5
S3150802D45003F1010000EB930010444FF06402B3FBA2
S3150802D460F2F3A0EB030094BF0C23002319440C2308
S3150802D470C1EB41113E39B1FBF3F107230844B0FB76
S3150802D480F3F3C3EBC303C01AC0B2704770B50446C0
S3150802D4904FF44041C06AFFF799FE94F93610A08E00
S3150802D4A0FFF7CCFFA36B054663BBD4E90C235340B5
S3150802D4B033F07F4328D194F93330E06AE9184FF400
S3150802D4C08042BDE870400631FFF78FBEA26B32F884
S3150802D4D0261002EB8603A28E91420ED193F9021010
S3150802D4E094F93620914208D193F903104FF4004279
S3150802D4F02944E06A0631FFF778FE0136E36BB34248
S3150802D500E4D8D2E70026F9E770BD3430704770B523
S3150802D510FCF7B5FF0546F0F734FEFFF7F6FF0021E4
S3150802D52004462846F0F730FE0646E1F7EBFF64218B
S3150802D53043780278303B4B434FF47A71303A01FB19
S3150802D54002330A218278303A01FB0233C2782188F3
S3150802D550303A13443046591A00F087FF012128460B
S3150802D560F0F712FE94F90210BDE87040013900F096
S3150802D5707CBF38B50546FCF782FF04462846FCF709
S3150802D58088FF0546204600F086FF04462846FFF730
S3150802D590BCFF621C018852B22846BDE83840E1F752
S3150802D5A0D1B8F8B50446FCF76AFF05462046FCF7EB
S3150802D5B070FF0446284600F06EFF07462046FFF72E
S3150802D5C0A4FF06462846E1F79DFF034602784178FE
S3150802D5D06420303941434FF47A70303A00FB021125
S3150802D5E00A209A78DB78303A00FB0211303B19445C
S3150802D5F0C91B204696F9022089B2BDE8F840E1F730
S3150802D600A1B807B50122F0F701F903B05DF804FBEA
S3150802D61007B51522F0F7FAF803B05DF804FB70B502
S3150802D6200D4601F12C062B6B304653B9FDF7B6F9B8
S3150802D63005F13806EB6B3046E3B9BDE87040FDF7F5
S3150802D640ADB9FDF75FF904460028ECD0037C5A070A
S3150802D65002D44068DDF77EF9237C9B0702D4206852
S3150802D660DDF778F930462146FDF70CF92046DDF755
S3150802D67071F9D8E7FDF746F9044601463046FDF743
S3150802D68001F92046DDF766F9D4E710B50C461421F0
S3150802D69004F12C00FDF78EF8182104F13800FDF785
S3150802D6A089F800226423C4E91122C4E91333C4E9C0
S3150802D6B01522C4E917336FF0004203230521C4E992
S3150802D6C019230A23C4E91B1394F8743023F00F03B1
S3150802D6D043F0010384F8743010BD07B530220021E7
S3150802D6E0F0F794F803B05DF804FB07B5122200219F
S3150802D6F0F0F78CF803B05DF804FB2DE9F04385B02A
S3150802D700036F04468B420E4667D9EEF733FF05468A
S3150802D7102046D3F7BBFD94F8743007461A0705D49A
S3150802D720204605B0BDE8F043EFF7E0B803F007037B
S3150802D730012B55D12046FFF7D0FF80462046FFF73A
S3150802D740D4FF63694822034403EB08004FF4A0217F
S3150802D750C71B2046F0F75AF84FF40031804600906E
S3150802D7602046FFF74EFFA369226A00EB08015B1AFF
S3150802D77011440391216F814601398E42019313D2D6
S3150802D78005FB06F3B3FBF1F22B44B3FBF1F3A2EB71
S3150802D79008024344121A03443A443B446946204663
S3150802D7A000920293EFF777F8BEB1731E6B43226FAE
S3150802D7B0013AB3FBF2F3A3EB0803A3EB09033B44D9
S3150802D7C0009305FB06F3B3FBF2F343444B443B4495
S3150802D7D0029369462046EFF75EF805B0BDE8F08386
S3150802D7E0022B9DD100212046FFF712FF236F8046A8
S3150802D7F005442046B5FBF3F5FFF76FFF636905FBA2
S3150802D80006F9C6182046FFF770FF06446946204601
S3150802D8104E44EEF767FEF31B1D44A3EB080302957D
S3150802D8200093D6E707B510220021EFF7EFFF03B002
S3150802D8305DF804FB2DE9F04FCDB000F1140B01F1B0
S3150802D840180510AE04468A462A4659463046FBF75C
S3150802D850CCFF002800F09F8095E80F0014AF87E8F8
S3150802D8600F00DAF820300D900C9396E80F0085E841
S3150802D8700F00236F012B40F28E802046FFF72DFF03
S3150802D88007462046FFF731FF06462046FFF7CAFF3E
S3150802D89002902046EEF76EFE08902046EEF77AFED4
S3150802D8A06369049020460393D3F7F0FCA3690590B5
S3150802D8B020460693EFF756FA2A468046594618A88E
S3150802D8C0FBF793FF002866D020A8F1F79EFC4FF4D9
S3150802D8D0A02120AA2046EEF732FA30A8D6F7DEFBB8
S3150802D8E030AA4FF400312046EDF7A2FF4FF400317B
S3150802D8F02046FFF786FE00EBD0704FEA6009022247
S3150802D9004FF400312046EFF781FF1C9000EBD070F0
S3150802D91043100193019A2C9B4A45A8BF4A4603EB3A
S3150802D920D371B2EB610FC8BF9DF8BD203E44C4BF98
S3150802D93042F010028DF8BD20012B08BF9DF8BD30BC
S3150802D940069A04BF43F010038DF8BD30039B1E44AC
S3150802D950059BF31A0993029B3B441344A3EB080362
S3150802D9600B93236F0A9304F12C0318460793FCF7CB
S3150802D970D6FF0138229032900798FCF7C6FF064672
S3150802D9800C9B4B4401330F9346B90AF1180414ABA6
S3150802D9900FCB84E80F004DB0BDE8F08F337C13F04F
S3150802D9A001030BD0229B013B2293329B013B32930C
S3150802D9B031460798FCF7B0FF0646E5E7B2683189B3
S3150802D9C0ADF8AC20120C8DF8AE20B27A23938DF8FE
S3150802D9D0E32094F8742033931207099A58BFF36820
S3150802D9E027922992327CADF8E110C2F300127168CF
S3150802D9F004EB8202506C51F8235004992D1A4D43B8
S3150802DA00D26C0C93121A95FBF2F50B9A4D1B154420
S3150802DA100022904606920D9A2A95A2EB09020295D1
S3150802DA200E92226F424522D80A990898814227DA2D
S3150802DA30424525D1726852F823206FF000439A4274
S3150802DA401ED0299B5046A3EB09024B441C921E93F7
S3150802DA50019A2A9B30A99A1A1D92019A13441F9376
S3150802DA601CAA08F1FF333393F1F787FC08E02998DB
S3150802DA700F99DDF8A8E088422790CDF8A0E006DDE8
S3150802DA80329B013B3293229B013B229390E7069FEE
S3150802DA90511EB7FBF1F1099F96F810B039440C9F55
S3150802DAA0CBF3001B4744B7FBF2FC02FB1C72D6F809
S3150802DAB004C0299104EB8B0B03910592DBF8441001
S3150802DAC05CF82220049F521A7A43DBF84CB0ABEB7F
S3150802DAD0010B92FBFBF7049A0399D71B0B9A17447F
S3150802DAE00E9A2A97013A914231DBB8F1000F2ED0ED
S3150802DAF00A9A08994FEA830B8A4230DB5CF823209C
S3150802DB006FF000439A4222D0059A5CF822209A4284
S3150802DB101DD0029BBD42B8BF3D46BB42A8BF3B468D
S3150802DB200293039B984212D0591E029B29919D4249
S3150802DB3008BF01352A953D46029B2791504620A9E2
S3150802DB402893F1F77CFB299B029701332993069BBD
S3150802DB50089A08F1010813440693059B61E7A0EBAE
S3150802DB6009021C92019A4844AEEB02021D92019ADE
S3150802DB701E9072441F925CF823206FF000439A426B
S3150802DB800AD0059A5CF822209A4205D0504620A966
S3150802DB90CDF88C80F1F753FBB9F1000FD7D0019B72
S3150802DBA0002BD4D0736853F80B206FF000439A42C7
S3150802DBB0CDD008F1FF3350461CAA30A93393F1F7AA
S3150802DBC0DCFBC4E72DE9F04F87B0894617461E46A7
S3150802DBD0044600B9FEE701B9FEE7036F934205D88A
S3150802DBE000203060706007B0BDE8F08FEEF7C2FC27
S3150802DBF005462046EEF7CEFC94F87430029003F000
S3150802DC000703012B44D17D43236F013BB5FBF3F593
S3150802DC1035602046FFF761FD05462046FFF765FD9C
S3150802DC2033682844034433602046D3F72FFB33680E
S3150802DC3099F810201B1A336094F87430C2F3001254
S3150802DC401B074CBF0023D9F80C3004EB82021F4491
S3150802DC50236F516CB7FBF3F003FB1077D9F8043046
S3150802DC60029853F82730D26C5B1A4343521A93FB35
S3150802DC70F2F3C31A73602046FFF7D4FD73680544AE
S3150802DC802B4473602046EFF76DF87368181AA9E7F4
S3150802DC90032B11D199F81010D9F80000C1F3C0016D
S3150802DCA0009504EB8101CA6D0023496D50F82700DF
S3150802DCB0FCF772FF3060ACE7022BAAD104F12C0BF9
S3150802DCC05846FCF72CFE4FF4A02182462046FFF761
S3150802DCD09FFC002104902046FFF79AFC236F0390CD
S3150802DCE0591E01FB1058B8FBF3F8A5EB08037B4352
S3150802DCF0B3FBF1F358463360FCF707FE00230146EF
S3150802DD00B9B9039A216F15447D43049AB5FBF1F517
S3150802DD100AF1FF3103FB08F302FB1188B3FBFAF39E
S3150802DD20B8FBFAF82B4408EBD87803EB68033360A0
S3150802DD306FE78945E5D0013358460593FCF7ECFDB4
S3150802DD40059B0146DCE72DE9F04FE7B000F1380301
S3150802DD50054618468A460093FCF714FE002849D160
S3150802DD600AF1180602AC3146204605F11402FBF701
S3150802DD703CFD00283ED096E80F0006AF87E80F0064
S3150802DD8094E80F0086E80F000EA8F1F73EFA4FF462
S3150802DD90C0210EAA2846EDF7D2FF2EA8D6F77EF99D
S3150802DDA02EAA4FF4C0212846EDF742FD4FF4C021B2
S3150802DDB02846FFF726FC00EBD0704FF4C0214FEA45
S3150802DDC060082846FFF71DFC00EBD0704FEA600991
S3150802DDD00098FCF79AFDB9F1000318BF0123B8F1C0
S3150802DDE0000F08BF00230446019334B906AB0FCBD4
S3150802DDF086E80F0067B0BDE8F08F40220EA91EA87C
S3150802DE00FDF7F7FF70222EA94AA8FDF7F2FFE3688D
S3150802DE10A289ADF8A4301B0C8DF8A630A37BADF809
S3150802DE2049218DF84B31637DDA075AD5D4E9003793
S3150802DE306A69A96902EB030B0F44ABEB08010A9165
S3150802DE4008EB0B010C91A7EB09010B9109EB0701F2
S3150802DE500D91217D8B0719D011F0010F08BF5A4683
S3150802DE608807CDE9252754BF5A46EA695046CDE9BF
S3150802DE70272700221EA921924D92F1F7E0F9019B6C
S3150802DE8023B150460AAA4AA9F1F777FA227D12F077
S3150802DE900C0F1AD0510754BF3946A96913074FF018
S3150802DEA0010348BF2F6ACDE9261B50461EA92193B6
S3150802DEB04D93CDF894B02897F1F7C1F9019B23B198
S3150802DEC050460AAA4AA9F1F758FA109B0133109349
S3150802DED0309B0133309321460098FCF71DFD04461A
S3150802DEE083E76FF00043A2689A42F4D00AAB284649
S3150802DEF02169FFF767FEDDE90A3799E738B591F830
S3150802DF0030300C4613F0010503D1C86ADCF722FD4E
S3150802DF10E56238BD2DE9F04FCBB00546FCF7AFFAFE
S3150802DF2004462846EEF703F95A22002104902046B1
S3150802DF30EFF76CFC05902E90FAF707FC27220021D2
S3150802DF4080462046EFF762FC302200212E90C7B2A7
S3150802DF502046EFF75BFC102205462E90002120464C
S3150802DF60EFF754FC012F2E9000EB050B40F0B3801F
S3150802DF70132200212046EFF749FC05462E9015226A
S3150802DF8000212046EFF742FC12224FF400312E9070
S3150802DF9006462046EFF73AFC13224FF400312E903C
S3150802DFA082462046EFF732FC10224FF400312E90BB
S3150802DFB081462046EFF72AFC11224FF400310690DB
S3150802DFC02E902046EFF722FC68224FF400312E905D
S3150802DFD009902046EFF71AFC69224FF400310790A0
S3150802DFE02E902046EFF712FC08902E902EA8D6F710
S3150802DFF055F84FF4003120462EAAEDF719FC012FE9
S3150802E000099B70D1E269521B0F92A2EB0802A2EB9E
S3150802E0100A02A2EB090201320D92A1690698594435
S3150802E02001EB080202440D981A44CDE911010E913A
S3150802E0300F99013ACDE91312109211A8DDE90712D8
S3150802E040FBF7B9FB049811AA2EA9F1F796F95C22F7
S3150802E05000212046EFF7DAFB5B2281460021199060
S3150802E0602046EFF7D3FB00256FF06042CDE9012584
S3150802E070CDF800900346059AE16A19900BA8FDF7B8
S3150802E0803BFB19A8D5F73EFD19AA29462046EDF706
S3150802E09094FDE36A0DA82093FBF7F3FEA0EB0800B4
S3150802E0A000EBD070012F0B9A4FEA600024D10D9B2A
S3150802E0B09B1B17939B1A1593A3690C9A5B440344FB
S3150802E0C01A441892049815AA19A91693F1F772F820
S3150802E0D04BB0BDE8F08F122200212046EFF796FBDF
S3150802E0E02E9005444BE7626915440D9545445544FF
S3150802E0F04D44013D0F9590E70F9B1E4432441596F9
S3150802E1001792D9E70022CB6ADA627047C06A10B161
S3150802E1100021F0F739B8704773B50446FFF7F6FFE2
S3150802E120064618B3EEF723FA05462046EEF732FA04
S3150802E13085421BDD5A2200213046EFF767FB019024
S3150802E140FAF703FB5C22054600213046EFF75EFB31
S3150802E150216C054401900022E06A6943D3F708FA64
S3150802E160E06A02B0BDE87040EEF7C0BB02B070BD0F
S3150802E17010B50C464FF480612046EDF701F82046AB
S3150802E1800421ECF7FDFF20464FF40031EDF74DFA76
S3150802E19020460121EDF749FA2046BDE81040E2F78C
S3150802E1A017BC38B5C86A0C4618B1F0F74DF8002303
S3150802E1B0E36294F84C3013F0100503D1A06BDCF738
S3150802E1C0C9FBA56338BD2DE9F047A2B014464FF640
S3150802E1D0FF72944206460F4661D0C56A0DA8B5F885
S3150802E1E0288098451FBF2B8595F82A3043F00803E7
S3150802E1F085F82A30D5F786FC4FF4802128460DAAE1
S3150802E200EDF7DBFC5C224FF480212846EFF7FEFA95
S3150802E21009901B903046FFF779FF064600283ED044
S3150802E2201598FAF792FA1B99B3690A1804FB02328F
S3150802E23001EBD173A2EB630202926B6902440A44B0
S3150802E240013A019307F11804EB690DF1140A0492D5
S3150802E2502146504601AA0393FBF7C7FAB8B194E8D8
S3150802E2600F000DF1240989E80F009AE80F0084E8E7
S3150802E2700F00304600F019FF06F1140214900DA99A
S3150802E2803846F0F797FF99E80F0084E80F0095F8EB
S3150802E2902A30A5F828806FF3C30385F82A3022B0FE
S3150802E2A0BDE8F0872DE9F047A0B092464FF6FF7217
S3150802E2B0924505460E464AD0C46A5A22278D4FF41D
S3150802E2C080219F421CBF238594F82A3020461CBF12
S3150802E2D043F0080384F82A30EFF798FA4FF48021BE
S3150802E2E05C22814604902046EFF790FA8046049015
S3150802E2F04846FAF72AFA81462846FFF707FF82694F
S3150802E30009EB08030AFB032208EBD873A2EB6302A4
S3150802E31001924A44EB6A4244013A03925A69DB691A
S3150802E32004A802930092D5F7B9FE4FF4802120463D
S3150802E33004AAEDF77DFA6A46304604A9F1F71DF8F4
S3150802E34094F82A3027856FF3C30384F82A3020B05D
S3150802E350BDE8F087F7B506460D46FFF7D7FE044631
S3150802E360C8B183695A220021ED1AEFF74FFA0190D4
S3150802E370FAF7EBF95C22074600212046EFF746FA40
S3150802E38000EBD07305EB6305074495FBF7F0F36BD7
S3150802E390834200D8581E03B0F0BDF8B504460D46B0
S3150802E3A001B9FEE700230139C363E26B11F8013FA5
S3150802E3B00132B3B92846C4E90F236364FDF75CFE4C
S3150802E3C0471CA06B38B194F84C3013F0100602D1F2
S3150802E3D0DCF7C0FAA6633846DCF7A2FAA06320B9CE
S3150802E3E0FEE70A2B08BFE263DFE72946FDF74BFE85
S3150802E3F094F84C3020466FF3041384F84C30EEF749
S3150802E40075FAE06A18B1BDE8F840EEF76FBAF8BDDA
S3150802E41038B504460D4601B9FEE700230139C36340
S3150802E420E26B11F8013F0132D3B9C4E90F236364E1
S3150802E43094F84C30DB0603D4A06B08B1DCF78AFAF1
S3150802E44094F84C30204643F0100384F84C30A56308
S3150802E450EEF74CFAE06A38B1BDE83840EEF746BA4C
S3150802E4600A2B08BFE263DBE738BD10B5036C044626
S3150802E4708B420FD0C36B8B4298BF03F1FF31C36A3D
S3150802E480C0E910110BB1FFF747FE2046BDE8104060
S3150802E490EEF72CBA10BD006C7047F8B50446806BCF
S3150802E4A00D46164660B1FDF7E7FD0023194681427F
S3150802E4B002D0626C9A4205D1002306F1FF3C0AE0BB
S3150802E4C00870F8BDA26B525C01310A2A08BF0133F3
S3150802E4D0EDE7EA540133CA18824207D2A76BBA5C3F
S3150802E4E00A2A03D0002EF4D09C45F2D80022EA5418
S3150802E4F0E7E72DE9F04FDDB00546FBF7C0FF044616
S3150802E5002846EDF714FE3022002183462046EFF70F
S3150802E5107DF91222054600213C902046EFF776F94E
S3150802E5201322431900213C9020460593EFF76EF912
S3150802E5303C9000EB05090CA8D5F7E4FA4FF4003134
S3150802E54020460CAAEDF739FB276B2FB98022204605
S3150802E5503CA9FFF7A2FF3CAF27220021204694F8E8
S3150802E5604C60EFF753F9C5B2012D219004D006F09D
S3150802E5700F06731E5D425D41606B002833D0F0F7CB
S3150802E5806AFC022880466BD19DF87B30149A029366
S3150802E5906FF0604301931A9B21A80093616B1B9B42
S3150802E5A0FDF7AAF8DDE921A62046A36909933344B3
S3150802E5B0013B0B9350F8143F08935344013B0A93CB
S3150802E5C0002D5BD0002307220093059B08A9FBF7C1
S3150802E5D0B6FAB8F1020F56D1636B584608AA0CA9C7
S3150802E5E01393F0F7E7FD21A8D5F78CFA0021204608
S3150802E5F021AAEDF7E2FA9DF8CF30299A02936FF035
S3150802E600604301932F9B06A800933946309BFDF77A
S3150802E61073F86369069A08931344013B079A0A93A7
S3150802E620A36904F1140009931344013B0B93636B2A
S3150802E630002B4BD10922009308A9FBF780FA236B1A
S3150802E64028972BB99DF8D03043F040038DF8D03087
S3150802E650584608AA21A9F0F7ADFD5DB0BDE8F08FCE
S3150802E660606B21A9F1F7DDF8012815BF4FF0FF36D7
S3150802E670BDF888A0B246BDF88A6095E708220095DB
S3150802E680C9F10003A2E721A8D5F7AEF906EBD676BB
S3150802E690204621AA4FF400310AEBDA7AEDF7F2FAAC
S3150802E6A072104FEA6A0131A8FBF7FAFB6E224FF4A1
S3150802E6B000312046EFF7AAF8636B06902C9008AA59
S3150802E6C0584621A92893F0F791FC8CE72DB100232F
S3150802E6D008220093C9F10003AEE70722059B0095BD
S3150802E6E0AAE72DE9FF4104460121ECF786FD2046FB
S3150802E6F0E56AEFF73EFD01462846EFF7DAFD4FF0E9
S3150802E700FF31E06AEFF745FE0121E06AECF738FDD2
S3150802E710002223212046EDF772FC2046FFF7F6FC7D
S3150802E7200646A16B00F0A1FC6FF04041E06AEDF7E6
S3150802E73070FE3046D2F730FBE06AEDF715FF054664
S3150802E7402046EDF711FF854210DC4FF4887394F8E2
S3150802E7504C2002F00F02D340DB0707D52046E56AB4
S3150802E760EDF702FF01462846EDF753FE3046EDF770
S3150802E770FEFE302205460021E06AEFF747F810222E
S3150802E780804600210390E06AEFF740F8112200EB79
S3150802E790080703900021E06AEFF738F83D4400EBDA
S3150802E7A008031D4494F84C30039003F00F07082F12
S3150802E7B067D1236A05EB0308D4F7CEF9D4F7ECF947
S3150802E7C0804564DDD4F81880D4F7C6F9D4F7E4F99D
S3150802E7D0236AC01A80454CDD0427A369013BAB4274
S3150802E7E0A8BF2B46E06A1946EDF72AFE2046FFF730
S3150802E7F093FC082F5FD100230D2221460093E06A7D
S3150802E800D2F7E8FAE06AD2F7C7FA94F84C3003F07E
S3150802E8100F03013B012B19D8E06AEDF77FFE074685
S3150802E820E06AEDF78EFE0546D4F796F9D4F7B4F901
S3150802E830A8420BDCD4F82C80D4F78EF9D4F7ACF9BD
S3150802E8402D1A791B40460139EDF7C1FD0021A26B4D
S3150802E8503046EFF731F90023022801461A4602D05C
S3150802E860032818BF0121304604B0BDE8F041EDF790
S3150802E8702BBED4F771F9D4F78FF9236AC31A013B71
S3150802E880ADE7042F03D1D4F81880A84501DB2B463F
S3150802E890A5E7D4F761F9D4F77FF9236AC01A804548
S3150802E8A007DAD4F759F9D4F777F9236A0827C31A86
S3150802E8B095E7A36993E7042FE06A04D100230A22A5
S3150802E8C0009321469CE7012F03D1002310220093CF
S3150802E8D0F7E7022F96D1002313220093F1E710B52A
S3150802E8E001210446ECF79FFC4FF6FF73E06A01210B
S3150802E8F0A364ECF79AFE2046BDE8104000222421C4
S3150802E900EDF77DBB08B50121C06AECF79AFC80F0E9
S3150802E9100100C0B208BD37B50446D7F731FC054633
S3150802E920F9F765FF50BB2046FFF7ECFF00B3204618
S3150802E930FFF7D5FFD4E910329A420BD020212046A0
S3150802E940636401AA0193EDF75AFB01281ED12046FA
S3150802E950EDF7CCFF2846F9F723FF042816D12046FF
S3150802E960ECF783FC002103B0BDE83040ECF7E2B8CF
S3150802E970204603B0BDE83040FFF7B3BE2046636CBD
S3150802E980236403B0BDE83040EDF7B0BF03B030BD35
S3150802E99010B591F858300C4603F00303013B012BDE
S3150802E9A00AD8C86ADBF7D6FF0023E36294F8583020
S3150802E9B043F0030384F8583010BD38B504460D46B3
S3150802E9C0C16B006DFBF77BFA216C2860606DFBF763
S3150802E9D076FA686038BD2DE9F0438BB00446904656
S3150802E9E08946D2F7D9F92046EDF7BEFD05462046F7
S3150802E9F0EDF7BDFD064604AF39462046FFF7DDFFB3
S3150802EA000297B4F84C3032460193B4F84830294696
S3150802EA100093636C06A8F0F72BFA6269069B511EEF
S3150802EA200B440693A3690799581E0144079108994E
S3150802EA3001321144099A01331A442046089106A95B
S3150802EA400992EDF728FFC4E912982046D3F7F0F9A0
S3150802EA5080460021D4F70AFA2046EDF793FA404693
S3150802EA600121D4F703FA0297B4F84C3032460193DF
S3150802EA70B4F8483029460093636C06A8F0F7F8F90B
S3150802EA806269069B511E0B440693A3690799581E91
S3150802EA9001440791089901321144099A01330891F0
S3150802EAA01A44204606A90992EDF7F5FE0BB0BDE811
S3150802EAB0F0832DE9F0418AB090F85930044603F004
S3150802EAC00F030A2B0D466DD8B5F5616F64DA002D72
S3150802EAD065DB636CAB425CD02046D2F75DF9204613
S3150802EAE0EDF742FD06462046EDF741FD804604AFA6
S3150802EAF039462046FFF761FF0297B4F84C30424682
S3150802EB000193B4F8483031460093636C06A8F0F7CF
S3150802EB10AFF96169069BA2690B440693079B2046D7
S3150802EB2013440793089B0B440893099B06A91344AD
S3150802EB300993EDF7B0FE65642046D3F779F90546E1
S3150802EB400021D4F793F92046EDF71CFA012128464D
S3150802EB50D4F78CF90297B4F84C3042460193B4F8CC
S3150802EB60483031460093636C06A8F0F781F961696B
S3150802EB70069BA2690B440693079B204613440793F8
S3150802EB80089B0B440893099B06A913440993EDF7BE
S3150802EB9082FE0AB0BDE8F081A5F5616594E705F540
S3150802EBA0616594E7002594E72DE9F0418AB090F86B
S3150802EBB05930154603F00F030A2B88BF00250E4667
S3150802EBC088BF2E46036D0446B34202D1436DAB425B
S3150802EBD066D02046D2F7E0F82046EDF7C5FC074690
S3150802EBE02046EDF7C4FC804604A92046FFF7E5FE59
S3150802EBF004AB0293B4F84C3042460193B4F8483059
S3150802EC0039460093636C06A8F0F732F96169069BE8
S3150802EC10A2690B440693079B204613440793089B55
S3150802EC200B440893099B06A913440993EDF733FE8F
S3150802EC302A46314604F15000FBF732F92046D3F74B
S3150802EC40F7F805460021D4F711F92046EDF79AF9A7
S3150802EC5001212846D4F70AF9204604A9FFF7ADFE92
S3150802EC6004AB0293B4F84C3042460193B4F84830E8
S3150802EC7039460093636C06A8F0F7FAF86169069BB1
S3150802EC80A2690B440693079B204613440793089BE5
S3150802EC900B440893099B06A913440993EDF7FBFD58
S3150802ECA00AB0BDE8F08138B590F85930044603F049
S3150802ECB00F030B2B1FD10021FFF7FBFE0022204674
S3150802ECC01146FFF771FFE36B1BB3236C0BB32046A8
S3150802ECD0EDF74AFCE36B0502204695FBF3F5EDF7E3
S3150802ECE046FC226C000290FBF2F229462046BDE859
S3150802ECF03840FFF770BE0C2B0BD10021FFF7D9FE67
S3150802ED00002220461146FFF74FFF4FF48072114644
S3150802ED10ECE738BD2DE9F0418AB00E460446EDF718
S3150802ED20E5FD3046F0F797F80328054614D194F81E
S3150802ED30583003F00303013B012B02D8E06ADBF7E4
S3150802ED4009FE0023E36294F8583043F0030384F87B
S3150802ED5058300AB0BDE8F081304607A9F0F761FDE0
S3150802ED600128F6D1B5BB94F8583003F00303013BEA
S3150802ED70012B02D8E06ADBF7EDFDE662BDF820302A
S3150802ED809DF81D00E363BDF822308000236494F8E1
S3150802ED90583000F07C0005F0030523F07F03284372
S3150802EDA0184384F858002046EDF727FC2046FFF75B
S3150802EDB07AFF636C3BB9A36CB3F5807F03D1E36C2E
S3150802EDC0B3F5807F02D02046EDF7DCF82046EDF752
S3150802EDD08DFDBEE76B1EDBB2012BCFD8E76AB742C1
S3150802EDE00BD094F85830304603F00303013B012B4D
S3150802EDF02CD9FDF75BF960B3E062022DBED15A2227
S3150802EE0000212046EEF702FD5B2207460021059007
S3150802EE102046EEF7FBFC5C22804600210590204640
S3150802EE20EEF7F4FC6FF0604300220590CDE901325B
S3150802EE30009043463A46314605A8FCF75DFC059B19
S3150802EE40ADF82030069BADF8223097E7FDF72EF98C
S3150802EE5000B9FEE7E062002FCFD03846DBF77AFD2D
S3150802EE60CBE710B590F85C3004469B0603D5006BD9
S3150802EE7008B1DBF76FFD94F85C306FF3451384F83D
S3150802EE805C300023236310BD10B50C460846FFF715
S3150802EE90E8FF94F85C301B0702D4E06ADBF75AFDF8
S3150802EEA00023E36210BD8165EDF720BD4165EDF7EC
S3150802EEB01DBD70B50C46022C054619461046DDE9FD
S3150802EEC00423069E10D1FCF7EBFB04463046FAF7FC
S3150802EED0D3FF04EBD4742B6800EBD0706410C4EB38
S3150802EEE0600423442B6070BD032CFCD1FCF7D8FBCD
S3150802EEF004463046FAF7C0FF2B68001B0344F1E7C5
S3150802EF00022A02D0032A0ED07047436B002BDCBFBD
S3150802EF104B6B43634B6C43640B6C03640B69036171
S3150802EF208B6B83637047436B002BDCBF4B6B43636E
S3150802EF304B6C43640B6C03640B690361704707B53A
S3150802EF405C220021EEF762FC03B05DF804FB07B50C
S3150802EF505B220021EEF75AFC03B05DF804FB07B505
S3150802EF605A220021EEF752FC03B05DF804FB37B5CE
S3150802EF700122002190F85C400546EEF747FC6FF047
S3150802EF8040439842C4F3001401900ED10522002191
S3150802EF902846EEF73BFC6FF06043984205D195F898
S3150802EFA02B301B0758BF44F00204204603B030BD7D
S3150802EFB0F8B50D460446EDF799FC05B9E56A284603
S3150802EFC0FDF75AF8461CE06AA8420FD194F85C305D
S3150802EFD01B0714D431462846DBF7C6FC28B1E06283
S3150802EFE02046BDE8F840E1F7DBB8FEE738B194F809
S3150802EFF05C3013F0080702D1DBF7ACFCE762304657
S3150802F000DBF78EFCE06200B9FEE72946FDF73BF81E
S3150802F01094F85C306FF3C30384F85C30E0E70EB40F
S3150802F02077B5079E044606B9FEE7EDF75FFCE06A88
S3150802F03038B194F85C3013F0080502D1DBF78AFC84
S3150802F040E56208A930460191FCF700FB94F85C30AA
S3150802F050E0626FF3C303204684F85C30E1F7A0F858
S3150802F06003B0BDE8704003B0704770B590F85C30E5
S3150802F070044613F008060D4604D1C06A10B1DBF740
S3150802F08069FCE66235B194F85C30E56243F0080340
S3150802F09084F85C302046BDE87040E1F781B84164E7
S3150802F0A0EDF724BC8164EDF721BCC06A704701B94B
S3150802F0B0FEE7E0F7BBBF2DE9F04F91B006468A4658
S3150802F0C001B9FEE70CA9EDF775FAF36A0CA80393E2
S3150802F0D0FAF7D2FE05900CA8FAF7D3FE0690304648
S3150802F0E0FFF73DFF80463046FFF729FF04463046C4
S3150802F0F0FFF72DFF07464046F9F727FB81463046BC
S3150802F100FFF735FF0025834604EB09030793039BA4
S3150802F1102B440293039B5B5DA3BB2C46002130461E
S3150802F120F26AEEF7C9FC022850D13B464246611BF9
S3150802F1300298FCF7B5FA06460CA8FAF79DFE06EB06
S3150802F140D67600EBD0707610C6EB600600230995DA
S3150802F150CDE90A33002C62D1A146DDE90A124046FE
S3150802F160F9F7BEFADAF80020A9EB07039A4259DB47
S3150802F170C31901334B449A42CCBF0020012011B077
S3150802F180BDE8F08F079B4B440493049A069B93426F
S3150802F19009DA96F85C3003F00703012B04BF4BF03B
S3150802F1A004035FFA83FB00233A4600934146059B14
S3150802F1B00298CDF804B0DAF7B9FDDAF804302C185B
S3150802F1C04B45ABDD2546DDF81090A0E703280BD1A9
S3150802F1D03B464246611B0298FCF762FA06460CA8B1
S3150802F1E0FAF74AFE861BB1E70026AFE7099DB14644
S3150802F1F03E18099B9C42B0D309AB03980BAA0AA9ED
S3150802F200FCF73DFADDE90A124046F9F769FADAF837
S3150802F210003030448342E9DAB14609959DE79946BA
S3150802F220013CE6E70020AAE7406C7047806C70470D
S3150802F23010B508460C46FDF748FAC0F3072384F8CA
S3150802F2402D30FF2384F82C0084F82F30C0F30740B2
S3150802F25084F82E0010BD00F0C043B3F1005F17D149
S3150802F2606FF0604220F0C043934211D06420B3F19C
S3150802F270805FA2BFC3F17F6303F57F2303F6FF73A3
S3150802F2804B4393FBF0F08842A8BF084620EAE07099
S3150802F29070470023C1E90B3391F83430084623F04E
S3150802F2A0030381F834300221EBF76ABF01F15C00EF
S3150802F2B0FBF774BB10B50C4601212046F9F79DFDF4
S3150802F2C02046BDE810400221EBF75ABF10B50C469E
S3150802F2D000212046F9F791FD0223204600211A460D
S3150802F2E0F9F797FD2046BDE810400221EBF748BF23
S3150802F2F010B5FBF7CEF8436B04464BB1006C38B138
S3150802F300D96A99B1FFF754FE0121206CEBF738FF51
S3150802F310A36CA3B1606D90B1D96A59B1FFF748FEE3
S3150802F320606D0121BDE81040EBF72ABF0121ECF719
S3150802F3307CF9EDE70121BDE81040ECF776B910BD7E
S3150802F34010B591F830300C461BB9C86A08B1DBF71C
S3150802F35001FB0023E36284F8303010BD10B508467D
S3150802F3600C46EEF70EFFC16A2046EEF7A2FF2046CC
S3150802F3700121F9F742FD0223204600211A46F9F730
S3150802F38048FD2046BDE810404FF48041ECF74DB9E0
S3150802F39010B50446806B78B3636B6BB394F86A1046
S3150802F3A0C1F34101012906D002291ED051B9EEF74F
S3150802F3B0F0FF012103E00021EEF7EBFF0021606B6D
S3150802F3C0F9F73FFDA06BD1F723FA606BD1F720FA64
S3150802F3D0A06BD1F7E1FCA06BEDF7DCF8012130B99F
S3150802F3E0A06BBDE81040ECF720B90121DFE7A06B5E
S3150802F3F0BDE81040EBF7C4BE10BD036D8B4209D0C1
S3150802F400C36B8B4208D190F8690001288CBF002093
S3150802F41001207047012070470020704710B5044646
S3150802F4205C30FBF7BBFA002384F8683010BD38B5A8
S3150802F4300446406B0D4610B1E16AEEF73AFF002D1D
S3150802F4403ED004F15C00FBF7BDF900B9FEE70560A2
S3150802F45094F8683028460133216B84F86830EEF751
S3150802F46028FFA06D656320B1A36C012163B3EBF796
S3150802F470C4FEA36C93B394F86A30D9070AD51A075F
S3150802F4804FF00101206D22D5EBF77AFE0221206D9D
S3150802F490ECF7CBF894F868300121012BE06B27D9F9
S3150802F4A0EBF76EFE0221E06BECF7BFF8204600226E
S3150802F4B02021ECF7A4FD2046BDE83840FFF768BFD7
S3150802F4C02046FFF7ABFFCCE7EBF7ADFED1E7ECF74B
S3150802F4D0ACF80221206DEBF753FEDBE794F86830AF
S3150802F4E00121012BE06BDBD894F86A301B07D7D4CD
S3150802F4F0ECF79BF80221E06BEBF742FED6E7F8B58C
S3150802F5000446FAF7C0FF072840D12046FAF7B7FFA4
S3150802F51005462046FAF7BDFFC36B04469D4202D054
S3150802F520036D9D4232D194F868302946204684F804
S3150802F5306930FFF762FF48BB04F15C073846FBF700
S3150802F540E1F9014606463846FBF7E2F90546E8B10F
S3150802F55031463846FBF796F93046DBF7FBF994F85D
S3150802F56068302946013B384684F86830FBF78AF941
S3150802F57094F868302046013B84F868302968FFF71A
S3150802F58056FF2846BDE8F840DBF7E4B9F8BDECF7C4
S3150802F5901EBF07B55A22EEF739F903B05DF804FB28
S3150802F5A00021EEF7F1BD07B55C220021EEF72EF930
S3150802F5B003B05DF804FBF0B585B00E46002105469A
S3150802F5C0FFF7E7FF4FF4802104462846FFF7E1FFDD
S3150802F5D007462046F9F7B9F804463846F9F7B5F862
S3150802F5E007462846FFF7DFFFE31903EBD37300EB61
S3150802F5F063072846AC69ECF7BAFF00EBD07004EB58
S3150802F600600307EBD772A3EB620373603B44F360B4
S3150802F61069462846ECF766FF009B3360029BB36097
S3150802F62005B0F0BDF8B590F83C30044603F0030384
S3150802F630012B34D1826BC16A036BB1FBF2F1B3FBC6
S3150802F640F1F552084A4301FB15331344B3FBF1F5AE
S3150802F650036301FB1533134400214363FFF799FF44
S3150802F66005462046FFF79FFF06462846F9F76DF836
S3150802F67007462046ECF78EFF05462046FFF790FF21
S3150802F68007EBD773216B05EBD5755B10C3EB6503E7
S3150802F6903E4401FB1631BDE8F840ECF798BEF8BDCA
S3150802F6A008B50068EEF76DFDBDE80840FFF7BABF7A
S3150802F6B02DE9F74F04460E461546FFF771FF00235C
S3150802F6C00746C4E90C33E362721EE36A12F8018F35
S3150802F6D00133B8F1000F13D1E36294F83C30A5B9AF
S3150802F6E065F301033146384684F83C30FFF760FC7F
S3150802F6F03846236B636303B0BDE8F04FECF742BCB0
S3150802F700B8F10A0F08BFE362DFE7012262F30103D9
S3150802F710414684F83C302046FFF73BFFD4F82C904C
S3150802F720F9F713F85B22414605462046EEF76EF8CE
S3150802F7304FF47A73054409FB05F593FBF5F30F2B92
S3150802F740A8BF0F23032BB8BF0323DA0758BF013319
S3150802F750A3633046FCF790FCA56B00F1010900FB98
S3150802F7600555012D38BF01252846DBF7D9F84FF094
S3150802F770000A8046A26B09EB000B924515D30023BB
S3150802F7804544414605F8013C3846FFF711FC404618
S3150802F790DBF7E0F8A36BE16A5A084A434B43204673
S3150802F7A02263E362FFF73EFFA2E73146FCF76BFCF2
S3150802F7B00A2358460AF1010A0BF8013CDAE72DE951
S3150802F7C0F04FB5B00546FAF75EFE06462846FAF742
S3150802F7D056FE1A2E044618D12846ECF7A8FC05460A
S3150802F7E014A92046FFF7E7FE18A8D4F757FC4FF4EA
S3150802F7F08021204618AAECF71BF8284614AA18A94D
S3150802F800EFF7BBFD35B0BDE8F08F1D2EFAD12846BD
S3150802F810ECF78DFC814618A8D4F774F918AA4FF4A8
S3150802F82080212046ECF7C9F909F11805204608A9EE
S3150802F8300DF13008FFF7BFFE2946404608AAF9F738
S3150802F840D4FF0028DED02046FFF7AAFE0746FFF7B8
S3150802F8502CFCDDE9266B05902046DDF880A0ECF746
S3150802F86083FE01225B46CDE90102059952460096BE
S3150802F87006A8FBF741FF2046ECF779FE002106466B
S3150802F8802046FFF786FEC368BA6903EBD37302EB19
S3150802F8906302A369834606EBD67603EB660338460C
S3150802F8A04FEA660AD61AECF762FEDBF80C30A26952
S3150802F8B0C01A0028C4BFB60396FBF0F6209B9244F2
S3150802F8C0DB68079A0021D21A724303EBD3730AEB59
S3150802F8D0A23620463022A6EB6306EDF797FF1222E0
S3150802F8E08346002114902046EDF790FF82461322A4
S3150802F8F0002114902046EDF789FF63699A440AEBC2
S3150802F9000B03CDE91036E36914AC1B1AA3EB0B0300
S3150802F9101293079B334413939DF8AB3043F00103CC
S3150802F9208DF8AB3095E80F0084E80F0098E80F00D1
S3150802F93085E80F003846FFF7B8FB10AA1F9018A9EA
S3150802F9404846EFF737FC94E80F0085E80F0059E7B9
S3150802F9502DE9FF414FF4807804460E4645460027B6
S3150802F9608CB94FF4803202AB0093304692FBF8F31F
S3150802F970019492FBF5F27942CDE90244FAF76EFA5E
S3150802F98004B0BDE8F0816E2200212046EDF73EFF65
S3150802F990029038446C22002107B22046EDF736FF62
S3150802F9A06D220546002102902046EDF72FFF012D14
S3150802F9B0B8BF012501280290B8BF012008FB00F054
S3150802F9C008FB05F54FEA20282046EEF7DAFB2D124A
S3150802F9D00446C5E770B586B00546FFF7E1FD04465D
S3150802F9E0E8B14FF480212846FFF7D3FD5B224FF496
S3150802F9F0802106462846EDF709FF0546049020466B
S3150802FA00FFF753FB00236FF060420146CDE901235D
S3150802FA10009304A82B463246FBF76EFE049806B0FE
S3150802FA2070BDF0B490F83C400B4604F00304012C78
S3150802FA301146C26A16D1846BB2FBF4F4A34211D200
S3150802FA40056BB5FBF4F76743ED1BEE1A1FFA86FC46
S3150802FA5036B2002ECCBF66467642B6EB540F0AD8AB
S3150802FA601C46E319934228BF02F1FF33C0E90C335F
S3150802FA70F0BCE1F755BC9D428CBFE4181C1BF0E7AD
S3150802FA802DE9F04F85B000240646B0F84870036C9D
S3150802FA90C7F30E07D0F844A0039307F1FF3B00F122
S3150802FAA02C09BC4202D305B0BDE8F08FB36C5A46A6
S3150802FAB0C3F3CE33B4FBF3F503FB15450021204609
S3150802FAC0039BCDF800A0FBF767F8B5FA85F58046E3
S3150802FAD048466D09FAF719FF014608B90134E0E705
S3150802FAE0CB68434507DC0B69434504DB4B69FF2BAF
S3150802FAF005D14C61CD614846FAF70EFFECE7A34201
S3150802FB001CBF8C610D62F6E707B54C22EDF77EFE47
S3150802FB1003460020DAB262F30700C3F3072262F350
S3150802FB200F20C3F3074363F3174003B05DF804FBE2
S3150802FB3007B51322EDF76AFE03B05DF804FB07B5B5
S3150802FB401222EDF763FE03B05DF804FB07B5102237
S3150802FB50EDF75CFE03B05DF804FB07B51122EDF77D
S3150802FB6055FE03B05DF804FB2DE9F84F0F46002158
S3150802FB7004469046FFF7E3FF002106462046FFF7B4
S3150802FB80D7FF002182462046FFF7E0FF00210546FF
S3150802FB902046FFF7E2FF81462046ECF7E5FCA0EB9C
S3150802FBA0060B2046ECF7E3FC401BA0EB0900ABEB87
S3150802FBB00A0B8345204611DAECF7D6FC831BA3EB26
S3150802FBC00A0362695B081A4432443A60A2691A4413
S3150802FBD02A447A60C8F80030BDE8F88FECF7C7FC0B
S3150802FBE0431BA3EB0903ECE7F0B587B015461C46A1
S3150802FBF000226FF060430646CDE901328B6B04A8FA
S3150802FC000093CB6BD1E90712FBF776FD96F83C30E9
S3150802FC10012B1DD82B68049A3046A3EB520103EB3D
S3150802FC20520321606D684FF40031A36007D1FFF7D4
S3150802FC3094FF059B284460600344E36006E0FFF7EF
S3150802FC4085FF059B2D1AE560ED1A656007B0F0BDC4
S3150802FC50082B23D020D8022B01D0042BF6D16A68B0
S3150802FC600599022BA2EB510002EB51022F68606044
S3150802FC70E26021D1049B4FF400313046FF1AFFF7A8
S3150802FC805EFF3F1A4FF40031304627602D68FFF7B2
S3150802FC9056FF2D1AA560D9E7102BD7D128680499E3
S3150802FCA06A68059BA0EB5100A2EB5302014420604F
S3150802FCB06260A1601344C0E74FF400313046FFF793
S3150802FCC037FF2D68049B384420604FF400313046D4
S3150802FCD01D44FFF72DFF0544DCE770B50C4601F11C
S3150802FCE02C06236B30461BB9BDE87040FAF756BEA0
S3150802FCF0FAF708FE054601463046FAF7C3FD2846D6
S3150802FD00DAF728FEEDE7F7B506460C461D4617460E
S3150802FD10002A3ED06A4648213846FBF79FF9012851
S3150802FD201AD1009820636A464C213846FBF796F9A1
S3150802FD30012818D1009BA3851B0C84F82E306A462D
S3150802FD404D213846FBF78AF901281BD19DF8000098
S3150802FD5084F83C0003B0F0BD482229463046EDF748
S3150802FD6055FD0190DEE729463046FFF7CDFEC0F382
S3150802FD70072384F82C00C0F3074084F82D3084F852
S3150802FD802E00DCE74D2229463046EDF73FFDC0B28C
S3150802FD90DEE71946FFF7B8FEC0F3072384F82C00FE
S3150802FDA0C0F307404D22294684F82D3084F82E00E8
S3150802FDB03046EDF72BFD4822019084F83C0029468F
S3150802FDC03046EDF723FD2063C4E72DE9F04FADB0C9
S3150802FDD004460846ECF7ABF9B4F848300646C3F3CE
S3150802FDE00E03012B0DD994F83C30022B00F0A480A7
S3150802FDF0082B0BD008D8012B40F29E80042B00F06A
S3150802FE009B802DB0BDE8F08F102BFAD10CA8EEF727
S3150802FE1037FE08AF002120460CAAEBF7F7FF394652
S3150802FE20204604AAFFF7A0FED4E914231A44009236
S3150802FE30D4E910120846FAF7AFFED4E914231A4495
S3150802FE400092D4E9101205461046FAF7A5FE0246B4
S3150802FE5097E8030017AB83E80300049B30460CA916
S3150802FE6004F12C0BCDE91552ADF86430EEF71FFEFE
S3150802FE705846FAF74AFD05460028C2D01CA8EEF7EE
S3150802FE80FFFD0DF1280A002120461CAAEBF7BEFF4A
S3150802FE905146204605AAFFF767FED4E914231A44F9
S3150802FEA00092D4E91012E868FAF776FED4E9142328
S3150802FEB01A4400928146D4E910122869FAF76CFEB0
S3150802FEC02F688046002F00F015815021384606AA71
S3150802FED0FBF7C4F8012840F0EF80069824905221D7
S3150802FEE0384606AAFBF7BAF8012840F0EC80069BCA
S3150802FEF0ADF88C301B0C8DF88E305321384606AA85
S3150802FF00FBF7ACF8012840F0ED809DF818008DF853
S3150802FF10AC0027AB9AE8030083E80300059B30464A
S3150802FF201CA9CDE92598ADF8A430EEF7C0FD2946FF
S3150802FF305846FAF7F1FC9EE70CA8EFF766F9002196
S3150802FF4020460CAAEBF7FBFE302200212046EDF7ED
S3150802FF505DFC002180461C902046FFF7F7FD002134
S3150802FF6000EB08052046FFF7F8FD002100EB08071D
S3150802FF702046FFF7E4FD002181462046FFF7D8FD1B
S3150802FF80D4E917C294F83C3000EB080E022B60D174
S3150802FF90E369189903EB5103A3EB0E03013BA1692D
S3150802FFA008930A93236A0D44DB1BA5EB5C0503EB56
S3150802FFB0520309950B9302AD284608A9F9F76BFF78
S3150802FFC095E8030013AB83E8030028460AA9F9F764
S3150802FFD062FF95E8030015AB83E8030004F12C09D8
S3150802FFE030460CA9EFF72BF94846FAF78EFC054678
S3150802FFF000283FF406AF1CA8EFF707F900212046B0
S315080300001CAAEBF79CFEAB6A6F6A4FEA530894F88F
S315080300103C307F08022B01D0042B45D12B6BDDF82E
S3150803002020A01F44AB6BA3EB080BD0460023204646
S315080300302A681CA9FFF767FE30461CA9CDE923A742
S31508030040CDE9258BEFF7FBF829464846FAF764FC12
S31508030050CDE7042B09EB080005D16369189903EB6F
S31508030060510303449AE7012B0DD0A3B100239E46FF
S31508030070E1690993091A0B9301EB5201AEEB5C0391
S3150803008008930A9197E7636918999E44A36903EB52
S3150803009051032B44ECE76369189900EB030E236AB3
S315080300A003EB5103DB1BE3E7EB6AA3EB070A099FA1
S315080300B06B6BBB469844B9E7482200212046EDF707
S315080300C0A5FB07900AE700212046FFF71DFDC0F3AD
S315080300D007238DF88C00C0F307408DF88D308DF813
S315080300E08E000AE74D2200212046EDF78FFB079085
S315080300F0C0B20CE739462046FFF706FDC0F30723CF
S315080301008DF88C00C0F307404D2239468DF88E00D2
S3150803011020468DF88D30EDF779FB482207908DF848
S31508030120AC0039462046EDF771FB07902490F0E6BC
S315080301302DE9F04FA1B00446924610A80F469946FA
S31508030140DDF8A8B0EFF761F810AA00212046EBF70F
S31508030150F6FD0322BAF1000F15D04FF400312046FD
S31508030160EDF754FB002680460C9094F83C30022B9E
S3150803017067D0082B12D00FD8012B62D9042B60D075
S3150803018021B0BDE8F08F4FF4A0212046EDF73EFBE2
S31508030190D04606460C90E8E7102BF1D10CA9204669
S315080301A0ECF708FA0CA8F9F767FE05460CA8F9F761
S315080301B068FE4308B3EB550F0CA840F20981F9F71B
S315080301C05BFE0A25236D0C9A5F43B4F848306F43E8
S315080301D0C3F30E03013BB7FBF3F7636D0D9905FBF9
S315080301E003771C9B400801440244C01A94F83C3028
S315080301F0BAF1000F18BF46460025082B4FF4807343
S315080302000A920AAC0244C9E900210CBF861B3618B8
S315080302101A4648460B91019539460094F9F71EFE8E
S315080302200A9B39463344CBF800300B9B5846CBF828
S3150803023004304FF48073CDE900451A46F9F70EFEEC
S315080302409EE7302200212046EDF7E0FA0021054615
S315080302500C902046FFF77AFC0021431920460293A7
S31508030260FFF77BFC0021431920460393FFF760FC45
S315080302700021431920460493FFF761FC4FF4A0219C
S31508030280431920460993FFF753FC4FF4A02107901F
S315080302902046FFF754FC4FF4A02105902046FFF7AC
S315080302A055FC4FF4A02106902046FFF756FC08900C
S315080302B094F83C001C9A0228099B37D1E5690699EC
S315080302C005EB5205049AAD1A029A5118A2690A4413
S315080302D0BAF1000F18BF4646B4F848800228C8F397
S315080302E00E0808F1FF3838D1474516D0089A039BFC
S315080302F01344226AD21A87B120460492ECF737F9D7
S31508030300DDE902321344069A1344089A1344C01AC1
S31508030310784390FBF8F0049A121A013DC9E9005292
S31508030320AD1BCBF80050CBF8042029E704286569F0
S315080303304FEA520C1FD1029A069965445118A269CD
S315080303401D440A44B4F84810BAF1000F28D0C8F17E
S315080303500006C1F30E0808F1FF380428C4D0474540
S3150803036020D10599E5690B44ED1AC9E90052CBF882
S3150803037000503244D7E7012807D10799049A0A445B
S315080303801544A26902996244A1E7059A216A9A1853
S3150803039015440CEB01020399521A0028D2D097E7A9
S315080303A07642D6E7002FE0D02046CDE90232ECF7B5
S315080303B0DBF8029B049A1A441346079A1344059AD0
S315080303C01344C01A784390FBF8F0039A0544CCE724
S315080303D0F9F757FDF5E62DE9F04FA9B0B0F84890BF
S315080303E00446C9F30E09B9F1010F40F28E8090F85D
S315080303F03C30102B00F08980082B00F086800026FD
S3150803040008A8EEF702FF4FF4003108AA2046EBF7D7
S3150803041096FC18A8EEF7F9FE4FF4A021204618AA71
S31508030420EBF78DFC09F1FF330393A36C0021C3F3A8
S31508030430CE33B6FBF3F703FB1767636C30460093BB
S31508030440236C039AFAF7A8FBB7FA87FB04F12C0A7D
S31508030450804650464FEA5B1BFAF757FA054668B1DA
S31508030460EB6843452DDC2B6943452ADB27BB4FF451
S3150803047000336A6808A92046FFF745FC06AB5A46C7
S3150803048031460093204604ABFFF752FEB4F84820E2
S31508030490149B2499C2F30E0227B3B2422BD10B46FF
S315080304A094F83C20082A26D0102A24D0022A01D000
S315080304B0042A31D1E3651EE04FF4A023AA6818A9DC
S315080304C0D9E7204608AA4FF40031EBF738FC204653
S315080304D04FF4A02118AAEBF732FC29465046FAF73F
S315080304E01BFABBE7B242DBD02EB994F83C20082AA4
S315080304F001D0102A0CD15046FAF707FA05465FFAD7
S3150803050086FB5DB90136B1458FD829B0BDE8F08FB2
S31508030510022A01D0042ACDD12366ECE7EB68984575
S315080305200ADB2B69984507DCF7B94FF400336A6889
S3150803053008A92046FFF7E7FB6B699B451DD1EB69C5
S31508030540BBB1149B059AD9072A6306D594F83C20B0
S31508030550022A01D0042A0ED101336B62294650467A
S31508030560FAF7DAF90546CCE74FF4A023AA6818A9DF
S31508030570DFE7249BE6E7013BEFE7AB699B45EDD154
S315080305802B6A6BB1149B059AAA63DA0706D594F806
S315080305903C20022A01D0042A04D1013BAB62DDE7E1
S315080305A0249BF0E70133F9E738B50546EBF7DCFF9B
S315080305B004462846EBF7DBFF8442B4BF002001203C
S315080305C038BD38B500250C4691F8A030204623F0EF
S315080305D0030381F8A030C1F89C504FF48071EAF701
S315080305E0CFFD10212046EAF7CBFD4FF48061204664
S315080305F0EBF71BF82846D2F7DFFA1D280CDD284649
S31508030600D2F7DAFA142300F10A0191FBF3F1204633
S31508030610BDE83840ECF715BA0121F8E72DE9F347A9
S315080306200C4605465110002B4CD023685B1A2360F1
S315080306301344013BA36083696360036AE360122280
S315080306404FF440312846EDF7E1F8132201900746A7
S315080306504FF440312846EDF7D9F810228246019027
S315080306604FF440312846EDF7D1F811220190804620
S315080306704FF440312846EDF7C9F8682281460190C0
S315080306804FF440312846EDF7C1F869220646019032
S315080306904FF440312846EDF7B9F803462268374444
S315080306A0D21B2260A26856443244A2606268804420
S315080306B0A2EB08026260E2684B441A44E26002B0A5
S315080306C0BDE8F08763685B1A63601344013BE36024
S315080306D043692360C369A360B1E708B5FCF7F7FB71
S315080306E0012803D0831E58425841400008BD2DE90E
S315080306F0F04F87B00F460446D5F742FD0646F8F78E
S315080307004FF8012840F0A3803046F8F770F8002820
S3150803071040F09D80304602A9F8F74CF8032220469C
S3150803072002A9EBF7F3FF2046FFF73EFF05468FB115
S3150803073094F8A030DB070DD4002800F08B80D4F89A
S315080307409420029B9B1A002B96F82420B8BF5B4281
S3150803075093427CDBD4F89C8004F13806B8F1000F89
S315080307600ED12046FFF7B9FF94F8A030012843F0CD
S31508030770010384F8A03071D804F12C03C4F89C3023
S315080307802722D4E90C3700212046FF1AEDF73EF855
S315080307905FFA80F804902046FFF706FFB8F1010FC9
S315080307A00CBF80464FF0000894F84C90002D00F0DB
S315080307B0DB80122200212046EDF728F80021824625
S315080307C0132204902046EDF721F883460490204629
S315080307D0EBF7CAFEC14514BFE1696169029BA0EB49
S315080307E00A0214BFA1EB0B018A44A2EB0B0214BF46
S315080307F0CB1AA3EB0A0342B102EBD271491007FBEA
S31508030800031393FBF2F2236B1344D4F89C20D4E925
S315080308100C10B2420CBFE06AA16B8342A8BF034621
S315080308208B42B8BF0B461168994210D01360002D4E
S3150803083000F0C4804FF400712046EAF7A1FC204675
S31508030840ECF754F8002220212046EBF7D8FB07B033
S31508030850BDE8F08FD4F89820039B73E702288FD15D
S31508030860D5F78EFC04A9F7F7A5FF0322204604A9AA
S31508030870EBF74CFF272241462046ECF7C7FF0190CA
S31508030880C7B22046FFF790FE012F94F84C301DD1CE
S31508030890F8B90599002B57D1D4F888309942FFF651
S315080308A06BAFD4F8803099424BDCA26FD4F8800042
S315080308B0D4F88830801A00EBD07002EB6002521A23
S315080308C0002AD4F89000B8BF52421CE00028E0D0B2
S315080308D047469F4204992CD1D4F88C308B42FFF6B5
S315080308E04BAF636F8B422CDC626FE06FD4F88430B6
S315080308F0801A00EBD07002EB6002521A002AD4F871
S315080309008C00B8BF5242C01A00EBD07003EB6003E9
S315080309105B1A002BB8BF5B429A421EDD04F12C0317
S31508030920C4F89C3094F8A0306FF3410384F8A030E0
S3150803093026E7D4F884308B423FF71EAFE36F8B422A
S31508030940D2DAC4F89C601BE7D4F8903099423FF793
S3150803095013AFA36F9942F4DBA7E794F8A030C4F862
S315080309609C6043F00203E1E7102229462046ECF790
S315080309704DFF29468346112204902046ECF746FF8D
S31508030980824604902046EBF7F2FDC14514BFA169E0
S31508030990216AA0EB0A02039BA2EB0B020DBF8A4452
S315080309A08B44A3EB0B0AAAEB030A02EBD2735B1085
S315080309B007FB0A3393FBF2F3226B25E74FF48071A7
S315080309C03AE72DE9F047BCB00546F9F758FD044662
S315080309D02846EBF7ACFB2722002181462046ECF795
S315080309E015FF2090C5B22046FFF7DEFD012D074609
S315080309F094F84C80204622D177B1FCF76DFA064667
S31508030A002046EBF7B4FD824606B3E36A002B1DDAEC
S31508030A10A8451DD1E36B1CE0FCF75EFA06462046A3
S31508030A20EBF7A2FD8246002E3ED0E36A002B3BDAA3
S31508030A30B8F1000F3BD1A36C002501930AE0FCF73C
S31508030A404BFA0646002FEAD00025D9E7A845E1D197
S31508030A50636C009304A8D3F721FB4FF44031204677
S31508030A6004AAEAF7E5FE3B46524669462046FFF7DF
S31508030A70D5FD009B2046C4F88430019B04F1840607
S31508030A80C4F88830029BC4F88C30039BC4F89030B2
S31508030A90FFF723FE02280CD03246484604A9EEF790
S31508030AA06CFC3CB0BDE8F087B8F1000FC3D1236CEA
S31508030AB0C2E7702204A920A8FBF79BF932464846E9
S31508030AC004A9EEF75AFCDFB1A8450CBFE36B636CC8
S31508030AD000933B46524669462046FFF79FFD009B17
S31508030AE070226367019B20A9A367029B04A8E36797
S31508030AF0039BC4F88030FBF77CF904F17402CCE756
S31508030B00A8450CBFA36C236C0193E2E70A21D0F82E
S31508030B10803093FBF1F3012BB8BF0123C0F8803073
S31508030B20E1F77CBB0A23D0F88020816F5A43C36F51
S31508030B30002BB8BF5B428B42B8BF0B469342A8BF94
S31508030B40C0F88020E1F76ABB426FD0F88010002A0C
S31508030B5013DA5318002B10DD5B420B44816F8B426B
S31508030B6006DD90F88530DB0709D5914209D1C36FB5
S31508030B70934208D04367E1F751BB1346EDE70B46AB
S31508030B80F6E70B46F6E77047426FD0F88010002A5F
S31508030B9012DD8A4210DA8B1A5B1AC16F8B4206DAA8
S31508030BA090F88530DB0709D5914209D1836F9342C3
S31508030BB008D04367E1F732BB1346EDE70B46F6E782
S31508030BC00B46F6E77047FBF787BFFBF7B9BF10B5C8
S31508030BD00C4602212046EAF7D3FA2046BDE8104020
S31508030BE0C8224FF47A71E1F771BC4FF0FF330068FE
S31508030BF0C362EBF77BBEC162EBF778BE08460021FA
S31508030C00D8F76EBE10B54FF0FF330C46CB622046BD
S31508030C101021EAF7B5FA20460821EAF706FD204629
S31508030C20BDE810404FF48061EAF7FFBC2DE9F041B7
S31508030C30C0B00546F9F723FC04462846EBF777FACE
S31508030C40064669462046EBF7B5FC08A8D3F726FA05
S31508030C504FF40031204608AAEAF7EAFD6A4608A9CE
S31508030C603046EEF78AFB2046EBF781FC074604F18C
S31508030C701400F9F701F9E26AA0EB0708531C5AD0E6
S31508030C8043465A4348BFFF321512272200212046FE
S31508030C90ECF7BCFDD4E905322490C0B2012808BF9D
S31508030CA0A8EB0505012F1D443B46B8BF0123059252
S31508030CB0226A013B2B4407924FF440311222204605
S31508030CC006930495ECF7A2FD1322804624904FF46D
S31508030CD040312046ECF79AFD1022074624904FF43C
S31508030CE040312046ECF792FD05464FF440312490F7
S31508030CF011222046ECF78AFD049A2490A2EB0802F7
S31508030D000492069A3A440692059A521B0592079A42
S31508030D10024424A80792D3F7C1F9204624AA4FF41C
S31508030D204031EAF785FD304604AA24A9EEF725FBE8
S31508030D3040B0BDE8F0812046EAF78FFA10F0010FBC
S31508030D4014BF45460025A0E707B51222ECF75EFD5A
S31508030D5003B05DF804FB07B51322ECF757FD03B0A0
S31508030D605DF804FB07B51022ECF750FD03B05DF8F8
S31508030D7004FB2DE9F04F8BB0074610468A4690468A
S31508030D800593F7F7E2FC179B0025C418189B1C4428
S31508030D90FB6A03FB0AFADDE915235646D3180793BC
S31508030DA0FA6A02EB0A03B34203D820460BB0BDE83E
S31508030DB0F08F7B6B53F8261003EB8600002947D088
S31508030DC0A946D7F83CC0013A5CF825300692069A3C
S31508030DD04A4504D950F804BBBBF1000F1CD10A7865
S31508030DE012F0020224D10292079A08319B1A019340
S31508030DF0149B4246009308A8059BFAF77DFC179AAD
S31508030E00099BA9EB05051344189A2E4413449C42DF
S31508030E10B8BF1C464D461BE09BF800B009F1010E0E
S31508030E201BF0010FDBD05CF82E20F1461344CEE706
S31508030E304046F7F78AFC179B1844189B1844A042A8
S31508030E4006DD4046F7F781FC179BC418189B1C441C
S31508030E5001360135A4E7F8B500250C462F46D4E933
S31508030E600B325343AB42606B0CD808B1D9F772FD0A
S31508030E70A06B08B1D9F76EFDE06BB0B1BDE8F840D9
S31508030E80D9F768BD50F82530AE0063B1586820B16C
S31508030E90D9F760FD636B9B595F60636B9859D9F704
S31508030EA059FD636B9F510135D9E7F8BD10B5012389
S31508030EB00420C1E90B330C46D9F732FDE063206BF6
S31508030EC08000D9F72DFD8223E26BA06313600360CC
S31508030ED0D4E90B315943606B8900D9F745FD0023E3
S31508030EE06063036010BD2DE9F3411C4600230546E4
S31508030EF00E4698469045236039D127220021284675
S31508030F00ECF784FC0190C0B20128284636D1EBF7EA
S31508030F101FFF2368034423602846EBF725FB236852
S31508030F200021C71A2846FFF716FFEB6B381AA0608D
S31508030F3053F82830C01A206000231F46B74263605F
S31508030F402FD100212846FFF70DFF6368034463602A
S31508030F502846EBF702FF6368181AAB6B606053F811
S31508030F60273018440138E06002B0BDE8F081E96B28
S31508030F7051F8281008F101080B44BBE7EBF7E8FE24
S31508030F80236800211B1A23602846FFF7DDFE236822
S31508030F901844EB6B206053F8283018440138A060D6
S31508030FA0CAE7AA6B52F8272001371344C6E730B5B8
S31508030FB085B0D0E910216B460446FFF794FF0099E4
S31508030FC0002911DA0123002249422046EBF704FFE0
S31508030FD0019A002A15DA012352420021204605B058
S31508030FE0BDE83040EBF7F8BE2046029DEBF7BCFAA6
S31508030FF08542EDDD2046EBF7B7FA01230022411BB4
S31508031000E3E72046039DEBF7B2FA854205DD204662
S31508031010EBF7ADFA0123421BDFE705B030BD2DE937
S31508031020F04F8DB04FF4A0210446FFF78DFE4FF421
S31508031030A02107902046FFF78EFE4FF4A0210890C3
S315080310402046FFF78FFE11224FF4A0218346204640
S31508031050ECF7DCFB5B224FF4A0210B9005462046F8
S31508031060ECF7D4FB5C224FF4A0210B9006462046EE
S31508031070ECF7CCFB5A224FF4A0210B9007462046E7
S31508031080ECF7C4FB06224FF4A0210B9080462046BA
S31508031090ECF7BCFB4FF4A0210B90814607222046B0
S315080310A0ECF7B4FB002182460B90236B994208D3D5
S315080310B02046EBF7A2FA20460DB0BDE8F04FEBF752
S315080310C015BC089B42460293079B2046CDE900734D
S315080310D0CDE903B533460991FFF74BFE5045A8BF43
S315080310E050460999A36B4845ACBF43F8210043F81A
S315080310F021900131D9E70121EDF746B80021EDF733
S3150803110043B87FB50546F9F7BAF904462846F9F709
S31508031110BAF906462046EDF734F8302E054606D1C9
S315080311200022C16A04B0BDE87040E1F7E7BE0B2EA2
S3150803113037D1D5F725F810B1037A012B31D02046DC
S3150803114002A9D0F751F995F83030204613F00C0F61
S3150803115029D0EBF70FFA2722044600212846ECF795
S3150803116055FB029BE20F0190C0B2224401280CBF33
S31508031170C3EB620303EB620393FBF4F4EE6AD4F75F
S31508031180FFFF24EAE474024600B1012221462846F9
S31508031190E1F7B4FEB44204D0002220212846EAF738
S315080311A02EFF04B070BDEBF7F5F9039C00EBD07383
S315080311B004EB630494FBF0F4E0E7704710B5486B5F
S315080311C00C4618B1D9F7C6FB00236363A06B18B1A5
S315080311D0D9F7C0FB0023A363206B18B1D9F7BAFB71
S315080311E00023236310BD7FB590F8642002F0010441
S315080311F08C4218D0003918BF0121C46A61F3000272
S3150803120080F864206269036DC56D13440093A3696E
S31508031210D0E915161944019132442B4469460292C2
S315080312200393EBF738FB04B070BD07B55A220021C8
S31508031230ECF7ECFA03B05DF804FB70B50546F9F76D
S3150803124022F904462846F9F71AF90646ECF799FFF0
S315080312502E3CA4B2012C05460BD830460021FDF7D7
S31508031260A7FE2846E1F70CFF2846BDE87040E1F7DC
S31508031270C7BE70BD90F8643061F3410380F86430EB
S31508031280704770B590F870300446C3F3C0028A42BB
S315080312900D462BD061F3C30380F870306420D1B1B7
S315080312A0D8F75AFB6FF040410646E06AEBF7B1F808
S315080312B000223146E06AECF7A3FE8DB16FF0404198
S315080312C02046EBF7BDF800232046BDE870401A46D2
S315080312D01946EBF7DEBDD8F73FFB2E460146E4E792
S315080312E02A4602212046ECF735FEECE770BD90F856
S315080312F070305B0702D4C06AFDF7D7BE406B7047F0
S31508031300C06C70470068E2F773B890F87000C0F3D2
S31508031310C000704738B50446C06AFDF785FF4FF627
S31508031320FF73984205460BD0E06A4FF6FF71FDF747
S31508031330B6FEE06A4FF6FF71BDE83840FDF7B2BE68
S31508031340E06AFDF773FFA842EED138BD73B5C36CE7
S315080313500446002B40D07F2301A9ADF80430E2F7F9
S3150803136029F90128054637D1E06AFDF79EFE0646A8
S31508031370E16C2A460139FAF74EF93146E06AFDF778
S3150803138017FE2046FFF7C6FF236B3BB1E06AFDF75E
S315080313908CFE037813B92046EBF7A8FA94F8703055
S315080313A0E16C5B070ED501390122606BFAF733F955
S315080313B0656B2846FAF760FE411C2846D9F7D4FA26
S315080313C060B16063E16C20460139E1F73FFF002213
S315080313D020212046EAF713FE02B070BDFEE738B5B2
S315080313E00446C56C691CE1F731FFE36C9D4204D0E2
S315080313F02046BDE83840FFF7A9BF38BDC16C0131A7
S31508031400E1F724BFC16C11B10139E1F71FBF70477A
S3150803141030B585B00446C16C02AAC06ADFF74AFB39
S315080314205C2200212046ECF7F1F905462046FFF732
S31508031430FCFEF7F78AF9039B054401351D44A36CA3
S31508031440E06A03950293EBF792F885420ADA0122DA
S3150803145002A9E06AFDF72BFEA56C01462046E1F7D3
S31508031460F5FEA56405B030BD30B585B00446C16C3C
S3150803147002AAC06ADFF71EFB5C2200212046ECF7AE
S31508031480C5F905462046FFF7D0FEF7F75EF9039B35
S31508031490284401381B1A0393A36C012202A9E06AA4
S315080314A00293FDF704FE01462046A56CE1F7CEFE3E
S315080314B0A56405B030BD2DE9F7430446F8F7E3FF05
S315080314C005462046F8F7DBFF0B2D044645D1D4F72E
S315080314D057FE10B1037A012B3FD02046EBF74AF8A3
S315080314E006462046EBF756F8694607462046CFF7E1
S315080314F07BFF009D06EBD67305EB630595FBF6F5B7
S315080315007543019E07EBD77306EB630696FBF7F65F
S315080315104FF000087E432046ECF769FE404501D8A4
S315080315200F2516E041462046ECF72EFE0746EAF756
S31508031530E2FF81463846EAF7F1FF4D4510D1864268
S315080315400ED1E76200222021204697F82C50EAF7AD
S3150803155056FD29462046EBF7B3FB03B0BDE8F083F7
S3150803156008F10108D7E70120DBF760BD08B5D8F70E
S3150803157029FDBDE808400520E8F734BA08B500F0A8
S3150803158098FCE2F7F3FB00F0B8FCFFF7EFFFFAE786
S3150803159013460422E6F7C8B913460422E6F7C4B984
S315080315A013460422E6F7C0B937B5154604468DF83F
S315080315B00710C8B1417800220078FFF7F1FF00222F
S315080315C061792079FFF7E8FF2A46A0680DF107013C
S315080315D0E3F7C4FF054648B9207801226178FFF787
S315080315E0DFFF284603B030BD0120FBE70220F9E7F9
S315080315F037B5154604468DF80710C8B14178002259
S315080316000078FFF7CDFF012261792079FFF7C4FF40
S315080316102A46A0680DF10701E3F7A0FF054648B976
S31508031620207801226178FFF7BBFF284603B030BD57
S315080316300120FBE70220F9E72DE9F0410F4616469C
S315080316402B21012204461D46BDF81880FFF7ACFF7F
S31508031650B0BB0122390A2046FFF7CAFF0122F9B2B5
S315080316602046FFF7C5FF0122310A2046FFF7C0FFD0
S315080316700122F1B22046FFF7BBFF01222A212046A9
S31508031680FFF792FFE0B9290A01222046FFF7B0FFC8
S31508031690E9B201222046FFF7ABFF4FEA18210122E0
S315080316A02046FFF7A5FF5FFA88F101222046FFF7D8
S315080316B09FFF2046BDE8F04101222C21FFF774BFA6
S315080316C00220BDE8F08110B5044610B9012420466E
S315080316D010BDC17800228078FFF75AFF3220E8F759
S315080316E081F90122E178A078FFF752FFC820E8F7CD
S315080316F079F9012220461146FFF756FF0028E5D15E
S31508031700C820E8F76FF9012211212046FFF74CFF9D
S315080317100028DBD17820E8F765F901221321204652
S31508031720FFF742FF0028D1D1012220212046FFF7E7
S315080317303BFF0028CAD1012226212046FFF734FFA2
S315080317400028C3D1012208212046FFF751FF0028AC
S31508031750BCD1012234212046FFF726FF0028B5D144
S31508031760012238212046FFF71FFF0028AED10122A8
S31508031770B1212046FFF718FF0028A7D101222C2103
S315080317802046FFF735FF0028A0D10122B5212046C0
S31508031790FFF70AFF002899D1012220212046FFF7E7
S315080317A027FF002892D1202101222046FFF720FF98
S315080317B0014600288AD101222046FFF719FF00288F
S315080317C084D1012220212046FFF712FF00287FF447
S315080317D07DAF0122C5212046FFF7E6FE00287FF4E8
S315080317E075AF01221C212046FFF702FF00287FF46C
S315080317F06DAF0122C3212046FFF7D6FE00287FF4EA
S3150803180065AF01229A212046FFF7F2FE00287FF4EE
S315080318105DAF01222A212046FFF7EAFE00287FF45E
S3150803182055AF012236212046FFF7BEFE00287FF476
S315080318304DAF012288212046FFF7DAFE00287FF400
S3150803184045AF01223A212046FFF7AEFE00287FF472
S315080318503DAF012205212046FFF7CAFE00287FF483
S3150803186035AF204601222921FFF79EFE04460028AC
S315080318707FF42CAFC820E8F7B5F828E77047704718
S3150803188070477047704708B5E2F72CFD00F0F9F981
S31508031890BDE80840E2F71ABD704708B5E2F792FEBD
S315080318A0E2F746FF00F0D0F8E2F78CFCE2F704FD16
S315080318B0BDE8084000F051B808B500F010F800F08C
S315080318C00AF8BDE80840E2F78BBC704770477047D3
S315080318D0704770477047E2F795BCE2F7E7BC0F20FD
S315080318E0704770B5002506462C46052C20D8DFE838
S315080318F004F003070B0F13175B210820E2F7C8FE52
S315080319000C210820E2F7C4FED1210820E2F7C0FE25
S3150803191080210820E2F7BCFE00210820E2F7B8FE82
S315080319206C1C2946E4B208202546E2F7B1FE0624D4
S31508031930A4F10E03012B05D85A210820E2F7A8FEC5
S315080319400134D2E7102C05D1BDE870405D2108208B
S31508031950E2F79EBEB31F195DEFE708B5082000F04E
S3150803196025F8BDE80840082000F02BB807B5012381
S3150803197020F07F4040EA8170019068460093FFF7A4
S31508031980B0FF03B05DF804FBFEE700239A4200D1DB
S31508031990704710B550F8234041F8234001339A4263
S315080319A0F8D110BDFEE70023036070474FF060428D
S315080319B00123D2F8001E83400B430020C2F8003EE1
S315080319C070474FF060410122D1F8003E824023EA76
S315080319D002030020C1F8003E704710B588B00C46D4
S315080319E00E99009207910D99024606919DF83010BB
S315080319F005910B9904919DF8281003910021CDE9CF
S31508031A00013108462346E3F7D3F808B010BD10B5ED
S31508031A1088B004460E98009207900D9822460690C1
S31508031A209DF8300005900B9804909DF828000390C4
S31508031A300020CDE901300B460121E3F7B9F808B0D8
S31508031A4010BD01B108477047E2F772BEF0B585B01D
S31508031A500446857A90F808E0477AC27A90F80CC06B
S31508031A60467BE37B807B8DF8085084F844200D463B
S31508031A7084F845308DF800E08DF801C08DF80470C0
S31508031A808DF805608DF809008DF80C208DF80D305A
S31508031A90002938D0257FE5B92A4604216846E2F7A6
S31508031AA063FE2A46012101A8E2F75EFEA37F04210D
S31508031AB0012B94BF2A46012202A8E2F755FEE37FCB
S31508031AC023B90122042103A8E2F74EFE002005B03C
S31508031AD0F0BD002201216846E2F746FE04210022F2
S31508031AE00DEB0100E2F740FEA37F0221012B94BF11
S31508031AF00022012202A8E2F737FEE37F002BE5D195
S31508031B0001220221DFE70A4668460221E2F72CFE94
S31508031B102A46022101A8E2F727FEA37F0221012B09
S31508031B2094BF2A46012202A8E2F71EFEE27F002A94
S31508031B30CCD11146C7E710B504460021E5F7DAF913
S31508031B402046BDE810400521E5F7D4B910B504468B
S31508031B502320E7F791F830B994F85430002BFBD0DB
S31508031B6005E0E3F7F5F994F85430002BF9D010BDE6
S31508031B7070B5054614460E4601F07FF82B685C409F
S31508031B8034405C402C60BDE8704001F071B808B57C
S31508031B9000F094FCBDE808400021E4F781B8002969
S31508031BA0CCBF01210021E4F77BB802214FF4207052
S31508031BB0E4F738BD70477047436D0B42FCD1704755
S31508031BC008B54368DA0714D58368DB0702D50369C2
S31508031BD0D90707D50A2350218363FFF7EDFF836CE3
S31508031BE09A07FCD1012200F500535A6043689B0704
S31508031BF0FCD408BD836C5B06FCD541647047836CD3
S31508031C005A06FCD54164836C1B06FCD5C06B80B2AF
S31508031C10704770B5054614460E4601F02EF82B6834
S31508031C205C4034405C402C60BDE8704001F020B84D
S31508031C3070B5054614460E4601F01FF82B685C403E
S31508031C4034405C402C60BDE8704001F011B830B5F3
S31508031C5021FA00F2D207034600F0FC040FD500224E
S31508031C600132D2B2042A02D14FF0FF3008E08318BA
S31508031C7003F00303234421FA03F5ED07F0D41846CA
S31508031C8030BD00F000B800207047E6F7F7BD70B521
S31508031C900C46154610B9E7F783F838B143682BB1F4
S31508031CA02A462146BDE8704000681847232070BDC0
S31508031CB0F7B50D4616461C4648B103B901ACC768C5
S31508031CC05FB12346324629460068B84706E0E7F778
S31508031CD067F804B901AC0028F1D1232003B0F0BD9D
S31508031CE0D0F8A0301B689A6C120643BFDB6B002042
S31508031CF00B701B20704738B50446D0F8A0301D6812
S31508031D00AB6C5906FCD5002394F8A9101A4694F827
S31508031D10A800E5F709FE002394F8AB101A4694F8D1
S31508031D20AA00E5F701FE94F8B030DA0707D50023D1
S31508031D3094F8AD101A4694F8AC00E5F7F5FD94F857
S31508031D40B0309B0707D5002394F8AF101A4694F8CA
S31508031D50AE00E5F7E9FD042205F500530021284600
S31508031D601A65E5F7C7F8D4F8A40000F0A2FF002027
S31508031D7038BD08B5D0F8A0301868FFF73BFF002038
S31508031D8008BD00207047FEE74FF4005300204B6060
S31508031D907047012070470020704707B5002001AB44
S31508031DA00190FFF785FF0198002808BF4FF0FF3021
S31508031DB003B05DF804FB80F89510704790F895001A
S31508031DC0704737B592F85430144633B1936D0BB157
S31508031DD0D06D9847002384F8543094F896301BB393
S31508031DE02046E7F741F9F8B1236E132120465B68CD
S31508031DF098471025236E20461B680DF1070198475F
S31508031E0078B99DF8073003F0FD02112A05D1A3F12D
S31508031E1011025342534184F89C30013D15F0FF05E6
S31508031E20E8D12046E7F7B0F9002084F8540003B058
S31508031E3030BD70B590F8943005460C46C3B10B69AE
S31508031E40B3F5006F16D800F021FF95F88C300646D7
S31508031E5065614BB1214605F19000E2F791FB3046E7
S31508031E6000F00FFF002070BD2046E7F753F9F6E7A9
S31508031E700E20F8E72120F6E738B548B100240568AF
S31508031E8000F004FFC5E9164400F0FBFE204638BD02
S31508031E902220FCE77047704708B5FFF7F4FCFFF705
S31508031EA0FCFCFFF709FDFFF710FDBDE80840FFF747
S31508031EB00DBD08B5FFF7EEFFE6F74CFFE6F752FE52
S31508031EC0FFF7E3FEE6F764FEE7F752FDFFF7E3FFE6
S31508031ED000F007F8FFF7E0FCBDE80840FFF7DCBFB2
S31508031EE0704708B5FFF7CBFCFFF7CAFCFFF7C9FC39
S31508031EF0FFF7C8FCFFF7F4FF08BD08B5FFF7E7FCD3
S31508031F00FFF7E6FCFFF7E5FCBDE80840FFF7E2BC90
S31508031F1030B54FF47F41002200240025C0E90012A2
S31508031F20C0E9024530BD10B54388DB070DD5846883
S31508031F306368013B636043B9236820461B68984777
S31508031F402046BDE81040D8F705BD10BD70B5044658
S31508031F5000F5A87500F11006B54204D0103D2846D1
S31508031F60FFF7E1FFF8E7204670BD2DE9F84307467A
S31508031F70884614460026D4E90195B9F1010905D521
S31508031F802468002CF7D13046BDE8F883AB89012BCA
S31508031F9007D9B5F90E30013303D029463846C04769
S31508031FA006436835E9E710B50C46B1F90E10E8F7AC
S31508031FB023F90028ABBF636DA3891B1823F4805349
S31508031FC0ACBF6365A38110BD2DE9F0411F468B891C
S31508031FD005460C46DB05164605D502230022B1F94C
S31508031FE00E10E8F7F7F8A3893246B4F90E10284617
S31508031FF023F48053A3813B46BDE8F041E8F71EB9B5
S3150803200010B50C46B1F90E10E8F7E4F8431CA3899A
S3150803201015BF606523F4805343F48053A38118BF27
S31508032020A38110BDB1F90E10E8F7C4B802440346FC
S31508032030934200D1704703F8011BF9E770477047CD
S3150803204070470B4601461846E8F778B90A44431E13
S31508032050914200D1704710B511F8014B914203F82C
S31508032060014FF9D110BD9368013B002B936010B45F
S3150803207008DA9469A34201DB0A2903D15DF8044B04
S3150803208000F037B91368581C1060084619705DF8D4
S31508032090044B7047F8B506460F461446D518AC42A6
S315080320A001D1002007E03A4614F8011B3046FFF732
S315080320B0DAFF431CF3D1F8BD2DE9F04716469846D7
S315080320C08A6807460B690C46DDF820909342B8BF29
S315080320D01346336091F843200AB10133336023680A
S315080320E0990642BF336802333360256815F006053F
S315080320F006D104F1190AE36832689B1AAB422BDC52
S3150803210094F843302268003B18BF0123920630D463
S3150803211004F1430241463846C847013023D02368B1
S315080321201A3454F80A2C03F00603042B0ABF54F88E
S315080321300E5C002533684FF0000608BFED1A54F805
S31508032140123C08BF25EAE5759342C4BF9B1AED18EE
S31508032150B5421AD1002008E00123524641463846C3
S31508032160C847013003D14FF0FF30BDE8F08701358A
S31508032170C1E7E1185A1C30200233224481F8430090
S3150803218094F8451082F84310C2E7012322464146D4
S315080321903846C8470130E6D00136D9E7B1F90C20ED
S315080321A02DE9F041170705460C4656D44B68002B14
S315080321B002DC0B6C002B3DDDE66A002E3AD00023C9
S315080321C012F480522F68216A2B6025D0626DA38989
S315080321D0580705D56368D21A636B0BB1236CD21AF9
S315080321E0216A0023E66A2846B047411C24D0002307
S315080321F0636023692360A389DA0400D56065616B8C
S315080322002F60B9B104F14403994202D02846E8F78E
S315080322104BF8002363630DE001232846B047461CA9
S315080322200246D4D12B68002BD1D01D2B01D0162BF7
S315080322302AD12F6000202EE02A68B4F90C3042B167
S315080322401D2A01D0162A21D100236360236923603E
S31508032250D5E7626022692260CEE70F69002FE9D0CD
S3150803226093070E680F600CBF4B690023A6EB07089C
S315080322708B60B8F1000FDDDD43463A46216A2846EE
S31508032280A66AB047002808DCB4F90C3043F04003CB
S315080322904FF0FF30A381BDE8F0810744A8EB00089F
S315080322A0E7E738B50B6905460C4613B900252846F2
S315080322B038BD18B1036A0BB9E7F752FFB4F90C3006
S315080322C0002BF3D0626ED00704D4990502D4A06D0F
S315080322D0FFF7B5FE28462146FFF760FF636E0546FE
S315080322E0DA07E4D4A3899B05E1D4A06DFFF7A8FE1A
S315080322F0DDE7F8B50E461446054618B1036A0BB969
S31508032300E7F72EFFA369A360A3891A0701D52369F3
S3150803231043B921462846E8F763FA18B14FF0FF3761
S315080323203846F8BD2368F6B222693746981A6369B0
S31508032330834205DC21462846FFF7B3FF0028EDD183
S31508032340A368013BA36023685A1C22601E70431CC2
S3150803235062699A4204D0A389DB07E1D50A2EDFD145
S3150803236021462846FFF79DFF0028D9D0D6E7C9B2EC
S315080323700346024410B59342184601D1002003E0F0
S31508032380047801338C42F6D110BD70B50C46B1F909
S315080323900E1096B0154600291E460CDAA3890021AD
S315080323A013F0800F14BF40234FF48063002031607D
S315080323B02B6016B070BD6A46E8F768FA0028EDDBAD
S315080323C0019901F47041A1F50053594259414FF45B
S315080323D08063EBE78B89F7B59D0706460C4607D559
S315080323E004F14703236023610123636103B0F0BD4E
S315080323F001AB6A46FFF7C9FF009F054630463946D3
S31508032400E7F79EFD48B9B4F90C309A05EED423F0E4
S31508032410030343F00203A381E2E7A389206043F0A1
S315080324208003A381019BC4E904075BB1B4F90E10C9
S315080324303046E8F73DFA28B1A38923F0030343F0AE
S315080324400103A381A3891D43A581CFE7014B18681F
S31508032450704700BF382402200A4B1B6F03F007039B
S31508032460013B032B03D8DFE803F00A030608FEE75C
S31508032470054B18687047054BFBE705487047054841
S31508032480704700BF008000503824022040240220F1
S3150803249080D54302002D310108B5FFF7DDFF054B53
S315080324A01B6FC3F303330133B0FBF3F0024B18601E
S315080324B008BD00BF0080005034240220004870473E
S315080324C000B4C40400487047002D3101014B186855
S315080324D0704700BF402402200048704780D5430256
S315080324E04FF40022184B5A664FF0B4439868C0F36A
S315080324F004400C280AD8DFE800F00B090909090982
S31508032500072119091B1D1F00104870470020704733
S315080325109B6803F04073B3F1807F11D0B3F1007F5A
S3150803252010D00B4A002B08BF10467047094870475E
S31508032530094870470948704709487047094870476A
S31508032540094870470948704700900050405DC60027
S3150803255000093D00C0EA210180BA8C010048E80160
S31508032560005A62020024F40080841E0040420F00D1
S31508032570014B1868704700BF3C24022008B50A4A75
S31508032580127852B107280AD8084A02EB00131B7BB4
S315080325903BB1E5F793FD002008BD0548FCE7054870
S315080325A0FAE70548F8E700BF692302203411022039
S315080325B0028000F0018000F0078000F010B50B4A96
S315080325C00C46127862B107280CD859B1084A02EBAF
S315080325D000131B7B43B1E5F78DFD2070002010BD6A
S315080325E00448FCE70448FAE70448F8E769230220A5
S315080325F034110220028000F0018000F0078000F009
S3150803260010B50B4A0C46127862B107280CD859B193
S31508032610084A02EB00131B7B43B1E5F78DFD2060E7
S31508032620002010BD0448FCE70448FAE70448F8E725
S315080326306923022034110220028000F0018000F091
S31508032640078000F010B5044620B94FF4D871124834
S31508032650FFF7A8F923782BB1012B17D0022B18D033
S31508032660032B05D140F2FF736278D340DB0704D40A
S3150803267040F2B3110848FFF795F9012263782178E8
S315080326809A4030235943054B5A5010BD40F2FF1365
S31508032690EAE743F6FF73E7E72C7F030840D00350C6
S315080326A0034B5A68D20702D5DA69002AF9D170476B
S315080326B000C00A5038B9064B5A68D20702D59A6D34
S315080326C0002AF9D170478C210248FFF76BB900BF7E
S315080326D000C00A50DF80030810B9044B59647047D9
S315080326E040F2C7110248FFF75DB900BF00D00A5090
S315080326F0DF80030810B9044B5964704740F203217D
S315080327000248FFF74FB900BF00E00A50DF8003080D
S3150803271010B9044B1964704740F23F210248FFF78A
S3150803272041B900BF00E00A50DF80030808B510B9B5
S31508032730044B186C08BD044840F27A21FFF732F9B6
S315080327400020F7E700C00A50DF80030838B50446BF
S315080327500D46FFF7AFFF14B91DB1012D04D00020B4
S3150803276001E0034BD86C38BD014B186DFBE700BF7E
S3150803277000C00A5070B506460D461446FFF79AFF81
S3150803278016B915B1012D03D070BD034BDC64FBE705
S31508032790014B1C65F8E700BF00C00A5070B50D462B
S315080327A008B3036813F4E07F03F03F06C3F382120A
S315080327B012D0012A12D0022A15D10C4C9B0603D536
S315080327C091210B48FFF7EEF855B104F58054012320
S315080327D00020B340236070BD064CEFE7064CEDE7D7
S315080327E004F50054F3E70E20F5E700BF6C800050AC
S315080327F05D7D0308648000506880005030B50E4C38
S31508032800416123688BB9206083600DE0891A9A6851
S315080328101D4641616AB113465A698A42F6D935B1EA
S31508032820A860521A83605A6130BD0025F4E7206018
S31508032830F7E798608260F7E7F01102200D490B6805
S31508032840A0B10022A3B1834203D1836822B90B60E6
S3150803285003E01A469B68F5E7936083680BB9002083
S3150803286070475A6941690A445A61F8E72220704752
S3150803287002207047F011022038B500F08DF90025C3
S31508032880084B094C1A682368C31A2AB123B151693C
S31508032890994203D3C91A5161206038BD55615B1A41
S315080328A09268F2E7F0110220EC11022038B5154DB3
S315080328B02B682BB35B69A3B1134A022014681C4423
S315080328C000F08AFA204600F07BF900230F492A68AC
S315080328D00B7022B1D08880070AD501230B7000201C
S315080328E038BD022000F078FA022000F0B3F9ECE7CD
S315080328F09268002AF3D050690344012BEAD9EEE71C
S315080329002220EDE7F0110220EC11022078230220A1
S3150803291070B516469DF81420C0E903360271049A69
S31508032920BDF818300260002204460D468260C38053
S31508032930EEB900F031F92844A0619DB12E4600F0A6
S315080329409CF90546FFF798FF31462046FFF756FFE1
S31508032950104B1B68A34201D1FFF7A8FF284600F0D6
S3150803296087F902E0E36865617BB9002070BD00F072
S3150803297013F93044A061002DE0D1E3686561002BAB
S31508032980DDD0204621689847D9E72046216898472D
S31508032990EBE700BFF011022038B5044618B300F080
S315080329A06CF90546FFF768FF104B1868A04209D073
S315080329B02046FFF743FF044680B1284600F058F93E
S315080329C0204638BDFFF73AFF04460028F5D1FFF73E
S315080329D06DFF222802D1022000F02AF9284600F0CA
S315080329E047F90024ECE72224EAE700BFF0110220A6
S315080329F038B50C460546A8B1A1B100230B7000F003
S31508032A0045F90121084B1B6833B900F03AF9002050
S31508032A1038BD9D4204D121702278002AF9D0F4E703
S31508032A209B68F1E72220F3E7F011022038B500216D
S31508032A30044640F2E730054B4FF47A721D680023CB
S31508032A40E5FB0401E7F7B8F838BD00BFF411022027
S31508032A502DE9F843C207044607D54B4A13680133E1
S31508032A601360FFF709FFFFF721FFA30740F18A80E9
S31508032A7000F00CF94FF0000805464646FFF7FCFE42
S31508032A80424F3C680CB16369A3B10022404B012E47
S31508032A901A7003D118F0020F18BF1E70FFF706FF4E
S31508032AA0222802D1022000F0C3F82846BDE8F843DD
S31508032AB000F0E7B823465A693AB91A792179914257
S31508032AC088BF1C469B68002BF5D1284600F0D9F829
S31508032AD02569DDB100F060F8A269A0EB02084FEAA8
S31508032AE0E873A84573F1000311DB23691344A36153
S31508032AF0E36813B1204621689847B4F8068000F0C6
S31508032B00C5F801360546FFF7B7FEBAE7A84600F04B
S31508032B10BDF881462046FFF791FE484600F0B1F816
S31508032B202369002BE4D0B5EB08054FEAE87363EB9A
S31508032B304303012D73F1000304DA40F24761154894
S31508032B40FEF730FFA38B33B1E28B13449BB2B3F585
S31508032B507A7F0FD2E38300F099F880462946204608
S31508032B60FFF74CFEA369226940461344A36100F0AC
S31508032B7088F8BDE7A3F57A73E383A369013D013BAF
S31508032B80A361E8E7BDE8F883F8110220F0110220F3
S31508032B90772302204684030808B5FFF781FD014B16
S31508032BA0986908BD00C00A5007B5044B01A91879EE
S31508032BB000F077F8019803B05DF804FB7882030800
S31508032BC0F8B5044600F059F80746FFF769FD154BB3
S31508032BD09D6900F0FDF806460020FFF7A7FD830769
S31508032BE004D4731B032B01D8AE420FD10021631BF8
S31508032BF0022B98BFEC1C0846B4F1FF3F2CBF2246B4
S31508032C00621EFFF7B7FD022000F0E6F8384600F02B
S31508032C102FF8054B1A7822B10121044A9164002240
S31508032C201A70F8BD00C00A50AA24022000D00A5020
S31508032C30830700F0010106D50123044A41F0020186
S31508032C401370034A93640020FFF754BDAA24022095
S31508032C5000E00A50830742BF0222014B1A647047F9
S31508032C6000D00A504FF4004070474FF47A7070470B
S31508032C7010B962B6BFF36F8F7047EFF3108072B661
S31508032C80704780F31188BFF36F8F7047EFF3118096
S31508032C90302383F3118870470123816480F8543005
S31508032CA0704709B100F008B8222070470121FFF7E1
S31508032CB075BD0021FFF772BD70B506460D46FFF7D1
S31508032CC0E5FF0446202E59D8DFE806F0111A581FE7
S31508032CD0222558282B582E58313458373A3D584010
S31508032CE05843585558465849584C584F5200FFF7B9
S31508032CF0B3FB002628602046FFF7C3FF304670BDA6
S31508032D004FF4C070E3F71EF8F3E74FF42070F9E7C2
S31508032D104FF44070F6E74FF46070F3E74FF4007032
S31508032D20F0E74FF48060EDE74FF44060EAE74FF4CD
S31508032D30C060E7E74FF4F060E4E74FF4B060E1E71B
S31508032D404FF4D060DEE74FF41060DBE74FF4E06042
S31508032D50D8E74FF4A060D5E74FF41860D2E74FF4ED
S31508032D602860CFE74FF48070CCE74FF42060C9E7BB
S31508032D704FF44860C6E74FF40860C3E700202126EE
S31508032D80B8E700230B707047F0B587B01F460023DA
S31508032D900D46164604468DF81730A8B1C3610DF1E2
S31508032DA01701FFF725FE9DF817207AB9BDF83430C9
S31508032DB0294602939DF830302046CDE90073334601
S31508032DC0FFF7A6FD07B0F0BD2220FBE70320F9E7CE
S31508032DD000210846FFF7BABC00F00101830748BF84
S31508032DE041F002010020FFF777BC38B5FFF74EFF25
S31508032DF004460020FFF79AFC830700F0010548BF45
S31508032E0045F0020500F003010020FFF781FC284680
S31508032E10FFF71EFE2046BDE83840FFF732BF000025
S31508032E20F8B500BFF8BC08BC9E467047F8B500BFA6
S31508032E30F8BC08BC9E4670476F626A000000000033
S31508032E4015AC0108D3B5010873B2010800000000E8
S31508032E50382E03088200000082000000CA02000020
S31508032E601000400000040204100010004000000493
S31508032E7008104000010000E0010000E0010000E046
S31508032E80010000E080808081818282838485868731
S31508032E90898A8C8D8F91939597999B9EA0A2A5A7B6
S31508032EA0AAADAFB2B50055AAFF0011223344556641
S31508032EB0778899AABBCCDDEEFF000000315F0008D6
S31508032EC0A95D0008000000001000000003000000D0
S31508032ED000FF0100E02E03080000000000000000C8
S31508032EE084410308943C0308F03B0308F42E0308C3
S31508032EF010000228042F03084F3B0308B13A0308BE
S31508032F003D31000000010000000000000001000040
S31508032F10020000000002000000000000000000009C
S31508032F20000000000000010000000000000000008F
S31508032F300000000000010A0006FB00000000F4F38D
S31508032F40020B0504F7020B01090207000000000043
S31508032F500000000000000D02FE0000000000000053
S31508032F6000000000000400F90000000000FC04044F
S31508032F700000FE00FE0200FE00FEFFFC000000004B
S31508032F80FE0000FDFD0000FE00FC0000000000003E
S31508032F90000000FEFE00FD00FA00E50000FC000448
S31508032FA0070000FC02020704FC040000F30000000B
S31508032FB00000000000000000F80000000000000008
S31508032FC000000000000000FAFDF500F7FE0000000F
S31508032FD000000900F9FEFF0100FC0000FEEF0000F7
S31508032FE0000000000000000000EEFE0900000000DB
S31508032FF00000000000000000F700000000000000C9
S315080330000000000700020000FC00000000000000AA
S315080330100000000000000000000009020100000093
S31508033020000000000000000000000000000000008F
S31508033030000000000000000000000000000000007F
S3150803304000000000F8000000000000000000000077
S31508033050000000000000000000000002040207FE52
S31508033060000004FEF9E102060400FD00080007005B
S315080330700700EB00FD070007FE0402000001FE003F
S3150803308000FC12001200070009030407000000F8F9
S315080330900000000001FE0002FCFDFC0200FE000029
S315080330A000F70000000000000000000000F1000027
S315080330B00000000000000000000000000001F4000A
S315080330C0F200000000FE0016FDFD0202FE00FD02EE
S315080330D00000F40000000000000000000000EA0001
S315080330E002000000000000000000000000F2000DCE
S315080330F00000F8000700F1EAF1FC070000F10003FD
S31508033100FB00FD00000000000000000000000006B0
S3150803311007E50000000000000000000000000B00A7
S315080331200200000000000202FDFC00FFFFFE000093
S31508033130FE000000FC00FE00FBFC00FAF9F9FC00A7
S31508033140FC00FC00000000FE0000020002FE000175
S3150803315000000002FE000000FE0202FF000000FC61
S3150803316000FF0000000000010003FE00FD00FC0054
S3150803317000FE00070000FE0000000000FF01FEFE3F
S315080331800000FE00FE000000000000000000FFFF34
S3150803319000FEFD0000000000010000FE00FEFEFE2A
S315080331A0000000000000000000FF00000000FEFD14
S315080331B000FD00F9FEF9040000FC02040600FAFF0C
S315080331C0FD00FFF502FE02F402000001F400F4FE1E
S315080331D0EDFE00F50004060003000000000000FCF5
S315080331E0FD00F9000000FE000000FE0000000000DC
S315080331F0FFFF00FFFD00000000000000FEFE00FECA
S31508033200FDFE0000FE0000000000000000000000B4
S31508033210FEFE00FD00FE00FC020000FD01020200A6
S315080332200000000000FE0000000000020000FE008F
S31508033230FEFEFD000000000000000200FE00000084
S3150803324000FEFD00FC0007FE01F9000006F5F4F791
S31508033250FC0200FEF1FC00FC00FC03FCF200FA0091
S315080332600001FF02FE000200F9F700F5FBFBFBF97C
S31508033270FDFA00FCFA01000100FE0000000200024C
S315080332800000000000000000000000FE00FF00FF31
S31508033290FE00FCFBFBFF00F9000000000000FE0037
S315080332A000000001FF00000002000000000000000B
S315080332B0000B00000000000002000000FE000000F2
S315080332C00000000000000000FC00020000000000EF
S315080332D00000000000000000FE000000FC000000E3
S315080332E000F5F9000000FDF50000FE0200FA0000F3
S315080332F00000000000000000FC0000FC00000000C5
S3150803330000000000000000000200FC0000000003AB
S315080333100002FCFC00FEFEFD000000000000F900B0
S31508033320FE00FDFE00FBFAF9FE00FC00F9000000B2
S3150803333000120000010000FD000200F60000000074
S3150803334000EBFC0707FEF70002FD00F5FFFD02F0A0
S31508033350FE030003F8FDF8F9F70000F3000D00007B
S31508033360FF000000FFFFFEFAF900EB000000000073
S31508033370000000000100000000000000000000003B
S315080333800000000000FE00FFFEFD0000FC00FE003A
S315080333900000000000000000000000000000FF001D
S315080333A0FC000004FF0300FB02FEFFFAFE00FDFE1D
S315080333B0FE00FDFC0000FEFFFEFCFD0000FE000211
S315080333C0FE00FB000000FC00FC00FCFC0200000001
S315080333D00000000000FC0200FD00FEFDF9FEFEFEF3
S315080333E0FFFEFDFF0000000000FEFEFE00000000D9
S315080333F003FE00FE000000FEFDFEFEFDFE000209C0
S31508033400FF00FA00FE0400FEF7FD030000F5FC02C8
S31508033410FC0200FEFEF900FD010000FC00000002AC
S3150803342002FCFC00FCFEFDFEFE00FC01FCFC0700A2
S315080334300000000000000000020000000000000079
S31508033440000000000000000000000000000000006B
S31508033450FC0000000000000000000000000000005F
S31508033460000000000000000000000000000000004B
S31508033470000000000000000000000000FE0000003D
S31508033480000000000000000000000000000000002B
S3150803349000000000000000000000FEFE000000001F
S315080334A00000000000000000FD0000FD0000FEFE15
S315080334B000000000FE00000000FF0000000000FE00
S315080334C000000000FD00FC000000F90002FB0400F8
S315080334D0FEF50000FBFE00F7FAFA0000F6FEF7F722
S315080334E0F500FA00020FFD00FBFEFFFEFCFAFCF8EE
S315080334F0F7FBFE0000FE00010000F0FE0705FBF8DF
S315080335000001F900F5FEFE04EBFD010000F1FDF4F0
S31508033510FEF00000F0000D0100FE00000000FFFEB3
S31508033520F7FE00F100000000F900FE00FFFAF500BF
S3150803353000FFFDF9FE00FE00000000F6FEF9F9FEA5
S31508033540FCFAFEFC00FCFEF9FD00FDFCFEFC000196
S3150803355000FEF9000400FC00000000030002FC0959
S3150803356000FEFEFD000000000000F900FE00FDFE5F
S3150803357000FBFAF9FE00FC02090000000012000035
S31508033580010000FD0002000000000000000000002A
S3150803359000000000FEFC0000000000FF000000FE23
S315080335A0FE0000FCFE0000FC0004FF000000000013
S315080335B0000100000000030402FE00F9FC0007F9FD
S315080335C0F9FCFC090402EDFE04FE00FE02FEF80007
S315080335D0FE02FDFEF9FE0000070400FA00F4FD06EC
S315080335E0FDF701FDF9F9FE090200FD00FA000207DD
S315080335F0FBF8F7FA070001F0FE02FCFEFB00FBF8F6
S31508033600FDFDFE0000FBFBFE000705FEF400F4FDCE
S3150803361000F8F3FFF9FCF9FA060000FD00FCFE00CA
S31508033620FEFC0004F9020000F400FEFBFCFEF9FAB6
S31508033630F9FB00F9FEFBFCF9FE0000010BFC00F99F
S31508033640FE00FEFCFBFAFAF7FDFC0400FD00F5FD9F
S315080336500104F9F8FCF907FE01EBFC04FBFCF8008E
S31508033660F9F7FDFEFEFEFBF9FF00000706FEF10073
S31508033670F3FB05F7F1FCF8F7F5F90400000000FD84
S31508033680000002FD0402FC040000F9FF00FF00012C
S3150803369001FE000000000000FE0000000002070013
S315080336A000FD00000000FEFEFD0000000102000010
S315080336B000000200FE000900040101FD00040000E9
S315080336C000020000000000000000000000070006DA
S315080336D00000000000000000000000000000F300E6
S315080336E0FE04000700001603FCFC0202FE01F500B7
S315080336F0000BF30000000000000000000000F109C1
S315080337001F000000000000000000000000F3000096
S315080337100000000000000000000000000000000098
S315080337200000000000000000FC0000FCFE00000092
S315080337300000000000000000000000000000000078
S31508033740FE00FA0000010000021DFCFE0706FA024D
S3150803375000000202FD000000000000000000000057
S31508033760E30600000000000000000000000000005F
S31508033770000000FA000000FA00000000FBFF00004A
S3150803378000FB00FD00F5000000000000000000003B
S3150803379000F10000000001000000000000FE000028
S315080337A0FC00FD00FA000000FC02FD0000FAFEFB27
S315080337B00000FA00FE00F500FE0000EEFCF7FEF836
S315080337C00000F100FAFF0000000000000000FDFC05
S315080337D0FEFC00000000FB00FB03FE0400FEFBFEEC
S315080337E0FCFC00FDFFFE02FAFF000000ECFEFD00F4
S315080337F0FB00FEF5FE0000FEFE000000000200FED0
S31508033800FCFE0400000000000000000000000000A9
S315080338100000000000000000000000000000000097
S315080338200000000000000000000000000000030084
S315080338300000000000FB00FE000000FC0200000080
S31508033840FAFEFC0000FA00FE00F500000000EA009C
S31508033850FCF8F50000F100FEFD0000000000000082
S3150803386000FEFDFFFD01000004FD00070BFEFEF947
S31508033870030B0405FA030903060506000000000006
S315080338800000000000000E0BFCFE00FE120A1200E8
S315080338900000020000080000FC0000000000000011
S315080338A00000FE0000000000000000030000000006
S315080338B0EDFDFEF7F50000F1000000000000000032
S315080338C0000000000000000000FC000000000000EB
S315080338D0000000FE000000000000000003000000D6
S315080338E000EDFDFEF7F50000F700000000000000FC
S315080338F0000000000000000000000000FE000000B9
S31508033900FB0200FE020402F90000FE0200020000A8
S315080339100000FA00FEFEFC00FEF7000EFE00FBFEAA
S3150803392000FEFC00FEFAFCFD000000FC000000009F
S315080339300000000000FE0000000000000000030075
S31508033940000000EDFDFEF7F50000F10000000000A1
S31508033950000B00000000000000000000FC00F9FD59
S31508033960FE07FEFEF701FF01FEFA0005000201024B
S31508033970FBF7FD00F7FCFAF7F700FCFCFDFDFEFE7E
S31508033980FDFE00FEFF030003FE0007000000000023
S3150803399000000000000000FEFEFE0000FA00FF0023
S315080339A0FC0000000000000000000000F300000017
S315080339B00000000000000000FEFE00FD00000000FD
S315080339C0FE0000FCFE0200FCFCFE00FAFEFBFEFD08
S315080339D000FC0000000000000000000000F10007E2
S315080339E00000FC00000000FD00FE0000FF0000FED2
S315080339F000FB000009FDF9F902020200FA020302BC
S31508033A00070207FEFA0000F70000F9FA0000FC00B7
S31508033A10FDFC00FD00FD00FE0300FEF9FE080000A4
S31508033A20FE00FC000003FB0002FE020000F900FE94
S31508033A30FF00FE02FE000000F7FDFB00F90000F59B
S31508033A400008FE00FC000100FE00FEF900FE02006D
S31508033A50000000FE000002FD010000FDFE00FD005F
S31508033A600000000000000000000000000000000045
S31508033A70F200050000FE000000000000FEFE000044
S31508033A80000400050000000000F2F3010A0704F72A
S31508033A9002090008000400000000000000000000FE
S31508033AA0000C0000000000000000000000000000F9
S31508033AB000000001020003040502060708090A09B3
S31508033AC00A0B0C0D0E0F10110C121314151500000A
S31508033AD00016171819171919191719191A19191967
S31508033AE01917191719031B1C1D1D1E1F2021222315
S31508033AF00024002526272727002726282926262ABD
S31508033B002A272A272A2B2C2D2E2E2F2E3000002348
S31508033B100931090000000000000000000000000051
S31508033B200000000000000000000000000000000084
S31508033B300000000000000000000000000000000074
S31508033B400000000000000000000000000000000064
S31508033B500001020003040502060708090A090A0BFD
S31508033B600C000D0E0F101112130C1414000000157F
S31508033B7016171819161A1B1C1D1D1E1F201D1D1688
S31508033B8021222303241E2525262728292A2B002C10
S31508033B90002D2E2F303132332D343435302D2D2E42
S31508033BA02E36373839333A3A3B3A3C290000093D31
S31508033BB009000000000000000000000000000000EB
S31508033BC000000000000000000000000000000000E4
S31508033BD000000000000000000000000000000000D4
S31508033BE000000000000000000000000000000000C4
S31508033BF0200000005F000100000000000000000034
S31508033C0000000200B0000000F3F76000183C030848
S31508033C10000000003E0003000000721F51EF58EF3A
S31508033C205BEF5CEF5DEF61EF63EF65EF69EF6CEFF9
S31508033C3071EF76EF77EF78EF8EEF93EF98EF9BEFD1
S31508033C409CEF9DEFA1EFA2EFA3EFA4EFB7EFB8EFB9
S31508033C50BEEFC0EFC1EFC4EFC7EFC8EFC9EFCBEFB5
S31508033C60E3EFE5EF14F015F017F019F030F037F03D
S31508033C703AF043F06CF074F0ABF03BF190F191F14C
S31508033C8092F193F194F1D7F1E3F13DF254F2AAF4E8
S31508033C9012F7F2F700000000000000000000C0035E
S31508033CA0000000000000C003030A00000F0080059F
S31508033CB0050500051C00D0090A0A00004E00B008D5
S31508033CC0090F00FE9200D00B0C0A0000CE00A009D3
S31508033CD00A0B00FF0501F002030500050D01B004F8
S31508033CE0040E01FD2901C004040E00FD4501A005CB
S31508033CF0060600055701200808070002730130036A
S31508033D00030500FE7B0160050503000383013003F9
S31508033D10030300008801F004070EFFFFB9015009E9
S31508033D20090A0000E6013005040A0000FA01100832
S31508033D30080A000022020008080A00004A0260096D
S31508033D400A0A00007C021008080A0000A402A00858
S31508033D50090A0000D1026008080A0000F9020009EE
S31508033D60090A00002603A008080A00004E033003C8
S31508033D70030800005A033003030B00FD6B032008F6
S31508033D80080800018B03200808060002A30320087D
S31508033D9008080001C3030008080A0000EB03800EA5
S31508033DA00E0D00FD4604400A0C0AFF008204A00A11
S31508033DB0090A0100AF04200A0A0A0000E104900B6D
S31508033DC00A0A010013056009080A01003B05E00811
S31508033DD0080A01006305D00A0A0A00009505600B64
S31508033DE0090A0100C2055004020A0100CC0530077E
S31508033DF0070AFF00EF05100A0A0A01002106500800
S31508033E00080A01004906600D0B0A01008006600BCB
S31508033E10090A0100AD06C00B0C0A0000E906200AD0
S31508033E20090A01001607C00B0C0D00FD6407300ACA
S31508033E30090A01009107B008090A0000BE073008FD
S31508033E40090A0000EB07100B090A01001808F00914
S31508033E500B0AFF004F08C00F100A00009F087009DD
S31508033E600A0A0000D10810090B0AFF0008093009DD
S31508033E70090A00003509B004040E01FD5109F004CE
S31508033E80070EFFFF8209B004040E00FD9E093008E1
S31508033E9007060102B3090007070100FFB70960080F
S31508033EA005020109BC09600808080000DC09900935
S31508033EB0080B0100080A000808080000280A9009E8
S31508033EC0090B00005A0A9008080800007A0AF00449
S31508033ED0060B00009B0AB009090B00FDCD0A9009E1
S31508033EE0080B0100F90AE003020B0100040B0004A6
S31508033EF0050EFEFD270BA008080B0100530BE00374
S31508033F00020B01005E0BD00E0D080100920B9009FF
S31508033F1008080100B20BE00809080000D60B90094F
S31508033F20080B01FD020C9009090B00FD340CC005B2
S31508033F3005080100480C000707080000640CD005B3
S31508033F40060A0000820C800908080100A20CD007A3
S31508033F500908FF00C60C900C0D080000FA0CC007F0
S31508033F60080800001A0DD007090BFFFD4C0D500772
S31508033F7007080000680DF004050E00FD8B0D3004DC
S31508033F80020E01FD990DF004050E00FDBC0D200877
S31508033F9008030003C80DE00506050006D70D6004EF
S31508033FA004030003DD0D000E0F0FFFFE4E0E000E79
S31508033FB00E0B00009B0E000E0E0D00FFF60E000EF4
S31508033FC00E0B0000430FA0090A0B00007A0F000E20
S31508033FD00E0F00FEE30F000E0E0F00FE4C10C00F6F
S31508033FE0100D00FFB410000E0E0F00FE1D11C00FBA
S31508033FF0100B00007511000E0E0F00FEDE110007F0
S31508034000070C00FF0812800A0B0C00FF4A12C00FA8
S31508034010100E00FEBA12000E0E0B00000713A009BD
S315080340200A0F00FE5213400C0A0E01FE9813400CA9
S315080340300D0F00FEFA13400C0D0D00FF4F14400C34
S315080340400D0D00FFA414400C0A0E01FEEA14400CE1
S315080340500E0DFFFF4515C008090D00FF8015C008A2
S31508034060090D00FFBB15400C0D0D00FF1016400C83
S315080340700D0400032A16C00F100B000082168011C8
S31508034080120F00FE0917C00F110FFFFE8917000E46
S315080340900E0D00FFE417400C0D0800011818400C1C
S315080340A00D0800014C188011120B0000AF18000E02
S315080340B00E0B0000FC18000E0E0F00FE6519000E0D
S315080340C00F0FFFFED619400C0D0D00FF2B1A400CDF
S315080340D00D0F00FE8D1A400C0D0D00FFE21A400C61
S315080340E00D0C00FF301B000E0E0B00007D1BC008D5
S315080340F00A0FFFFEC81B400C0D0F00FE2A1C400CBE
S315080341000D0F00FE8C1CC00F100B0000E41C000EE4
S31508034110100FFFFE5C1D800A0B0F00FEAF1D8011FA
S31508034120120D00FF241E8011120A00007E1E801144
S31508034130120A0000D81E8011120A0000321F8011CD
S31508034140120A00008C1F8011120A0000E61F801154
S31508034150120C00FF5220400C0C0F00FEAC20400C42
S315080341600D0F00FE0E21000E0F0FFFFE7F2180119B
S31508034170120B0000E221800A0B0F00FE3522100EF7
S315080341800F0A00000EA0D90D90C80C80B70A60115B
S315080341900B80D91F0991F0881F0880F0880000005A
S315080341A0000D203C00000F0069002FFFFFFFF701F9
S315080341B05C11A610006900C300008800D2009FFFA7
S315080341C0FFFFF012C523E22000D203C00000F0046B
S315080341D0B0000000700000000E00000000E00000C0
S315080341E019EFEA300CD6E6A702F40E00001F80E0AA
S315080341F000006FEF50000016FFE500000E0AF001FD
S3150803420000E05F13F85E6EB005CFFE9100000E0066
S3150803421000000070000008DD3000A7004B02D00440
S31508034220C0007700D01D20004B03D0A7000007DC91
S3150803423034C4CC3000001D2D22D00000A63B00B3A9
S315080342400005C03A00A3001D200D00D000A60004F7
S31508034250CC40004DFC300000F718C00001F205D031
S315080342600000BB6E4000005FF3000007E6DB038037
S315080342702F301DBAA05F0001DF401FB448FEC003FC
S31508034280BFFC40B200000000001F01F01F00F00051
S315080342900003F10B900F404F007D009B00AA00AA74
S315080342A0009B007D004F000F400B9003F15E000E4C
S315080342B06008C004F001F300F500E600E600F50126
S315080342C0F304F008C00E605E0000930088A6C209D6
S315080342D0FE404DDDB14293500052000004500000E9
S315080342E008A0000008A0001FFFFFF30339B330003E
S315080342F008A0000008A0000103F61E60E12C0000D8
S315080343000003FFF90333100003F52E4000000E40A7
S315080343100004E000009A00000E400004F000009A32
S3150803432000000E400003F000009A00000E50000340
S31508034330F000009A00000E500003F00000004CFE47
S3150803434070004FB68F900DB0005F32F40000E74F50
S3150803435020000CA4F20000CA2F40000E70DB0005F3
S31508034360F204FB68F90004CFE700EFFB44CB00AB8C
S3150803437000AB00AB00AB00AB00AB00AB00AB07DF99
S31508034380EA108E857EC0010006F1000006F00000E3
S315080343900D900000CC00001CC00001DB00001DE5E9
S315080343A044427FFFFFF97FFFFFF024445F9000003C
S315080343B0BC000009E100003FD81000046DD00000DE
S315080343C002F4100002F4BD757DD019DFEA1000006F
S315080343D00DA0000000AC00000007E10000004F40FC
S315080343E0100002F600F5001DA000F5007FFFFFFF91
S315080343F0F3133333F730000000F500000000F5002F
S3150803440009FFFFF00AB444400C8000000E70000058
S315080344100FFFFC4003345CF2000000F7100000F7BE
S315080344208E856CF108DFFB30002AEFD5003FD6579F
S31508034430400CC0000002F40000004F5BFFA104FE1D
S31508034440845DD03F80003F30E80003F206F845DC80
S315080344500005DFE9109FFFFFFD9D4444E99C000426
S31508034460F200000BB000002F400000AD000001F67B
S31508034470000008E000000E8000006F1000019EFE99
S315080344809100BE636EC00F60006F00CC202BC00284
S31508034490EFFFE200DC424CD05F20001F55F200021A
S315080344A0F50ED535DE001AEFEA1003BFEA202FA46E
S315080344B04BE18E0000E99D0000DD4F7129FF07FFE0
S315080344C0FC9E000210AC000002F607658FB00AEFE7
S315080344D0D7002E53F50000000000003F52E42E5388
S315080344E0F50000000000002E52F60D21D001000051
S315080344F000003100006CF2018ED6000FC300000ADB
S31508034500FB40000017EE70000005C3000000001F03
S31508034510FFFFF30333333000000000000000001FE1
S31508034520FFFFF303333330040000000ED7100000F7
S315080345305CF92000002AF20003AFB106DE82001CF4
S315080345406000000000000007DFEA109E746EC001D9
S315080345500006F0000009C000008E200006F20000E5
S3150803456008700000000000000B8000000C9000009B
S31508034570006CEFDA4000003DA41016D90001E509E6
S31508034580EE98CA900A80BD43AFC0D30F13F2000C4E
S31508034590C0693C06D00007C03B4B06D00007C02CB9
S315080345A03C03F2000CC04A0F10BD439EE3C50A80C4
S315080345B009EE91CF9001E50000000000003DA4102C
S315080345C028000000007CEFD9100000000CF1000061
S315080345D000003FD700000000B96E00000002F20E8B
S315080345E050000009A007D000001F3000F400007F28
S315080345F0FFFFFB0000E733334F2005F000000C9064
S315080346000C90000006F18FFFFEC408E3334BF28ECD
S3150803461000001F58E00018F18FFFFFF808E333374F
S31508034620F68E000009C8E000009D8E33347F78FFBC
S31508034630FFFD700007CFFB4000CF966AF50AE2003C
S3150803464000301F600000004F200000004F200000CC
S31508034650001F600000000AE200003001CF966AF5E9
S315080346600007DFFB408FFFFEA4008E4446CF708E03
S31508034670000007F38E000000DA8E0000009D8E000E
S3150803468000009D8E000000DA8E000007F38E444674
S31508034690BF708FFFFEA4008FFFFFF68E4444418E42
S315080346A00000008E0000008FFFFFC08E3333208E7C
S315080346B00000008E0000008E4444428FFFFFF98FEE
S315080346C0FFFFF68E4444418E0000008E0000008EE4
S315080346D00000008FFFFFC08E3333208E0000008E4C
S315080346E00000008E0000000007CFFC5000CF966A3A
S315080346F0F60AE20000201F600000004F20000000B9
S315080347004F200000B91F600000B90AE30000B90092
S31508034710CF966AF80007DFFC608E000008E8E00021
S31508034720008E8E000008E8E000008E8FFFFFFFE88A
S31508034730E333339E8E000008E8E000008E8E000007
S3150803474008E8E000008E8E8E8E8E8E8E8E8E8E8E6E
S3150803475002FFFFC00444BC000009C000009C00001F
S3150803476009C000009C000009C02000BA0EB58F607E
S315080347703CFE808E00004F508E0004F6008E003FEC
S3150803478070008E03F800008E2EC000008EECF60033
S31508034790008FB07F30008E000AE1008E0000CC0047
S315080347A08E00001EA08E0000008E0000008E000002
S315080347B0008E0000008E0000008E0000008E0000B0
S315080347C0008E0000008E4444408FFFFFF28E0000E7
S315080347D00008E8F7000002FE8FF10000BFE8DCA03E
S315080347E0004F9E8D2F300D87E8D09C06E07E8D0105
S315080347F0E7E507E8D006FC007E8D000A2007E8D027
S315080348000000007E8E100008E8FC00008E8FF90079
S3150803481008E8E6F6008E8E09F308E8E00CE18E8ECA
S31508034820001EB8E8E0003FEE8E00006FE8E00000E7
S31508034830AE0007CFEB500000CF966BF9000AE200F3
S31508034840005F601F6000000AD04F20000006F04F8B
S3150803485020000006F01F6000000AD00AE200005F8D
S315080348606000CF966BFA000007DFEB50008FFFFD61
S315080348707008E4458FB08E00005F38E00001F58EBE
S3150803488000003F48E0014DD08FFFFFB208E3331025
S31508034890008E00000008E00000000007CFEB500080
S315080348A000CF966BF9000AE200005F601F60000004
S315080348B00AD04F20000006F04F20000005F01F60C5
S315080348C000000AD00AE200005F6001DF855AFA0099
S315080348D00008DFFC5000000001EC21940000001BD7
S315080348E0FFC10000000012008FFFFD7008E4458F2A
S315080348F0B08E00005F38E00001F58E00003F38E017
S31508034900014DD08FFFFFC208E333DA008E0002F6AB
S3150803491008E00005F3019EFDA200CE646B702F40EC
S31508034920000001F800000006FD950000016AEE503C
S315080349300000009F00200005F13FA547EB004BEF61
S31508034940E910FFFFFFFF2444BD44400009C00000EF
S31508034950009C00000009C00000009C00000009C07C
S315080349600000009C00000009C00000009C00009C99
S3150803497000000BA9C00000BA9C00000BA9C00000E8
S31508034980BA9C00000BA9C00000BA8E00000D94F46F
S315080349900003F50CF868FD0009EFE9100CB00000F8
S315080349A00AC05F200001F500E900008E0008F00048
S315080349B00E70001F6005F10000AD00C9000003F486
S315080349C03F3000000CBAC00000005FF5000000008D
S315080349D0EE00006F10000DB00002F21F60003FF1F9
S315080349E00008D00BB0008BE6000D7006F000E69BBE
S315080349F0002F2001F503F14F108D0000CA09B00EF0
S31508034A0060D800006F0E6009B2F300001F9F100400
S31508034A10F9D000000CFB0000EF80000007F6000049
S31508034A209F30003F50000DA008F2009D0000CC0403
S31508034A30F300002F9E70000006FC00000009FE101C
S31508034A4000004F4DB00001E802F7000BD0007F20AD
S31508034A507F20000BD00CB000009C002F50002F3095
S31508034A60009E000C900000E805F1000005F3E6003F
S31508034A7000000CFD000000003F4000000002F300A8
S31508034A800000002F3000000002F300004FFFFFFF75
S31508034A909144444AF3000003F6000001EA000000CB
S31508034AA0CC0000009E1000006F4000003F7000001D
S31508034AB01ED4444436FFFFFFFC8FF68D318D008DDF
S31508034AC0008D008D008D008D008D008D008D008D6D
S31508034AD0008D318FF65D000000F200000B800000A8
S31508034AE06D000001F200000B8000006D000001F26A
S31508034AF000000B7000006D000001F200000B70004F
S31508034B00006D000001F2BFF325F302F302F302F38B
S31508034B1002F302F302F302F302F302F302F325F3B9
S31508034B20BFF300AD00001EC4000885A000E20E1006
S31508034B305B00970B5002E0EEEEEEE00BC00009B007
S31508034B4004CFEA100B745DB0000004F004CEEEF255
S31508034B501F8214F24F1004F21F703DF204DFD7F2DE
S31508034B60BA000000BA000000BA000000BA8EFC3092
S31508034B70BFD54BF3BE1000CABA00007EBA00007E4A
S31508034B80BE1000CABFD55BF3B98EFC30007DFD604D
S31508034B9009F748F42F5000205F0000005F0000006B
S31508034BA02F50002009F748F4007DFD600000001F20
S31508034BB040000001F40000001F4008EFC4F40AF7A0
S31508034BC048FF42F50007F45F00002F45F00001F4A3
S31508034BD02F50006F40AE637EF4008EFC4F40008E6C
S31508034BE0FC400AD538F42F20008C5FEEEEFF5F21D8
S31508034BF011112F70001009F846E4007DFE80009E0F
S31508034C00E305F44108C000CFFFF029D32008D000FC
S31508034C1008D00008D00008D00008D00008D000004B
S31508034C207EFC4E60AF747FF62F50005F65F0000080
S31508034C30F65F00000F62F60006F609F747FF50070E
S31508034C40EFC4F50000003F20CB646EB003AEFD80D1
S31508034C5000BA000000BA000000BA000000BA8EFBD2
S31508034C6020BFC56DD0BE0003F2BA0000F4BA000037
S31508034C70F5BA0000F5BA0000F5BA0000F5BAA800BF
S31508034C80BABABABABABABABA000AB00099000000F0
S31508034C9000AB000AB000AB000AB000AB000AB000D4
S31508034CA0AB000AB000AA064E71DFA0BA000000BA2C
S31508034CB0000000BA000000BA001CC0BA01CC00BA52
S31508034CC01CD100BBCF6000BFDBE100BD11DC00BA1D
S31508034CD0003F70BA0007F3BABABABABABABABABAD6
S31508034CE0BABAB99EFA15DFD40BFB45EDE64AF2BE0E
S31508034CF00006F6000E7BA0004F2000C9BA0003F198
S31508034D00000C9BA0003F1000C9BA0003F1000C9BDE
S31508034D10A0003F1000C9B99EFB20BFB45DD0BE00FA
S31508034D2003F2BA0000F4BA0000F5BA0000F5BA00B7
S31508034D3000F5BA0000F5007DFD60009F748F702FA3
S31508034D4050007F05F00001F35F00002F32F50007DE
S31508034D50F009F748F70007DFD600B98EFC30BFC461
S31508034D603AF3BE1000CABA00007EBA00007EBE102F
S31508034D7000CABFD55BF3BA7EFC30BA000000BA009E
S31508034D800000BA000000008EFC3F40AF748EF42F7B
S31508034D9050007F45F00001F45F00002F42F500073D
S31508034DA0F40AF748FF4008EFC4F40000001F400068
S31508034DB00001F40000001F40B98E4BFD71BE100BB5
S31508034DC0B000BA000BA000BA000BA00005DFEA1377
S31508034DD0F735A06F000001EE9610016AEF30000068
S31508034DE0D96C646F62AEFD7008D00008D000CFFF9F
S31508034DF0F029D32008D00008D00008D00008D00036
S31508034E0005F551009FE3C80002F3C80002F3C80082
S31508034E1002F3C80002F3C90003F3AB0007F35F8389
S31508034E207EF306DFC5F30D90000AA06E0001F300BA
S31508034E30F5007D0009C00E60003F24F00000C8B9E4
S31508034E40000006FF3000000FC000C80006F1000D81
S31508034E5056D000CF6003F01F302F9C009A00B80786
S31508034E60B2F10E4005E0D60C74E0000F6F007C9992
S31508034E700000AFA001FF400005F4000BE0004F302F
S31508034E8007E109D02F4000D9D900003FD000004FD1
S31508034E90E10001E7BB000BB01E707E1005F30D9011
S31508034EA0000AA06F0001F300F6007D0009C00D603B
S31508034EB0002F34F00000C9A9000005FF2000000EEA
S31508034EC0C0000000E5000094AD00001BFC200000B4
S31508034ED05FFFFFA13337F40001E70000CB00008E24
S31508034EE010004F40001EA33326FFFFFC006EA00FE1
S31508034EF09201F4001F4001F4003F303FC0006F30B9
S31508034F0001F4001F4001F4001F4000FA2005EA8B54
S31508034F108B8B8B8B8B8B8B8B8B8B8B8B8BBE500261
S31508034F20AE0005F0005F0005F0004F1000DF104FDC
S31508034F305005F0005F0005F0005F002AE00BE4006F
S31508034F4007EC40B41E25DFC00100000004CC302B5B
S31508034F5001C05700932B01C005CC3006A10FF60BF1
S31508034F60E2000000000000000000000000027BFBD6
S31508034F70000000049DFFFFD00003AFFFFFFFFD0005
S31508034F8000AFFFFFFFDFD0000AFFFFB610ED0000FA
S31508034F90AF9400000ED0000AF1000000ED0000AF48
S31508034FA01000000ED0000AF1000045FD0000AF1006
S31508034FB001EFFFD0179DF1005FFFFC0EFFFF100006
S31508034FC0AFFD31FFFFE00000010003BDA3000000B1
S31508034FD0000050188888888405FABFDDDDDDFDAF3B
S31508034FE0E47F100000CA4EE04F100000C80EFEEF23
S31508034FF0100000CFEFE03FEEEEEEF80EF68F766682
S3150803500066EB6FF8AF100000CC8FE03F100000C8C6
S315080350100EFCDF655555EECFC25FFFFFFFF92C5730
S31508035020750577777775FFFF1FFFFFFFFFFFFF2FD5
S31508035030FFFFFFFFEFFF0EFFFFFFFE011000111139
S315080350401110EFFE0EFFFFFFFEFFFF2FFFFFFFFF0F
S31508035050FFFF1FFFFFFFFF68870788888886688723
S315080350600788888886FFFF1FFFFFFFFFFFFF2FFFC5
S31508035070FFFFFFDFFD0DFFFFFFFD0000000000013E
S315080350805000000000001DF80000000001DFFD00CD
S315080350900000001DFFE22D600001DFFE20DFF700A0
S315080350A01DFFE2008FFF71DFFE200008FFFEFFE20F
S315080350B00000008FFFFE2000000008FFE20000004A
S315080350C000007D2000000000000000007F60000B48
S315080350D0E2EFF600BFF84FFF6BFFD104FFFFFD10A9
S315080350E0005FFFE10000BFFFF6000BFFDFFF60BFB5
S315080350F0FD14FFF5CFD1004FF6171000036000002B
S315080351000011000000000000FF000000006F21FFEF
S3150803511012F70006FF61FF16FF601FF901FF109FD4
S31508035120F16FE001FF100EF6AF8001FF1008FACF0A
S315080351306001FF1006FCAF8000AA0008FB7FD000C1
S3150803514000000DF71FF80000008FF107FF91002AF2
S31508035150FF70009FFFEEFFF9000005CFFFFD50002B
S3150803516000000244200000000000000000000000C8
S315080351700AFFA0000000000CFFC0000003D6DFFFF3
S31508035180FD6D300EFFFFFFFFFFE05FFFFFAAFFFF86
S31508035190F51AFFF4004FFFA103FFD0000DFF3004FB
S315080351A0FFF0000FFF404FFFFB22BFFFF42FFFFF67
S315080351B0FFFFFFF209FEFFFFFFEF9000505EFFE5DA
S315080351C0050000000CFFC000000000047740000043
S315080351D000000003100341000000009FF50DF500D1
S315080351E000001BFDFF8DF5000002DFB12DFFF50062
S315080351F0004FF83EC2BFF50007FF55FFFE39FE40D4
S315080352009FE38FFFFFF56FF6AC2AFFFFFFFF73E6F9
S31508035210005FFFFFFFFFF100006FFFD77FFFF2007C
S31508035220006FFF900DFFF200006FFF900DFFF20075
S31508035230004FFF700BFFE100000000330000000081
S31508035240000BFFB0000000000CFFC0000000000CBC
S31508035250FFC0000000000CFFC0000000000CFFC0E8
S315080352600000008FFFFFFFF800002EFFFFFFE2009C
S315080352700002EFFFFE200000002DFFE200007999EF
S3150803528082DE289997FFFFFB22BFFFFFFFFFFFFF81
S31508035290FFFFFFFFFFFFFFFAB3CFACCCCCCCCCCCE0
S315080352A0CA0006BBBBBBBA3000004FFFFFFFFFE1D6
S315080352B00000EF30000006FB0009F800000000CFED
S315080352C0504FD0000000002FE1DF84420000344B2A
S315080352D0F9FFFFFD0001FFFFFBFFFFFF988BFFFFB1
S315080352E0FCFFFFFFFFFFFFFFFCFFFFFFFFFFFFFFC3
S315080352F0FB9FFFFFFFFFFFFFF600000000000033E0
S3150803530000018DFFC600EF004EFFFFFFE4DF04FF39
S31508035310B3004CFFFF0EF90000008FFF6FC00001BA
S31508035320FFFFFF8E500001DEEEED000000000000D7
S315080353300022222200000021FFFFFF100008F8FFC9
S31508035340FBBC10001EF4FFFC100001DFC0FEEFE8F3
S31508035350448EFE10FE1AFFFFFFC100FD0028BB9412
S315080353600000000002700002EF0002EFFDFFFFFFDE
S31508035370FFFFFFFFFFFFFFFFFFFFFFFFFFFF3447AF
S31508035380FFF00005FF000005C000000000000270E2
S3150803539000000002EF00000002EFF0000DFFFFFF20
S315080353A00220FFFFFFF08E1FFFFFFF00E7FFFFFF4F
S315080353B0F03F5FFFFFFF08903447FFF0000000054A
S315080353C0FF0000000005C000000000000000000008
S315080353D0000000077000000002700005FA000000D4
S315080353E02EF000814F600002EFF001DD07F0DFFFCA
S315080353F0FFF0321E80F6FFFFFFF08E27E0B9FFFFAE
S31508035400FFF00E73F19BFFFFFFF03F54F09AFFFF87
S31508035410FFF0890AC0D83447FFF0007F43F3000042
S315080354205FF002F60CB0000005C00000BF100000D4
S3150803543000000009E300000000000002100037889E
S315080354408888888873EFFFFFFFFFFFFEFE32DFFFC2
S31508035450FFFFFFF9007FFFFDFFFFFD10CFFFA07FD2
S31508035460FFFFFFFFFA0007FFFFF35FA00000CFFF70
S315080354703003000000CFFC0000000000CFFFCCCCB7
S31508035480CCCCCCFFAFFFFFFFFFFFF90000200000E5
S315080354900001FA00000006FF1000000DFF7000006F
S315080354A06FFFF10001EFFFFA000BFFFFFF605FFFDD
S315080354B0FFFFE0CFFFFFFFF6FEBFFFFFF9FD4FFF3C
S315080354C0FFF9BF49FFFFF53FE52EFFD006FFFFFDB6
S315080354D0200028BA600004300000311FE00006F9F6
S315080354E01FE0007FFA1FE009FFFA1FE0AFFFFA1F6C
S315080354F0EBFFFFFA1FFFFFFFFA1FFFFFFFFA1FE687
S31508035500FFFFFA1FE05FFFFA1FE004FFFA1FE00040
S315080355103EFA0FD00002D700000000000200000088
S3150803552000000CFB2000000000FFFF900000000FA6
S31508035530FFFFE6000000FFFFFFFC30000FFFFFFF41
S31508035540FF9100FFFFFFFFFFE60FFFFFFFFFFFF2DD
S31508035550FFFFFFFFFFFD0FFFFFFFFFF800FFFFFF42
S31508035560FFB2000FFFFFFD400000FFFFF70000003A
S315080355700FFFA1000000006A400000000000144469
S31508035580200144420DFFFF10DFFFF1FFFFF30FFF7A
S31508035590FF3FFFFF40FFFFF4FFFFF40FFFFF4FFF3F
S315080355A0FF40FFFFF4FFFFF40FFFFF4FFFFF40FF2E
S315080355B0FFF4FFFFF40FFFFF4FFFFF40FFFFF4FF6A
S315080355C0FFF40FFFFF4FFFFF30FFFFF39FFFC009F5
S315080355D0FFFC001444444444420DFFFFFFFFFFF160
S315080355E0FFFFFFFFFFFF3FFFFFFFFFFFF4FFFFFF85
S315080355F0FFFFFF4FFFFFFFFFFFF4FFFFFFFFFFFF65
S315080356004FFFFFFFFFFFF4FFFFFFFFFFFF4FFFFF04
S31508035610FFFFFFF4FFFFFFFFFFFF4FFFFFFFFFFF44
S31508035620F39FFFFFFFFFFC0002100000420FE2009A
S3150803563003FB0FFE3004FB0FFFF404FB0FFFFF54BD
S31508035640FB0FFFFFFAFB0FFFFFFFFB0FFFFFFFFB3E
S315080356500FFFFFD6FB0FFFFD14FB0FFFC104FB0F64
S31508035660FB0004FB0CA00003FA0000000000000086
S315080356700012000000000003FF60000000002EFF78
S31508035680F500000001EFFFFF4000001DFFFFFFF3D9
S315080356900000CFFFFFFFFE200AFFFFFFFFFFE00E1C
S315080356A0FFFFFFFFFFF20399999999995005888897
S315080356B0888888700FFFFFFFFFFFF30FFFFFFFFFC9
S315080356C0FFF40BFFFFFFFFFFD100000000000000FF
S315080356D03F9000003FFC00003FFD10003FFD100017
S315080356E03FFD10001FFD100000CFF4000000CFF4AB
S315080356F0000000CFF4000000CFF4000000CFE00064
S315080357000000A4000000000000CD1000001FFD10DB
S3150803571000003FFD1000003FFD1000003FFD100094
S31508035720003FFD000008FF900008FF900008FF9067
S315080357300008FF900002FF900000078000000000A9
S315080357400004500000000002FF60000000003FF75D
S315080357500000000003FF70000000003FF70000068A
S31508035760999AFFC99980FFFFFFFFFFFF3DFFFFFFE0
S31508035770FFFFF201113FF71110000003FF7000004D
S3150803578000003FF70000000003FF70000000000C54
S31508035790D30000006999999999980FFFFFFFFFFFB6
S315080357A0F3DFFFFFFFFFFF200000000000000000FB
S315080357B00156640000000003BFFEEFF91000007FE6
S315080357C0FA1003DFE40008FFA009B41EFF504FFFD9
S315080357D0200BFF26FFE1EFFF09CFFF63FFFABFFFA9
S315080357E009FFFF54FFF61EFF51DFFB09FFB003EF66
S315080357F0E204305FFC10002CFF956AFF900000005E
S3150803580049DFFD920000000000000000000000CD03
S3150803581020000000000000008FF500146640000019
S315080358200004EFACFFEFFF910000001CFFA1004D41
S31508035830FE300000009FF5AB31EFF40007B105FF1A
S31508035840FFE17FFE100FFE302DFFF54FFF900CFF93
S31508035850E000AFF65FFF6002FFF40006FFEFFB0010
S31508035860004FFD10003EFFC0000002DFE85401BFF1
S31508035870E300000005AEFF6007FF600000000000BC
S3150803588000004EF60000000000000001A100000021
S315080358900000000000000000003ED00000000000E9
S315080358A0000CFF80000000000006FFFF2000000038
S315080358B00000EFFFFB00000000008FFCCFF40000A0
S315080358C000002FFB00FFD00000000BFFC00FFF7086
S315080358D0000004FFFD01FFFF100000DFFFE02FFFBC
S315080358E0FA00007FFFFF9BFFFFF3001FFFFFB00EC9
S315080358F0FFFFC00AFFFFFE24FFFFFF60FFFFFFFF56
S31508035900FFFFFFFA06CCCCCCCCCCCCCB30000000C6
S315080359100000360000000000007F80DDDB00008DFC
S31508035920EFF8FFFFB007FFFFFD556FF46FF8AFE21F
S31508035930000574FF907E2000003FFA000000000275
S31508035940EFB2504A00012EFD1DF48FB0FFFFD10BB5
S31508035950FFFFFBFFFE2000CFFFFB12210000029F83
S31508035960C000000000005B00000007A00000000064
S3150803597008FFB000000008FFFFB0000008FF95FF0E
S31508035980B00008FF9005FFB007FF900005FFB09F22
S3150803599090000005FD004000000003104C200000A5
S315080359A000B60BFE200000CFF02EFE2000CFF40039
S315080359B02EFE20CFF400002EFECFF40000002EFFAB
S315080359C0F4000000002EF40000000000130000009D
S315080359D000083000000000000000BFF308BBBBBB93
S315080359E090000BFFFF39FFFFFFF1008FCFCFF000C9
S315080359F0000AF100382F948000000AF100002F9066
S31508035A000000000AF100002F900000030AF130009D
S31508035A102F9000001FCBF8F8002FEBBBBB39FFFF15
S31508035A20E2001FFFFFFFB09FFD20000000000000FB
S31508035A3008D10037888700000000EFFFFFA00000A9
S31508035A4000FFFFFFFDCCCCB6FFFFFFFFFFFFFFFF05
S31508035A50FFFFFFFFFFFFFFFFFFFFFFFFFFFFFFFF45
S31508035A60FFFFFFFFFFFFFFFFFFFFFFFFFFFFFFFF35
S31508035A70FFFFFFFFFFFFFFFFFFAFFFFFFFFFFFF97B
S31508035A8000000000000000000001DD100000000017
S31508035A901DFFD100000001DFFFFD1000001DFFFF01
S31508035AA0FFD100009FFFFFFFF90000011CFFC11093
S31508035AB00000000CFFC0000000000CFFC00000003F
S31508035AC0000CFFC0000079993BFFB39997FFFFB21B
S31508035AD0442BFFFFFFFFFEDDEFFFFFFFFFFFFFFA8C
S31508035AE0B3CFACCCCCCCCCCCCA00000000000200AF
S31508035AF0000000000004FFC70000000000AFFFF02D
S31508035B00000000001FFFFD0000000006FFFFC000A5
S31508035B1000000008FFF700000000000CFF3000003B
S31508035B20000004FFC00000000001EFF300004A3044
S31508035B3002DFF80005DFFE15EFFB0000EFFFFFFFAE
S31508035B40FA00000BFFFFFFF70000007FFFFFA2002C
S31508035B50000002BA85000000000004860000001059
S31508035B6006FFFA0002DFD1EF3CF101DFFA0EE0AFE0
S31508035B7021DFFA009FEFF6DFFA00008DFFFFFB0037
S31508035B80000006FFFD00000048EFFFF600006FFF68
S31508035B90FBFFF6000EF3CF23FFF600EE0AF204FF2F
S31508035BA0F609FEFC0004FFF108DA100002620000A1
S31508035BB0000000000000006FFFF987000008FFFFE0
S31508035BC098F708A68FFFF95990FFA8FFFFFCCC0F9B
S31508035BD0FA8FFFFFFFF1FFA8FFFFFFFF1FFA8FFFF3
S31508035BE0FFFFF1FFA8FFFFFFFF1FFA8FFFFFFFF17C
S31508035BF0FFA8FFFFFFFF1FFA7FFFFFFFF0FFE31278
S31508035C002222210FFFFFFFF90000ACCCCCCB5000BA
S31508035C10004999999995000EFFFFFFFFF600FD22AB
S31508035C2022224FF60FC0000001FFF3FC0000001FFD
S31508035C30FF6FC0000002FFF6FFFFFFFFFFFF6FFFC6
S31508035C40FFDCFFFFF6FFFFB005FFFF6FFFF6000F50
S31508035C50FFF6FFFFC006FFFF6FFFFFEDFFFFF69F8F
S31508035C60FFFFFFFFFD10CDDDDDDDDDDD2FFFFFFFD0
S31508035C70FFFFF31222222222220000000000000066
S31508035C800000000000000FFFFFFFFFFFF3DEEEEE4C
S31508035C90EEEEEE2000000000000000000000000009
S31508035CA00DEEEEEEEEEEE2FFFFFFFFFFFF30000024
S31508035CB00000000037888888888873EFFFFFFFFF96
S31508035CC0FFFEEFFFFFFFFFFFFE1CFFFFFFFFFFC106
S31508035CD0D28FFFFFFFF82DFF64EFFFFE45FFFFFAA4
S31508035CE02BFFB2AFFFFFFFD3553DFFFFFFFFFFBB00
S31508035CF0FFFFFFFFFFFFFFFFFFFFAFFFFFFFFFFFF3
S31508035D00F9000000000001FFFFF00004FFFFD000C8
S31508035D1006FFFF800008FFFF30000AFFFFAAA60C54
S31508035D20FFFFFFF80EFFFFFFE10BDDDFFF6000005B
S31508035D304FFD0000007FF3000000BFA0000000FF36
S31508035D4010000003F800000003C000000000200054
S31508035D5000000455EFB5520000FFFD1FFFB0000F0A
S31508035D60FFFFFFFC0000FFFF533320000FFF97FFE1
S31508035D70FB5700FFF8AFFFC6F80FFF8AFFFC4AA1DF
S31508035D80FFF8AFFFE3220FFF8AFFFFFFF4FFF8AF29
S31508035D90FFFFFF4FFF8AFFFFFFF43552AFFFFFFFF9
S31508035DA040000AFFFFFFF400007FFFFFFE2000000C
S31508035DB001100000000000AF00000000018FFA3058
S31508035DC0000002EFFFFF500000BFFFFFFF10001F98
S31508035DD0FFFFFFF50003FFFFFFFF70005FFFFFFFF5
S31508035DE0F90008FFFFFFFFC000DFFFFFFFFF209F4B
S31508035DF0FFFFFFFFFD0EFFFFFFFFFFF20222222236
S31508035E002221000008FFC00000000009A2000000CC
S31508035E105BBBBBBBBBBBBBA3FFFFFFFFFFFFFFFB1D
S31508035E20FC0C30E11D0D11FCFC0B30E01D0D10FCC4
S31508035E30FFFEFFEFFEFEEFFCFFF15A0870A05FFCC2
S31508035E40FFF37B2992C27FFCFFBFCBBBBBBFCBFC57
S31508035E50FC0B2000000D00FCFFCFCCCCCCCFCCFB39
S31508035E609FFFFFFFFFFFFFF6000000000000020090
S31508035E70000000000005DFB00000000007EFFFD0B8
S31508035E8000000018FFFFFF70000029FFFFFFFF0057
S31508035E90003BFFFFFFFFF8000AFFFFFFFFFFF100CC
S31508035EA00FFFFFFFFFFFA000049AAAAFFFFF200022
S31508035EB00000000EFFFB00000000000EFFF40000C8
S31508035EC00000000EFFC000000000000EFF50000097
S31508035ED00000000DFD00000000000004B3000000F0
S31508035EE035555502000FFFFFF2F400FFFFFF2FF4AD
S31508035EF00FFFFFF2FFF3FFFFFF32221FFFFFFFFF34
S31508035F00F7FFFFFFFFFF8FFFFFFFFFF8FFFFFFFF0F
S31508035F10FF8FFFFFFFFFF8FFFFFFFFFF8FFFFFFF67
S31508035F20FFF8FFFFFFFFFF8FFFFFFFFFF88AAAAA0D
S31508035F30AAAA300000002455310000000003AFFF71
S31508035F40FFFFC7000002BFFFFEDEFFFFF6005FFF8D
S31508035F50B51000038EFFB0DFD300000000008FF5F5
S31508035F60180005AEFEC81004600002DFFFFFFFF845
S31508035F700000000CFF95347DFF40000002A20000DC
S31508035F8000770000000000029600000000000000F1
S31508035F900DFF500000000000000EFF600000000027
S31508035FA0000005DA000000005BBBBBBBBBBBBBBA8A
S31508035FB020FFFFFFFFFFFFFFFF90FC122222222292
S31508035FC0220FF7FC5FFFFFFFFFFF2CFAFC5FFFFFC3
S31508035FD0FFFFFF21FAFC5FFFFFFFFFFF27FAFC26FF
S31508035FE066666666661FFAFEBBBBBBBBBBBBBFB1B9
S31508035FF0AFFFFFFFFFFFFFFF500000000000000098
S3150803600000005BBBBBBBBBBBBBBA20FFFFFFFFFFED
S31508036010FFFFFF90FC1222222221000FF7FC5FFFED
S31508036020FFFFF8000CFAFC5FFFFFFFF80001FAFC1C
S315080360305FFFFFFFF80007FAFC2666666663000F34
S31508036040FAFEBBBBBBBBBBBBBFB1AFFFFFFFFFFFCB
S31508036050FFFF500000000000000000005BBBBBBB55
S31508036060BBBBBBBA20FFFFFFFFFFFFFFFF90FC127E
S3150803607022221000000FF7FC5FFFFFD000000CFA86
S31508036080FC5FFFFFD0000001FAFC5FFFFFD00000B2
S3150803609007FAFC2666665000000FFAFEBBBBBBBBBD
S315080360A0BBBBBFB1AFFFFFFFFFFFFFFF5000000001
S315080360B00000000000005BBBBBBBBBBBBBBA20FF39
S315080360C0FFFFFFFFFFFFFF90FC1222000000000FF7
S315080360D0F7FC5FFF300000000CFAFC5FFF3000009E
S315080360E00001FAFC5FFF3000000007FAFC26661081
S315080360F00000000FFAFEBBBBBBBBBBBBBFB1AFFF08
S31508036100FFFFFFFFFFFF5000000000000000000034
S315080361105BBBBBBBBBBBBBBA20FFFFFFFFFFFFFFDE
S31508036120FF90FC0000000000000FF7FC00000000D1
S3150803613000000CFAFC00000000000001FAFC000055
S315080361400000000007FAFC0000000000000FFAFE3A
S31508036150BBBBBBBBBBBBBFB1AFFFFFFFFFFFFFFFB4
S31508036160500000000000000000000000000007B215
S315080361700000000000000ADFFA000000000000A982
S315080361803DF5000000044002E00010000000AFF8EF
S315080361900B600000006C30FFFFFFFFFFFFFFFFF4FB
S315080361A0AFF9000C5000006D4005500004C0000014
S315080361B0100000000000C43EE80000000000002EA6
S315080361C0EFFA000000000000004FFA00000000008C
S315080361D00000000000000000011000000007EFFFA8
S315080361E0B30000AFFD8FFF2004FFFD09FFB00AFED1
S315080361F0FD12AFF00EF55D2C0EF30FFF33129FF56C
S315080362000FFFF307FFF60FFFE206FFF60FFE241351
S315080362107FF50DF57D2C0DF30AFFFD11BFF003FF86
S31508036220FE0BFFA0007FFEBFFE100003ACDC81005F
S3150803623000003443000005667FFFF96650FFFFFF41
S31508036240FFFFFF356666666666501CCCCCCCCCC4AD
S3150803625002FFFFFFFFFF602FF3FB7F6DF602FF2FA1
S31508036260B7F5DF602FF2FB7F5DF602FF2FB7F5DF89
S31508036270602FF2FB7F5DF602FF2FB7F5DF602FF382
S31508036280FB7F6DF601FFFFFFFFFF5007BCCCCCCCAD
S31508036290900000000000000120000000000004FF39
S315080362A0500000000002FFFF500000000439FFFE03
S315080362B000000004FF39FFA0000004FFFF39B00007
S315080362C00004FFFFFF20000004FFFFFFB0000004E7
S315080362D0FFFFFFB0000004FFFFFFB0000004FFFF4D
S315080362E0FFB0000000BFFFFFB00000000DFFFFB0C6
S315080362F000000000FFFFB00000000009A8600000CE
S315080363000000000000178888888887400002EFFF8E
S31508036310FFFFFFFFF4003EFFFFCFFFCFFFF703EFBB
S31508036320FFF908F809FFF83EFFFFFE20402EFFF8A5
S31508036330DFFFFFFFE101EFFFF89FFFFFFF80008FFD
S31508036340FFF809FFFFF902C209FFF8009FFFFE4E97
S31508036350FE4EFFF80009FFFFFFFFFFFFF700008F60
S31508036360FFFFFFFFFFC100000000000003EFFFFF70
S31508036370E203FBFBCEBFA4FF1D03A1FAFFF1D03A4C
S315080363801FAFFFFFFFFFFAFFFFFFFFFFAFFFFFFF91
S31508036390FFFAFFFFFFFFFFAFFFFFFFFFFAFFFFFF56
S315080363A0FFFFAFFFFFFFFFFAFFFFFFFFFFADFFFF93
S315080363B0FFFFF829AAAAAAA8000000000000000304
S315080363C000000000000004F1000820000001FF108F
S315080363D00BF70000002FF10CFF94444445FF1BFF05
S315080363E0FFFFFFFFFFF18FFFFFFFFFFFFD007FF7B3
S315080363F00000000000006F6000000000000030008D
S315080364000000000062696E0042494E000400100055
S315080364100001100040000004239402088594000834
S315080364201D920208AF9302083D9402085D93020881
S31508036430EF9202089B9202086192020827920208C9
S3150803644023940208459400081D920208AF93020894
S315080364503D9402085D930208EF9202089B92020894
S315080364606192020827920208494D414745000000F8
S31508036470D3940208000000000B950208494D4147D2
S31508036480455F4845414445520000000033950208DC
S31508036490000000006B9502080801020408010204C3
S315080364A0081820201018101000003C027804B306C0
S315080364B0EE08280B610D990FD01106143A166C18BD
S315080364C09D1ACB1CF71E212148236C258E27AC2940
S315080364D0C72BDF2DF32F0332103418361D381C3A19
S315080364E0183C0E3E0040ED41D443B74594476B49EB
S315080364F03D4B084DCE4E8E504752FA53A6554C5730
S31508036500EB58825A135C9D5D1F5F9A600E627A632D
S31508036510DE643A668E67DA681E6A5A6B8D6CB86DE6
S31508036520DA6EF46F04710D720C730274EF74D3751B
S31508036530AE76807748780779BC79687A0B7BA37B34
S31508036540337CB87C347DA67D0E7E6D7EC17E0C7F42
S315080365504C7F837FB07FD37FEC7FFB7F0080353909
S31508036560E52F2FD32828C61C1CB7601BD85B18C277
S315080365705714AD4F0E88AA248EA21F7B9A1B6A8CCA
S31508036580144AB1355EA82D51A02745921B31AB4954
S31508036590399F3F309335287E231AE5881ED276190C
S315080365A0C06515A1470DE59B03D18802BD77029BFC
S315080365B05701C1AC00A797008F83006460007B89ED
S315080365C0006B79005C6900404D0047A0433C8E3858
S315080365D0327D2E205E1B42B37C389F682F8B551E57
S315080365E0693333CAC02BB4AF249D9E17778235D837
S315080365F0FD2DC0FB25A8F9177FF500B3FF00A0FF03
S31508036600008FFF006FFF008CFB007CF5006CEF002A
S3150803661051E61E51F4194AE61543D80C36BF414CC8
S315080366206D37405D2E344E23273E7A6E54645A45A1
S315080366304F47373832267575756161614242422183
S3150803664021215053EF7373E59A9AEFD2CDFFEEEB00
S31508036650FF7A40EC9262F0B18FF4D0BBF8ECE4FC1D
S31508036660BC47ABC868BAD893CEE7BEE1F5E5F3C233
S31508036670577ECD7595DB9DB3E9C4D1F6E7EDC06BBF
S315080366805CCB8679DAA89FE9CAC5F6EAE8F5A54296
S31508036690F6B564F9CA90FBDEBBFDF2E3F6B629F755
S315080366A0C34FFAD481FCE5B3FEF5E1DAC626E1D099
S315080366B04DEADE80F2EBB2FAF7E09AA626ACB64DBF
S315080366C0C4CB80DBDFB2F1F2E06ABB6684C781A77D
S315080366D0D6A5C9E6C8E9F5E865CC9C81D5AEA5E19A
S315080366E0C5C8EDDCE9F8F157E1D475E7DC9CEEE6BD
S315080366F0C3F4F0E7FBF958EEFF76F1FF9DF5FFC407
S31508036700F9FFE7FDFF28CAFF4FD5FF82E0FFB3EC89
S31508036710FFE1F8FF26A7FF4DB7FF80CCFFB2E0FFE6
S31508036720E0F3FF4370FF658AFF91ABFFBCCCFFE73D
S31508036730E9FB636E8D7F88A1A4AABCC8CCD7E9EB15
S31508036740EF9C9078AEA490C5BEB0DCD8CFF1EFEC41
S31508036750BDBDBDE0E0E0EEEEEEF5F5F5FAFAFA3684
S3150803676043F4631EE9B0279CB73A67B5513FF396DE
S3150803677021F4A903D4BC0088960050AF4C4AC38BB6
S3150803678039DCCD3BEBFF07C1FF0098FF2257FF48D3
S3150803679055798B7D609E9E9EFFFFFF0004040204CD
S315080367A004040404040400000000000606060606A2
S315080367B006040006060606000000000000000000A6
S315080367C000000502000000000000000400000000AD
S315080367D00000000200020202000200020202000098
S315080367E00000000200000000000000020000000094
S315080367F0000000010105050501050010010100005F
S3150803680000001022220C0C32323200003232100001
S315080368100000000000000000040404040404040447
S315080368200404040404040400202C2E3B3A2D5F2997
S315080368305D7D0000A5B4020883B402085BB40208B0
S3150803684093B5020889B3020811B5020853B30208BF
S31508036850256C75204650532C20256C752525204319
S3150803686050550A256C75206D732028256C75207C78
S3150803687020256C7529003F00EF808C001D1C686974
S315080368806B6A6E6C6D626100617263003C2E03086D
S3150803689069D0000800000000D9D0000800000000F5
S315080368A088680308000000000000000001060000D5
S315080368B0626172003C2E03080FCE02088BCD0208D4
S315080368C0E5DB000800000000B068030804010000C7
S315080368D00D000000400700003C2E0308FFCE020807
S315080368E000000000000000000000000037730308E2
S315080368F0FFFFFF3FFFFFFF3FC402000062746E6D98
S3150803690061747269780042746E310042746E3200A3
S3150803691042746E330042746E340042746E3500005E
S315080369203C2E030815DF000819CF0208B5E2000854
S3150803693000000000FC680308040100008200000050
S3150803694085040000066903080B6903081069030830
S315080369501D790308156903081A6903081E790308CC
S315080369602564005375004D6F005475005765005430
S31508036970680046720053610063616C656E646172F8
S315080369800000000063690308666903086969030868
S315080369906C6903086F690308726903087569030854
S315080369A03C2E03087DE800080000000000000000F4
S315080369B00000000078690308C3000000C300000054
S315080369C0C4460000EF819300EF81940025642025D7
S315080369D073004A616E756172790046656272756104
S315080369E07279004D6172636800417072696C004D7B
S315080369F06179004A756E65004A756C790041756759
S31508036A007573740053657074656D626572004F63C0
S31508036A10746F626572004E6F76656D6265720044C7
S31508036A206563656D6265720063616C656E64617248
S31508036A302D6865616465722D6172726F7700000057
S31508036A40D2690308DA690308E3690308E9690308ED
S31508036A50EF690308F3690308F8690308FD6903087E
S31508036A60046A03080E6A0308166A03081F6A0308FA
S31508036A703C2E030881E9000800000000000000001E
S31508036A8000000000286A0308640000202B000000A9
S31508036A9000000000323032350A323032340A3230DE
S31508036AA032330A323032320A323032310A32303233
S31508036AB0300A323031390A323031380A3230313716
S31508036AC00A323031360A323031350A323031340A35
S31508036AD0323031330A323031320A323031310A3206
S31508036AE03031300A323030390A323030380A3230EF
S31508036AF030370A323030360A323030350A323030DF
S31508036B00340A323030330A323030320A32303031D6
S31508036B100A323030300A313939390A313939380AC3
S31508036B20313939370A313939360A313939350A317A
S31508036B303939340A313939330A313939320A31396B
S31508036B4039310A313939300A313938390A3139385C
S31508036B50380A313938370A313938360A3139383546
S31508036B600A313938340A313938330A313938320A6D
S31508036B70313938310A313938300A313937390A3136
S31508036B803937380A313937370A313937360A313915
S31508036B9037350A313937340A313937330A31393710
S31508036BA0320A313937310A313937300A3139363908
S31508036BB00A313936380A313936370A313936360A17
S31508036BC0313936350A313936340A313936330A31E9
S31508036BD03936320A313936310A313936300A3139DA
S31508036BE035390A313935380A313935370A313935BC
S31508036BF0360A313935350A313935340A31393533B7
S31508036C000A313935320A313935310A313935300ADB
S31508036C10313934390A313934380A313934370A3192
S31508036C203934360A313934350A313934340A313983
S31508036C3034330A313934320A313934310A31393481
S31508036C40300A313933390A313933380A3139333766
S31508036C500A313933360A313933350A313933340A85
S31508036C60313933330A313933320A313933310A3157
S31508036C703933300A313932390A313932380A313936
S31508036C8032370A313932360A313932350A3139322D
S31508036C90340A313932330A313932320A3139323127
S31508036CA00A313932300A313931390A313931380A38
S31508036CB0313931370A313931360A313931350A3101
S31508036CC03931340A313931330A313931320A3139F2
S31508036CD031310A313931300A313930390A313930EB
S31508036CE0380A313930370A313930360A31393035CD
S31508036CF00A313930340A313930330A313930320AF4
S31508036D00313930310030310A30320A30330A3034FF
S31508036D100A30350A30360A30370A30380A30390A23
S31508036D2031300A31310A31320063616C656E646150
S31508036D30722D6865616465722D64726F70646F770E
S31508036D406E0000003C2E03083DEB0008000000001F
S31508036D500000000000000000296D030864000020FD
S31508036D60FFFFFF3F000000006368617274000000C4
S31508036D703C2E03088BD602081FD60208CDEB000863
S31508036D8000000000686D0308640000200401000089
S31508036D9080070000436865636B20626F7800636849
S31508036DA065636B626F7800003C2E030831F30008B5
S31508036DB0FDDE020871F30008000000009E6D03085B
S31508036DC0FFFFFF3FFFFFFF3F44030000EF81B800CB
S31508036DD04F7074696F6E20310A4F7074696F6E2035
S31508036DE0320A4F7074696F6E20330064726F706471
S31508036DF06F776E2D6C697374000000003C2E0308D0
S31508036E0071E1020805E1020815F500080000000013
S31508036E10EB6D0308000000000000000000030000FB
S31508036E203C2E0308A1F40008A3E10208D1F60008E2
S31508036E3000000000396D030882000000FFFFFF3FD2
S31508036E4005050000696D6167650000003C2E0308AF
S31508036E5049F8000891E90208E1F800080000000073
S31508036E60446E0308FFFFFF3FFFFFFF3FC005000017
S31508036E706162630041424300312300EF808D00EFD6
S31508036E80849C00456E74657200EFA2A200EF959A82
S31508036E90002B2F2D00000100010001002203010031
S31508036EA001000100220301000100010002000100A4
S31508036EB001000100010001003600370038003900DF
S31508036EC030002E002B0026002F002A003D00250047
S31508036ED021003C003E005C004000240028007B00A3
S31508036EE05B005D003B002200270051005700540059
S31508036EF05900550049004F00500041005300440013
S31508036F0048004A004B005F005A00580056004200EA
S31508036F104D002C003A007100690067006B007A0087
S31508036F20760062006B6579626F6172640000000027
S31508036F30036D0308276D0308E96D03087F6E0308CD
S31508036F401D79030818690308B7760308B86E03089A
S31508036F50786803081D790308BA6E0308BC6E03082C
S31508036F60BE6E03088D6E03081D790308916E030828
S31508036F70C06E0308C26E0308C4690308C869030818
S31508036F801E79030801040104010401040104010430
S31508036F90010401040104010402012203010401049A
S31508036FA001040104010401040104010401040104A8
S31508036FB00104010401040104010401040104010498
S31508036FC00104010401040104010422030201060069
S31508036FD002012203036D0308276D0308E96D0308FD
S31508036FE018690308B7760308B86E0308BA6E030868
S31508036FF0BC6E0308BE6E0308C06E03088D6E0308D5
S315080370001D790308706E0308C46E0308C66E030869
S31508037010C86E0308CA6E0308CC6E0308CE6E03084F
S31508037020D06E030876680308796E0308D26E0308E0
S31508037030D46E03081D790308D66E0308D86E0308B1
S31508037040DA6E0308DC6E030874680308DE6E030849
S3150803705031680308E06E0308E26E0308E46E03086A
S31508037060E66E0308E86E03081D7903087F6E0308B6
S31508037070C4690308D8840308C86903087868030839
S315080370801E790308250304040404040404040404FD
S31508037090040404040404040404040701260303047F
S315080370A00304030403040304030403040304030497
S315080370B00701010501050104010401040104010492
S315080370C00104010401050105010522030201060065
S315080370D002012203786E0308EA6E0308EC6E0308BE
S315080370E06C64030887640308EE6E0308F06E0308EE
S315080370F0F26E0308F46E0308F66E0308F86E0308C7
S315080371008D6E03081D790308706E0308FA6E03086B
S31508037110FC6E0308FE6E0308F4840308E38403087D
S31508037120006F0308026F0308046F0308DC8403086F
S31508037130896E03081D790308066F0308936E03080F
S31508037140086F03080A6F0308766E03080C6F0308B3
S315080371500E6F03080A640308106F0308C26E030858
S31508037160126F0308146F03081D7903087B6E03085F
S31508037170C4690308D8840308C86903087868030838
S315080371801E790308250304040404040404040404FC
S31508037190040404040404040404040701260303047E
S315080371A00304030403040304030403040304030496
S315080371B00701010501050104010401040104010491
S315080371C00104010401050105010522030201060064
S315080371D002012203786E0308166F03082A78030848
S315080371E06D6903087369030879750308F169030868
S315080371F064690308186F0308676903083275030887
S315080372008D6E03081D790308746E030876690308EF
S31508037210D069030861690308058503081A6F03081B
S31508037220DD8003083A2E03081C6F0308C476030897
S31508037230896E03081D790308066F0308936E03080E
S315080372401E6F03080469030878810308206F03087F
S31508037250226F03080664030877790308C26E0308D6
S31508037260126F0308146F03081D7903087F6E03085A
S31508037270C4690308D8840308C86903087868030837
S315080372801E7903082069030895FD0008000000001D
S315080372900000000000000000246F030864000020BB
S315080372A032000020010500005465787400000000D0
S315080372B03C2E0308510A010889EE020895060108BF
S315080372C000000000C0760308FFFFFF3FFFFFFF3FF4
S315080372D0000600006C6564003C2E030831F20208C0
S315080372E000000000850C010800000000D4720308A2
S315080372F01A0000001A000000000300006C696E659E
S31508037300000000003C2E030893F202080000000068
S315080373105510010800000000FC720308FFFFFF3F39
S31508037320FFFFFF3F800300006C6973742D74657853
S3150803733074006C6973742D62746E0000B07203086E
S31508037340000000000000000000000000000000002C
S315080373502873030864000020FFFFFF3F00000000B6
S31508037360D8680308000000000000000000000000C1
S31508037370000000003273030864000020FFFFFF3F8C
S31508037380000000003C2E0308000000000000000077
S315080373900000000000000000F46D0308C3000000AD
S315080373A004010000000000003C2E03080000000052
S315080373B000000000000000000000000000000000BC
S315080373C00000000000000000000000003C2E030837
S315080373D0000000000000000000000000000000009C
S315080373E0000000000000000000000000000000008C
S315080373F03C2E030800000000000000000000000007
S31508037400000000000000000000000000000000006B
S31508037410000000003C2E03080000000000000000E6
S31508037420000000000000000000000000000000004B
S3150803743000000000000000006D656E752D73657011
S31508037440617261746F72006D656E752D7365637411
S31508037450696F6E006D656E752D636F6E74006D656D
S315080374606E752D70616765006D656E7500000000A9
S315080374703C2E030800000000000000000000000086
S315080374800000000038740308FFFFFF3FFFFFFF3FBC
S31508037490000000003C2E0308B5F2020800000000B5
S315080374A00000000000000000477403086400002081
S315080374B0FFFFFF3F000000003C2E0308CDF2020841
S315080374C000000000000000000000000054740308D8
S315080374D064000020FFFFFF3F000000003C2E030866
S315080374E05DF3020841F302080000000000000000F3
S315080374F05E74030864000020FFFFFF3F400300009B
S315080375003C2E0308E9110108ADF202080000000049
S315080375100000000068740308C300000004010000AB
S31508037520C00600006D7367626F782D6261636B64D2
S31508037530726F70006D7367626F782D686561646535
S31508037540722D627574746F6E006D7367626F782D32
S31508037550666F6F7465722D627574746F6E006D73E2
S3150803756067626F782D666F6F746572006D736762F5
S315080375706F782D636F6E74656E74006D7367626FD3
S31508037580782D686561646572006D7367626F78004C
S315080375903C2E030800000000000000000000000065
S315080375A0000000002475030864000020640000201E
S315080375B0C00200003C2E0308000000000000000083
S315080375C00000000000000000347503082B000000CB
S315080375D064000020C40200003C2E030800000000DB
S315080375E000000000000000000000000049750308C1
S315080375F0FFFFFF3F64000020C40200003C2E03087F
S315080376000000000000000000000000000000000069
S315080376105E750308640000202B000000C00200000A
S315080376203C2E0308000000000000000000000000D4
S31508037630000000006C75030864000020FFFFFF3F8D
S31508037640C00200003C2E03080000000000000000F2
S3150803765000000000000000007B750308640000209A
S315080376602B000000C00200003C2E030800000000A7
S3150803767000000000000000000000000089750308F0
S3150803768004010000FFFFFF3FC00300004F70746949
S315080376906F6E20310A4F7074696F6E20320A4F700D
S315080376A074696F6E20330A4F7074696F6E20340ADB
S315080376B04F7074696F6E203500726F6C6C65722D2E
S315080376C06C6162656C00726F6C6C65720000000019
S315080376D0B07203080000000000000000A9140108A6
S315080376E000000000B976030800000000000000004F
S315080376F0000600003C2E03085D1401080000000084
S315080377000916010800000000C6760308FFFFFF3FBD
S315080377108200000005040000256C64007363616C35
S31508037720650000003C2E030881190108DBFC0208EA
S31508037730D11D0108000000001C77030800000000A3
S315080377400000000041060000736C6964657200005E
S31508037750B4680308C305030800000000551E0108A2
S31508037760000000004877030800000000000000003E
S31508037770450A00007370696E626F780060780308C3
S31508037780192301080000000069230108000000000E
S3150803779074770308820000000000000081080000D7
S315080377A07370696E6E6572008C680308CF0B0308E5
S315080377B0000000000000000000000000A077030896
S315080377C000000000000000000000000073776974E1
S315080377D0636800003C2E0308050C0308FD0B030829
S315080377E07525010800000000CC7703083400000063
S315080377F01E000000040300007461626C650000004B
S315080378003C2E0308AD0E0308570E0308112B010877
S3150803781000000000F8770308FFFFFF3FFFFFFF3F65
S315080378208504000074616276696577003C2E030857
S31508037830852E010800000000CD2F01080000000076
S315080378402478030864000020640000204003000035
S31508037850E280A200746578746172656100000000B5
S315080378603C2E03082D330108BD110308A53701086B
S315080378700000000054780308040100008200000099
S315080378804507000074696C650074696C65766965FB
S31508037890770000003C2E0308713C01080000000035
S315080378A000000000000000008478030800000000C0
S315080378B000000000000300003C2E0308313C0108C9
S315080378C0000000000000000000000000897803089B
S315080378D000000000000000000003000077696E0046
S315080378E03C2E03088D3C0108000000000000000040
S315080378F000000000DC780308640000206400002010
S31508037900C0020000546F7563682073637265656E01
S31508037910206572726F722049443A2025640A006909
S315080379203263206572722069643A2025640A0078F6
S315080379305F706F733A2025640A00795F706F733A34
S315080379402025640A002E2E2F6175746F67656E2FC6
S31508037950736C5F696F73747265616D5F696E697461
S315080379605F6575736172745F696E7374616E63655F
S31508037970732E630076636F6D00000000A882030808
S315080379800000000000C20100000200004C82030848
S3150803799000000500060009000800000005000000B5
S315080379A00000000080969800020100000000000015
S315080379B000000000010000000000000000000000B5
S315080379C001000000000000000000000001040000A0
S315080379D00203020202012E2E2F73696D706C69630E
S315080379E06974795F73646B5F323032352E362E33A2
S315080379F02F706C6174666F726D2F636F6D6D6F6E2A
S31508037A002F7372632F736C5F736C6973742E6300C1
S31508037A102E2E2F73696D706C69636974795F73644D
S31508037A206B5F323032352E362E332F706C617466A7
S31508037A306F726D2F6472697665722F6770696F2F1F
S31508037A407372632F736C5F6770696F2E63002E2ED4
S31508037A502F73696D706C69636974795F73646B5F9F
S31508037A60323032352E362E332F706C6174666F7250
S31508037A706D2F6472697665722F69326373706D2F21
S31508037A807372632F736C5F69326373706D2E630051
S31508037A901E0000032E2E2F73696D706C696369745B
S31508037AA0795F73646B5F323032352E362E332F701F
S31508037AB06C6174666F726D2F656D6472762F737061
S31508037AC0696472762F7372632F7370696472762E84
S31508037AD06300000000000000010000000000000031
S31508037AE00000000001000000000000000000000084
S31508037AF001040000050000000000000080969800BD
S31508037B00020100000000000005000000000000005C
S31508037B1040420F00050100000000000000000000BD
S31508037B20000000002E2E2F73696D706C69636974EB
S31508037B30795F73646B5F323032352E362E332F708E
S31508037B406C6174666F726D2F656D6C69622F7372E3
S31508037B50632F656D5F636D752E630000A0BB0D0013
S31508037B60C07A1000001F408240420F00C07A1000FE
S31508037B7020D613003A1F41A20000000020D61300A6
S31508037B80905817003A1F42A20000000090581700A9
S31508037B9040771B003A9F43B60000000040771B005E
S31508037BA070CE2000001F408180841E0070CE200006
S31508037BB040AC27003A1F41A10000000040AC270053
S31508037BC0108A2E003A1F42A100000000108A2E00D8
S31508037BD080EE36003A9F43B50000000080EE36007B
S31508037BE0E09C4100001F408000093D00E09C4100E5
S31508037BF080584F003A1F41A00000000080584F00EC
S31508037C0020145D003A1F42A00000000020145D0006
S31508037C10C0047700009F43B4C0CF6A00C00477004E
S31508037C20408995003A9F44B40000000040899500B6
S31508037C30C00DB4003A9F45B400000000C00DB4005F
S31508037C4000BADB00009F66B4405DC60000BADB00DD
S31508037C5080730601009F67B40024F400807306014D
S31508037C6020992C01009F68A8C0EA210120992C01BC
S31508037C70C0286B013A9F89B800000000C0286B0131
S31508037C8060EDB501009F8AB880BA8C0160EDB50135
S31508037C9080011302009FABB80048E8018001130274
S31508037CA080138D02009FCCA880D5430280138D02D2
S31508037CB0805A1303009FEDAC006CDC02805A130351
S31508037CC020289B03009FEEBC007E560320289B03B7
S31508037CD0C0C95304009FEFBC0090D003C0C9530426
S31508037CE000B4C404009FF0CC00B4C4042E2E2F7332
S31508037CF0696D706C69636974795F73646B5F32303D
S31508037D0032352E362E332F706C6174666F726D2F73
S31508037D10656D6C69622F7372632F656D5F656D752B
S31508037D202E63002E2E2F73696D706C6963697479DF
S31508037D305F73646B5F323032352E362E332F706C99
S31508037D406174666F726D2F656D6C69622F737263EA
S31508037D502F656D5F6575736172742E6300433A5CB4
S31508037D6055736572735C414345525C53696D706C18
S31508037D70696369747953747564696F5C76355F777B
S31508037D806F726B73706163655C786732365F7466AE
S31508037D90745F7370695F4C69625C73696D706C6953
S31508037DA0636974795F73646B5F323032352E362EAE
S31508037DB0335C706C6174666F726D5C656D6C696259
S31508037DC05C696E632F656D5F6275732E6800433A4F
S31508037DD05C55736572735C414345525C53696D70B8
S31508037DE06C696369747953747564696F5C76355F16
S31508037DF0776F726B73706163655C786732365F742D
S31508037E0066745F7370695F4C69625C73696D706CE5
S31508037E1069636974795F73646B5F323032352E3602
S31508037E202E335C706C6174666F726D5C656D6C691C
S31508037E30625C696E632F656D5F6770696F2E680094
S31508037E402E2E2F73696D706C69636974795F736419
S31508037E506B5F323032352E362E332F706C61746673
S31508037E606F726D2F656D6C69622F7372632F656D03
S31508037E705F6770696F2E6300FF07FF01FF3FFF0708
S31508037E802E2E2F73696D706C69636974795F7364D9
S31508037E906B5F323032352E362E332F706C61746633
S31508037EA06F726D2F656D6C69622F7372632F656DC3
S31508037EB05F6932632E6300080911082E2E2F736932
S31508037EC06D706C69636974795F73646B5F323032A2
S31508037ED0352E362E332F706C6174666F726D2F656F
S31508037EE06D6C69622F7372632F656D5F6C646D6168
S31508037EF02E63002E2E2F73696D706C69636974790E
S31508037F005F73646B5F323032352E362E332F706CC7
S31508037F106174666F726D2F656D6C69622F73726318
S31508037F202F656D5F75736172742E6300433A5C55F2
S31508037F30736572735C414345525C53696D706C6932
S31508037F406369747953747564696F5C76355F776FA3
S31508037F50726B73706163655C786732365F746674D7
S31508037F605F7370695F4C69625C73696D706C696392
S31508037F706974795F73646B5F323032352E362E330C
S31508037F805C706C6174666F726D5C7065726970683B
S31508037F906572616C5C696E632F736C5F68616C5F95
S31508037FA06770696F2E68002E2E2F73696D706C6962
S31508037FB0636974795F73646B5F323032352E362E9C
S31508037FC0332F706C6174666F726D2F70657269708A
S31508037FD0686572616C2F7372632F736C5F68616C6B
S31508037FE05F6770696F2E6300433A5C5573657273F6
S31508037FF05C414345525C53696D706C696369747976
S3150803800053747564696F5C76355F776F726B7370DB
S315080380106163655C786732365F7466745F7370692B
S315080380205F4C69625C73696D706C69636974795FC7
S3150803803073646B5F323032352E362E335C706C6167
S3150803804074666F726D5C7065726970686572616C6F
S315080380505C696E632F736C5F68616C5F6275732E00
S315080380606800433A5C55736572735C414345525CD9
S3150803807053696D706C696369747953747564696F50
S315080380805C76355F776F726B73706163655C78676F
S3150803809032365F7466745F7370695F4C69625C73CA
S315080380A0696D706C69636974795F73646B5F323089
S315080380B032352E362E335C706C6174666F726D5C66
S315080380C07065726970686572616C5C696E632F733B
S315080380D06C5F68616C5F7379737274632E68002EC4
S315080380E02E2F73696D706C69636974795F73646B3A
S315080380F05F323032352E362E332F706C6174666FCD
S31508038100726D2F7065726970686572616C2F737210
S31508038110632F736C5F68616C5F7379737274632E14
S3150803812063002E2E2F73696D706C69636974795FAA
S3150803813073646B5F323032352E362E332F706C6193
S3150803814074666F726D2F736572766963652F636CD8
S315080381506F636B5F6D616E616765722F7372632FF1
S31508038160736C5F636C6F636B5F6D616E616765727A
S315080381705F68616C5F73322E63002E2E2F73696DF1
S31508038180706C69636974795F73646B5F3230323517
S315080381902E362E332F706C6174666F726D2F73656E
S315080381A072766963652F636C6F636B5F6D616E616E
S315080381B06765722F7372632F736C5F636C6F636B80
S315080381C05F6D616E616765725F696E69745F686129
S315080381D06C5F73322E630000012600000400000062
S315080381E00000000000010000000000000B00000072
S315080381F00C0000000300000000002020000000001F
S31508038200030000003C3C3C000000000000000000A6
S3150803821000000000010310010109030088000000A3
S3150803822087000000090000001E0000001600000079
S31508038230890000000F0000000E0000001A0000006D
S315080382408600000085000000570000005600000065
S315080382501100000000800A50240000001C82030855
S3150803826000400A50240000002082030800000A5038
S31508038270030000002482030800C00A50130000000C
S3150803828028820308004009500A00000040820308B8
S31508038290000009500A0000004482030800C0085081
S315080382A00A000000488203080000015B150000006D
S315080382B04C8203082E2E2F73696D706C696369747B
S315080382C0795F73646B5F323032352E362E332F70F7
S315080382D06C6174666F726D2F736572766963652F49
S315080382E0696E746572727570745F6D616E616765C8
S315080382F0722F7372632F736C5F696E74657272750E
S3150803830070745F6D616E616765725F636F727465C2
S31508038310786D2E63002E2E2F73696D706C696369F1
S3150803832074795F73646B5F323032352E362E332F92
S31508038330706C6174666F726D2F73657276696365A7
S315080383402F696F73747265616D2F7372632F736C04
S315080383505F696F73747265616D5F65757361727456
S315080383602E630000050000000000000000C20100A3
S3150803837000020000001000000000000000000000DA
S315080383800000000005000000000000008025000032
S3150803839080020000001000000000004000000000FA
S315080383A0000000002E2E2F73696D706C6963697463
S315080383B0795F73646B5F323032352E362E332F7006
S315080383C06C6174666F726D2F736572766963652F58
S315080383D0696F73747265616D2F7372632F736C5F44
S315080383E0696F73747265616D5F72657461726765CF
S315080383F0745F737464696F2E63002E2E2F73696D11
S31508038400706C69636974795F73646B5F3230323594
S315080384102E362E332F706C6174666F726D2F7365EB
S3150803842072766963652F696F73747265616D2F73ED
S3150803843072632F736C5F696F73747265616D5F75B1
S315080384406172742E63002E2E2F73696D706C6963C7
S315080384506974795F73646B5F323032352E362E3327
S315080384602F706C6174666F726D2F736572766963AC
S31508038470652F736C65657074696D65722F737263A6
S315080384802F736C5F736C65657074696D65722E63A3
S31508038490002E2E2F73696D706C69636974795F7327
S315080384A0646B5F323032352E362E332F706C61741F
S315080384B0666F726D2F736572766963652F7564656A
S315080384C06C61792F7372632F736C5F7564656C6166
S315080384D0792E6300232D302B2000686C4C006566CB
S315080384E067454647003031323334353637383941F4
S315080384F0424344454600303132333435363738390A
S30D0803850061626364656600000D
S30D08038508507DFC7F0100000011
S311080385101C8503087C2302204F00000092
S3150803851C000000008471030884700308846F030841
S3150803852C966E03088471030884710308847103081F
S3150803853C847103080000000000000000D4710308CE
S3150803854CD4700308D46F0308306F0308D471030877
S3150803855CD4710308D4710308D4710308000000000E
S3150803856C0000000000000B50020402050000000086
S3150803857CDDFB05000100000000000B50EC23022074
S3150803858C2C0E022074790308020000000542010828
S3150803859C00000000000000000000000000000000BE
S315080385AC1400000000C00850020202030D070B0852
S315080385BC002D310108000000000000000001000135
S315080385CC00000000480E0220C0EA2101C0EA21017E
S315080385DC00800000C0175302B824022000000000D4
S315080385EC0300000004120220582402200000000095
S315080385FC041202206C120220D4120220000000007E
S3150803860C000000000000000000000000000000004D
S3150803861C000000000000000000000000000000003D
S3150803862C000000000000000000000000000000002D
S3150803863C0000000000000000FFFFFFFF01280100F7
S3110803864C35020008E19A01080D02000837
S705080144812C
